target,reference,snapshot_date,rank,category_qid,category_title,gap,overlap_target,overlap_reference,coverage_pct,weighted_score
anpwiki,enwiki,2026-06-23,1,1410960,United_States,211794,39,211833,0.0002,850278007
anpwiki,enwiki,2026-06-23,2,3919762,American_people,123441,21,123462,0.0002,776016290
anpwiki,enwiki,2026-06-23,3,5479723,Film_actors,36774,4,36778,0.0001,531339137
anpwiki,enwiki,2026-06-23,4,3919792,Actors,56604,7,56611,0.0001,466995663
anpwiki,enwiki,2026-06-23,5,9698417,American_actors,23933,1,23934,0.0,439464848
anpwiki,enwiki,2026-06-23,6,5479560,Television_actors,31002,0,31002,0.0,420381482
anpwiki,enwiki,2026-06-23,7,5837414,American_film_actors,12402,0,12402,0.0,368397244
anpwiki,enwiki,2026-06-23,8,5461159,American_television_actors,12584,1,12585,0.0001,365997005
anpwiki,enwiki,2026-06-23,9,8206360,21st-century_American_actors,11369,2,11371,0.0002,357507963
anpwiki,enwiki,2026-06-23,10,9426612,Алфавит_буйынса_актёрҙар,13532,7,13539,0.0005,343093007
anpwiki,enwiki,2026-06-23,11,6840573,English-language_films,62176,0,62176,0.0,315977328
anpwiki,enwiki,2026-06-23,12,3919868,American_films,33734,0,33734,0.0,279637189
anpwiki,enwiki,2026-06-23,13,7835232,Əlifba_sırasına_görə_filmlər,35200,3,35203,0.0001,276315553
anpwiki,enwiki,2026-06-23,14,1411125,United_Kingdom,74694,52,74746,0.0007,267460096
anpwiki,enwiki,2026-06-23,15,7269712,20th-century_American_actors,12128,0,12128,0.0,267069488
anpwiki,enwiki,2026-06-23,16,5611338,Association_football,144269,3,144272,0.0,247845109
anpwiki,enwiki,2026-06-23,17,8246543,American_male_film_actors,14289,0,14289,0.0,247711552
anpwiki,enwiki,2026-06-23,18,3919830,British_people,44517,20,44537,0.0004,244703342
anpwiki,enwiki,2026-06-23,19,1457982,Sports,132496,19,132515,0.0001,244135252
anpwiki,enwiki,2026-06-23,20,9715949,Vikipedya:AY,1093,185,1278,0.1448,243763276
anpwiki,enwiki,2026-06-23,21,6508,Astronomy,5407,54,5461,0.0099,242703948
anpwiki,enwiki,2026-06-23,22,9703480,Biôgrafia,24939,96,25035,0.0038,239258350
anpwiki,enwiki,2026-06-23,23,9228737,Кандык_айдыҥ_21_кӱнинде_чыккандар,1699,1,1700,0.0006,229867654
anpwiki,enwiki,2026-06-23,24,9220893,Кӱӱк_айдыҥ_28_кӱнинде_божогондор,689,1,690,0.0014,226845808
anpwiki,enwiki,2026-06-23,25,4966679,Wikipedia,463,13,476,0.0273,226541106
anpwiki,enwiki,2026-06-23,26,9865921,Wikipedia:Wiphalakunap_Plantillankukuna,868,20,888,0.0225,225593431
anpwiki,enwiki,2026-06-23,27,9715644,Wp/srn,466,31,497,0.0624,222941226
anpwiki,enwiki,2026-06-23,28,6397842,American_male_actors,9774,1,9775,0.0001,222132362
anpwiki,enwiki,2026-06-23,29,9636824,Əlifba_sırasına_görə_musiqiçilər,24567,5,24572,0.0002,222032658
anpwiki,enwiki,2026-06-23,30,9426286,Алфавит_буйынса_актрисалар,11274,2,11276,0.0002,221243085
anpwiki,enwiki,2026-06-23,31,129212025,Tuveli:Izvopa,430,23,453,0.0508,218608889
anpwiki,enwiki,2026-06-23,32,97269191,Pàgine_in_Zeneise-Grafia_unitäia,89,5,94,0.0532,215707321
anpwiki,enwiki,2026-06-23,33,33079992,Gamba_Peuniléh,23,1,24,0.0417,215076069
anpwiki,enwiki,2026-06-23,34,8246554,American_male_television_actors,11626,0,11626,0.0,211882690
anpwiki,enwiki,2026-06-23,35,6740310,American_voice_actors,4402,0,4402,0.0,206084206
anpwiki,enwiki,2026-06-23,36,140310923,Actors_estatunidencs_nascuts_al_segle_XX,3339,2,3341,0.0006,204127050
anpwiki,enwiki,2026-06-23,37,9724347,Paggene_scritte_int''e_dialette_d''o_Lazzio_Meridiunale,169,19,188,0.1011,204028321
anpwiki,enwiki,2026-06-23,38,8245580,American_film_actresses,11266,0,11266,0.0,196804162
anpwiki,enwiki,2026-06-23,39,106848755,Sabak_Tutuy,143,31,174,0.1782,192479535
anpwiki,enwiki,2026-06-23,40,10074376,Pobo_sakizaya,6,1,7,0.1429,192330935
anpwiki,enwiki,2026-06-23,41,2944611,Wikipedia_administration,33,6,39,0.1538,191344642
anpwiki,enwiki,2026-06-23,42,6426972,American_television_actresses,9388,0,9388,0.0,190118739
anpwiki,enwiki,2026-06-23,43,6645404,American_actresses,8136,0,8136,0.0,188633118
anpwiki,enwiki,2026-06-23,44,7063228,American_singers,8056,1,8057,0.0001,188447282
anpwiki,enwiki,2026-06-23,45,106843442,To_be_checked,562,286,848,0.3373,188020841
anpwiki,enwiki,2026-06-23,46,6408784,21st-century_actors,6786,1,6787,0.0001,187572492
anpwiki,enwiki,2026-06-23,47,5612559,Main_Page,5,1,6,0.1667,187159607
anpwiki,enwiki,2026-06-23,48,7220786,Selected_anniversaries,5,1,6,0.1667,187018880
anpwiki,enwiki,2026-06-23,49,14914955,21st-century_American_male_actors,7413,1,7414,0.0001,186581388
anpwiki,enwiki,2026-06-23,50,33029934,Articol_in_Milanes,32781,299,33080,0.009,184614544
anpwiki,hiwiki,2026-06-23,1,1411417,भारत,7468,214,7682,0.0279,2944999
anpwiki,hiwiki,2026-06-23,2,1983910,हिन्दू_धर्म,2310,103,2413,0.0427,1551905
anpwiki,hiwiki,2026-06-23,3,6994462,भारत_के_लोग,3079,39,3118,0.0125,1550004
anpwiki,hiwiki,2026-06-23,4,4630,भारत_का_इतिहास,1536,63,1599,0.0394,1028646
anpwiki,hiwiki,2026-06-23,5,7030483,भारतीय_राजनीतिज्ञ,1542,17,1559,0.0109,787931
anpwiki,hiwiki,2026-06-23,6,82515714,People_from_India,865,21,886,0.0237,713132
anpwiki,hiwiki,2026-06-23,7,1457595,इतिहास,2069,187,2256,0.0829,711012
anpwiki,hiwiki,2026-06-23,8,7192108,Páginas_con_errores_en_secuencias_de_órdenes,1973,376,2349,0.1601,695656
anpwiki,hiwiki,2026-06-23,9,7030643,भारतीय_हिन्दू,732,15,747,0.0201,666982
anpwiki,hiwiki,2026-06-23,10,5897849,स्रोतहीन_लेख,2041,208,2249,0.0925,609541
anpwiki,hiwiki,2026-06-23,11,25351284,कायमचे_मृत_बाह्य_दुवे_असणारे_लेख,1226,49,1275,0.0384,595315
anpwiki,hiwiki,2026-06-23,12,33029934,Articol_in_Milanes,4424,299,4723,0.0633,583627
anpwiki,hiwiki,2026-06-23,13,32589508,ويکيډاټا_سرچينې_لرونکي_مخونه,1054,245,1299,0.1886,564189
anpwiki,hiwiki,2026-06-23,14,7023926,संस्कृत_शब्द,823,27,850,0.0318,546984
anpwiki,hiwiki,2026-06-23,15,6944392,भारतीय_राजनीति,384,19,403,0.0471,539836
anpwiki,hiwiki,2026-06-23,16,2944929,संस्कृति,1604,251,1855,0.1353,529809
anpwiki,hiwiki,2026-06-23,17,5668044,भारतीय_फ़िल्में,4426,34,4460,0.0076,516733
anpwiki,hiwiki,2026-06-23,18,1457673,भूगोल,2530,380,2910,0.1306,512603
anpwiki,hiwiki,2026-06-23,19,9727294,ಕಡತ_ಕೊಂಡಿಗಳು_ಮುರಿದಿರುವ_ಪುಟಗಳು,924,88,1012,0.087,509426
anpwiki,hiwiki,2026-06-23,20,7024688,भारतीय_अभिनेता,1284,5,1289,0.0039,505920
anpwiki,hiwiki,2026-06-23,21,6465874,مواليد_في_الهند,421,16,437,0.0366,494377
anpwiki,hiwiki,2026-06-23,22,3919792,अभिनेता,2390,7,2397,0.0029,482188
anpwiki,hiwiki,2026-06-23,23,6156696,मृत_लोग,1119,84,1203,0.0698,480418
anpwiki,hiwiki,2026-06-23,24,1457903,धर्म,1115,84,1199,0.0701,479321
anpwiki,hiwiki,2026-06-23,25,6834346,भारतीय_लेखक,1064,13,1077,0.0121,461053
anpwiki,hiwiki,2026-06-23,26,7019973,Postage_stamps_featuring_people,766,71,837,0.0848,458086
anpwiki,hiwiki,2026-06-23,27,7214658,भारत_के_नगर,1894,68,1962,0.0347,447673
anpwiki,hiwiki,2026-06-23,28,1458083,विज्ञान,2345,237,2582,0.0918,447209
anpwiki,hiwiki,2026-06-23,29,8205334,20th-century_Indian_people,765,11,776,0.0142,446077
anpwiki,hiwiki,2026-06-23,30,7291943,भारतीय_संस्कृति,745,36,781,0.0461,426806
anpwiki,hiwiki,2026-06-23,31,4103183,राजनीति,1378,78,1456,0.0536,415055
anpwiki,hiwiki,2026-06-23,32,9703480,Biôgrafia,1521,96,1617,0.0594,413600
anpwiki,hiwiki,2026-06-23,33,6547010,भारतीय_फ़िल्म_अभिनेता,849,6,855,0.007,412144
anpwiki,hiwiki,2026-06-23,34,9705320,Endrika_ampiasaina_amin'ny_jeografia,2431,151,2582,0.0585,399545
anpwiki,hiwiki,2026-06-23,35,6884057,हिन्दू_पौराणिक_कथाएँ,553,16,569,0.0281,379218
anpwiki,hiwiki,2026-06-23,36,7482570,Deaths_in_India,343,13,356,0.0365,377923
anpwiki,hiwiki,2026-06-23,37,1457402,जीव_विज्ञान,1991,94,2085,0.0451,376009
anpwiki,hiwiki,2026-06-23,38,6483339,भारतीय_साहित्य,429,24,453,0.053,364440
anpwiki,hiwiki,2026-06-23,39,9848152,हिन्दी_फ़िल्में,3344,23,3367,0.0068,361425
anpwiki,hiwiki,2026-06-23,40,7368887,वैष्णव_सम्प्रदाय,289,7,296,0.0236,352816
anpwiki,hiwiki,2026-06-23,41,8545259,भारतीय_स्वतन्त्रता_संग्राम,476,11,487,0.0226,352195
anpwiki,hiwiki,2026-06-23,42,9426612,Алфавит_буйынса_актёрҙар,1049,7,1056,0.0066,338365
anpwiki,hiwiki,2026-06-23,43,7116595,उत्तर_प्रदेश_के_लोग,531,7,538,0.013,337539
anpwiki,hiwiki,2026-06-23,44,9795474,جميع_مقالات_البذور,1278,357,1635,0.2183,336133
anpwiki,hiwiki,2026-06-23,45,7116224,मुंबई_के_लोग,622,6,628,0.0096,335778
anpwiki,hiwiki,2026-06-23,46,8619678,लोक_सभा_सदस्य,484,7,491,0.0143,335555
anpwiki,hiwiki,2026-06-23,47,5753390,राजनीतिज्ञ,1133,61,1194,0.0511,335150
anpwiki,hiwiki,2026-06-23,48,6946332,पंजाबी_लोग,977,5,982,0.0051,331598
anpwiki,hiwiki,2026-06-23,49,8313144,ब्रिटिश_भारत,438,18,456,0.0395,330052
anpwiki,hiwiki,2026-06-23,50,8514373,हिन्दू_देवी-देवता,373,8,381,0.021,329969
aswiki,enwiki,2026-06-23,1,1410960,United_States,211167,666,211833,0.0031,847760824
aswiki,enwiki,2026-06-23,2,3919762,American_people,122753,709,123462,0.0057,771691153
aswiki,enwiki,2026-06-23,3,5479723,Film_actors,36064,714,36778,0.0194,521080509
aswiki,enwiki,2026-06-23,4,3919792,Actors,55398,1213,56611,0.0214,457045893
aswiki,enwiki,2026-06-23,5,9698417,American_actors,23604,330,23934,0.0138,433423653
aswiki,enwiki,2026-06-23,6,5479560,Television_actors,30445,557,31002,0.018,412828663
aswiki,enwiki,2026-06-23,7,5837414,American_film_actors,12178,224,12402,0.0181,361743399
aswiki,enwiki,2026-06-23,8,5461159,American_television_actors,12365,220,12585,0.0175,359627540
aswiki,enwiki,2026-06-23,9,8206360,21st-century_American_actors,11116,255,11371,0.0224,349552161
aswiki,enwiki,2026-06-23,10,9426612,Алфавит_буйынса_актёрҙар,13119,420,13539,0.031,332621723
aswiki,enwiki,2026-06-23,11,6840573,English-language_films,62082,94,62176,0.0015,315499621
aswiki,enwiki,2026-06-23,12,3919868,American_films,33682,52,33734,0.0015,279206136
aswiki,enwiki,2026-06-23,13,7835232,Əlifba_sırasına_görə_filmlər,35078,125,35203,0.0036,275357868
aswiki,enwiki,2026-06-23,14,1411125,United_Kingdom,74510,236,74746,0.0032,266801239
aswiki,enwiki,2026-06-23,15,7269712,20th-century_American_actors,12013,115,12128,0.0095,264537084
aswiki,enwiki,2026-06-23,16,5611338,Association_football,144220,52,144272,0.0004,247760930
aswiki,enwiki,2026-06-23,17,8246543,American_male_film_actors,14240,49,14289,0.0034,246862096
aswiki,enwiki,2026-06-23,18,9715949,Vikipedya:AY,1096,182,1278,0.1424,244432343
aswiki,enwiki,2026-06-23,19,1457982,Sports,132299,216,132515,0.0016,243772263
aswiki,enwiki,2026-06-23,20,3919830,British_people,44295,242,44537,0.0054,243483041
aswiki,enwiki,2026-06-23,21,6508,Astronomy,5311,150,5461,0.0275,238394797
aswiki,enwiki,2026-06-23,22,9703480,Biôgrafia,24515,520,25035,0.0208,235190603
aswiki,enwiki,2026-06-23,23,9228737,Кандык_айдыҥ_21_кӱнинде_чыккандар,1692,8,1700,0.0047,228920583
aswiki,enwiki,2026-06-23,24,9865921,Wikipedia:Wiphalakunap_Plantillankukuna,872,16,888,0.018,226633032
aswiki,enwiki,2026-06-23,25,9220893,Кӱӱк_айдыҥ_28_кӱнинде_божогондор,685,5,690,0.0072,225528852
aswiki,enwiki,2026-06-23,26,6397842,American_male_actors,9732,43,9775,0.0044,221177833
aswiki,enwiki,2026-06-23,27,9636824,Əlifba_sırasına_görə_musiqiçilər,24321,251,24572,0.0102,219809349
aswiki,enwiki,2026-06-23,28,33079992,Gamba_Peuniléh,23,1,24,0.0417,215076069
aswiki,enwiki,2026-06-23,29,129212025,Tuveli:Izvopa,418,35,453,0.0773,212508176
aswiki,enwiki,2026-06-23,30,8246554,American_male_television_actors,11609,17,11626,0.0015,211572866
aswiki,enwiki,2026-06-23,31,9715644,Wp/srn,441,56,497,0.1127,210980860
aswiki,enwiki,2026-06-23,32,9426286,Алфавит_буйынса_актрисалар,10663,613,11276,0.0544,209252707
aswiki,enwiki,2026-06-23,33,6740310,American_voice_actors,4293,109,4402,0.0248,200981257
aswiki,enwiki,2026-06-23,34,140310923,Actors_estatunidencs_nascuts_al_segle_XX,3192,149,3341,0.0446,195140325
aswiki,enwiki,2026-06-23,35,10074376,Pobo_sakizaya,6,1,7,0.1429,192330935
aswiki,enwiki,2026-06-23,36,8245580,American_film_actresses,10972,294,11266,0.0261,191668317
aswiki,enwiki,2026-06-23,37,97269191,Pàgine_in_Zeneise-Grafia_unitäia,78,16,94,0.1702,189046865
aswiki,enwiki,2026-06-23,38,14914955,21st-century_American_male_actors,7399,15,7414,0.002,186229015
aswiki,enwiki,2026-06-23,39,7063228,American_singers,7927,130,8057,0.0161,185429693
aswiki,enwiki,2026-06-23,40,6426972,American_television_actresses,9126,262,9388,0.0279,184812911
aswiki,enwiki,2026-06-23,41,6408784,21st-century_actors,6679,108,6787,0.0159,184614895
aswiki,enwiki,2026-06-23,42,9724347,Paggene_scritte_int''e_dialette_d''o_Lazzio_Meridiunale,152,36,188,0.1915,183504762
aswiki,enwiki,2026-06-23,43,6645404,American_actresses,7854,282,8136,0.0347,182094949
aswiki,enwiki,2026-06-23,44,33029934,Articol_in_Milanes,31951,1129,33080,0.0341,179940188
aswiki,enwiki,2026-06-23,45,9711126,Miranduléś,4174,192,4366,0.044,178346279
aswiki,enwiki,2026-06-23,46,9280440,20th-century_American_people,22461,152,22613,0.0067,173594177
aswiki,enwiki,2026-06-23,47,7031042,American_people_of_Irish_descent,6367,125,6492,0.0193,171690155
aswiki,enwiki,2026-06-23,48,106843442,To_be_checked,506,342,848,0.4033,169285668
aswiki,enwiki,2026-06-23,49,8206361,21st-century_American_actresses,7097,269,7366,0.0365,167529827
aswiki,enwiki,2026-06-23,50,7217320,Singers,15197,277,15474,0.0179,167325947
aswiki,hiwiki,2026-06-23,1,1411417,भारत,4890,2792,7682,0.3634,1928367
aswiki,hiwiki,2026-06-23,2,1983910,हिन्दू_धर्म,1410,1003,2413,0.4157,947266
aswiki,hiwiki,2026-06-23,3,4630,भारत_का_इतिहास,1187,412,1599,0.2577,794924
aswiki,hiwiki,2026-06-23,4,6994462,भारत_के_लोग,1379,1739,3118,0.5577,694204
aswiki,hiwiki,2026-06-23,5,7192108,Páginas_con_errores_en_secuencias_de_órdenes,1648,701,2349,0.2984,581065
aswiki,hiwiki,2026-06-23,6,1457595,इतिहास,1689,567,2256,0.2513,580425
aswiki,hiwiki,2026-06-23,7,7030483,भारतीय_राजनीतिज्ञ,1079,480,1559,0.3079,551347
aswiki,hiwiki,2026-06-23,8,5897849,स्रोतहीन_लेख,1656,593,2249,0.2637,494561
aswiki,hiwiki,2026-06-23,9,1457673,भूगोल,2428,482,2910,0.1656,491936
aswiki,hiwiki,2026-06-23,10,5668044,भारतीय_फ़िल्में,4075,385,4460,0.0863,475754
aswiki,hiwiki,2026-06-23,11,33029934,Articol_in_Milanes,3594,1129,4723,0.239,474131
aswiki,hiwiki,2026-06-23,12,32589508,ويکيډاټا_سرچينې_لرونکي_مخونه,867,432,1299,0.3326,464091
aswiki,hiwiki,2026-06-23,13,7214658,भारत_के_नगर,1826,136,1962,0.0693,431600
aswiki,hiwiki,2026-06-23,14,9705320,Endrika_ampiasaina_amin'ny_jeografia,2397,185,2582,0.0716,393957
aswiki,hiwiki,2026-06-23,15,25351284,कायमचे_मृत_बाह्य_दुवे_असणारे_लेख,798,477,1275,0.3741,387489
aswiki,hiwiki,2026-06-23,16,6944392,भारतीय_राजनीति,264,139,403,0.3449,371137
aswiki,hiwiki,2026-06-23,17,9727294,ಕಡತ_ಕೊಂಡಿಗಳು_ಮುರಿದಿರುವ_ಪುಟಗಳು,670,342,1012,0.3379,369389
aswiki,hiwiki,2026-06-23,18,1458083,विज्ञान,1877,705,2582,0.273,357958
aswiki,hiwiki,2026-06-23,19,4103183,राजनीति,1173,283,1456,0.1944,353309
aswiki,hiwiki,2026-06-23,20,2944929,संस्कृति,1065,790,1855,0.4259,351774
aswiki,hiwiki,2026-06-23,21,7030643,भारतीय_हिन्दू,372,375,747,0.502,338958
aswiki,hiwiki,2026-06-23,22,9848152,हिन्दी_फ़िल्में,3132,235,3367,0.0698,338511
aswiki,hiwiki,2026-06-23,23,1457903,धर्म,756,443,1199,0.3695,324992
aswiki,hiwiki,2026-06-23,24,9703480,Biôgrafia,1097,520,1617,0.3216,298303
aswiki,hiwiki,2026-06-23,25,7023926,संस्कृत_शब्द,443,407,850,0.4788,294427
aswiki,hiwiki,2026-06-23,26,6493807,क्रिकेट,2552,113,2665,0.0424,293452
aswiki,hiwiki,2026-06-23,27,9729671,Gesjreve_in_'t_Mestreechs,967,509,1476,0.3449,289447
aswiki,hiwiki,2026-06-23,28,7019973,Postage_stamps_featuring_people,484,353,837,0.4217,289443
aswiki,hiwiki,2026-06-23,29,1457402,जीव_विज्ञान,1504,581,2085,0.2787,284037
aswiki,hiwiki,2026-06-23,30,23706330,Bu_dem_liwot,1176,207,1383,0.1497,282711
aswiki,hiwiki,2026-06-23,31,28582468,चित्र_के_साथ_ज्ञानसन्दूक_अवस्थापन_प्रयोग_करने_वाले_लेख,1744,96,1840,0.0522,281951
aswiki,hiwiki,2026-06-23,32,9795474,جميع_مقالات_البذور,1068,567,1635,0.3468,280900
aswiki,hiwiki,2026-06-23,33,7024688,भारतीय_अभिनेता,706,583,1289,0.4523,278177
aswiki,hiwiki,2026-06-23,34,7116595,उत्तर_प्रदेश_के_लोग,418,120,538,0.223,265708
aswiki,hiwiki,2026-06-23,35,7146649,उत्तर_प्रदेश,460,66,526,0.1255,262713
aswiki,hiwiki,2026-06-23,36,9714104,Fering_Artiikel,1204,264,1468,0.1798,262061
aswiki,hiwiki,2026-06-23,37,8298820,भारतीय_जनता_पार्टी_के_राजनीतिज्ञ,640,158,798,0.198,248901
aswiki,hiwiki,2026-06-23,38,33044957,ಮೈಸೂರು_ವಿಶ್ವವಿದ್ಯಾನಿಲಯ_ವಿಶ್ವಕೋಶ,1120,385,1505,0.2558,248272
aswiki,hiwiki,2026-06-23,39,8545259,भारतीय_स्वतन्त्रता_संग्राम,333,154,487,0.3162,246388
aswiki,hiwiki,2026-06-23,40,6739495,भारत_का_भूगोल,379,113,492,0.2297,245530
aswiki,hiwiki,2026-06-23,41,9827195,ہندستان,235,78,313,0.2492,243218
aswiki,hiwiki,2026-06-23,42,6508,खगोलशास्त्र,905,150,1055,0.1422,240856
aswiki,hiwiki,2026-06-23,43,6834346,भारतीय_लेखक,553,524,1077,0.4865,239626
aswiki,hiwiki,2026-06-23,44,3919792,अभिनेता,1184,1213,2397,0.506,238875
aswiki,hiwiki,2026-06-23,45,33017565,مشہور_لوک,578,222,800,0.2775,236954
aswiki,hiwiki,2026-06-23,46,5753390,राजनीतिज्ञ,801,393,1194,0.3291,236942
aswiki,hiwiki,2026-06-23,47,7467137,भारत_सरकार,285,108,393,0.2748,234222
aswiki,hiwiki,2026-06-23,48,8313144,ब्रिटिश_भारत,297,159,456,0.3487,223802
aswiki,hiwiki,2026-06-23,49,7006468,भारतीय_सम्राट,398,62,460,0.1348,223561
aswiki,hiwiki,2026-06-23,50,2945924,सूचियाँ,480,137,617,0.222,223551
awawiki,enwiki,2026-06-23,1,1410960,United_States,211781,52,211833,0.0002,850225817
awawiki,enwiki,2026-06-23,2,3919762,American_people,123421,41,123462,0.0003,775890560
awawiki,enwiki,2026-06-23,3,5479723,Film_actors,36748,30,36778,0.0008,530963469
awawiki,enwiki,2026-06-23,4,3919792,Actors,56570,41,56611,0.0007,466715155
awawiki,enwiki,2026-06-23,5,9698417,American_actors,23924,10,23934,0.0004,439299588
awawiki,enwiki,2026-06-23,6,5479560,Television_actors,30988,14,31002,0.0005,420191644
awawiki,enwiki,2026-06-23,7,5837414,American_film_actors,12395,7,12402,0.0006,368189311
awawiki,enwiki,2026-06-23,8,5461159,American_television_actors,12578,7,12585,0.0006,365822499
awawiki,enwiki,2026-06-23,9,8206360,21st-century_American_actors,11365,6,11371,0.0005,357382179
awawiki,enwiki,2026-06-23,10,9426612,Алфавит_буйынса_актёрҙар,13501,38,13539,0.0028,342307027
awawiki,enwiki,2026-06-23,11,6840573,English-language_films,62175,1,62176,0.0,315972246
awawiki,enwiki,2026-06-23,12,3919868,American_films,33733,1,33734,0.0,279628899
awawiki,enwiki,2026-06-23,13,7835232,Əlifba_sırasına_görə_filmlər,35203,0,35203,0.0,276339103
awawiki,enwiki,2026-06-23,14,1411125,United_Kingdom,74715,31,74746,0.0004,267535291
awawiki,enwiki,2026-06-23,15,7269712,20th-century_American_actors,12125,3,12128,0.0002,267003425
awawiki,enwiki,2026-06-23,16,9715949,Vikipedya:AY,1156,122,1278,0.0955,257813676
awawiki,enwiki,2026-06-23,17,5611338,Association_football,144271,1,144272,0.0,247848545
awawiki,enwiki,2026-06-23,18,8246543,American_male_film_actors,14285,4,14289,0.0003,247642208
awawiki,enwiki,2026-06-23,19,3919830,British_people,44514,23,44537,0.0005,244686852
awawiki,enwiki,2026-06-23,20,1457982,Sports,132466,49,132515,0.0004,244079975
awawiki,enwiki,2026-06-23,21,6508,Astronomy,5421,40,5461,0.0073,243332366
awawiki,enwiki,2026-06-23,22,9703480,Biôgrafia,24899,136,25035,0.0054,238874600
awawiki,enwiki,2026-06-23,23,9228737,Кандык_айдыҥ_21_кӱнинде_чыккандар,1699,1,1700,0.0006,229867654
awawiki,enwiki,2026-06-23,24,4966679,Wikipedia,465,11,476,0.0231,227519685
awawiki,enwiki,2026-06-23,25,9220893,Кӱӱк_айдыҥ_28_кӱнинде_божогондор,689,1,690,0.0014,226845808
awawiki,enwiki,2026-06-23,26,9865921,Wikipedia:Wiphalakunap_Plantillankukuna,868,20,888,0.0225,225593431
awawiki,enwiki,2026-06-23,27,9715644,Wp/srn,467,30,497,0.0604,223419641
awawiki,enwiki,2026-06-23,28,6397842,American_male_actors,9769,6,9775,0.0006,222018727
awawiki,enwiki,2026-06-23,29,9636824,Əlifba_sırasına_görə_musiqiçilər,24561,11,24572,0.0004,221978431
awawiki,enwiki,2026-06-23,30,9426286,Алфавит_буйынса_актрисалар,11271,5,11276,0.0004,221184213
awawiki,enwiki,2026-06-23,31,97269191,Pàgine_in_Zeneise-Grafia_unitäia,91,3,94,0.0319,220554676
awawiki,enwiki,2026-06-23,32,129212025,Tuveli:Izvopa,428,25,453,0.0552,217592103
awawiki,enwiki,2026-06-23,33,9724347,Paggene_scritte_int''e_dialette_d''o_Lazzio_Meridiunale,180,8,188,0.0426,217308271
awawiki,enwiki,2026-06-23,34,106843442,To_be_checked,648,200,848,0.2358,216792714
awawiki,enwiki,2026-06-23,35,33079992,Gamba_Peuniléh,23,1,24,0.0417,215076069
awawiki,enwiki,2026-06-23,36,8246554,American_male_television_actors,11623,3,11626,0.0003,211828015
awawiki,enwiki,2026-06-23,37,6740310,American_voice_actors,4398,4,4402,0.0009,205896941
awawiki,enwiki,2026-06-23,38,140310923,Actors_estatunidencs_nascuts_al_segle_XX,3337,4,3341,0.0012,204004782
awawiki,enwiki,2026-06-23,39,2944611,Wikipedia_administration,35,4,39,0.1026,202941287
awawiki,enwiki,2026-06-23,40,8245580,American_film_actresses,11263,3,11266,0.0003,196751755
awawiki,enwiki,2026-06-23,41,106848755,Sabak_Tutuy,143,31,174,0.1782,192479535
awawiki,enwiki,2026-06-23,42,10074376,Pobo_sakizaya,6,1,7,0.1429,192330935
awawiki,enwiki,2026-06-23,43,6426972,American_television_actresses,9385,3,9388,0.0003,190057985
awawiki,enwiki,2026-06-23,44,6645404,American_actresses,8132,4,8136,0.0005,188540378
awawiki,enwiki,2026-06-23,45,7063228,American_singers,8052,5,8057,0.0006,188353714
awawiki,enwiki,2026-06-23,46,6408784,21st-century_actors,6770,17,6787,0.0025,187130235
awawiki,enwiki,2026-06-23,47,7220786,Selected_anniversaries,5,1,6,0.1667,187018880
awawiki,enwiki,2026-06-23,48,14914955,21st-century_American_male_actors,7411,3,7414,0.0004,186531049
awawiki,enwiki,2026-06-23,49,33029934,Articol_in_Milanes,32870,210,33080,0.0063,185115770
awawiki,enwiki,2026-06-23,50,9711126,Miranduléś,4292,74,4366,0.0169,183388171
awawiki,hiwiki,2026-06-23,1,1411417,भारत,7251,431,7682,0.0561,2859425
awawiki,hiwiki,2026-06-23,2,1983910,हिन्दू_धर्म,2255,158,2413,0.0655,1514955
awawiki,hiwiki,2026-06-23,3,6994462,भारत_के_लोग,2951,167,3118,0.0536,1485568
awawiki,hiwiki,2026-06-23,4,4630,भारत_का_इतिहास,1551,48,1599,0.03,1038691
awawiki,hiwiki,2026-06-23,5,7030483,भारतीय_राजनीतिज्ञ,1500,59,1559,0.0378,766470
awawiki,hiwiki,2026-06-23,6,1457595,इतिहास,2116,140,2256,0.0621,727163
awawiki,hiwiki,2026-06-23,7,7192108,Páginas_con_errores_en_secuencias_de_órdenes,2041,308,2349,0.1311,719632
awawiki,hiwiki,2026-06-23,8,82515714,People_from_India,798,88,886,0.0993,657896
awawiki,hiwiki,2026-06-23,9,5897849,स्रोतहीन_लेख,2078,171,2249,0.076,620591
awawiki,hiwiki,2026-06-23,10,7030643,भारतीय_हिन्दू,678,69,747,0.0924,617778
awawiki,hiwiki,2026-06-23,11,33029934,Articol_in_Milanes,4513,210,4723,0.0445,595369
awawiki,hiwiki,2026-06-23,12,25351284,कायमचे_मृत_बाह्य_दुवे_असणारे_लेख,1215,60,1275,0.0471,589974
awawiki,hiwiki,2026-06-23,13,32589508,ويکيډاټا_سرچينې_لرونکي_مخونه,1069,230,1299,0.1771,572218
awawiki,hiwiki,2026-06-23,14,2944929,संस्कृति,1698,157,1855,0.0846,560858
awawiki,hiwiki,2026-06-23,15,7023926,संस्कृत_शब्द,807,43,850,0.0506,536350
awawiki,hiwiki,2026-06-23,16,5668044,भारतीय_फ़िल्में,4457,3,4460,0.0007,520352
awawiki,hiwiki,2026-06-23,17,6944392,भारतीय_राजनीति,369,34,403,0.0844,518748
awawiki,hiwiki,2026-06-23,18,9727294,ಕಡತ_ಕೊಂಡಿಗಳು_ಮುರಿದಿರುವ_ಪುಟಗಳು,912,100,1012,0.0988,502810
awawiki,hiwiki,2026-06-23,19,1457673,भूगोल,2443,467,2910,0.1605,494976
awawiki,hiwiki,2026-06-23,20,7024688,भारतीय_अभिनेता,1250,39,1289,0.0303,492524
awawiki,hiwiki,2026-06-23,21,1457903,धर्म,1134,65,1199,0.0542,487489
awawiki,hiwiki,2026-06-23,22,3919792,अभिनेता,2356,41,2397,0.0171,475329
awawiki,hiwiki,2026-06-23,23,1458083,विज्ञान,2435,147,2582,0.0569,464372
awawiki,hiwiki,2026-06-23,24,6156696,मृत_लोग,1081,122,1203,0.1014,464103
awawiki,hiwiki,2026-06-23,25,6834346,भारतीय_लेखक,1038,39,1077,0.0362,449787
awawiki,hiwiki,2026-06-23,26,6465874,مواليد_في_الهند,383,54,437,0.1236,449754
awawiki,hiwiki,2026-06-23,27,7214658,भारत_के_नगर,1863,99,1962,0.0505,440345
awawiki,hiwiki,2026-06-23,28,7019973,Postage_stamps_featuring_people,732,105,837,0.1254,437753
awawiki,hiwiki,2026-06-23,29,7291943,भारतीय_संस्कृति,742,39,781,0.0499,425088
awawiki,hiwiki,2026-06-23,30,8205334,20th-century_Indian_people,729,47,776,0.0606,425085
awawiki,hiwiki,2026-06-23,31,9703480,Biôgrafia,1481,136,1617,0.0841,402723
awawiki,hiwiki,2026-06-23,32,6547010,भारतीय_फ़िल्म_अभिनेता,815,40,855,0.0468,395639
awawiki,hiwiki,2026-06-23,33,4103183,राजनीति,1313,143,1456,0.0982,395477
awawiki,hiwiki,2026-06-23,34,9705320,Endrika_ampiasaina_amin'ny_jeografia,2403,179,2582,0.0693,394943
awawiki,hiwiki,2026-06-23,35,1457402,जीव_विज्ञान,2003,82,2085,0.0393,378275
awawiki,hiwiki,2026-06-23,36,6884057,हिन्दू_पौराणिक_कथाएँ,542,27,569,0.0475,371674
awawiki,hiwiki,2026-06-23,37,9729671,Gesjreve_in_'t_Mestreechs,1235,241,1476,0.1633,369666
awawiki,hiwiki,2026-06-23,38,6483339,भारतीय_साहित्य,429,24,453,0.053,364440
awawiki,hiwiki,2026-06-23,39,9848152,हिन्दी_फ़िल्में,3365,2,3367,0.0006,363694
awawiki,hiwiki,2026-06-23,40,9795474,جميع_مقالات_البذور,1379,256,1635,0.1566,362698
awawiki,hiwiki,2026-06-23,41,8545259,भारतीय_स्वतन्त्रता_संग्राम,474,13,487,0.0267,350715
awawiki,hiwiki,2026-06-23,42,7482570,Deaths_in_India,317,39,356,0.1096,349276
awawiki,hiwiki,2026-06-23,43,7368887,वैष्णव_सम्प्रदाय,284,12,296,0.0405,346712
awawiki,hiwiki,2026-06-23,44,9700201,Articllo_en_arpetan_supradialèctâl_/_ORB,1158,270,1428,0.1891,346081
awawiki,hiwiki,2026-06-23,45,9426612,Алфавит_буйынса_актёрҙар,1018,38,1056,0.036,328365
awawiki,hiwiki,2026-06-23,46,8313144,ब्रिटिश_भारत,434,22,456,0.0482,327038
awawiki,hiwiki,2026-06-23,47,5753390,राजनीतिज्ञ,1099,95,1194,0.0796,325093
awawiki,hiwiki,2026-06-23,48,8619678,लोक_सभा_सदस्य,466,25,491,0.0509,323076
awawiki,hiwiki,2026-06-23,49,7116595,उत्तर_प्रदेश_के_लोग,507,31,538,0.0576,322283
awawiki,hiwiki,2026-06-23,50,7116224,मुंबई_के_लोग,593,35,628,0.0557,320123
bhwiki,enwiki,2026-06-23,1,1410960,United_States,211592,241,211833,0.0011,849467049
bhwiki,enwiki,2026-06-23,2,3919762,American_people,123345,117,123462,0.0009,775412783
bhwiki,enwiki,2026-06-23,3,5479723,Film_actors,36538,240,36778,0.0065,527929227
bhwiki,enwiki,2026-06-23,4,3919792,Actors,56218,393,56611,0.0069,463811077
bhwiki,enwiki,2026-06-23,5,9698417,American_actors,23873,61,23934,0.0025,438363110
bhwiki,enwiki,2026-06-23,6,5479560,Television_actors,30817,185,31002,0.006,417872915
bhwiki,enwiki,2026-06-23,7,5837414,American_film_actors,12350,52,12402,0.0042,366852601
bhwiki,enwiki,2026-06-23,8,5461159,American_television_actors,12546,39,12585,0.0031,364891801
bhwiki,enwiki,2026-06-23,9,8206360,21st-century_American_actors,11332,39,11371,0.0034,356344466
bhwiki,enwiki,2026-06-23,10,9426612,Алфавит_буйынса_актёрҙар,13292,247,13539,0.0182,337008000
bhwiki,enwiki,2026-06-23,11,6840573,English-language_films,62116,60,62176,0.001,315672409
bhwiki,enwiki,2026-06-23,12,3919868,American_films,33679,55,33734,0.0016,279181267
bhwiki,enwiki,2026-06-23,13,7835232,Əlifba_sırasına_görə_filmlər,35137,66,35203,0.0019,275821011
bhwiki,enwiki,2026-06-23,14,1411125,United_Kingdom,74630,116,74746,0.0016,267230928
bhwiki,enwiki,2026-06-23,15,7269712,20th-century_American_actors,12104,24,12128,0.002,266540986
bhwiki,enwiki,2026-06-23,16,5611338,Association_football,144257,15,144272,0.0001,247824493
bhwiki,enwiki,2026-06-23,17,8246543,American_male_film_actors,14257,32,14289,0.0022,247156805
bhwiki,enwiki,2026-06-23,18,3919830,British_people,44443,94,44537,0.0021,244296575
bhwiki,enwiki,2026-06-23,19,1457982,Sports,132435,80,132515,0.0006,244022855
bhwiki,enwiki,2026-06-23,20,9703480,Biôgrafia,24796,239,25035,0.0095,237886445
bhwiki,enwiki,2026-06-23,21,6508,Astronomy,5296,165,5461,0.0302,237721492
bhwiki,enwiki,2026-06-23,22,9715949,Vikipedya:AY,1054,224,1278,0.1753,235065410
bhwiki,enwiki,2026-06-23,23,9228737,Кандык_айдыҥ_21_кӱнинде_чыккандар,1696,4,1700,0.0024,229461766
bhwiki,enwiki,2026-06-23,24,9220893,Кӱӱк_айдыҥ_28_кӱнинде_божогондор,689,1,690,0.0014,226845808
bhwiki,enwiki,2026-06-23,25,9865921,Wikipedia:Wiphalakunap_Plantillankukuna,864,24,888,0.027,224553830
bhwiki,enwiki,2026-06-23,26,9636824,Əlifba_sırasına_görə_musiqiçilər,24492,80,24572,0.0033,221354820
bhwiki,enwiki,2026-06-23,27,6397842,American_male_actors,9738,37,9775,0.0038,221314195
bhwiki,enwiki,2026-06-23,28,129212025,Tuveli:Izvopa,431,22,453,0.0486,219117282
bhwiki,enwiki,2026-06-23,29,9426286,Алфавит_буйынса_актрисалар,11098,178,11276,0.0158,217789228
bhwiki,enwiki,2026-06-23,30,4966679,Wikipedia,445,31,476,0.0651,217733892
bhwiki,enwiki,2026-06-23,31,9715644,Wp/srn,453,44,497,0.0885,216721836
bhwiki,enwiki,2026-06-23,32,33079992,Gamba_Peuniléh,23,1,24,0.0417,215076069
bhwiki,enwiki,2026-06-23,33,8246554,American_male_television_actors,11604,22,11626,0.0019,211481742
bhwiki,enwiki,2026-06-23,34,6740310,American_voice_actors,4377,25,4402,0.0057,204913805
bhwiki,enwiki,2026-06-23,35,140310923,Actors_estatunidencs_nascuts_al_segle_XX,3308,33,3341,0.0099,202231890
bhwiki,enwiki,2026-06-23,36,2944611,Wikipedia_administration,34,5,39,0.1282,197142964
bhwiki,enwiki,2026-06-23,37,8245580,American_film_actresses,11245,21,11266,0.0019,196437315
bhwiki,enwiki,2026-06-23,38,97269191,Pàgine_in_Zeneise-Grafia_unitäia,80,14,94,0.1489,193894221
bhwiki,enwiki,2026-06-23,39,10074376,Pobo_sakizaya,6,1,7,0.1429,192330935
bhwiki,enwiki,2026-06-23,40,6426972,American_television_actresses,9367,21,9388,0.0022,189693462
bhwiki,enwiki,2026-06-23,41,9724347,Paggene_scritte_int''e_dialette_d''o_Lazzio_Meridiunale,156,32,188,0.1702,188333835
bhwiki,enwiki,2026-06-23,42,6645404,American_actresses,8112,24,8136,0.0029,188076678
bhwiki,enwiki,2026-06-23,43,7063228,American_singers,8034,23,8057,0.0029,187932655
bhwiki,enwiki,2026-06-23,44,14914955,21st-century_American_male_actors,7390,24,7414,0.0032,186002490
bhwiki,enwiki,2026-06-23,45,6408784,21st-century_actors,6706,81,6787,0.0119,185361205
bhwiki,enwiki,2026-06-23,46,33029934,Articol_in_Milanes,32028,1052,33080,0.0318,180373833
bhwiki,enwiki,2026-06-23,47,9711126,Miranduléś,4134,232,4366,0.0531,176637162
bhwiki,enwiki,2026-06-23,48,106848755,Sabak_Tutuy,131,43,174,0.2471,176327406
bhwiki,enwiki,2026-06-23,49,9280440,20th-century_American_people,22571,42,22613,0.0019,174444333
bhwiki,enwiki,2026-06-23,50,7031042,American_people_of_Irish_descent,6459,33,6492,0.0051,174170993
bhwiki,hiwiki,2026-06-23,1,1411417,भारत,5885,1797,7682,0.2339,2320744
bhwiki,hiwiki,2026-06-23,2,1983910,हिन्दू_धर्म,1975,438,2413,0.1815,1326845
bhwiki,hiwiki,2026-06-23,3,6994462,भारत_के_लोग,2568,550,3118,0.1764,1292761
bhwiki,hiwiki,2026-06-23,4,4630,भारत_का_इतिहास,1363,236,1599,0.1476,912789
bhwiki,hiwiki,2026-06-23,5,7030483,भारतीय_राजनीतिज्ञ,1390,169,1559,0.1084,710262
bhwiki,hiwiki,2026-06-23,6,1457595,इतिहास,1959,297,2256,0.1316,673210
bhwiki,hiwiki,2026-06-23,7,7192108,Páginas_con_errores_en_secuencias_de_órdenes,1680,669,2349,0.2848,592348
bhwiki,hiwiki,2026-06-23,8,82515714,People_from_India,657,229,886,0.2585,541651
bhwiki,hiwiki,2026-06-23,9,5897849,स्रोतहीन_लेख,1795,454,2249,0.2019,536073
bhwiki,hiwiki,2026-06-23,10,25351284,कायमचे_मृत_बाह्य_दुवे_असणारे_लेख,1051,224,1275,0.1757,510340
bhwiki,hiwiki,2026-06-23,11,5668044,भारतीय_फ़िल्में,4371,89,4460,0.02,510312
bhwiki,hiwiki,2026-06-23,12,7030643,भारतीय_हिन्दू,554,193,747,0.2584,504792
bhwiki,hiwiki,2026-06-23,13,33029934,Articol_in_Milanes,3671,1052,4723,0.2227,484289
bhwiki,hiwiki,2026-06-23,14,2944929,संस्कृति,1461,394,1855,0.2124,482575
bhwiki,hiwiki,2026-06-23,15,32589508,ويکيډاټا_سرچينې_لرونکي_مخونه,840,459,1299,0.3533,449638
bhwiki,hiwiki,2026-06-23,16,7023926,संस्कृत_शब्द,673,177,850,0.2082,447290
bhwiki,hiwiki,2026-06-23,17,1457903,धर्म,1026,173,1199,0.1443,441061
bhwiki,hiwiki,2026-06-23,18,6944392,भारतीय_राजनीति,300,103,403,0.2556,421747
bhwiki,hiwiki,2026-06-23,19,6156696,मृत_लोग,974,229,1203,0.1904,418165
bhwiki,hiwiki,2026-06-23,20,9727294,ಕಡತ_ಕೊಂಡಿಗಳು_ಮುರಿದಿರುವ_ಪುಟಗಳು,742,270,1012,0.2668,409084
bhwiki,hiwiki,2026-06-23,21,7019973,Postage_stamps_featuring_people,681,156,837,0.1864,407254
bhwiki,hiwiki,2026-06-23,22,3919792,अभिनेता,2004,393,2397,0.164,404312
bhwiki,hiwiki,2026-06-23,23,6834346,भारतीय_लेखक,914,163,1077,0.1513,396055
bhwiki,hiwiki,2026-06-23,24,1458083,विज्ञान,2042,540,2582,0.2091,389424
bhwiki,hiwiki,2026-06-23,25,8205334,20th-century_Indian_people,667,109,776,0.1405,388933
bhwiki,hiwiki,2026-06-23,26,4103183,राजनीति,1274,182,1456,0.125,383730
bhwiki,hiwiki,2026-06-23,27,1457673,भूगोल,1885,1025,2910,0.3522,381919
bhwiki,hiwiki,2026-06-23,28,7024688,भारतीय_अभिनेता,969,320,1289,0.2483,381804
bhwiki,hiwiki,2026-06-23,29,9703480,Biôgrafia,1378,239,1617,0.1478,374714
bhwiki,hiwiki,2026-06-23,30,9848152,हिन्दी_फ़िल्में,3291,76,3367,0.0226,355696
bhwiki,hiwiki,2026-06-23,31,6465874,مواليد_في_الهند,297,140,437,0.3204,348764
bhwiki,hiwiki,2026-06-23,32,7291943,भारतीय_संस्कृति,602,179,781,0.2292,344882
bhwiki,hiwiki,2026-06-23,33,1457402,जीव_विज्ञान,1753,332,2085,0.1592,331062
bhwiki,hiwiki,2026-06-23,34,6884057,हिन्दू_पौराणिक_कथाएँ,479,90,569,0.1582,328472
bhwiki,hiwiki,2026-06-23,35,9705320,Endrika_ampiasaina_amin'ny_jeografia,1985,597,2582,0.2312,326243
bhwiki,hiwiki,2026-06-23,36,8545259,भारतीय_स्वतन्त्रता_संग्राम,439,48,487,0.0986,324818
bhwiki,hiwiki,2026-06-23,37,6483339,भारतीय_साहित्य,378,75,453,0.1656,321115
bhwiki,hiwiki,2026-06-23,38,5753390,राजनीतिज्ञ,1052,142,1194,0.1189,311190
bhwiki,hiwiki,2026-06-23,39,7482570,Deaths_in_India,281,75,356,0.2107,309610
bhwiki,hiwiki,2026-06-23,40,7214658,भारत_के_नगर,1278,684,1962,0.3486,302073
bhwiki,hiwiki,2026-06-23,41,6493807,क्रिकेट,2617,48,2665,0.018,300926
bhwiki,hiwiki,2026-06-23,42,7368887,वैष्णव_सम्प्रदाय,244,52,296,0.1757,297879
bhwiki,hiwiki,2026-06-23,43,8313144,ब्रिटिश_भारत,394,62,456,0.136,296896
bhwiki,hiwiki,2026-06-23,44,8619678,लोक_सभा_सदस्य,425,66,491,0.1344,294651
bhwiki,hiwiki,2026-06-23,45,7116595,उत्तर_प्रदेश_के_लोग,459,79,538,0.1468,291771
bhwiki,hiwiki,2026-06-23,46,6946332,पंजाबी_लोग,855,127,982,0.1293,290191
bhwiki,hiwiki,2026-06-23,47,8298820,भारतीय_जनता_पार्टी_के_राजनीतिज्ञ,743,55,798,0.0689,288959
bhwiki,hiwiki,2026-06-23,48,6301200,20th-century_Indian_politicians,555,83,638,0.1301,285061
bhwiki,hiwiki,2026-06-23,49,33017565,مشہور_لوک,694,106,800,0.1325,284509
bhwiki,hiwiki,2026-06-23,50,9729671,Gesjreve_in_'t_Mestreechs,949,527,1476,0.357,284059
bnwiki,enwiki,2026-06-23,1,1410960,United_States,207032,4801,211833,0.0227,831160261
bnwiki,enwiki,2026-06-23,2,3919762,American_people,119217,4245,123462,0.0344,749461962
bnwiki,enwiki,2026-06-23,3,5479723,Film_actors,34041,2737,36778,0.0744,491850644
bnwiki,enwiki,2026-06-23,4,3919792,Actors,52664,3947,56611,0.0697,434489781
bnwiki,enwiki,2026-06-23,5,9698417,American_actors,22189,1745,23934,0.0729,407441003
bnwiki,enwiki,2026-06-23,6,5479560,Television_actors,28586,2416,31002,0.0779,387620961
bnwiki,enwiki,2026-06-23,7,5461159,American_television_actors,11295,1290,12585,0.1025,328507325
bnwiki,enwiki,2026-06-23,8,5837414,American_film_actors,10935,1467,12402,0.1183,324820501
bnwiki,enwiki,2026-06-23,9,8206360,21st-century_American_actors,10092,1279,11371,0.1125,317351602
bnwiki,enwiki,2026-06-23,10,6840573,English-language_films,60634,1542,62176,0.0248,308140911
bnwiki,enwiki,2026-06-23,11,9426612,Алфавит_буйынса_актёрҙар,11612,1927,13539,0.1423,294412947
bnwiki,enwiki,2026-06-23,12,3919868,American_films,32489,1245,33734,0.0369,269316791
bnwiki,enwiki,2026-06-23,13,7835232,Əlifba_sırasına_görə_filmlər,33266,1937,35203,0.055,261133897
bnwiki,enwiki,2026-06-23,14,1411125,United_Kingdom,71215,3531,74746,0.0472,255002687
bnwiki,enwiki,2026-06-23,15,7269712,20th-century_American_actors,11098,1030,12128,0.0849,244387959
bnwiki,enwiki,2026-06-23,16,5611338,Association_football,140630,3642,144272,0.0252,241593535
bnwiki,enwiki,2026-06-23,17,1457982,Sports,129620,2895,132515,0.0218,238835976
bnwiki,enwiki,2026-06-23,18,8246543,American_male_film_actors,13519,770,14289,0.0539,234362969
bnwiki,enwiki,2026-06-23,19,3919830,British_people,42152,2385,44537,0.0536,231703288
bnwiki,enwiki,2026-06-23,20,9228737,Кандык_айдыҥ_21_кӱнинде_чыккандар,1628,72,1700,0.0424,220261648
bnwiki,enwiki,2026-06-23,21,9220893,Кӱӱк_айдыҥ_28_кӱнинде_божогондор,664,26,690,0.0377,218614828
bnwiki,enwiki,2026-06-23,22,9865921,Wikipedia:Wiphalakunap_Plantillankukuna,832,56,888,0.0631,216237022
bnwiki,enwiki,2026-06-23,23,9636824,Əlifba_sırasına_görə_musiqiçilər,23570,1002,24572,0.0408,213021930
bnwiki,enwiki,2026-06-23,24,9703480,Biôgrafia,22181,2854,25035,0.114,212798808
bnwiki,enwiki,2026-06-23,25,6397842,American_male_actors,9086,689,9775,0.0705,206496280
bnwiki,enwiki,2026-06-23,26,6508,Astronomy,4549,912,5461,0.167,204190912
bnwiki,enwiki,2026-06-23,27,8246554,American_male_television_actors,11052,574,11626,0.0494,201421597
bnwiki,enwiki,2026-06-23,28,33079992,Gamba_Peuniléh,21,3,24,0.125,196373802
bnwiki,enwiki,2026-06-23,29,10074376,Pobo_sakizaya,6,1,7,0.1429,192330935
bnwiki,enwiki,2026-06-23,30,9426286,Алфавит_буйынса_актрисалар,9647,1629,11276,0.1445,189314533
bnwiki,enwiki,2026-06-23,31,129212025,Tuveli:Izvopa,371,82,453,0.181,188613716
bnwiki,enwiki,2026-06-23,32,8245580,American_film_actresses,10306,960,11266,0.0852,180034057
bnwiki,enwiki,2026-06-23,33,7063228,American_singers,7485,572,8057,0.071,175090356
bnwiki,enwiki,2026-06-23,34,14914955,21st-century_American_male_actors,6956,458,7414,0.0618,175078934
bnwiki,enwiki,2026-06-23,35,6740310,American_voice_actors,3715,687,4402,0.1561,173921586
bnwiki,enwiki,2026-06-23,36,6426972,American_television_actresses,8538,850,9388,0.0905,172905176
bnwiki,enwiki,2026-06-23,37,9715949,Vikipedya:AY,768,510,1278,0.3991,171281058
bnwiki,enwiki,2026-06-23,38,6408784,21st-century_actors,6046,741,6787,0.1092,167118080
bnwiki,enwiki,2026-06-23,39,6645404,American_actresses,7160,976,8136,0.12,166004563
bnwiki,enwiki,2026-06-23,40,9280440,20th-century_American_people,21193,1420,22613,0.0628,163794194
bnwiki,enwiki,2026-06-23,41,7217320,Singers,14636,838,15474,0.0542,161149080
bnwiki,enwiki,2026-06-23,42,14914736,20th-century_American_male_actors,10203,526,10729,0.049,159283513
bnwiki,enwiki,2026-06-23,43,33029934,Articol_in_Milanes,27857,5223,33080,0.1579,156883785
bnwiki,enwiki,2026-06-23,44,9887283,موسيقى,21660,659,22319,0.0295,155326838
bnwiki,enwiki,2026-06-23,45,8206361,21st-century_American_actresses,6579,787,7366,0.1068,155302061
bnwiki,enwiki,2026-06-23,46,7031042,American_people_of_Irish_descent,5748,744,6492,0.1146,154998431
bnwiki,enwiki,2026-06-23,47,6455247,American_film_producers,5665,678,6343,0.1069,151016738
bnwiki,enwiki,2026-06-23,48,8206389,21st-century_American_people,10934,1133,12067,0.0939,150879826
bnwiki,enwiki,2026-06-23,49,6606401,Musicians,11510,766,12276,0.0624,149776877
bnwiki,enwiki,2026-06-23,50,7220786,Selected_anniversaries,4,2,6,0.3333,149615104
bnwiki,hiwiki,2026-06-23,1,1411417,भारत,918,6764,7682,0.8805,362012
bnwiki,hiwiki,2026-06-23,2,5668044,भारतीय_फ़िल्में,2115,2345,4460,0.5258,246925
bnwiki,hiwiki,2026-06-23,3,4630,भारत_का_इतिहास,320,1279,1599,0.7999,214301
bnwiki,hiwiki,2026-06-23,4,9848152,हिन्दी_फ़िल्में,1920,1447,3367,0.4298,207516
bnwiki,hiwiki,2026-06-23,5,8514332,हिन्दी_साहित्य,531,60,591,0.1015,184358
bnwiki,hiwiki,2026-06-23,6,7030483,भारतीय_राजनीतिज्ञ,351,1208,1559,0.7749,179354
bnwiki,hiwiki,2026-06-23,7,8514335,हिन्दी_कवि,238,70,308,0.2273,178992
bnwiki,hiwiki,2026-06-23,8,8134731,उत्तराखण्ड,10657,105,10762,0.0098,174905
bnwiki,hiwiki,2026-06-23,9,7116595,उत्तर_प्रदेश_के_लोग,267,271,538,0.5037,169723
bnwiki,hiwiki,2026-06-23,10,7146649,उत्तर_प्रदेश,282,244,526,0.4639,161054
bnwiki,hiwiki,2026-06-23,11,28582468,चित्र_के_साथ_ज्ञानसन्दूक_अवस्थापन_प्रयोग_करने_वाले_लेख,969,871,1840,0.4734,156657
bnwiki,hiwiki,2026-06-23,12,7467137,भारत_सरकार,189,204,393,0.5191,155326
bnwiki,hiwiki,2026-06-23,13,7130675,हिन्दी_भाषा_के_लेखक,152,105,257,0.4086,151782
bnwiki,hiwiki,2026-06-23,14,8299881,बिहार,522,199,721,0.276,150884
bnwiki,hiwiki,2026-06-23,15,16889330,१६वीं_लोक_सभा_के_सदस्य,413,163,576,0.283,136881
bnwiki,hiwiki,2026-06-23,16,6944392,भारतीय_राजनीति,89,314,403,0.7792,125118
bnwiki,hiwiki,2026-06-23,17,8620267,राज्यसभा_सदस्य,265,294,559,0.5259,124781
bnwiki,hiwiki,2026-06-23,18,60797153,Films_scored_by_Raju_Singh,3,0,3,0.0,118851
bnwiki,hiwiki,2026-06-23,19,6994462,भारत_के_लोग,230,2888,3118,0.9262,115784
bnwiki,hiwiki,2026-06-23,20,7142652,हिन्दी,391,102,493,0.2069,115778
bnwiki,hiwiki,2026-06-23,21,7146502,राजस्थान,174,207,381,0.5433,113701
bnwiki,hiwiki,2026-06-23,22,9057471,उत्तर_प्रदेश_के_नगर,604,93,697,0.1334,113435
bnwiki,hiwiki,2026-06-23,23,32950644,Hindi-language_Indian_writers,156,108,264,0.4091,112409
bnwiki,hiwiki,2026-06-23,24,25353354,भारतीय_एक्शन_ड्रामा_फ़िल्में,235,168,403,0.4169,111327
bnwiki,hiwiki,2026-06-23,25,1457673,भूगोल,546,2364,2910,0.8124,110625
bnwiki,hiwiki,2026-06-23,26,6834346,भारतीय_लेखक,254,823,1077,0.7642,110063
bnwiki,hiwiki,2026-06-23,27,8619678,लोक_सभा_सदस्य,157,334,491,0.6802,108847
bnwiki,hiwiki,2026-06-23,28,8453534,Films_directed_by_David_Dhawan,35,9,44,0.2045,103335
bnwiki,hiwiki,2026-06-23,29,9705320,Endrika_ampiasaina_amin'ny_jeografia,626,1956,2582,0.7576,102885
bnwiki,hiwiki,2026-06-23,30,7705629,Populated_places_in_Uttar_Pradesh,519,61,580,0.1052,102763
bnwiki,hiwiki,2026-06-23,31,7229535,पद्म_भूषण_सम्मान_प्राप्तकर्ता,380,447,827,0.5405,99333
bnwiki,hiwiki,2026-06-23,32,7030643,भारतीय_हिन्दू,109,638,747,0.8541,99318
bnwiki,hiwiki,2026-06-23,33,8514320,हिन्दी_अभिनेता,225,367,592,0.6199,99295
bnwiki,hiwiki,2026-06-23,34,7376253,Government_ministers_of_India,85,100,185,0.5405,98573
bnwiki,hiwiki,2026-06-23,35,90838429,हिंदी_भाषा_की_फिल्में,3,1,4,0.25,97566
bnwiki,hiwiki,2026-06-23,36,1983910,हिन्दू_धर्म,143,2270,2413,0.9407,96070
bnwiki,hiwiki,2026-06-23,37,7006468,भारतीय_सम्राट,166,294,460,0.6391,93244
bnwiki,hiwiki,2026-06-23,38,8619040,भारत_सरकार_के_मंत्री,145,103,248,0.4153,91629
bnwiki,hiwiki,2026-06-23,39,7214658,भारत_के_नगर,383,1579,1962,0.8048,90527
bnwiki,hiwiki,2026-06-23,40,24996335,Indian_male_poets,296,258,554,0.4657,88735
bnwiki,hiwiki,2026-06-23,41,9714104,Fering_Artiikel,407,1061,1468,0.7228,88587
bnwiki,hiwiki,2026-06-23,42,8519075,राजस्थान_का_इतिहास,140,56,196,0.2857,88430
bnwiki,hiwiki,2026-06-23,43,25351284,कायमचे_मृत_बाह्य_दुवे_असणारे_लेख,182,1093,1275,0.8573,88374
bnwiki,hiwiki,2026-06-23,44,8545259,भारतीय_स्वतन्त्रता_संग्राम,119,368,487,0.7556,88048
bnwiki,hiwiki,2026-06-23,45,8514418,हिन्दू_तीर्थ_स्थल,67,157,224,0.7009,87765
bnwiki,hiwiki,2026-06-23,46,7519265,Films_set_in_Mumbai,188,223,411,0.5426,87163
bnwiki,hiwiki,2026-06-23,47,8703545,संस्कृत,149,312,461,0.6768,86497
bnwiki,hiwiki,2026-06-23,48,15120845,Films_shot_in_Mumbai,200,331,531,0.6234,85825
bnwiki,hiwiki,2026-06-23,49,8545835,भारतीय_टेलीविजन_धारावाहिक,1066,106,1172,0.0904,85724
bnwiki,hiwiki,2026-06-23,50,8243553,उत्तर_प्रदेश_के_नेता,139,114,253,0.4506,81252
bnwiki,tawiki,2026-06-23,1,125498801,இந்தியத்_தமிழ்த்_திரைப்படங்கள்,5387,254,5641,0.045,435340
bnwiki,tawiki,2026-06-23,2,8828978,தமிழ்த்_திரைப்படங்கள்,1973,272,2245,0.1212,238881
bnwiki,tawiki,2026-06-23,3,15271863,தமிழ்த்_திரைப்பட_நடிகர்கள்,727,169,896,0.1886,148706
bnwiki,tawiki,2026-06-23,4,7146096,தமிழ்நாடு,277,215,492,0.437,101048
bnwiki,tawiki,2026-06-23,5,8829239,தமிழ்த்_திரைப்பட_இயக்குநர்கள்,418,65,483,0.1346,92027
bnwiki,tawiki,2026-06-23,6,8773403,தமிழக_அரசியல்,323,20,343,0.0583,85796
bnwiki,tawiki,2026-06-23,7,15208831,தமிழ்_நடிகர்கள்,232,64,296,0.2162,85089
bnwiki,tawiki,2026-06-23,8,8544606,இந்தியத்_தமிழர்,157,67,224,0.2991,82494
bnwiki,tawiki,2026-06-23,9,16816615,இளையராஜா_இசையமைத்த_திரைப்படங்கள்,645,31,676,0.0459,81008
bnwiki,tawiki,2026-06-23,10,6375729,தமிழ்_இலக்கியம்,211,53,264,0.2008,80963
bnwiki,tawiki,2026-06-23,11,8829132,தமிழக_அரசியல்வாதிகள்,287,119,406,0.2931,80897
bnwiki,tawiki,2026-06-23,12,8389687,திராவிட_முன்னேற்றக்_கழக_அரசியல்வாதிகள்,577,117,694,0.1686,72063
bnwiki,tawiki,2026-06-23,13,16790110,தமிழ்நாட்டு_நடிகர்கள்,164,12,176,0.0682,70487
bnwiki,tawiki,2026-06-23,14,32910244,தேவாரம்_பாடல்_பெற்ற_சிவன்_கோயில்கள்,277,15,292,0.0514,69069
bnwiki,tawiki,2026-06-23,15,45360258,Populated_places_in_Tamil_Nadu,838,115,953,0.1207,68504
bnwiki,tawiki,2026-06-23,16,16806549,மறு_ஆக்கம்_செய்யப்பட்ட_தமிழ்த்_திரைப்படங்கள்,476,58,534,0.1086,68413
bnwiki,tawiki,2026-06-23,17,7234405,தமிழ்நாட்டினர்,152,168,320,0.525,68131
bnwiki,tawiki,2026-06-23,18,1411417,இந்தியா,817,6764,7581,0.8922,65767
bnwiki,tawiki,2026-06-23,19,8829471,தமிழ்க்_கவிஞர்கள்,186,20,206,0.0971,64160
bnwiki,tawiki,2026-06-23,20,10082887,பாடல்_பெற்ற_தலங்கள்,261,14,275,0.0509,63897
bnwiki,tawiki,2026-06-23,21,7705588,தமிழ்நாடு_மாநிலத்திலுள்ள_ஊர்களும்_நகரங்களும்,763,193,956,0.2019,63623
bnwiki,tawiki,2026-06-23,22,25220062,தமிழக_எழுத்தாளர்கள்,771,17,788,0.0216,61983
bnwiki,tawiki,2026-06-23,23,7021473,தமிழக_அரசு_திரைப்பட_விருது_வெற்றியாளர்கள்,105,131,236,0.5551,60720
bnwiki,tawiki,2026-06-23,24,19549556,தென்னிந்திய_பிலிம்பேர்_விருதுகளை_வென்றவர்கள்,203,279,482,0.5788,58385
bnwiki,tawiki,2026-06-23,25,8829498,"தமிழ்த்_திரைப்படக்_கதை,_திரைக்கதை,_வசன_எழுத்தாளர்கள்",166,29,195,0.1487,57567
bnwiki,tawiki,2026-06-23,26,30617233,தமிழ்நாட்டுத்_திரைப்பட_இயக்குநர்கள்,148,14,162,0.0864,55789
bnwiki,tawiki,2026-06-23,27,139672559,17_ஆவது_தமிழ்நாடு_சட்டமன்ற_உறுப்பினர்கள்,61,6,67,0.0896,54599
bnwiki,tawiki,2026-06-23,28,7711756,அறிமுக_இயக்குநர்_திரைப்படங்கள்,405,280,685,0.4088,54238
bnwiki,tawiki,2026-06-23,29,28461189,Films_shot_in_Chennai,391,92,483,0.1905,53966
bnwiki,tawiki,2026-06-23,30,8955996,தமிழர்,129,141,270,0.5222,53671
bnwiki,tawiki,2026-06-23,31,8637627,கலைமாமணி_விருது_பெற்றவர்கள்,215,109,324,0.3364,53277
bnwiki,tawiki,2026-06-23,32,8235571,அனைத்திந்திய_அண்ணா_திராவிட_முன்னேற்றக்_கழக_அரசியல்வாதிகள்,590,122,712,0.1713,49653
bnwiki,tawiki,2026-06-23,33,7030483,இந்திய_அரசியல்வாதிகள்,667,1208,1875,0.6443,49510
bnwiki,tawiki,2026-06-23,34,9136489,Tamile,84,62,146,0.4247,48557
bnwiki,tawiki,2026-06-23,35,32910847,நாட்டுடைமை_நூல்களின்_ஆசிரியர்கள்,169,8,177,0.0452,48479
bnwiki,tawiki,2026-06-23,36,8829016,Tamil-language_writers,144,20,164,0.122,47904
bnwiki,tawiki,2026-06-23,37,86524968,తమిళనాడు_వ్యక్తులు,209,45,254,0.1772,47856
bnwiki,tawiki,2026-06-23,38,43135097,தமிழ்நாட்டுத்_திரைக்கதை_எழுத்தாளர்கள்,99,14,113,0.1239,47767
bnwiki,tawiki,2026-06-23,39,15271862,மலையாளத்_திரைப்பட_நடிகர்கள்,228,89,317,0.2808,47575
bnwiki,tawiki,2026-06-23,40,61379777,2018_தமிழ்த்_திரைப்படங்கள்,112,11,123,0.0894,47376
bnwiki,tawiki,2026-06-23,41,106748938,16_ஆவது_தமிழ்நாடு_சட்டமன்ற_உறுப்பினர்கள்,202,48,250,0.192,46955
bnwiki,tawiki,2026-06-23,42,10134118,விக்கிப்படுத்தப்பட_வேண்டிய_கட்டுரைகள்,481,151,632,0.2389,46756
bnwiki,tawiki,2026-06-23,43,139677674,தமிழக_வெற்றிக்_கழக_அரசியல்வாதிகள்,37,1,38,0.0263,46452
bnwiki,tawiki,2026-06-23,44,7479561,தமிழ்நாட்டு_இந்துக்_கோயில்கள்,162,20,182,0.1099,46294
bnwiki,tawiki,2026-06-23,45,15354487,தேனி_மாவட்ட_மக்கள்,56,11,67,0.1642,45199
bnwiki,tawiki,2026-06-23,46,6301201,21-ஆம்_நூற்றாண்டு_இந்திய_அரசியல்வாதிகள்,676,747,1423,0.5249,44074
bnwiki,tawiki,2026-06-23,47,9814450,తమిళ_సినిమా_నటులు,167,62,229,0.2707,43918
bnwiki,tawiki,2026-06-23,48,8545257,தமிழ்நாட்டு_இந்திய_விடுதலைப்_போராட்ட_வீரர்கள்,146,15,161,0.0932,43741
bnwiki,tawiki,2026-06-23,49,28399484,தமிழகக்_கவிஞர்கள்,164,12,176,0.0682,43256
bnwiki,tawiki,2026-06-23,50,8829463,தமிழ்த்_திரைப்படப்_பின்னணிப்_பாடகர்கள்,197,131,328,0.3994,43234
bnwiki,tewiki,2026-06-23,1,1411417,India,1672,6764,8436,0.8018,91144
bnwiki,tewiki,2026-06-23,2,8838370,తెలుగు_సినిమా_నటులు,581,128,709,0.1805,77493
bnwiki,tewiki,2026-06-23,3,8838328,తెలుగు_సినిమాలు,637,180,817,0.2203,76989
bnwiki,tewiki,2026-06-23,4,8838402,తెలుగువారు,548,232,780,0.2974,76332
bnwiki,tewiki,2026-06-23,5,7238283,ఆంధ్రప్రదేశ్,2924,134,3058,0.0438,71802
bnwiki,tewiki,2026-06-23,6,15271864,Male_actors_in_Telugu_cinema,437,176,613,0.2871,70110
bnwiki,tewiki,2026-06-23,7,15264151,Indian_male_film_actors,764,742,1506,0.4927,63177
bnwiki,tewiki,2026-06-23,8,15280486,Nandi_Award_winners,227,131,358,0.3659,63079
bnwiki,tewiki,2026-06-23,9,8838381,తెలుగు_సినిమా_దర్శకులు,389,60,449,0.1336,55824
bnwiki,tewiki,2026-06-23,10,19549556,Filmfare_Awards_South_winners,256,279,535,0.5215,51598
bnwiki,tewiki,2026-06-23,11,15271863,Male_actors_in_Tamil_cinema,450,169,619,0.273,51580
bnwiki,tewiki,2026-06-23,12,8838408,Telugu_politicians,503,49,552,0.0888,48710
bnwiki,tewiki,2026-06-23,13,16808056,Telugu_male_actors,261,69,330,0.2091,46144
bnwiki,tewiki,2026-06-23,14,9916522,తెలుగు_సినిమా_నటీమణులు,469,775,1244,0.623,44577
bnwiki,tewiki,2026-06-23,15,15136953,21st-century_Indian_male_actors,581,563,1144,0.4921,42663
bnwiki,tewiki,2026-06-23,16,8838360,తెలుగుదేశం_పార్టీ_రాజకీయ_నాయకులు,418,59,477,0.1237,41275
bnwiki,tewiki,2026-06-23,17,8838415,తెలుగు_కవులు,733,22,755,0.0291,40669
bnwiki,tewiki,2026-06-23,18,32990022,బ్రహ్మానందం_నటించిన_సినిమాలు,734,21,755,0.0278,39367
bnwiki,tewiki,2026-06-23,19,8545100,భారతీయ_సినిమా_నటీమణులు,891,1926,2817,0.6837,37644
bnwiki,tewiki,2026-06-23,20,19359093,"Films_shot_in_Hyderabad,_India",442,125,567,0.2205,36258
bnwiki,tewiki,2026-06-23,21,15136459,20th-century_Indian_male_actors,308,408,716,0.5698,36060
bnwiki,tewiki,2026-06-23,22,138797084,2026_తెలుగు_సినిమాలు,47,6,53,0.1132,34830
bnwiki,tewiki,2026-06-23,23,8544525,భారత_జాతీయ_కాంగ్రెస్_నాయకులు,946,677,1623,0.4171,34514
bnwiki,tewiki,2026-06-23,24,7116650,ఆంధ్రప్రదేశ్_వ్యక్తులు,253,127,380,0.3342,34267
bnwiki,tewiki,2026-06-23,25,8833948,తెలంగాణ,229,75,304,0.2467,34257
bnwiki,tewiki,2026-06-23,26,9898839,విస్తరించవలసిన_వ్యాసాలు,512,604,1116,0.5412,33186
bnwiki,tewiki,2026-06-23,27,8829234,తమిళ_సినిమా_నటీమణులు,459,848,1307,0.6488,33076
bnwiki,tewiki,2026-06-23,28,16808048,Telugu_films_remade_in_other_languages,377,21,398,0.0528,32723
bnwiki,tewiki,2026-06-23,29,32990197,సత్యనారాయణ_నటించిన_సినిమాలు,508,2,510,0.0039,29504
bnwiki,tewiki,2026-06-23,30,7089019,భారతదేశ_గ్రామాలు,1811,295,2106,0.1401,29315
bnwiki,tewiki,2026-06-23,31,9821166,తెలుగు_రచయితలు,848,7,855,0.0082,28910
bnwiki,tewiki,2026-06-23,32,32990031,చంద్రమోహన్_నటించిన_సినిమాలు,521,7,528,0.0133,28900
bnwiki,tewiki,2026-06-23,33,16789570,Male_actors_from_Andhra_Pradesh,155,42,197,0.2132,28667
bnwiki,tewiki,2026-06-23,34,32986647,తెలుగు_కుటుంబకథా_సినిమాలు,552,16,568,0.0282,27610
bnwiki,tewiki,2026-06-23,35,30617238,Film_directors_from_Andhra_Pradesh,158,25,183,0.1366,27504
bnwiki,tewiki,2026-06-23,36,7229306,Cities_and_towns_in_Andhra_Pradesh,311,36,347,0.1037,27398
bnwiki,tewiki,2026-06-23,37,15136951,21వ_శతాబ్దపు_భారతీయ_నటీమణులు,667,1703,2370,0.7186,27085
bnwiki,tewiki,2026-06-23,38,8596009,సంవత్సరం_వారీగా_తెలుగు_సినిమాల_జాబితాలు,100,0,100,0.0,26844
bnwiki,tewiki,2026-06-23,39,125498801,Tamil-language_Indian_films,600,254,854,0.2974,26702
bnwiki,tewiki,2026-06-23,40,8838407,Telugu_poets,135,9,144,0.0625,26641
bnwiki,tewiki,2026-06-23,41,9822824,తెలుగు_సినిమా_నిర్మాతలు,212,17,229,0.0742,26399
bnwiki,tewiki,2026-06-23,42,16808042,Telugu_film_producers,146,44,190,0.2316,26376
bnwiki,tewiki,2026-06-23,43,10121140,Populated_places_in_Andhra_Pradesh,326,32,358,0.0894,26118
bnwiki,tewiki,2026-06-23,44,9822362,తెలుగు_సినిమా,85,34,119,0.2857,24659
bnwiki,tewiki,2026-06-23,45,15271862,Male_actors_in_Malayalam_cinema,247,89,336,0.2649,24578
bnwiki,tewiki,2026-06-23,46,32985146,హిందూ_దేవాలయాలు,449,100,549,0.1821,24460
bnwiki,tewiki,2026-06-23,47,30793434,South_Indian_International_Movie_Awards_winners,90,169,259,0.6525,24280
bnwiki,tewiki,2026-06-23,48,9747012,తెలుగు_కళాకారులు,189,35,224,0.1562,24212
bnwiki,tewiki,2026-06-23,49,32990106,అల్లు_రామలింగయ్య_నటించిన_సినిమాలు,411,2,413,0.0048,24163
bnwiki,tewiki,2026-06-23,50,9914779,హిందూమత_మూసలు,90,114,204,0.5588,24113
bnwiki,mlwiki,2026-06-23,1,8601100,മലയാളം_എഴുത്തുകാർ,426,42,468,0.0897,118139
bnwiki,mlwiki,2026-06-23,2,8601086,മലയാളകവികൾ,252,21,273,0.0769,98828
bnwiki,mlwiki,2026-06-23,3,28399465,Poets_from_Kerala,125,21,146,0.1438,77413
bnwiki,mlwiki,2026-06-23,4,7051430,മലയാളികൾ,501,218,719,0.3032,71594
bnwiki,mlwiki,2026-06-23,5,8637632,കേരള_സാഹിത്യ_അക്കാദമി_പുരസ്കാരം_ലഭിച്ചവർ,328,22,350,0.0629,71584
bnwiki,mlwiki,2026-06-23,6,15271862,മലയാളചലച്ചിത്രനടന്മാർ,427,89,516,0.1725,56691
bnwiki,mlwiki,2026-06-23,7,8891990,ഔഷധസസ്യങ്ങൾ,901,686,1587,0.4323,52537
bnwiki,mlwiki,2026-06-23,8,6262773,കേരളം,313,209,522,0.4004,52453
bnwiki,mlwiki,2026-06-23,9,14513212,കേരളത്തിലെ_സസ്യജാലം,884,375,1259,0.2979,51976
bnwiki,mlwiki,2026-06-23,10,1457109,സസ്യങ്ങൾ,910,927,1837,0.5046,47685
bnwiki,mlwiki,2026-06-23,11,8954432,Writers_from_Kerala,181,32,213,0.1502,46067
bnwiki,mlwiki,2026-06-23,12,7116687,കേരളീയർ,188,195,383,0.5091,44519
bnwiki,mlwiki,2026-06-23,13,7021413,Kerala_State_Film_Award_winners,177,114,291,0.3918,44036
bnwiki,mlwiki,2026-06-23,14,10022040,मलयालम_साहित्यकार,25,11,36,0.3056,42292
bnwiki,mlwiki,2026-06-23,15,8638955,കേന്ദ്ര_സാഹിത്യ_അക്കാദമി_പുരസ്കാരം_ലഭിച്ച_മലയാളികൾ,73,14,87,0.1609,42246
bnwiki,mlwiki,2026-06-23,16,10101436,മലയാളം_നോവലെഴുത്തുകാർ,155,14,169,0.0828,39331
bnwiki,mlwiki,2026-06-23,17,10011866,भारतीय_साहित्यकार,27,15,42,0.3571,39079
bnwiki,mlwiki,2026-06-23,18,8601011,മലയാളചലച്ചിത്രങ്ങൾ,817,61,878,0.0695,36737
bnwiki,mlwiki,2026-06-23,19,8725723,ആലപ്പുഴ_ജില്ലയിൽ_ജനിച്ചവർ,164,27,191,0.1414,36499
bnwiki,mlwiki,2026-06-23,20,8601048,Malayalam_film_directors,248,27,275,0.0982,35799
bnwiki,mlwiki,2026-06-23,21,8601060,മലയാളം,62,14,76,0.1842,35123
bnwiki,mlwiki,2026-06-23,22,6641172,വൃക്ഷങ്ങൾ,661,408,1069,0.3817,34521
bnwiki,mlwiki,2026-06-23,23,10099449,മലയാള_കഥാകൃത്തുക്കൾ,141,10,151,0.0662,34058
bnwiki,mlwiki,2026-06-23,24,8324919,കേരളചരിത്രം,262,50,312,0.1603,33898
bnwiki,mlwiki,2026-06-23,25,9938067,കവിതക്കുള്ള_കേരള_സാഹിത്യ_അക്കാദമി_പുരസ്കാരം_ലഭിച്ചവർ,56,6,62,0.0968,33520
bnwiki,mlwiki,2026-06-23,26,32986849,కేరళ_వ్యక్తులు,123,40,163,0.2454,32982
bnwiki,mlwiki,2026-06-23,27,8601112,രാഷ്ട്രീയക്കാരായ_മലയാളികൾ,233,27,260,0.1038,32345
bnwiki,mlwiki,2026-06-23,28,43193677,Novelists_from_Kerala,124,18,142,0.1268,31924
bnwiki,mlwiki,2026-06-23,29,6178282,പുഷ്പിക്കുന്ന_സസ്യങ്ങൾ,882,277,1159,0.239,30058
bnwiki,mlwiki,2026-06-23,30,8544526,കേരളത്തിലെ_ഇന്ത്യൻ_നാഷണൽ_കോൺഗ്രസ്_പ്രവർത്തകർ,309,35,344,0.1017,29354
bnwiki,mlwiki,2026-06-23,31,15291341,മലപ്പുറം_ജില്ലയിൽ_ജനിച്ചവർ,147,26,173,0.1503,29178
bnwiki,mlwiki,2026-06-23,32,15918083,കാൾ_ലിനേയസ്_നാമകരണം_ചെയ്തവ,483,767,1250,0.6136,27504
bnwiki,mlwiki,2026-06-23,33,8601095,മലയാള_ചെറുകഥാകൃത്തുക്കൾ,90,7,97,0.0722,27198
bnwiki,mlwiki,2026-06-23,34,18603283,Morts_a_Kerala,53,22,75,0.2933,27134
bnwiki,mlwiki,2026-06-23,35,8601088,മലയാളതിരക്കഥാകൃത്തുക്കൾ,181,16,197,0.0812,26619
bnwiki,mlwiki,2026-06-23,36,10135401,വയലാർ_പുരസ്കാരം_ലഭിച്ചവർ,32,8,40,0.2,26412
bnwiki,mlwiki,2026-06-23,37,8733425,എറണാകുളം_ജില്ലയിൽ_ജനിച്ചവർ,146,30,176,0.1705,25958
bnwiki,mlwiki,2026-06-23,38,8601080,മലയാളം_നോവലുകൾ,155,0,155,0.0,25175
bnwiki,mlwiki,2026-06-23,39,8572908,കേരളത്തിലെ_രാഷ്ട്രീയപ്രവർത്തകർ,167,44,211,0.2085,25091
bnwiki,mlwiki,2026-06-23,40,5610882,«نوع»_میکروفورماتلاری_اولان_مقاله‌لر,274,776,1050,0.739,24958
bnwiki,mlwiki,2026-06-23,41,9963711,കേരളത്തിലെ_വൃക്ഷങ്ങൾ,540,129,669,0.1928,24621
bnwiki,mlwiki,2026-06-23,42,24893163,Male_actors_in_Malayalam_television,95,4,99,0.0404,24613
bnwiki,mlwiki,2026-06-23,43,21979429,Botanical_taxa_named_by_Carl_Linnaeus,368,389,757,0.5139,24599
bnwiki,mlwiki,2026-06-23,44,25039335,Lists_of_plant_species,575,368,943,0.3902,24557
bnwiki,mlwiki,2026-06-23,45,9925787,ഓടക്കുഴൽ_പുരസ്കാരജേതാക്കൾ,33,10,43,0.2326,24459
bnwiki,mlwiki,2026-06-23,46,7089019,ഇന്ത്യയിലെ_ഗ്രാമങ്ങൾ,826,295,1121,0.2632,23567
bnwiki,mlwiki,2026-06-23,47,4678533,Əlifba_sırasına_görə_heyvanlar,784,1511,2295,0.6584,23296
bnwiki,mlwiki,2026-06-23,48,15271672,Male_actors_from_Kerala,81,15,96,0.1562,23098
bnwiki,mlwiki,2026-06-23,49,139672698,പതിനാറാം_കേരള_നിയമസഭാംഗങ്ങൾ,99,22,121,0.1818,22967
bnwiki,mlwiki,2026-06-23,50,8739075,കോട്ടയം_ജില്ലയിൽ_ജനിച്ചവർ,128,20,148,0.1351,22820
bnwiki,mrwiki,2026-06-23,1,25351284,कायमचे_मृत_बाह्य_दुवे_असणारे_लेख,1841,1093,2934,0.3725,138459
bnwiki,mrwiki,2026-06-23,2,8607868,मराठी_व्यक्ती,374,276,650,0.4246,92282
bnwiki,mrwiki,2026-06-23,3,8607853,मराठी_लेखक,1130,70,1200,0.0583,83441
bnwiki,mrwiki,2026-06-23,4,7238246,महाराष्ट्र,330,277,607,0.4563,83381
bnwiki,mrwiki,2026-06-23,5,7234470,महाराष्ट्रातील_व्यक्ती,351,391,742,0.527,77246
bnwiki,mrwiki,2026-06-23,6,8595825,महाराष्ट्रामधील_राजकारणी,413,170,583,0.2916,66702
bnwiki,mrwiki,2026-06-23,7,7476999,मराठा_साम्राज्य,145,58,203,0.2857,62265
bnwiki,mrwiki,2026-06-23,8,10007867,मराठी_राजकारणी,313,164,477,0.3438,47009
bnwiki,mrwiki,2026-06-23,9,59771339,एक_ही_संदर्भ_नसलेले_लेख,650,228,878,0.2597,43960
bnwiki,mrwiki,2026-06-23,10,7030483,भारतीय_राजकारणी,751,1208,1959,0.6166,41337
bnwiki,mrwiki,2026-06-23,11,8607871,मराठी_कवी,240,26,266,0.0977,38137
bnwiki,mrwiki,2026-06-23,12,7705378,महाराष्ट्र_राज्यातील_शहरे_व_गावे,1671,118,1789,0.066,33685
bnwiki,mrwiki,2026-06-23,13,8518612,महाराष्ट्राचा_इतिहास,101,79,180,0.4389,32394
bnwiki,mrwiki,2026-06-23,14,8739664,शिवाजी_महाराज,31,12,43,0.2791,31317
bnwiki,mrwiki,2026-06-23,15,10009098,मराठी_संत,52,14,66,0.2121,27363
bnwiki,mrwiki,2026-06-23,16,8468896,महाराष्ट्रातील_किल्ले,277,4,281,0.0142,26390
bnwiki,mrwiki,2026-06-23,17,8808054,पुणे_जिल्हा,111,39,150,0.26,25471
bnwiki,mrwiki,2026-06-23,18,15272044,मराठी_दूरचित्रवाहिनी_मालिका,229,5,234,0.0214,25048
bnwiki,mrwiki,2026-06-23,19,15270147,महाराष्ट्रातील_लोकसभा_सदस्य,187,58,245,0.2367,24504
bnwiki,mrwiki,2026-06-23,20,7336700,पुणे,255,37,292,0.1267,23895
bnwiki,mrwiki,2026-06-23,21,9846108,ऐतिहासिक_व्यक्ती,45,25,70,0.3571,23448
bnwiki,mrwiki,2026-06-23,22,8271769,महाराष्ट्रामधील_विधानसभा_मतदारसंघ,290,0,290,0.0,23353
bnwiki,mrwiki,2026-06-23,23,10009264,मराठी_समाजसुधारक,25,11,36,0.3056,22281
bnwiki,mrwiki,2026-06-23,24,10045628,विकिकरण_करण्याजोगे_लेख,305,131,436,0.3005,21922
bnwiki,mrwiki,2026-06-23,25,10013031,महाराष्ट्रातील_आमदार,224,53,277,0.1913,21880
bnwiki,mrwiki,2026-06-23,26,9860934,किल्ले,260,10,270,0.037,21677
bnwiki,mrwiki,2026-06-23,27,8828704,महाराष्ट्रातील_तालुके,318,146,464,0.3147,20842
bnwiki,mrwiki,2026-06-23,28,86271658,महाराष्ट्राच्या_१४_व्या_विधानसभेचे_सदस्य,208,58,266,0.218,20735
bnwiki,mrwiki,2026-06-23,29,8772931,महाराष्ट्रातील_राजकारण,178,11,189,0.0582,20032
bnwiki,mrwiki,2026-06-23,30,8757006,People_from_the_Maratha_Empire,48,14,62,0.2258,19994
bnwiki,mrwiki,2026-06-23,31,8480318,Gambling_in_India,1,0,1,0.0,19603
bnwiki,mrwiki,2026-06-23,32,105697862,झी_मराठी_दूरचित्रवाहिनी_मालिका,144,0,144,0.0,19537
bnwiki,mrwiki,2026-06-23,33,8739657,शिवसेनेतील_राजकारणी,122,56,178,0.3146,18849
bnwiki,mrwiki,2026-06-23,34,9761993,हिंदू_पंचांग,394,79,473,0.167,18096
bnwiki,mrwiki,2026-06-23,35,8284798,डॉ._बाबासाहेब_आंबेडकर,105,40,145,0.2759,17671
bnwiki,mrwiki,2026-06-23,36,7479555,महाराष्ट्रातील_हिंदू_मंदिरे,55,17,72,0.2361,17658
bnwiki,mrwiki,2026-06-23,37,8496382,महाराष्ट्र_शासन,54,11,65,0.1692,17521
bnwiki,mrwiki,2026-06-23,38,8607866,मराठी_साहित्य,87,12,99,0.1212,17481
bnwiki,mrwiki,2026-06-23,39,10071670,सैनिकी_पेशातील_मराठी_व्यक्ती,35,6,41,0.1463,17009
bnwiki,mrwiki,2026-06-23,40,55941087,Presidents_of_the_Akhil_Bharatiya_Marathi_Sahitya_Sammelan,71,8,79,0.1013,16606
bnwiki,mrwiki,2026-06-23,41,10007875,मराठी_राजे,7,4,11,0.3636,16553
bnwiki,mrwiki,2026-06-23,42,10047639,विकिप्रकल्प_दिनविशेष,1,1,2,0.5,16375
bnwiki,mrwiki,2026-06-23,43,8705445,Satyashodhak_Samaj,7,1,8,0.125,16025
bnwiki,mrwiki,2026-06-23,44,86272334,महाराष्ट्राच्या_१२_व्या_विधानसभेचे_सदस्य,114,15,129,0.1163,15973
bnwiki,mrwiki,2026-06-23,45,61377276,महाराष्ट्राच्या_१३_व्या_विधानसभेचे_सदस्य,114,37,151,0.245,15891
bnwiki,mrwiki,2026-06-23,46,9893712,छत्रपती,13,2,15,0.1333,15773
bnwiki,mrwiki,2026-06-23,47,131354728,महाराष्ट्राच्या_१५_व्या_विधानसभेचे_सदस्य,152,43,195,0.2205,15771
bnwiki,mrwiki,2026-06-23,48,9714104,Fering_Artiikel,498,1061,1559,0.6806,15577
bnwiki,mrwiki,2026-06-23,49,10005075,मराठी_चित्रपट_अभिनेते,234,30,264,0.1136,15350
bnwiki,mrwiki,2026-06-23,50,10000237,भोसले_घराणे,11,6,17,0.3529,15132
bnwiki,knwiki,2026-06-23,1,8570349,ಕನ್ನಡ_ಸಾಹಿತ್ಯ,582,44,626,0.0703,70734
bnwiki,knwiki,2026-06-23,2,8570357,ಕನ್ನಡ_ಸಾಹಿತಿಗಳು,212,37,249,0.1486,66781
bnwiki,knwiki,2026-06-23,3,9844264,ಸಾಹಿತಿಗಳು,769,89,858,0.1037,65906
bnwiki,knwiki,2026-06-23,4,8570356,ಕನ್ನಡ_ಕವಿಗಳು,112,55,167,0.3293,63234
bnwiki,knwiki,2026-06-23,5,7145985,ಕರ್ನಾಟಕ,232,272,504,0.5397,50680
bnwiki,knwiki,2026-06-23,6,33044957,ಮೈಸೂರು_ವಿಶ್ವವಿದ್ಯಾನಿಲಯ_ವಿಶ್ವಕೋಶ,1884,1327,3211,0.4133,50478
bnwiki,knwiki,2026-06-23,7,8638952,Recipients_of_the_Sahitya_Akademi_Award_in_Kannada,54,8,62,0.129,35795
bnwiki,knwiki,2026-06-23,8,9727294,ಕಡತ_ಕೊಂಡಿಗಳು_ಮುರಿದಿರುವ_ಪುಟಗಳು,697,877,1574,0.5572,34082
bnwiki,knwiki,2026-06-23,9,8518422,ಕರ್ನಾಟಕದ_ಇತಿಹಾಸ,128,143,271,0.5277,33984
bnwiki,knwiki,2026-06-23,10,8570352,Kannada_people,134,77,211,0.3649,32856
bnwiki,knwiki,2026-06-23,11,28399467,Poets_from_Karnataka,46,25,71,0.3521,27471
bnwiki,knwiki,2026-06-23,12,9744792,ಕೇಂದ್ರ_ಸಾಹಿತ್ಯ_ಅಕಾಡೆಮಿ_ಪ್ರಶಸ್ತಿ_ಪುರಸ್ಕೃತರು,54,13,67,0.194,24678
bnwiki,knwiki,2026-06-23,13,9760560,ಚುಟುಕು,1024,480,1504,0.3191,24600
bnwiki,knwiki,2026-06-23,14,7116201,People_from_Karnataka,111,182,293,0.6212,24347
bnwiki,knwiki,2026-06-23,15,8204202,ಕರ್ನಾಟಕ_ರಾಜ್ಯದ_ಗ್ರಾಮಗಳು,98,45,143,0.3147,24038
bnwiki,knwiki,2026-06-23,16,33044714,ಪಂಪ_ಪ್ರಶಸ್ತಿ_ಪುರಸ್ಕೃತರು,24,1,25,0.04,23953
bnwiki,knwiki,2026-06-23,17,8570347,ಕನ್ನಡ,92,20,112,0.1786,21144
bnwiki,knwiki,2026-06-23,18,33097446,ವ್ಯಕ್ತಿಲು,66,106,172,0.6163,20966
bnwiki,knwiki,2026-06-23,19,33097364,ಕನ್ನಡ_ಕವಿ,10,2,12,0.1667,19605
bnwiki,knwiki,2026-06-23,20,9740956,ಕವಿಗಳು,200,107,307,0.3485,18771
bnwiki,knwiki,2026-06-23,21,8570330,ಕನ್ನಡ_ಚಲನಚಿತ್ರಗಳು,867,29,896,0.0324,18476
bnwiki,knwiki,2026-06-23,22,8156046,Waterfalls_of_Karnataka,33,29,62,0.4677,17562
bnwiki,knwiki,2026-06-23,23,9854038,कन्नड_साहित्यिक,8,5,13,0.3846,16328
bnwiki,knwiki,2026-06-23,24,33045230,ಉಲ್ಲೇಖವಿಲ್ಲದ_ಲೇಖನಗಳು,291,105,396,0.2652,15109
bnwiki,knwiki,2026-06-23,25,32985461,కన్నడ_రచయితలు,17,2,19,0.1053,15068
bnwiki,knwiki,2026-06-23,26,9824273,ಲೇಖಕರು,231,57,288,0.1979,14700
bnwiki,knwiki,2026-06-23,27,9731652,ಕನ್ನಡ_ವ್ಯಾಕರಣ,56,10,66,0.1515,14402
bnwiki,knwiki,2026-06-23,28,10014169,ജ്ഞാനപീഠം_നേടിയ_കന്നഡ_സാഹിത്യകാരന്മാർ,5,1,6,0.1667,14265
bnwiki,knwiki,2026-06-23,29,8468865,Forts_in_Karnataka,32,45,77,0.5844,14120
bnwiki,knwiki,2026-06-23,30,7021484,ಜ್ಞಾನಪೀಠ_ಪ್ರಶಸ್ತಿ_ಪುರಸ್ಕೃತರು,38,31,69,0.4493,13654
bnwiki,knwiki,2026-06-23,31,8571051,Society_of_Karnataka,27,38,65,0.5846,13629
bnwiki,knwiki,2026-06-23,32,9832977,ವಿಕೀಕರಣ_ಮಾಡಬೇಕಿರುವ_ಲೇಖನಗಳು,295,109,404,0.2698,13164
bnwiki,knwiki,2026-06-23,33,9811667,జ్ఞానపీఠ_అవార్డు_గ్రహీతలు,31,25,56,0.4464,13159
bnwiki,knwiki,2026-06-23,34,16500099,وفيات_في_بنغالور,39,27,66,0.4091,12688
bnwiki,knwiki,2026-06-23,35,8359207,ಕರ್ನಾಟಕದ_ಮುಖ್ಯಮಂತ್ರಿಗಳು,21,4,25,0.16,12075
bnwiki,knwiki,2026-06-23,36,9824307,ಲೇಖಕಿಯರು,253,38,291,0.1306,11834
bnwiki,knwiki,2026-06-23,37,7258473,Tourism_in_Karnataka,79,50,129,0.3876,11660
bnwiki,knwiki,2026-06-23,38,33097365,ಕವಿ,8,3,11,0.2727,11388
bnwiki,knwiki,2026-06-23,39,15305593,"Maharaja's_College,_Mysore_alumni",14,4,18,0.2222,11049
bnwiki,knwiki,2026-06-23,40,49797067,Novelists_from_Karnataka,27,15,42,0.3571,10792
bnwiki,knwiki,2026-06-23,41,8571048,ಕರ್ನಾಟಕ_ರಾಜಕಾರಣಿಗಳು,100,72,172,0.4186,10696
bnwiki,knwiki,2026-06-23,42,15292171,People_from_Shimoga_district,36,9,45,0.2,10592
bnwiki,knwiki,2026-06-23,43,7693477,University_of_Mysore_alumni,29,12,41,0.2927,10441
bnwiki,knwiki,2026-06-23,44,9782976,ನಾಡೋಜ_ಪ್ರಶಸ್ತಿ_ಪುರಸ್ಕೃತರು,21,1,22,0.0455,9849
bnwiki,knwiki,2026-06-23,45,8570344,ಕನ್ನಡ_ಚಲನಚಿತ್ರ_ನಿರ್ದೇಶಕರು,110,23,133,0.1729,9670
bnwiki,knwiki,2026-06-23,46,32985797,కన్నడ_కవులు,10,9,19,0.4737,9582
bnwiki,knwiki,2026-06-23,47,9821621,ರಾಜಕಾರಣಿಗಳು,169,102,271,0.3764,9349
bnwiki,knwiki,2026-06-23,48,33044729,ವ್ಯಾಕರಣ,30,8,38,0.2105,9232
bnwiki,knwiki,2026-06-23,49,33045176,ಲಿಂಗಾಯತ,38,8,46,0.1739,9208
bnwiki,knwiki,2026-06-23,50,86545211,కర్ణాటక_రచయితలు,8,5,13,0.3846,9163
bnwiki,urwiki,2026-06-23,1,1457673,جغرافیہ,50197,2364,52561,0.045,117825
bnwiki,urwiki,2026-06-23,2,1410960,ریاستہائے_متحدہ,41512,4801,46313,0.1037,82507
bnwiki,urwiki,2026-06-23,3,9705320,Endrika_ampiasaina_amin'ny_jeografia,19764,1956,21720,0.0901,58810
bnwiki,urwiki,2026-06-23,4,9126476,شہر,18138,1406,19544,0.0719,58516
bnwiki,urwiki,2026-06-23,5,23706330,Bu_dem_liwot,3529,1362,4891,0.2785,53736
bnwiki,urwiki,2026-06-23,6,7217395,صحابہ_و_صحابیات,520,430,950,0.4526,53139
bnwiki,urwiki,2026-06-23,7,33029934,Articol_in_Milanes,3794,5223,9017,0.5792,52534
bnwiki,urwiki,2026-06-23,8,1411712,ایران,47739,652,48391,0.0135,49383
bnwiki,urwiki,2026-06-23,9,18640871,ساتویں_صدی_کی_عرب_شخصیات,298,425,723,0.5878,42797
bnwiki,urwiki,2026-06-23,10,7935248,Алфавит_буйынса_ислам_шәхестәре,375,822,1197,0.6867,42084
bnwiki,urwiki,2026-06-23,11,6127538,ریاستہائے_متحدہ_کے_شہر,23448,234,23682,0.0099,39373
bnwiki,urwiki,2026-06-23,12,9220893,28_مئی_کی_وفیات,93,26,119,0.2185,37996
bnwiki,urwiki,2026-06-23,13,1457595,تاریخ,693,2249,2942,0.7644,36503
bnwiki,urwiki,2026-06-23,14,9228737,21_اپریل_کی_پیدائشیں,211,72,283,0.2544,35395
bnwiki,urwiki,2026-06-23,15,33047539,تجمع_سكان,29138,1215,30353,0.04,34339
bnwiki,urwiki,2026-06-23,16,9715949,Vikipedya:AY,332,510,842,0.6057,34182
bnwiki,urwiki,2026-06-23,17,9714104,Fering_Artiikel,3175,1061,4236,0.2505,34169
bnwiki,urwiki,2026-06-23,18,7130256,تاریخ_اسلام,237,1112,1349,0.8243,34016
bnwiki,urwiki,2026-06-23,19,7035269,Hahakeno_mihcaan_a_masofoc,1273,1112,2385,0.4662,33865
bnwiki,urwiki,2026-06-23,20,3919762,امریکی_شخصیات,18230,4245,22475,0.1889,33767
bnwiki,urwiki,2026-06-23,21,6819512,عرب_شخصیات,216,458,674,0.6795,33757
bnwiki,urwiki,2026-06-23,22,9219064,مدینہ_منورہ_میں_وفات_پانے_والی_شخصیات,223,136,359,0.3788,30873
bnwiki,urwiki,2026-06-23,23,7192108,Páginas_con_errores_en_secuencias_de_órdenes,1347,2537,3884,0.6532,30799
bnwiki,urwiki,2026-06-23,24,7237893,پاکستانی_مسلم_شخصیات,764,290,1054,0.2751,29781
bnwiki,urwiki,2026-06-23,25,9729671,Gesjreve_in_'t_Mestreechs,1002,1554,2556,0.608,29366
bnwiki,urwiki,2026-06-23,26,3919792,اداکار,16676,3947,20623,0.1914,29217
bnwiki,urwiki,2026-06-23,27,8602383,صحابہ,244,267,511,0.5225,28406
bnwiki,urwiki,2026-06-23,28,1455849,پاکستان,406,574,980,0.5857,28144
bnwiki,urwiki,2026-06-23,29,7116163,مدنی_شخصیات,114,152,266,0.5714,27666
bnwiki,urwiki,2026-06-23,30,9729231,Vikipedya:Artikolos_kon_grafia_ladina,772,632,1404,0.4501,27526
bnwiki,urwiki,2026-06-23,31,10015696,L_+1,8561,627,9188,0.0682,27143
bnwiki,urwiki,2026-06-23,32,10018031,Latinitas_+1_(bona),8561,627,9188,0.0682,27143
bnwiki,urwiki,2026-06-23,33,6434591,شیعیت,144,299,443,0.6749,27071
bnwiki,urwiki,2026-06-23,34,6946332,پنجابی_شخصیات,1092,971,2063,0.4707,26733
bnwiki,urwiki,2026-06-23,35,32589508,ويکيډاټا_سرچينې_لرونکي_مخونه,724,1622,2346,0.6914,26686
bnwiki,urwiki,2026-06-23,36,10094122,اصحاب_بدر,303,112,415,0.2699,26195
bnwiki,urwiki,2026-06-23,37,8063242,مکہ_میں_پیدا_ہونے_والی_شخصیات,151,210,361,0.5817,26152
bnwiki,urwiki,2026-06-23,38,7029947,پاکستانی_شخصیات,794,635,1429,0.4444,26131
bnwiki,urwiki,2026-06-23,39,124969974,Human,268,209,477,0.4382,25058
bnwiki,urwiki,2026-06-23,40,6268629,شمالی_امریکا_کے_آباد_مقامات,11911,243,12154,0.02,24124
bnwiki,urwiki,2026-06-23,41,5479723,فلمی_اداکار,13760,2737,16497,0.1659,23971
bnwiki,urwiki,2026-06-23,42,7477590,Статии_с_невалиден_параметър_за_дата_в_шаблона,1210,1416,2626,0.5392,23612
bnwiki,urwiki,2026-06-23,43,6426358,اہل_بیت,122,210,332,0.6325,23566
bnwiki,urwiki,2026-06-23,44,7305252,مسلمان_شہدا,73,67,140,0.4786,23441
bnwiki,urwiki,2026-06-23,45,8529001,حسین_ابن_علی,90,69,159,0.434,23386
bnwiki,urwiki,2026-06-23,46,9698417,امریکی_اداکار,15451,1745,17196,0.1015,22994
bnwiki,urwiki,2026-06-23,47,8888626,اردو_شعرا,408,65,473,0.1374,22630
bnwiki,urwiki,2026-06-23,48,7129271,ساتویں_صدی_کی_شخصیات,86,230,316,0.7278,22625
bnwiki,urwiki,2026-06-23,49,9703480,Biôgrafia,1102,2854,3956,0.7214,22157
bnwiki,urwiki,2026-06-23,50,7053693,اصحاب_احد,164,100,264,0.3788,21659
bpywiki,enwiki,2026-06-23,1,1410960,United_States,211464,369,211833,0.0017,848953174
bpywiki,enwiki,2026-06-23,2,3919762,American_people,123448,14,123462,0.0001,776060296
bpywiki,enwiki,2026-06-23,3,5479723,Film_actors,36770,8,36778,0.0002,531281342
bpywiki,enwiki,2026-06-23,4,3919792,Actors,56603,8,56611,0.0001,466987413
bpywiki,enwiki,2026-06-23,5,9698417,American_actors,23928,6,23934,0.0003,439373037
bpywiki,enwiki,2026-06-23,6,5479560,Television_actors,30997,5,31002,0.0002,420313682
bpywiki,enwiki,2026-06-23,7,5837414,American_film_actors,12396,6,12402,0.0005,368219016
bpywiki,enwiki,2026-06-23,8,5461159,American_television_actors,12580,5,12585,0.0004,365880668
bpywiki,enwiki,2026-06-23,9,8206360,21st-century_American_actors,11369,2,11371,0.0002,357507963
bpywiki,enwiki,2026-06-23,10,9426612,Алфавит_буйынса_актёрҙар,13533,6,13539,0.0004,343118361
bpywiki,enwiki,2026-06-23,11,6840573,English-language_films,62176,0,62176,0.0,315977328
bpywiki,enwiki,2026-06-23,12,3919868,American_films,33734,0,33734,0.0,279637189
bpywiki,enwiki,2026-06-23,13,7835232,Əlifba_sırasına_görə_filmlər,35203,0,35203,0.0,276339103
bpywiki,enwiki,2026-06-23,14,1411125,United_Kingdom,74716,30,74746,0.0004,267538872
bpywiki,enwiki,2026-06-23,15,7269712,20th-century_American_actors,12123,5,12128,0.0004,266959383
bpywiki,enwiki,2026-06-23,16,9715949,Vikipedya:AY,1116,162,1278,0.1268,248892787
bpywiki,enwiki,2026-06-23,17,5611338,Association_football,144270,2,144272,0.0,247846827
bpywiki,enwiki,2026-06-23,18,8246543,American_male_film_actors,14284,5,14289,0.0003,247624872
bpywiki,enwiki,2026-06-23,19,3919830,British_people,44531,6,44537,0.0001,244780298
bpywiki,enwiki,2026-06-23,20,6508,Astronomy,5448,13,5461,0.0024,244544315
bpywiki,enwiki,2026-06-23,21,1457982,Sports,132511,4,132515,0.0,244162891
bpywiki,enwiki,2026-06-23,22,9703480,Biôgrafia,24991,44,25035,0.0018,239757225
bpywiki,enwiki,2026-06-23,23,106843442,To_be_checked,688,160,848,0.1887,230174980
bpywiki,enwiki,2026-06-23,24,4966679,Wikipedia,470,6,476,0.0126,229966134
bpywiki,enwiki,2026-06-23,25,9228737,Кандык_айдыҥ_21_кӱнинде_чыккандар,1699,1,1700,0.0006,229867654
bpywiki,enwiki,2026-06-23,26,129212025,Tuveli:Izvopa,449,4,453,0.0088,228268351
bpywiki,enwiki,2026-06-23,27,9220893,Кӱӱк_айдыҥ_28_кӱнинде_божогондор,689,1,690,0.0014,226845808
bpywiki,enwiki,2026-06-23,28,9865921,Wikipedia:Wiphalakunap_Plantillankukuna,869,19,888,0.0214,225853331
bpywiki,enwiki,2026-06-23,29,9724347,Paggene_scritte_int''e_dialette_d''o_Lazzio_Meridiunale,184,4,188,0.0213,222137344
bpywiki,enwiki,2026-06-23,30,9636824,Əlifba_sırasına_görə_musiqiçilər,24566,6,24572,0.0002,222023620
bpywiki,enwiki,2026-06-23,31,6397842,American_male_actors,9769,6,9775,0.0006,222018727
bpywiki,enwiki,2026-06-23,32,9426286,Алфавит_буйынса_актрисалар,11272,4,11276,0.0004,221203837
bpywiki,enwiki,2026-06-23,33,97269191,Pàgine_in_Zeneise-Grafia_unitäia,91,3,94,0.0319,220554676
bpywiki,enwiki,2026-06-23,34,33079992,Gamba_Peuniléh,23,1,24,0.0417,215076069
bpywiki,enwiki,2026-06-23,35,8246554,American_male_television_actors,11623,3,11626,0.0003,211828015
bpywiki,enwiki,2026-06-23,36,2944611,Wikipedia_administration,36,3,39,0.0769,208739609
bpywiki,enwiki,2026-06-23,37,6740310,American_voice_actors,4400,2,4402,0.0005,205990573
bpywiki,enwiki,2026-06-23,38,140310923,Actors_estatunidencs_nascuts_al_segle_XX,3337,4,3341,0.0012,204004782
bpywiki,enwiki,2026-06-23,39,106848755,Sabak_Tutuy,151,23,174,0.1322,203247621
bpywiki,enwiki,2026-06-23,40,8245580,American_film_actresses,11264,2,11266,0.0002,196769224
bpywiki,enwiki,2026-06-23,41,10074376,Pobo_sakizaya,6,1,7,0.1429,192330935
bpywiki,enwiki,2026-06-23,42,6426972,American_television_actresses,9387,1,9388,0.0001,190098487
bpywiki,enwiki,2026-06-23,43,6645404,American_actresses,8133,3,8136,0.0004,188563563
bpywiki,enwiki,2026-06-23,44,7063228,American_singers,8054,3,8057,0.0004,188400498
bpywiki,enwiki,2026-06-23,45,6408784,21st-century_actors,6786,1,6787,0.0001,187572492
bpywiki,enwiki,2026-06-23,46,7220786,Selected_anniversaries,5,1,6,0.1667,187018880
bpywiki,enwiki,2026-06-23,47,14914955,21st-century_American_male_actors,7413,1,7414,0.0001,186581388
bpywiki,enwiki,2026-06-23,48,4587687,Main_topic_classifications,19,4,23,0.1739,186282016
bpywiki,enwiki,2026-06-23,49,9711126,Miranduléś,4259,107,4366,0.0245,181978151
bpywiki,enwiki,2026-06-23,50,7031042,American_people_of_Irish_descent,6483,9,6492,0.0014,174818168
bpywiki,hiwiki,2026-06-23,1,1411417,भारत,7132,550,7682,0.0716,2812497
bpywiki,hiwiki,2026-06-23,2,6994462,भारत_के_लोग,3101,17,3118,0.0055,1561079
bpywiki,hiwiki,2026-06-23,3,1983910,हिन्दू_धर्म,2269,144,2413,0.0597,1524360
bpywiki,hiwiki,2026-06-23,4,4630,भारत_का_इतिहास,1547,52,1599,0.0325,1036013
bpywiki,hiwiki,2026-06-23,5,7030483,भारतीय_राजनीतिज्ञ,1553,6,1559,0.0038,793552
bpywiki,hiwiki,2026-06-23,6,1457595,इतिहास,2171,85,2256,0.0377,746064
bpywiki,hiwiki,2026-06-23,7,82515714,People_from_India,877,9,886,0.0102,723026
bpywiki,hiwiki,2026-06-23,8,7030643,भारतीय_हिन्दू,741,6,747,0.008,675182
bpywiki,hiwiki,2026-06-23,9,7192108,Páginas_con_errores_en_secuencias_de_órdenes,1883,466,2349,0.1984,663923
bpywiki,hiwiki,2026-06-23,10,5897849,स्रोतहीन_लेख,2081,168,2249,0.0747,621487
bpywiki,hiwiki,2026-06-23,11,25351284,कायमचे_मृत_बाह्य_दुवे_असणारे_लेख,1224,51,1275,0.04,594344
bpywiki,hiwiki,2026-06-23,12,2944929,संस्कृति,1795,60,1855,0.0323,592897
bpywiki,hiwiki,2026-06-23,13,6944392,भारतीय_राजनीति,399,4,403,0.0099,560923
bpywiki,hiwiki,2026-06-23,14,7023926,संस्कृत_शब्द,820,30,850,0.0353,544990
bpywiki,hiwiki,2026-06-23,15,32589508,ويکيډاټا_سرچينې_لرونکي_مخونه,987,312,1299,0.2402,528325
bpywiki,hiwiki,2026-06-23,16,5668044,भारतीय_फ़िल्में,4460,0,4460,0.0,520703
bpywiki,hiwiki,2026-06-23,17,7024688,भारतीय_अभिनेता,1288,1,1289,0.0008,507496
bpywiki,hiwiki,2026-06-23,18,6465874,مواليد_في_الهند,431,6,437,0.0137,506120
bpywiki,hiwiki,2026-06-23,19,1457903,धर्म,1164,35,1199,0.0292,500386
bpywiki,hiwiki,2026-06-23,20,6156696,मृत_लोग,1164,39,1203,0.0324,499738
bpywiki,hiwiki,2026-06-23,21,9727294,ಕಡತ_ಕೊಂಡಿಗಳು_ಮುರಿದಿರುವ_ಪುಟಗಳು,901,111,1012,0.1097,496745
bpywiki,hiwiki,2026-06-23,22,1458083,विज्ञान,2547,35,2582,0.0136,485732
bpywiki,hiwiki,2026-06-23,23,3919792,अभिनेता,2389,8,2397,0.0033,481986
bpywiki,hiwiki,2026-06-23,24,7019973,Postage_stamps_featuring_people,798,39,837,0.0466,477223
bpywiki,hiwiki,2026-06-23,25,1457673,भूगोल,2335,575,2910,0.1976,473094
bpywiki,hiwiki,2026-06-23,26,6834346,भारतीय_लेखक,1064,13,1077,0.0121,461053
bpywiki,hiwiki,2026-06-23,27,8205334,20th-century_Indian_people,772,4,776,0.0052,450159
bpywiki,hiwiki,2026-06-23,28,7291943,भारतीय_संस्कृति,765,16,781,0.0205,438264
bpywiki,hiwiki,2026-06-23,29,4103183,राजनीति,1430,26,1456,0.0179,430717
bpywiki,hiwiki,2026-06-23,30,9703480,Biôgrafia,1573,44,1617,0.0272,427740
bpywiki,hiwiki,2026-06-23,31,6547010,भारतीय_फ़िल्म_अभिनेता,855,0,855,0.0,415057
bpywiki,hiwiki,2026-06-23,32,1457402,जीव_विज्ञान,2069,16,2085,0.0077,390740
bpywiki,hiwiki,2026-06-23,33,7482570,Deaths_in_India,351,5,356,0.014,386737
bpywiki,hiwiki,2026-06-23,34,6884057,हिन्दू_पौराणिक_कथाएँ,559,10,569,0.0176,383332
bpywiki,hiwiki,2026-06-23,35,6483339,भारतीय_साहित्य,443,10,453,0.0221,376333
bpywiki,hiwiki,2026-06-23,36,9848152,हिन्दी_फ़िल्में,3367,0,3367,0.0,363911
bpywiki,hiwiki,2026-06-23,37,8545259,भारतीय_स्वतन्त्रता_संग्राम,481,6,487,0.0123,355894
bpywiki,hiwiki,2026-06-23,38,5753390,राजनीतिज्ञ,1175,19,1194,0.0159,347574
bpywiki,hiwiki,2026-06-23,39,7368887,वैष्णव_सम्प्रदाय,283,13,296,0.0439,345491
bpywiki,hiwiki,2026-06-23,40,7116595,उत्तर_प्रदेश_के_लोग,535,3,538,0.0056,340081
bpywiki,hiwiki,2026-06-23,41,8619678,लोक_सभा_सदस्य,490,1,491,0.002,339715
bpywiki,hiwiki,2026-06-23,42,7116224,मुंबई_के_लोग,628,0,628,0.0,339018
bpywiki,hiwiki,2026-06-23,43,9426612,Алфавит_буйынса_актёрҙар,1050,6,1056,0.0057,338687
bpywiki,hiwiki,2026-06-23,44,8514373,हिन्दू_देवी-देवता,377,4,381,0.0105,333508
bpywiki,hiwiki,2026-06-23,45,8313144,ब्रिटिश_भारत,441,15,456,0.0329,332312
bpywiki,hiwiki,2026-06-23,46,6946332,पंजाबी_लोग,979,3,982,0.0031,332277
bpywiki,hiwiki,2026-06-23,47,6301200,20th-century_Indian_politicians,635,3,638,0.0047,326151
bpywiki,hiwiki,2026-06-23,48,7477590,Статии_с_невалиден_параметър_за_дата_в_шаблона,1013,66,1079,0.0612,323912
bpywiki,hiwiki,2026-06-23,49,33017565,مشہور_لوک,788,12,800,0.015,323045
bpywiki,hiwiki,2026-06-23,50,7467137,भारत_सरकार,390,3,393,0.0076,320515
dtywiki,enwiki,2026-06-23,1,1410960,United_States,211604,229,211833,0.0011,849515224
dtywiki,enwiki,2026-06-23,2,3919762,American_people,123279,183,123462,0.0015,774997871
dtywiki,enwiki,2026-06-23,3,5479723,Film_actors,36532,246,36778,0.0067,527842535
dtywiki,enwiki,2026-06-23,4,3919792,Actors,56296,315,56611,0.0056,464454594
dtywiki,enwiki,2026-06-23,5,9698417,American_actors,23801,133,23934,0.0056,437041025
dtywiki,enwiki,2026-06-23,6,5479560,Television_actors,30848,154,31002,0.005,418293270
dtywiki,enwiki,2026-06-23,7,5837414,American_film_actors,12274,128,12402,0.0103,364595046
dtywiki,enwiki,2026-06-23,8,5461159,American_television_actors,12480,105,12585,0.0083,362972237
dtywiki,enwiki,2026-06-23,9,8206360,21st-century_American_actors,11242,129,11371,0.0113,353514339
dtywiki,enwiki,2026-06-23,10,9426612,Алфавит_буйынса_актёрҙар,13287,252,13539,0.0186,336881229
dtywiki,enwiki,2026-06-23,11,6840573,English-language_films,62173,3,62176,0.0,315962082
dtywiki,enwiki,2026-06-23,12,3919868,American_films,33731,3,33734,0.0001,279612320
dtywiki,enwiki,2026-06-23,13,7835232,Əlifba_sırasına_görə_filmlər,35197,6,35203,0.0002,276292003
dtywiki,enwiki,2026-06-23,14,1411125,United_Kingdom,74695,51,74746,0.0007,267463677
dtywiki,enwiki,2026-06-23,15,7269712,20th-century_American_actors,12059,69,12128,0.0057,265550045
dtywiki,enwiki,2026-06-23,16,5611338,Association_football,144227,45,144272,0.0003,247772955
dtywiki,enwiki,2026-06-23,17,8246543,American_male_film_actors,14225,64,14289,0.0045,246602059
dtywiki,enwiki,2026-06-23,18,3919830,British_people,44504,33,44537,0.0007,244631883
dtywiki,enwiki,2026-06-23,19,1457982,Sports,132451,64,132515,0.0005,244052336
dtywiki,enwiki,2026-06-23,20,9715949,Vikipedya:AY,1093,185,1278,0.1448,243763276
dtywiki,enwiki,2026-06-23,21,6508,Astronomy,5428,33,5461,0.006,243646575
dtywiki,enwiki,2026-06-23,22,9703480,Biôgrafia,24924,111,25035,0.0044,239114444
dtywiki,enwiki,2026-06-23,23,9228737,Кандык_айдыҥ_21_кӱнинде_чыккандар,1698,2,1700,0.0012,229732358
dtywiki,enwiki,2026-06-23,24,9220893,Кӱӱк_айдыҥ_28_кӱнинде_божогондор,689,1,690,0.0014,226845808
dtywiki,enwiki,2026-06-23,25,4966679,Wikipedia,462,14,476,0.0294,226051816
dtywiki,enwiki,2026-06-23,26,129212025,Tuveli:Izvopa,444,9,453,0.0199,225726388
dtywiki,enwiki,2026-06-23,27,9865921,Wikipedia:Wiphalakunap_Plantillankukuna,866,22,888,0.0248,225073631
dtywiki,enwiki,2026-06-23,28,9715644,Wp/srn,464,33,497,0.0664,221984397
dtywiki,enwiki,2026-06-23,29,9636824,Əlifba_sırasına_görə_musiqiçilər,24474,98,24572,0.004,221192139
dtywiki,enwiki,2026-06-23,30,106843442,To_be_checked,661,187,848,0.2205,221141950
dtywiki,enwiki,2026-06-23,31,6397842,American_male_actors,9716,59,9775,0.006,220814204
dtywiki,enwiki,2026-06-23,32,97269191,Pàgine_in_Zeneise-Grafia_unitäia,91,3,94,0.0319,220554676
dtywiki,enwiki,2026-06-23,33,9426286,Алфавит_буйынса_актрисалар,11118,158,11276,0.014,218181712
dtywiki,enwiki,2026-06-23,34,33079992,Gamba_Peuniléh,23,1,24,0.0417,215076069
dtywiki,enwiki,2026-06-23,35,9724347,Paggene_scritte_int''e_dialette_d''o_Lazzio_Meridiunale,175,13,188,0.0691,211271930
dtywiki,enwiki,2026-06-23,36,8246554,American_male_television_actors,11588,38,11626,0.0033,211190143
dtywiki,enwiki,2026-06-23,37,2944611,Wikipedia_administration,35,4,39,0.1026,202941287
dtywiki,enwiki,2026-06-23,38,6740310,American_voice_actors,4328,74,4402,0.0168,202619819
dtywiki,enwiki,2026-06-23,39,140310923,Actors_estatunidencs_nascuts_al_segle_XX,3231,110,3341,0.0329,197524558
dtywiki,enwiki,2026-06-23,40,8245580,American_film_actresses,11180,86,11266,0.0076,195301840
dtywiki,enwiki,2026-06-23,41,106848755,Sabak_Tutuy,145,29,174,0.1667,195171556
dtywiki,enwiki,2026-06-23,42,10074376,Pobo_sakizaya,6,1,7,0.1429,192330935
dtywiki,enwiki,2026-06-23,43,6426972,American_television_actresses,9314,74,9388,0.0079,188620146
dtywiki,enwiki,2026-06-23,44,7063228,American_singers,7998,59,8057,0.0073,187090537
dtywiki,enwiki,2026-06-23,45,7220786,Selected_anniversaries,5,1,6,0.1667,187018880
dtywiki,enwiki,2026-06-23,46,6645404,American_actresses,8047,89,8136,0.0109,186569653
dtywiki,enwiki,2026-06-23,47,14914955,21st-century_American_male_actors,7375,39,7414,0.0053,185624948
dtywiki,enwiki,2026-06-23,48,33029934,Articol_in_Milanes,32934,146,33080,0.0044,185476202
dtywiki,enwiki,2026-06-23,49,6408784,21st-century_actors,6693,94,6787,0.0139,185001870
dtywiki,enwiki,2026-06-23,50,9711126,Miranduléś,4237,129,4366,0.0295,181038137
dtywiki,hiwiki,2026-06-23,1,1411417,भारत,7152,530,7682,0.069,2820384
dtywiki,hiwiki,2026-06-23,2,1983910,हिन्दू_धर्म,2262,151,2413,0.0626,1519658
dtywiki,hiwiki,2026-06-23,3,6994462,भारत_के_लोग,2808,310,3118,0.0994,1413580
dtywiki,hiwiki,2026-06-23,4,4630,भारत_का_इतिहास,1564,35,1599,0.0219,1047397
dtywiki,hiwiki,2026-06-23,5,7030483,भारतीय_राजनीतिज्ञ,1490,69,1559,0.0443,761360
dtywiki,hiwiki,2026-06-23,6,1457595,इतिहास,2169,87,2256,0.0386,745377
dtywiki,hiwiki,2026-06-23,7,7192108,Páginas_con_errores_en_secuencias_de_órdenes,1959,390,2349,0.166,690720
dtywiki,hiwiki,2026-06-23,8,5897849,स्रोतहीन_लेख,2108,141,2249,0.0627,629550
dtywiki,hiwiki,2026-06-23,9,82515714,People_from_India,743,143,886,0.1614,612552
dtywiki,hiwiki,2026-06-23,10,33029934,Articol_in_Milanes,4577,146,4723,0.0309,603812
dtywiki,hiwiki,2026-06-23,11,25351284,कायमचे_मृत_बाह्य_दुवे_असणारे_लेख,1185,90,1275,0.0706,575407
dtywiki,hiwiki,2026-06-23,12,2944929,संस्कृति,1741,114,1855,0.0615,575061
dtywiki,hiwiki,2026-06-23,13,7023926,संस्कृत_शब्द,825,25,850,0.0294,548313
dtywiki,hiwiki,2026-06-23,14,6944392,भारतीय_राजनीति,389,14,403,0.0347,546865
dtywiki,hiwiki,2026-06-23,15,7030643,भारतीय_हिन्दू,600,147,747,0.1968,546706
dtywiki,hiwiki,2026-06-23,16,32589508,ويکيډاټا_سرچينې_لرونکي_مخونه,971,328,1299,0.2525,519760
dtywiki,hiwiki,2026-06-23,17,5668044,भारतीय_फ़िल्में,4443,17,4460,0.0038,518718
dtywiki,hiwiki,2026-06-23,18,1457903,धर्म,1154,45,1199,0.0375,496087
dtywiki,hiwiki,2026-06-23,19,9727294,ಕಡತ_ಕೊಂಡಿಗಳು_ಮುರಿದಿರುವ_ಪುಟಗಳು,895,117,1012,0.1156,493437
dtywiki,hiwiki,2026-06-23,20,6156696,मृत_लोग,1117,86,1203,0.0715,479559
dtywiki,hiwiki,2026-06-23,21,1458083,विज्ञान,2487,95,2582,0.0368,474289
dtywiki,hiwiki,2026-06-23,22,7019973,Postage_stamps_featuring_people,768,69,837,0.0824,459282
dtywiki,hiwiki,2026-06-23,23,6834346,भारतीय_लेखक,1046,31,1077,0.0288,453254
dtywiki,hiwiki,2026-06-23,24,7214658,भारत_के_नगर,1916,46,1962,0.0234,452873
dtywiki,hiwiki,2026-06-23,25,7291943,भारतीय_संस्कृति,749,32,781,0.041,429098
dtywiki,hiwiki,2026-06-23,26,3919792,अभिनेता,2082,315,2397,0.1314,420048
dtywiki,hiwiki,2026-06-23,27,7024688,भारतीय_अभिनेता,1061,228,1289,0.1769,418054
dtywiki,hiwiki,2026-06-23,28,9703480,Biôgrafia,1506,111,1617,0.0686,409521
dtywiki,hiwiki,2026-06-23,29,8205334,20th-century_Indian_people,698,78,776,0.1005,407009
dtywiki,hiwiki,2026-06-23,30,6465874,مواليد_في_الهند,345,92,437,0.2105,405131
dtywiki,hiwiki,2026-06-23,31,4103183,राजनीति,1323,133,1456,0.0913,398489
dtywiki,hiwiki,2026-06-23,32,9705320,Endrika_ampiasaina_amin'ny_jeografia,2414,168,2582,0.0651,396751
dtywiki,hiwiki,2026-06-23,33,1457402,जीव_विज्ञान,2016,69,2085,0.0331,380731
dtywiki,hiwiki,2026-06-23,34,6884057,हिन्दू_पौराणिक_कथाएँ,551,18,569,0.0316,377846
dtywiki,hiwiki,2026-06-23,35,6483339,भारतीय_साहित्य,440,13,453,0.0287,373785
dtywiki,hiwiki,2026-06-23,36,9795474,جميع_مقالات_البذور,1417,218,1635,0.1333,372692
dtywiki,hiwiki,2026-06-23,37,9848152,हिन्दी_फ़िल्में,3359,8,3367,0.0024,363046
dtywiki,hiwiki,2026-06-23,38,7482570,Deaths_in_India,326,30,356,0.0843,359192
dtywiki,hiwiki,2026-06-23,39,1457673,भूगोल,1772,1138,2910,0.3911,359024
dtywiki,hiwiki,2026-06-23,40,9729671,Gesjreve_in_'t_Mestreechs,1177,299,1476,0.2026,352305
dtywiki,hiwiki,2026-06-23,41,7368887,वैष्णव_सम्प्रदाय,285,11,296,0.0372,347933
dtywiki,hiwiki,2026-06-23,42,8545259,भारतीय_स्वतन्त्रता_संग्राम,469,18,487,0.037,347015
dtywiki,hiwiki,2026-06-23,43,5753390,राजनीतिज्ञ,1121,73,1194,0.0611,331601
dtywiki,hiwiki,2026-06-23,44,9700201,Articllo_en_arpetan_supradialèctâl_/_ORB,1106,322,1428,0.2255,330540
dtywiki,hiwiki,2026-06-23,45,7116595,उत्तर_प्रदेश_के_लोग,517,21,538,0.039,328639
dtywiki,hiwiki,2026-06-23,46,8313144,ब्रिटिश_भारत,435,21,456,0.0461,327791
dtywiki,hiwiki,2026-06-23,47,8514373,हिन्दू_देवी-देवता,369,12,381,0.0315,326431
dtywiki,hiwiki,2026-06-23,48,33044957,ಮೈಸೂರು_ವಿಶ್ವವಿದ್ಯಾನಿಲಯ_ವಿಶ್ವಕೋಶ,1448,57,1505,0.0379,320980
dtywiki,hiwiki,2026-06-23,49,7467137,भारत_सरकार,389,4,393,0.0102,319693
dtywiki,hiwiki,2026-06-23,50,7479566,हिन्दू_मन्दिर,373,14,387,0.0362,317637
gomwiki,enwiki,2026-06-23,1,1410960,United_States,211761,72,211833,0.0003,850145524
gomwiki,enwiki,2026-06-23,2,3919762,American_people,123395,67,123462,0.0005,775727110
gomwiki,enwiki,2026-06-23,3,5479723,Film_actors,36750,28,36778,0.0008,530992367
gomwiki,enwiki,2026-06-23,4,3919792,Actors,56578,33,56611,0.0006,466781157
gomwiki,enwiki,2026-06-23,5,9698417,American_actors,23914,20,23934,0.0008,439115965
gomwiki,enwiki,2026-06-23,6,5479560,Television_actors,30989,13,31002,0.0004,420205204
gomwiki,enwiki,2026-06-23,7,5837414,American_film_actors,12384,18,12402,0.0015,367862560
gomwiki,enwiki,2026-06-23,8,5461159,American_television_actors,12578,7,12585,0.0006,365822499
gomwiki,enwiki,2026-06-23,9,8206360,21st-century_American_actors,11362,9,11371,0.0008,357287842
gomwiki,enwiki,2026-06-23,10,9426612,Алфавит_буйынса_актёрҙар,13511,28,13539,0.0021,342560569
gomwiki,enwiki,2026-06-23,11,6840573,English-language_films,62176,0,62176,0.0,315977328
gomwiki,enwiki,2026-06-23,12,3919868,American_films,33734,0,33734,0.0,279637189
gomwiki,enwiki,2026-06-23,13,7835232,Əlifba_sırasına_görə_filmlər,35203,0,35203,0.0,276339103
gomwiki,enwiki,2026-06-23,14,1411125,United_Kingdom,74696,50,74746,0.0007,267467257
gomwiki,enwiki,2026-06-23,15,7269712,20th-century_American_actors,12118,10,12128,0.0008,266849278
gomwiki,enwiki,2026-06-23,16,9715949,Vikipedya:AY,1156,122,1278,0.0955,257813676
gomwiki,enwiki,2026-06-23,17,5611338,Association_football,144262,10,144272,0.0001,247833083
gomwiki,enwiki,2026-06-23,18,8246543,American_male_film_actors,14277,12,14289,0.0008,247503522
gomwiki,enwiki,2026-06-23,19,3919830,British_people,44501,36,44537,0.0008,244615393
gomwiki,enwiki,2026-06-23,20,6508,Astronomy,5443,18,5461,0.0033,244319880
gomwiki,enwiki,2026-06-23,21,1457982,Sports,132476,39,132515,0.0003,244098401
gomwiki,enwiki,2026-06-23,22,9703480,Biôgrafia,24909,126,25035,0.005,238970538
gomwiki,enwiki,2026-06-23,23,106843442,To_be_checked,699,149,848,0.1757,233855103
gomwiki,enwiki,2026-06-23,24,4966679,Wikipedia,472,4,476,0.0084,230944713
gomwiki,enwiki,2026-06-23,25,9228737,Кандык_айдыҥ_21_кӱнинде_чыккандар,1697,3,1700,0.0018,229597062
gomwiki,enwiki,2026-06-23,26,9715644,Wp/srn,476,21,497,0.0423,227725373
gomwiki,enwiki,2026-06-23,27,9865921,Wikipedia:Wiphalakunap_Plantillankukuna,874,14,888,0.0158,227152833
gomwiki,enwiki,2026-06-23,28,9220893,Кӱӱк_айдыҥ_28_кӱнинде_божогондор,689,1,690,0.0014,226845808
gomwiki,enwiki,2026-06-23,29,129212025,Tuveli:Izvopa,445,8,453,0.0177,226234780
gomwiki,enwiki,2026-06-23,30,9636824,Əlifba_sırasına_görə_musiqiçilər,24552,20,24572,0.0008,221897091
gomwiki,enwiki,2026-06-23,31,6397842,American_male_actors,9760,15,9775,0.0015,221814186
gomwiki,enwiki,2026-06-23,32,9426286,Алфавит_буйынса_актрисалар,11263,13,11276,0.0012,221027219
gomwiki,enwiki,2026-06-23,33,97269191,Pàgine_in_Zeneise-Grafia_unitäia,90,4,94,0.0426,218130998
gomwiki,enwiki,2026-06-23,34,2944611,Wikipedia_administration,37,2,39,0.0513,214537932
gomwiki,enwiki,2026-06-23,35,9724347,Paggene_scritte_int''e_dialette_d''o_Lazzio_Meridiunale,176,12,188,0.0638,212479198
gomwiki,enwiki,2026-06-23,36,8246554,American_male_television_actors,11622,4,11626,0.0003,211809790
gomwiki,enwiki,2026-06-23,37,6740310,American_voice_actors,4398,4,4402,0.0009,205896941
gomwiki,enwiki,2026-06-23,38,140310923,Actors_estatunidencs_nascuts_al_segle_XX,3331,10,3341,0.003,203637977
gomwiki,enwiki,2026-06-23,39,106848755,Sabak_Tutuy,147,27,174,0.1552,197863578
gomwiki,enwiki,2026-06-23,40,8245580,American_film_actresses,11259,7,11266,0.0006,196681879
gomwiki,enwiki,2026-06-23,41,33079992,Gamba_Peuniléh,21,3,24,0.125,196373802
gomwiki,enwiki,2026-06-23,42,10074376,Pobo_sakizaya,6,1,7,0.1429,192330935
gomwiki,enwiki,2026-06-23,43,6426972,American_television_actresses,9383,5,9388,0.0005,190017482
gomwiki,enwiki,2026-06-23,44,6645404,American_actresses,8129,7,8136,0.0009,188470823
gomwiki,enwiki,2026-06-23,45,7063228,American_singers,8050,7,8057,0.0009,188306929
gomwiki,enwiki,2026-06-23,46,6408784,21st-century_actors,6780,7,6787,0.001,187406646
gomwiki,enwiki,2026-06-23,47,7220786,Selected_anniversaries,5,1,6,0.1667,187018880
gomwiki,enwiki,2026-06-23,48,14914955,21st-century_American_male_actors,7410,4,7414,0.0005,186505880
gomwiki,enwiki,2026-06-23,49,33029934,Articol_in_Milanes,32940,140,33080,0.0042,185509993
gomwiki,enwiki,2026-06-23,50,9711126,Miranduléś,4293,73,4366,0.0167,183430899
gomwiki,hiwiki,2026-06-23,1,1411417,भारत,7386,296,7682,0.0385,2912662
gomwiki,hiwiki,2026-06-23,2,1983910,हिन्दू_धर्म,2237,176,2413,0.0729,1502862
gomwiki,hiwiki,2026-06-23,3,6994462,भारत_के_लोग,2943,175,3118,0.0561,1481540
gomwiki,hiwiki,2026-06-23,4,4630,भारत_का_इतिहास,1507,92,1599,0.0575,1009225
gomwiki,hiwiki,2026-06-23,5,7030483,भारतीय_राजनीतिज्ञ,1505,54,1559,0.0346,769025
gomwiki,hiwiki,2026-06-23,6,7192108,Páginas_con_errores_en_secuencias_de_órdenes,2085,264,2349,0.1124,735146
gomwiki,hiwiki,2026-06-23,7,1457595,इतिहास,2138,118,2256,0.0523,734724
gomwiki,hiwiki,2026-06-23,8,82515714,People_from_India,801,85,886,0.0959,660369
gomwiki,hiwiki,2026-06-23,9,5897849,स्रोतहीन_लेख,2124,125,2249,0.0556,634328
gomwiki,hiwiki,2026-06-23,10,7030643,भारतीय_हिन्दू,692,55,747,0.0736,630535
gomwiki,hiwiki,2026-06-23,11,33029934,Articol_in_Milanes,4583,140,4723,0.0296,604603
gomwiki,hiwiki,2026-06-23,12,25351284,कायमचे_मृत_बाह्य_दुवे_असणारे_लेख,1194,81,1275,0.0635,579777
gomwiki,hiwiki,2026-06-23,13,32589508,ويکيډاټا_سرچينې_لرونکي_مخونه,1081,218,1299,0.1678,578642
gomwiki,hiwiki,2026-06-23,14,2944929,संस्कृति,1737,118,1855,0.0636,573739
gomwiki,hiwiki,2026-06-23,15,6944392,भारतीय_राजनीति,391,12,403,0.0298,549677
gomwiki,hiwiki,2026-06-23,16,1457673,भूगोल,2681,229,2910,0.0787,543197
gomwiki,hiwiki,2026-06-23,17,7023926,संस्कृत_शब्द,790,60,850,0.0706,525051
gomwiki,hiwiki,2026-06-23,18,5668044,भारतीय_फ़िल्में,4445,15,4460,0.0034,518951
gomwiki,hiwiki,2026-06-23,19,7024688,भारतीय_अभिनेता,1272,17,1289,0.0132,501192
gomwiki,hiwiki,2026-06-23,20,9727294,ಕಡತ_ಕೊಂಡಿಗಳು_ಮುರಿದಿರುವ_ಪುಟಗಳು,902,110,1012,0.1087,497297
gomwiki,hiwiki,2026-06-23,21,1458083,विज्ञान,2507,75,2582,0.029,478103
gomwiki,hiwiki,2026-06-23,22,3919792,अभिनेता,2364,33,2397,0.0138,476943
gomwiki,hiwiki,2026-06-23,23,6156696,मृत_लोग,1081,122,1203,0.1014,464103
gomwiki,hiwiki,2026-06-23,24,6465874,مواليد_في_الهند,391,46,437,0.1053,459148
gomwiki,hiwiki,2026-06-23,25,1457903,धर्म,1059,140,1199,0.1168,455248
gomwiki,hiwiki,2026-06-23,26,7214658,भारत_के_नगर,1893,69,1962,0.0352,447436
gomwiki,hiwiki,2026-06-23,27,6834346,भारतीय_लेखक,1004,73,1077,0.0678,435054
gomwiki,hiwiki,2026-06-23,28,4103183,राजनीति,1416,40,1456,0.0275,426500
gomwiki,hiwiki,2026-06-23,29,7019973,Postage_stamps_featuring_people,702,135,837,0.1613,419812
gomwiki,hiwiki,2026-06-23,30,8205334,20th-century_Indian_people,717,59,776,0.076,418088
gomwiki,hiwiki,2026-06-23,31,7291943,भारतीय_संस्कृति,726,55,781,0.0704,415921
gomwiki,hiwiki,2026-06-23,32,6547010,भारतीय_फ़िल्म_अभिनेता,844,11,855,0.0129,409717
gomwiki,hiwiki,2026-06-23,33,9703480,Biôgrafia,1491,126,1617,0.0779,405442
gomwiki,hiwiki,2026-06-23,34,9705320,Endrika_ampiasaina_amin'ny_jeografia,2462,120,2582,0.0465,404640
gomwiki,hiwiki,2026-06-23,35,9795474,جميع_مقالات_البذور,1523,112,1635,0.0685,400572
gomwiki,hiwiki,2026-06-23,36,1457402,जीव_विज्ञान,2016,69,2085,0.0331,380731
gomwiki,hiwiki,2026-06-23,37,9729671,Gesjreve_in_'t_Mestreechs,1227,249,1476,0.1687,367272
gomwiki,hiwiki,2026-06-23,38,9848152,हिन्दी_फ़िल्में,3366,1,3367,0.0003,363802
gomwiki,hiwiki,2026-06-23,39,6884057,हिन्दू_पौराणिक_कथाएँ,526,43,569,0.0756,360702
gomwiki,hiwiki,2026-06-23,40,9700201,Articllo_en_arpetan_supradialèctâl_/_ORB,1196,232,1428,0.1625,357438
gomwiki,hiwiki,2026-06-23,41,6483339,भारतीय_साहित्य,412,41,453,0.0905,349999
gomwiki,hiwiki,2026-06-23,42,7482570,Deaths_in_India,311,45,356,0.1264,342665
gomwiki,hiwiki,2026-06-23,43,5753390,राजनीतिज्ञ,1134,60,1194,0.0503,335446
gomwiki,hiwiki,2026-06-23,44,7116595,उत्तर_प्रदेश_के_लोग,527,11,538,0.0204,334996
gomwiki,hiwiki,2026-06-23,45,9426612,Алфавит_буйынса_актёрҙар,1028,28,1056,0.0265,331591
gomwiki,hiwiki,2026-06-23,46,8619678,लोक_सभा_सदस्य,476,15,491,0.0305,330009
gomwiki,hiwiki,2026-06-23,47,7477590,Статии_с_невалиден_параметър_за_дата_в_шаблона,1032,47,1079,0.0436,329987
gomwiki,hiwiki,2026-06-23,48,7368887,वैष्णव_सम्प्रदाय,269,27,296,0.0912,328399
gomwiki,hiwiki,2026-06-23,49,8545259,भारतीय_स्वतन्त्रता_संग्राम,443,44,487,0.0903,327778
gomwiki,hiwiki,2026-06-23,50,6946332,पंजाबी_लोग,963,19,982,0.0193,326847
guwiki,enwiki,2026-06-23,1,1410960,United_States,211638,195,211833,0.0009,849651722
guwiki,enwiki,2026-06-23,2,3919762,American_people,123351,111,123462,0.0009,775450502
guwiki,enwiki,2026-06-23,3,5479723,Film_actors,36662,116,36778,0.0032,529720875
guwiki,enwiki,2026-06-23,4,3919792,Actors,56453,158,56611,0.0028,465749879
guwiki,enwiki,2026-06-23,5,9698417,American_actors,23901,33,23934,0.0014,438877255
guwiki,enwiki,2026-06-23,6,5479560,Television_actors,30921,81,31002,0.0026,419283136
guwiki,enwiki,2026-06-23,7,5837414,American_film_actors,12378,24,12402,0.0019,367684332
guwiki,enwiki,2026-06-23,8,5461159,American_television_actors,12564,21,12585,0.0017,365415319
guwiki,enwiki,2026-06-23,9,8206360,21st-century_American_actors,11346,25,11371,0.0022,356784708
guwiki,enwiki,2026-06-23,10,9426612,Алфавит_буйынса_актёрҙар,13434,105,13539,0.0078,340608296
guwiki,enwiki,2026-06-23,11,6840573,English-language_films,62162,14,62176,0.0002,315906180
guwiki,enwiki,2026-06-23,12,3919868,American_films,33721,13,33734,0.0004,279529425
guwiki,enwiki,2026-06-23,13,7835232,Əlifba_sırasına_görə_filmlər,35184,19,35203,0.0005,276189955
guwiki,enwiki,2026-06-23,14,1411125,United_Kingdom,74654,92,74746,0.0012,267316866
guwiki,enwiki,2026-06-23,15,7269712,20th-century_American_actors,12116,12,12128,0.001,266805237
guwiki,enwiki,2026-06-23,16,5611338,Association_football,144250,22,144272,0.0002,247812468
guwiki,enwiki,2026-06-23,17,8246543,American_male_film_actors,14275,14,14289,0.001,247468850
guwiki,enwiki,2026-06-23,18,3919830,British_people,44473,64,44537,0.0014,244461481
guwiki,enwiki,2026-06-23,19,9715949,Vikipedya:AY,1096,182,1278,0.1424,244432343
guwiki,enwiki,2026-06-23,20,1457982,Sports,132324,191,132515,0.0014,243818328
guwiki,enwiki,2026-06-23,21,6508,Astronomy,5348,113,5461,0.0207,240055616
guwiki,enwiki,2026-06-23,22,9703480,Biôgrafia,24810,225,25035,0.009,238020757
guwiki,enwiki,2026-06-23,23,9228737,Кандык_айдыҥ_21_кӱнинде_чыккандар,1697,3,1700,0.0018,229597062
guwiki,enwiki,2026-06-23,24,9220893,Кӱӱк_айдыҥ_28_кӱнинде_божогондор,688,2,690,0.0029,226516569
guwiki,enwiki,2026-06-23,25,9865921,Wikipedia:Wiphalakunap_Plantillankukuna,865,23,888,0.0259,224813730
guwiki,enwiki,2026-06-23,26,6397842,American_male_actors,9756,19,9775,0.0019,221723278
guwiki,enwiki,2026-06-23,27,9636824,Əlifba_sırasına_görə_musiqiçilər,24510,62,24572,0.0025,221517501
guwiki,enwiki,2026-06-23,28,9426286,Алфавит_буйынса_актрисалар,11215,61,11276,0.0054,220085258
guwiki,enwiki,2026-06-23,29,129212025,Tuveli:Izvopa,427,26,453,0.0574,217083711
guwiki,enwiki,2026-06-23,30,9715644,Wp/srn,450,47,497,0.0946,215286592
guwiki,enwiki,2026-06-23,31,33079992,Gamba_Peuniléh,23,1,24,0.0417,215076069
guwiki,enwiki,2026-06-23,32,8246554,American_male_television_actors,11616,10,11626,0.0009,211700440
guwiki,enwiki,2026-06-23,33,4966679,Wikipedia,423,53,476,0.1113,206969520
guwiki,enwiki,2026-06-23,34,97269191,Pàgine_in_Zeneise-Grafia_unitäia,85,9,94,0.0957,206012610
guwiki,enwiki,2026-06-23,35,6740310,American_voice_actors,4388,14,4402,0.0032,205428781
guwiki,enwiki,2026-06-23,36,140310923,Actors_estatunidencs_nascuts_al_segle_XX,3322,19,3341,0.0057,203087769
guwiki,enwiki,2026-06-23,37,8245580,American_film_actresses,11252,14,11266,0.0012,196559597
guwiki,enwiki,2026-06-23,38,9724347,Paggene_scritte_int''e_dialette_d''o_Lazzio_Meridiunale,162,26,188,0.1383,195577444
guwiki,enwiki,2026-06-23,39,10074376,Pobo_sakizaya,6,1,7,0.1429,192330935
guwiki,enwiki,2026-06-23,40,6426972,American_television_actresses,9376,12,9388,0.0013,189875723
guwiki,enwiki,2026-06-23,41,106848755,Sabak_Tutuy,140,34,174,0.1954,188441502
guwiki,enwiki,2026-06-23,42,6645404,American_actresses,8122,14,8136,0.0017,188308528
guwiki,enwiki,2026-06-23,43,7063228,American_singers,8037,20,8057,0.0025,188002831
guwiki,enwiki,2026-06-23,44,7220786,Selected_anniversaries,5,1,6,0.1667,187018880
guwiki,enwiki,2026-06-23,45,6408784,21st-century_actors,6752,35,6787,0.0052,186632695
guwiki,enwiki,2026-06-23,46,14914955,21st-century_American_male_actors,7406,8,7414,0.0011,186405202
guwiki,enwiki,2026-06-23,47,33029934,Articol_in_Milanes,32210,870,33080,0.0263,181398812
guwiki,enwiki,2026-06-23,48,106843442,To_be_checked,537,311,848,0.3667,179656925
guwiki,enwiki,2026-06-23,49,9711126,Miranduléś,4204,162,4366,0.0371,179628116
guwiki,enwiki,2026-06-23,50,7031042,American_people_of_Irish_descent,6474,18,6492,0.0028,174575477
guwiki,hiwiki,2026-06-23,1,1411417,भारत,5699,1983,7682,0.2581,2247395
guwiki,hiwiki,2026-06-23,2,6994462,भारत_के_लोग,2504,614,3118,0.1969,1260543
guwiki,hiwiki,2026-06-23,3,1983910,हिन्दू_धर्म,1596,817,2413,0.3386,1072225
guwiki,hiwiki,2026-06-23,4,4630,भारत_का_इतिहास,1228,371,1599,0.232,822381
guwiki,hiwiki,2026-06-23,5,7030483,भारतीय_राजनीतिज्ञ,1303,256,1559,0.1642,665807
guwiki,hiwiki,2026-06-23,6,1457595,इतिहास,1886,370,2256,0.164,648124
guwiki,hiwiki,2026-06-23,7,7192108,Páginas_con_errores_en_secuencias_de_órdenes,1753,596,2349,0.2537,618087
guwiki,hiwiki,2026-06-23,8,5897849,स्रोतहीन_लेख,1784,465,2249,0.2068,532788
guwiki,hiwiki,2026-06-23,9,5668044,भारतीय_फ़िल्में,4414,46,4460,0.0103,515332
guwiki,hiwiki,2026-06-23,10,33029934,Articol_in_Milanes,3853,870,4723,0.1842,508299
guwiki,hiwiki,2026-06-23,11,32589508,ويکيډاټا_سرچينې_لرونکي_مخونه,929,370,1299,0.2848,497278
guwiki,hiwiki,2026-06-23,12,25351284,कायमचे_मृत_बाह्य_दुवे_असणारे_लेख,1007,268,1275,0.2102,488974
guwiki,hiwiki,2026-06-23,13,2944929,संस्कृति,1453,402,1855,0.2167,479933
guwiki,hiwiki,2026-06-23,14,7030643,भारतीय_हिन्दू,525,222,747,0.2972,478368
guwiki,hiwiki,2026-06-23,15,1457673,भूगोल,2338,572,2910,0.1966,473702
guwiki,hiwiki,2026-06-23,16,82515714,People_from_India,571,315,886,0.3555,470750
guwiki,hiwiki,2026-06-23,17,3919792,अभिनेता,2239,158,2397,0.0659,451724
guwiki,hiwiki,2026-06-23,18,7024688,भारतीय_अभिनेता,1145,144,1289,0.1117,451152
guwiki,hiwiki,2026-06-23,19,6944392,भारतीय_राजनीति,318,85,403,0.2109,447051
guwiki,hiwiki,2026-06-23,20,1457903,धर्म,965,234,1199,0.1952,414838
guwiki,hiwiki,2026-06-23,21,1458083,विज्ञान,2164,418,2582,0.1619,412691
guwiki,hiwiki,2026-06-23,22,7023926,संस्कृत_शब्द,570,280,850,0.3294,378834
guwiki,hiwiki,2026-06-23,23,4103183,राजनीति,1257,199,1456,0.1367,378609
guwiki,hiwiki,2026-06-23,24,9703480,Biôgrafia,1392,225,1617,0.1391,378521
guwiki,hiwiki,2026-06-23,25,6156696,मृत_लोग,881,322,1203,0.2677,378238
guwiki,hiwiki,2026-06-23,26,6834346,भारतीय_लेखक,872,205,1077,0.1903,377856
guwiki,hiwiki,2026-06-23,27,7019973,Postage_stamps_featuring_people,625,212,837,0.2533,373764
guwiki,hiwiki,2026-06-23,28,6465874,مواليد_في_الهند,313,124,437,0.2838,367553
guwiki,hiwiki,2026-06-23,29,9848152,हिन्दी_फ़िल्में,3340,27,3367,0.008,360992
guwiki,hiwiki,2026-06-23,30,6547010,भारतीय_फ़िल्म_अभिनेता,731,124,855,0.145,354861
guwiki,hiwiki,2026-06-23,31,9727294,ಕಡತ_ಕೊಂಡಿಗಳು_ಮುರಿದಿರುವ_ಪುಟಗಳು,642,370,1012,0.3656,353951
guwiki,hiwiki,2026-06-23,32,9705320,Endrika_ampiasaina_amin'ny_jeografia,2070,512,2582,0.1983,340213
guwiki,hiwiki,2026-06-23,33,1457402,जीव_विज्ञान,1771,314,2085,0.1506,334461
guwiki,hiwiki,2026-06-23,34,7214658,भारत_के_नगर,1390,572,1962,0.2915,328545
guwiki,hiwiki,2026-06-23,35,8205334,20th-century_Indian_people,560,216,776,0.2784,326540
guwiki,hiwiki,2026-06-23,36,9729671,Gesjreve_in_'t_Mestreechs,1065,411,1476,0.2785,318781
guwiki,hiwiki,2026-06-23,37,9426612,Алфавит_буйынса_актёрҙар,951,105,1056,0.0994,306754
guwiki,hiwiki,2026-06-23,38,7291943,भारतीय_संस्कृति,529,252,781,0.3227,303061
guwiki,hiwiki,2026-06-23,39,7116595,उत्तर_प्रदेश_के_लोग,472,66,538,0.1227,300034
guwiki,hiwiki,2026-06-23,40,6946332,पंजाबी_लोग,871,111,982,0.113,295622
guwiki,hiwiki,2026-06-23,41,6493807,क्रिकेट,2527,138,2665,0.0518,290577
guwiki,hiwiki,2026-06-23,42,9795474,جميع_مقالات_البذور,1099,536,1635,0.3278,289053
guwiki,hiwiki,2026-06-23,43,5753390,राजनीतिज्ञ,976,218,1194,0.1826,288708
guwiki,hiwiki,2026-06-23,44,8545100,भारतीय_फ़िल्म_अभिनेत्री,1031,103,1134,0.0908,288503
guwiki,hiwiki,2026-06-23,45,8514322,हिन्दी_अभिनेत्री,891,92,983,0.0936,287823
guwiki,hiwiki,2026-06-23,46,5479723,फ़िल्म_अभिनेता,1005,116,1121,0.1035,287332
guwiki,hiwiki,2026-06-23,47,7477590,Статии_с_невалиден_параметър_за_дата_в_шаблона,898,181,1079,0.1677,287140
guwiki,hiwiki,2026-06-23,48,8619678,लोक_सभा_सदस्य,406,85,491,0.1731,281478
guwiki,hiwiki,2026-06-23,49,7467137,भारत_सरकार,341,52,393,0.1323,280245
guwiki,hiwiki,2026-06-23,50,8298820,भारतीय_जनता_पार्टी_के_राजनीतिज्ञ,720,78,798,0.0977,280014
hiwiki,enwiki,2026-06-23,1,1410960,United_States,209171,2662,211833,0.0126,839747590
hiwiki,enwiki,2026-06-23,2,3919762,American_people,121466,1996,123462,0.0162,763600382
hiwiki,enwiki,2026-06-23,3,5479723,Film_actors,35657,1121,36778,0.0305,515199859
hiwiki,enwiki,2026-06-23,4,3919792,Actors,54214,2397,56611,0.0423,447277628
hiwiki,enwiki,2026-06-23,5,9698417,American_actors,23327,607,23934,0.0254,428337296
hiwiki,enwiki,2026-06-23,6,5479560,Television_actors,29637,1365,31002,0.044,401872330
hiwiki,enwiki,2026-06-23,7,5461159,American_television_actors,12134,451,12585,0.0358,352909064
hiwiki,enwiki,2026-06-23,8,5837414,American_film_actors,11879,523,12402,0.0422,352861704
hiwiki,enwiki,2026-06-23,9,8206360,21st-century_American_actors,10879,492,11371,0.0433,342099492
hiwiki,enwiki,2026-06-23,10,9426612,Алфавит_буйынса_актёрҙар,12483,1056,13539,0.078,316496453
hiwiki,enwiki,2026-06-23,11,6840573,English-language_films,60968,1208,62176,0.0194,309838293
hiwiki,enwiki,2026-06-23,12,3919868,American_films,32686,1048,33734,0.0311,270949817
hiwiki,enwiki,2026-06-23,13,7835232,Əlifba_sırasına_görə_filmlər,33648,1555,35203,0.0442,264132549
hiwiki,enwiki,2026-06-23,14,1411125,United_Kingdom,73441,1305,74746,0.0175,262973424
hiwiki,enwiki,2026-06-23,15,7269712,20th-century_American_actors,11803,325,12128,0.0268,259912695
hiwiki,enwiki,2026-06-23,16,5611338,Association_football,143779,493,144272,0.0034,247003319
hiwiki,enwiki,2026-06-23,17,8246543,American_male_film_actors,13956,333,14289,0.0233,241938723
hiwiki,enwiki,2026-06-23,18,1457982,Sports,130808,1707,132515,0.0129,241024967
hiwiki,enwiki,2026-06-23,19,3919830,British_people,43608,929,44537,0.0209,239706704
hiwiki,enwiki,2026-06-23,20,9228737,Кандык_айдыҥ_21_кӱнинде_чыккандар,1667,33,1700,0.0194,225538186
hiwiki,enwiki,2026-06-23,21,9703480,Biôgrafia,23418,1617,25035,0.0646,224666267
hiwiki,enwiki,2026-06-23,22,9220893,Кӱӱк_айдыҥ_28_кӱнинде_божогондор,674,16,690,0.0232,221907220
hiwiki,enwiki,2026-06-23,23,9865921,Wikipedia:Wiphalakunap_Plantillankukuna,838,50,888,0.0563,217796423
hiwiki,enwiki,2026-06-23,24,9636824,Əlifba_sırasına_görə_musiqiçilər,24037,535,24572,0.0218,217242602
hiwiki,enwiki,2026-06-23,25,6397842,American_male_actors,9455,320,9775,0.0327,214882492
hiwiki,enwiki,2026-06-23,26,9426286,Алфавит_буйынса_актрисалар,10635,641,11276,0.0568,208703230
hiwiki,enwiki,2026-06-23,27,8246554,American_male_television_actors,11358,268,11626,0.0231,206998416
hiwiki,enwiki,2026-06-23,28,33079992,Gamba_Peuniléh,22,2,24,0.0833,205724936
hiwiki,enwiki,2026-06-23,29,6508,Astronomy,4406,1055,5461,0.1932,197772072
hiwiki,enwiki,2026-06-23,30,129212025,Tuveli:Izvopa,385,68,453,0.1501,195731214
hiwiki,enwiki,2026-06-23,31,10074376,Pobo_sakizaya,6,1,7,0.1429,192330935
hiwiki,enwiki,2026-06-23,32,8245580,American_film_actresses,11006,260,11266,0.0231,192262258
hiwiki,enwiki,2026-06-23,33,6740310,American_voice_actors,4099,303,4402,0.0688,191898946
hiwiki,enwiki,2026-06-23,34,7220786,Selected_anniversaries,5,1,6,0.1667,187018880
hiwiki,enwiki,2026-06-23,35,6426972,American_television_actresses,9165,223,9388,0.0238,185602710
hiwiki,enwiki,2026-06-23,36,9715644,Wp/srn,383,114,497,0.2294,183232810
hiwiki,enwiki,2026-06-23,37,7063228,American_singers,7805,252,8057,0.0313,182575849
hiwiki,enwiki,2026-06-23,38,6645404,American_actresses,7862,274,8136,0.0337,182280429
hiwiki,enwiki,2026-06-23,39,14914955,21st-century_American_male_actors,7165,249,7414,0.0336,180339356
hiwiki,enwiki,2026-06-23,40,140310923,Actors_estatunidencs_nascuts_al_segle_XX,2946,395,3341,0.1182,180101315
hiwiki,enwiki,2026-06-23,41,6408784,21st-century_actors,6368,419,6787,0.0617,176018513
hiwiki,enwiki,2026-06-23,42,9280440,20th-century_American_people,21954,659,22613,0.0291,169675730
hiwiki,enwiki,2026-06-23,43,9715949,Vikipedya:AY,760,518,1278,0.4053,169496880
hiwiki,enwiki,2026-06-23,44,8206361,21st-century_American_actresses,7118,248,7366,0.0337,168025547
hiwiki,enwiki,2026-06-23,45,7031042,American_people_of_Irish_descent,6130,362,6492,0.0558,165299301
hiwiki,enwiki,2026-06-23,46,7217320,Singers,14953,521,15474,0.0337,164639395
hiwiki,enwiki,2026-06-23,47,14914736,20th-century_American_male_actors,10527,202,10729,0.0188,164341619
hiwiki,enwiki,2026-06-23,48,6455247,American_film_producers,6007,336,6343,0.053,160133724
hiwiki,enwiki,2026-06-23,49,33029934,Articol_in_Milanes,28357,4723,33080,0.1428,159699662
hiwiki,enwiki,2026-06-23,50,8206389,21st-century_American_people,11513,554,12067,0.0459,158869529
hiwiki,bnwiki,2026-06-23,1,5611338,ফুটবল,3149,493,3642,0.1354,310136
hiwiki,bnwiki,2026-06-23,2,1455458,বাংলাদেশ,1119,383,1502,0.255,297811
hiwiki,bnwiki,2026-06-23,3,10095516,ঢাকা_বিশ্ববিদ্যালয়ের_প্রাক্তন_শিক্ষার্থী,1504,63,1567,0.0402,192225
hiwiki,bnwiki,2026-06-23,4,1984000,ইসলাম,1671,1277,2948,0.4332,161397
hiwiki,bnwiki,2026-06-23,5,8950510,কলকাতা_বিশ্ববিদ্যালয়ের_প্রাক্তন_শিক্ষার্থী,854,546,1400,0.39,158442
hiwiki,bnwiki,2026-06-23,6,8297423,বাঙালি_লেখক,1070,271,1341,0.2021,154127
hiwiki,bnwiki,2026-06-23,7,8297364,বাঙালি_হিন্দু,556,351,907,0.387,152458
hiwiki,bnwiki,2026-06-23,8,8287974,বাংলাদেশ_জাতীয়তাবাদী_দলের_রাজনীতিবিদ,903,13,916,0.0142,151194
hiwiki,bnwiki,2026-06-23,9,8437937,ফিফা_বিশ্বকাপ,89,21,110,0.1909,149337
hiwiki,bnwiki,2026-06-23,10,8297418,বাঙালি_ব্যক্তি,338,522,860,0.607,136184
hiwiki,bnwiki,2026-06-23,11,6312404,ফিফা,72,23,95,0.2421,134570
hiwiki,bnwiki,2026-06-23,12,8436106,বর্তমান_ফুটবল_মৌসুম,39,4,43,0.093,128347
hiwiki,bnwiki,2026-06-23,13,6456601,বাংলাদেশী_ব্যক্তি,403,123,526,0.2338,127406
hiwiki,bnwiki,2026-06-23,14,138208396,ত্রয়োদশ_জাতীয়_সংসদ_সদস্য,308,5,313,0.016,125459
hiwiki,bnwiki,2026-06-23,15,1457982,ক্রীড়া,1188,1707,2895,0.5896,124471
hiwiki,bnwiki,2026-06-23,16,8297344,বাংলা_ভাষার_চলচ্চিত্র,2063,94,2157,0.0436,122431
hiwiki,bnwiki,2026-06-23,17,7116681,পশ্চিমবঙ্গের_ব্যক্তি,298,306,604,0.5066,115297
hiwiki,bnwiki,2026-06-23,18,8204863,২০২৬_ফিফা_বিশ্বকাপ,47,5,52,0.0962,114762
hiwiki,bnwiki,2026-06-23,19,7068600,বাংলাদেশী_রাজনীতিবিদ,388,58,446,0.13,114167
hiwiki,bnwiki,2026-06-23,20,6457107,ফিফা_বিশ্বকাপের_আসর,22,9,31,0.2903,110603
hiwiki,bnwiki,2026-06-23,21,15136349,২০২৬-এ_ফুটবল,29,1,30,0.0333,109141
hiwiki,bnwiki,2026-06-23,22,7015591,ফুটবল_প্রতিযোগিতা,124,32,156,0.2051,108732
hiwiki,bnwiki,2026-06-23,23,1410960,মার্কিন_যুক্তরাষ্ট্র,2139,2662,4801,0.5545,107339
hiwiki,bnwiki,2026-06-23,24,5650379,Association_football_competitions_for_national_teams,61,15,76,0.1974,102603
hiwiki,bnwiki,2026-06-23,25,105499440,২০শ_শতাব্দীর_বাঙালি,550,173,723,0.2393,102027
hiwiki,bnwiki,2026-06-23,26,7130623,বাংলা_ভাষার_লেখক,319,158,477,0.3312,101294
hiwiki,bnwiki,2026-06-23,27,6177550,পূর্ব_নির্ধারিত_ফুটবল_প্রতিযোগিতা,91,11,102,0.1078,100217
hiwiki,bnwiki,2026-06-23,28,5753390,রাজনীতিবিদ,1249,1194,2443,0.4887,97906
hiwiki,bnwiki,2026-06-23,29,8055972,مواليد_في_كلكتا,423,314,737,0.4261,97331
hiwiki,bnwiki,2026-06-23,30,113522523,Fußballveranstaltung_2026,8,1,9,0.1111,96161
hiwiki,bnwiki,2026-06-23,31,9703480,Biôgrafia,1237,1617,2854,0.5666,93964
hiwiki,bnwiki,2026-06-23,32,7217464,ফুটবলার,1609,213,1822,0.1169,93645
hiwiki,bnwiki,2026-06-23,33,8287971,বাংলাদেশ_আওয়ামী_লীগের_রাজনীতিবিদ,1248,27,1275,0.0212,93084
hiwiki,bnwiki,2026-06-23,34,8297407,বাঙালি_রাজনীতিবিদ,210,88,298,0.2953,92457
hiwiki,bnwiki,2026-06-23,35,6940860,স্বাগতিক_মেক্সিকোয়_আন্তর্জাতিক_ফুটবল_প্রতিযোগিতা,8,1,9,0.1111,90968
hiwiki,bnwiki,2026-06-23,36,140053382,Sports_events_affected_by_the_2026_Iran_war,8,1,9,0.1111,90000
hiwiki,bnwiki,2026-06-23,37,8464023,Football_competitions_in_Mexico,7,1,8,0.125,89547
hiwiki,bnwiki,2026-06-23,38,6940876,স্বাগতিক_মার্কিন_যুক্তরাষ্ট্রে_আন্তর্জাতিক_ফুটবল_প্রতিযোগিতা,12,2,14,0.1429,88003
hiwiki,bnwiki,2026-06-23,39,6015449,বাংলা_সাহিত্য,173,89,262,0.3397,86354
hiwiki,bnwiki,2026-06-23,40,9715644,Wp/srn,161,114,275,0.4145,85001
hiwiki,bnwiki,2026-06-23,41,4325,বাংলাদেশের_ইতিহাস,218,210,428,0.4907,83326
hiwiki,bnwiki,2026-06-23,42,7058427,Football_in_Mexico,16,4,20,0.2,82786
hiwiki,bnwiki,2026-06-23,43,6941044,মার্কিন_যুক্তরাষ্ট্রের_ফুটবল_প্রতিযোগিতা,11,3,14,0.2143,80965
hiwiki,bnwiki,2026-06-23,44,134688305,2026_in_men's_association_football,4,1,5,0.2,80787
hiwiki,bnwiki,2026-06-23,45,10127562,Vykstantys_futbolo_įvykiai,4,1,5,0.2,80643
hiwiki,bnwiki,2026-06-23,46,16777743,বাঙালি_মুসলিম,287,52,339,0.1534,80251
hiwiki,bnwiki,2026-06-23,47,8288043,বাংলাদেশী_মুসলিম,277,52,329,0.1581,79960
hiwiki,bnwiki,2026-06-23,48,9711126,Miranduléś,318,745,1063,0.7008,79156
hiwiki,bnwiki,2026-06-23,49,8912251,পশ্চিমবঙ্গের_রাজনীতিবিদ,220,83,303,0.2739,78299
hiwiki,bnwiki,2026-06-23,50,8288039,বাংলাদেশী_হিন্দু,338,25,363,0.0689,77352
hiwiki,tawiki,2026-06-23,1,125498801,இந்தியத்_தமிழ்த்_திரைப்படங்கள்,5414,227,5641,0.0402,437522
hiwiki,tawiki,2026-06-23,2,8828978,தமிழ்த்_திரைப்படங்கள்,2025,220,2245,0.098,245177
hiwiki,tawiki,2026-06-23,3,15271863,தமிழ்த்_திரைப்பட_நடிகர்கள்,683,213,896,0.2377,139706
hiwiki,tawiki,2026-06-23,4,8829239,தமிழ்த்_திரைப்பட_இயக்குநர்கள்,409,74,483,0.1532,90046
hiwiki,tawiki,2026-06-23,5,8829132,தமிழக_அரசியல்வாதிகள்,318,88,406,0.2167,89635
hiwiki,tawiki,2026-06-23,6,8773403,தமிழக_அரசியல்,320,23,343,0.0671,84999
hiwiki,tawiki,2026-06-23,7,8389687,திராவிட_முன்னேற்றக்_கழக_அரசியல்வாதிகள்,663,31,694,0.0447,82804
hiwiki,tawiki,2026-06-23,8,6375729,தமிழ்_இலக்கியம்,215,49,264,0.1856,82498
hiwiki,tawiki,2026-06-23,9,16816615,இளையராஜா_இசையமைத்த_திரைப்படங்கள்,648,28,676,0.0414,81385
hiwiki,tawiki,2026-06-23,10,15208831,தமிழ்_நடிகர்கள்,214,82,296,0.277,78488
hiwiki,tawiki,2026-06-23,11,7021473,தமிழக_அரசு_திரைப்பட_விருது_வெற்றியாளர்கள்,128,108,236,0.4576,74020
hiwiki,tawiki,2026-06-23,12,16806549,மறு_ஆக்கம்_செய்யப்பட்ட_தமிழ்த்_திரைப்படங்கள்,499,35,534,0.0655,71719
hiwiki,tawiki,2026-06-23,13,8544606,இந்தியத்_தமிழர்,136,88,224,0.3929,71460
hiwiki,tawiki,2026-06-23,14,16790110,தமிழ்நாட்டு_நடிகர்கள்,161,15,176,0.0852,69197
hiwiki,tawiki,2026-06-23,15,7146096,தமிழ்நாடு,188,304,492,0.6179,68581
hiwiki,tawiki,2026-06-23,16,32910244,தேவாரம்_பாடல்_பெற்ற_சிவன்_கோயில்கள்,270,22,292,0.0753,67324
hiwiki,tawiki,2026-06-23,17,8829234,தமிழ்த்_திரைப்பட_நடிகைகள்,594,441,1035,0.4261,64957
hiwiki,tawiki,2026-06-23,18,10082887,பாடல்_பெற்ற_தலங்கள்,254,21,275,0.0764,62183
hiwiki,tawiki,2026-06-23,19,19549556,தென்னிந்திய_பிலிம்பேர்_விருதுகளை_வென்றவர்கள்,211,271,482,0.5622,60686
hiwiki,tawiki,2026-06-23,20,8829471,தமிழ்க்_கவிஞர்கள்,172,34,206,0.165,59330
hiwiki,tawiki,2026-06-23,21,7234405,தமிழ்நாட்டினர்,131,189,320,0.5906,58718
hiwiki,tawiki,2026-06-23,22,25220062,தமிழக_எழுத்தாளர்கள்,721,67,788,0.085,57963
hiwiki,tawiki,2026-06-23,23,8829498,"தமிழ்த்_திரைப்படக்_கதை,_திரைக்கதை,_வசன_எழுத்தாளர்கள்",163,32,195,0.1641,56527
hiwiki,tawiki,2026-06-23,24,8235571,அனைத்திந்திய_அண்ணா_திராவிட_முன்னேற்றக்_கழக_அரசியல்வாதிகள்,658,54,712,0.0758,55376
hiwiki,tawiki,2026-06-23,25,106748938,16_ஆவது_தமிழ்நாடு_சட்டமன்ற_உறுப்பினர்கள்,235,15,250,0.06,54626
hiwiki,tawiki,2026-06-23,26,30513052,14_ஆவது_தமிழ்நாடு_சட்டமன்ற_உறுப்பினர்கள்,232,13,245,0.0531,54226
hiwiki,tawiki,2026-06-23,27,8637627,கலைமாமணி_விருது_பெற்றவர்கள்,215,109,324,0.3364,53277
hiwiki,tawiki,2026-06-23,28,139672559,17_ஆவது_தமிழ்நாடு_சட்டமன்ற_உறுப்பினர்கள்,59,8,67,0.1194,52809
hiwiki,tawiki,2026-06-23,29,30617233,தமிழ்நாட்டுத்_திரைப்பட_இயக்குநர்கள்,139,23,162,0.142,52396
hiwiki,tawiki,2026-06-23,30,7711756,அறிமுக_இயக்குநர்_திரைப்படங்கள்,387,298,685,0.435,51827
hiwiki,tawiki,2026-06-23,31,30513027,15_ஆவது_தமிழ்நாடு_சட்டமன்ற_உறுப்பினர்கள்,228,10,238,0.042,51508
hiwiki,tawiki,2026-06-23,32,28461189,Films_shot_in_Chennai,367,116,483,0.2402,50654
hiwiki,tawiki,2026-06-23,33,61379777,2018_தமிழ்த்_திரைப்படங்கள்,116,7,123,0.0569,49068
hiwiki,tawiki,2026-06-23,34,8955996,தமிழர்,116,154,270,0.5704,48262
hiwiki,tawiki,2026-06-23,35,9852995,مبانى_عباده,473,462,935,0.4941,48254
hiwiki,tawiki,2026-06-23,36,6544235,மலையாளத்_திரைப்பட_நடிகைகள்,386,304,690,0.4406,47852
hiwiki,tawiki,2026-06-23,37,45360258,Populated_places_in_Tamil_Nadu,581,372,953,0.3903,47495
hiwiki,tawiki,2026-06-23,38,86524968,తమిళనాడు_వ్యక్తులు,206,48,254,0.189,47169
hiwiki,tawiki,2026-06-23,39,8829463,தமிழ்த்_திரைப்படப்_பின்னணிப்_பாடகர்கள்,214,114,328,0.3476,46965
hiwiki,tawiki,2026-06-23,40,6301201,21-ஆம்_நூற்றாண்டு_இந்திய_அரசியல்வாதிகள்,708,715,1423,0.5025,46160
hiwiki,tawiki,2026-06-23,41,15354487,தேனி_மாவட்ட_மக்கள்,57,10,67,0.1493,46006
hiwiki,tawiki,2026-06-23,42,7705588,தமிழ்நாடு_மாநிலத்திலுள்ள_ஊர்களும்_நகரங்களும்,548,408,956,0.4268,45695
hiwiki,tawiki,2026-06-23,43,30819078,13_ஆவது_தமிழ்நாடு_சட்டமன்ற_உறுப்பினர்கள்,185,7,192,0.0365,45575
hiwiki,tawiki,2026-06-23,44,43135097,தமிழ்நாட்டுத்_திரைக்கதை_எழுத்தாளர்கள்,93,20,113,0.177,44872
hiwiki,tawiki,2026-06-23,45,10134118,விக்கிப்படுத்தப்பட_வேண்டிய_கட்டுரைகள்,460,172,632,0.2722,44715
hiwiki,tawiki,2026-06-23,46,106313218,2018_multilingual_films,5,0,5,0.0,44705
hiwiki,tawiki,2026-06-23,47,65717567,Awareness_activism,1,0,1,0.0,44631
hiwiki,tawiki,2026-06-23,48,4678533,Əlifba_sırasına_görə_heyvanlar,1823,955,2778,0.3438,44605
hiwiki,tawiki,2026-06-23,49,139677674,தமிழக_வெற்றிக்_கழக_அரசியல்வாதிகள்,35,3,38,0.0789,43941
hiwiki,tawiki,2026-06-23,50,9814450,తమిళ_సినిమా_నటులు,167,62,229,0.2707,43918
hiwiki,tewiki,2026-06-23,1,8838328,తెలుగు_సినిమాలు,663,154,817,0.1885,80132
hiwiki,tewiki,2026-06-23,2,8838370,తెలుగు_సినిమా_నటులు,560,149,709,0.2102,74692
hiwiki,tewiki,2026-06-23,3,9916522,తెలుగు_సినిమా_నటీమణులు,777,467,1244,0.3754,73852
hiwiki,tewiki,2026-06-23,4,8545100,భారతీయ_సినిమా_నటీమణులు,1683,1134,2817,0.4026,71106
hiwiki,tewiki,2026-06-23,5,8838402,తెలుగువారు,508,272,780,0.3487,70761
hiwiki,tewiki,2026-06-23,6,8829234,తమిళ_సినిమా_నటీమణులు,866,441,1307,0.3374,62406
hiwiki,tewiki,2026-06-23,7,15271864,Male_actors_in_Telugu_cinema,384,229,613,0.3736,61607
hiwiki,tewiki,2026-06-23,8,15280486,Nandi_Award_winners,213,145,358,0.405,59189
hiwiki,tewiki,2026-06-23,9,15136951,21వ_శతాబ్దపు_భారతీయ_నటీమణులు,1407,963,2370,0.4063,57135
hiwiki,tewiki,2026-06-23,10,15264151,Indian_male_film_actors,644,862,1506,0.5724,53254
hiwiki,tewiki,2026-06-23,11,8838381,తెలుగు_సినిమా_దర్శకులు,371,78,449,0.1737,53241
hiwiki,tewiki,2026-06-23,12,19549556,Filmfare_Awards_South_winners,264,271,535,0.5065,53210
hiwiki,tewiki,2026-06-23,13,15271863,Male_actors_in_Tamil_cinema,406,213,619,0.3441,46537
hiwiki,tewiki,2026-06-23,14,8838408,Telugu_politicians,471,81,552,0.1467,45611
hiwiki,tewiki,2026-06-23,15,6544235,మలయాళం_సినిమా_నటీమణులు,675,304,979,0.3105,44765
hiwiki,tewiki,2026-06-23,16,16808056,Telugu_male_actors,242,88,330,0.2667,42785
hiwiki,tewiki,2026-06-23,17,8838360,తెలుగుదేశం_పార్టీ_రాజకీయ_నాయకులు,430,47,477,0.0985,42460
hiwiki,tewiki,2026-06-23,18,1411417,India,754,7682,8436,0.9106,41102
hiwiki,tewiki,2026-06-23,19,32990022,బ్రహ్మానందం_నటించిన_సినిమాలు,736,19,755,0.0252,39474
hiwiki,tewiki,2026-06-23,20,8570341,కన్నడ_సినిమా_నటీమణులు,501,277,778,0.356,38362
hiwiki,tewiki,2026-06-23,21,8838415,తెలుగు_కవులు,683,72,755,0.0954,37895
hiwiki,tewiki,2026-06-23,22,138797084,2026_తెలుగు_సినిమాలు,48,5,53,0.0943,35571
hiwiki,tewiki,2026-06-23,23,7116650,ఆంధ్రప్రదేశ్_వ్యక్తులు,259,121,380,0.3184,35080
hiwiki,tewiki,2026-06-23,24,15136953,21st-century_Indian_male_actors,472,672,1144,0.5874,34659
hiwiki,tewiki,2026-06-23,25,19359093,"Films_shot_in_Hyderabad,_India",411,156,567,0.2751,33715
hiwiki,tewiki,2026-06-23,26,16808048,Telugu_films_remade_in_other_languages,378,20,398,0.0503,32810
hiwiki,tewiki,2026-06-23,27,13242461,20వ_శతాబ్ద_భారతీయ_నటీమణులు,601,435,1036,0.4199,32571
hiwiki,tewiki,2026-06-23,28,3919792,నటులు,685,2397,3082,0.7777,31522
hiwiki,tewiki,2026-06-23,29,8833948,తెలంగాణ,210,94,304,0.3092,31415
hiwiki,tewiki,2026-06-23,30,9898839,విస్తరించవలసిన_వ్యాసాలు,458,658,1116,0.5896,29686
hiwiki,tewiki,2026-06-23,31,32990197,సత్యనారాయణ_నటించిన_సినిమాలు,502,8,510,0.0157,29156
hiwiki,tewiki,2026-06-23,32,8544525,భారత_జాతీయ_కాంగ్రెస్_నాయకులు,798,825,1623,0.5083,29114
hiwiki,tewiki,2026-06-23,33,32990031,చంద్రమోహన్_నటించిన_సినిమాలు,521,7,528,0.0133,28900
hiwiki,tewiki,2026-06-23,34,15136459,20th-century_Indian_male_actors,246,470,716,0.6564,28801
hiwiki,tewiki,2026-06-23,35,9822362,తెలుగు_సినిమా,97,22,119,0.1849,28140
hiwiki,tewiki,2026-06-23,36,32986647,తెలుగు_కుటుంబకథా_సినిమాలు,561,7,568,0.0123,28060
hiwiki,tewiki,2026-06-23,37,125498801,Tamil-language_Indian_films,627,227,854,0.2658,27903
hiwiki,tewiki,2026-06-23,38,9821166,తెలుగు_రచయితలు,815,40,855,0.0468,27785
hiwiki,tewiki,2026-06-23,39,16789570,Male_actors_from_Andhra_Pradesh,147,50,197,0.2538,27187
hiwiki,tewiki,2026-06-23,40,8514322,హిందీ_సినిమా_నటీమణులు,652,983,1635,0.6012,26966
hiwiki,tewiki,2026-06-23,41,8596009,సంవత్సరం_వారీగా_తెలుగు_సినిమాల_జాబితాలు,99,1,100,0.01,26575
hiwiki,tewiki,2026-06-23,42,16808042,Telugu_film_producers,147,43,190,0.2263,26557
hiwiki,tewiki,2026-06-23,43,9822824,తెలుగు_సినిమా_నిర్మాతలు,210,19,229,0.083,26150
hiwiki,tewiki,2026-06-23,44,30617238,Film_directors_from_Andhra_Pradesh,144,39,183,0.2131,25067
hiwiki,tewiki,2026-06-23,45,30793434,South_Indian_International_Movie_Awards_winners,92,167,259,0.6448,24820
hiwiki,tewiki,2026-06-23,46,9747012,తెలుగు_కళాకారులు,190,34,224,0.1518,24340
hiwiki,tewiki,2026-06-23,47,32990106,అల్లు_రామలింగయ్య_నటించిన_సినిమాలు,408,5,413,0.0121,23987
hiwiki,tewiki,2026-06-23,48,32985146,హిందూ_దేవాలయాలు,436,113,549,0.2058,23752
hiwiki,tewiki,2026-06-23,49,32990033,కోట_శ్రీనివాసరావు_నటించిన_సినిమాలు,390,12,402,0.0299,23301
hiwiki,tewiki,2026-06-23,50,6467274,భారతీయ_నటీమణులు,472,1061,1533,0.6921,23262
hiwiki,mlwiki,2026-06-23,1,8601100,മലയാളം_എഴുത്തുകാർ,367,101,468,0.2158,101777
hiwiki,mlwiki,2026-06-23,2,8601086,മലയാളകവികൾ,221,52,273,0.1905,86670
hiwiki,mlwiki,2026-06-23,3,7051430,മലയാളികൾ,496,223,719,0.3102,70880
hiwiki,mlwiki,2026-06-23,4,8891990,ഔഷധസസ്യങ്ങൾ,1087,500,1587,0.3151,63382
hiwiki,mlwiki,2026-06-23,5,28399465,Poets_from_Kerala,102,44,146,0.3014,63169
hiwiki,mlwiki,2026-06-23,6,8637632,കേരള_സാഹിത്യ_അക്കാദമി_പുരസ്കാരം_ലഭിച്ചവർ,282,68,350,0.1943,61545
hiwiki,mlwiki,2026-06-23,7,14513212,കേരളത്തിലെ_സസ്യജാലം,1029,230,1259,0.1827,60502
hiwiki,mlwiki,2026-06-23,8,15271862,മലയാളചലച്ചിത്രനടന്മാർ,404,112,516,0.2171,53638
hiwiki,mlwiki,2026-06-23,9,1457109,സസ്യങ്ങൾ,995,842,1837,0.4584,52139
hiwiki,mlwiki,2026-06-23,10,7021413,Kerala_State_Film_Award_winners,203,88,291,0.3024,50505
hiwiki,mlwiki,2026-06-23,11,6262773,കേരളം,268,254,522,0.4866,44912
hiwiki,mlwiki,2026-06-23,12,7116687,കേരളീയർ,182,201,383,0.5248,43098
hiwiki,mlwiki,2026-06-23,13,15918083,കാൾ_ലിനേയസ്_നാമകരണം_ചെയ്തവ,712,538,1250,0.4304,40544
hiwiki,mlwiki,2026-06-23,14,4678533,Əlifba_sırasına_görə_heyvanlar,1340,955,2295,0.4161,39817
hiwiki,mlwiki,2026-06-23,15,6641172,വൃക്ഷങ്ങൾ,737,332,1069,0.3106,38490
hiwiki,mlwiki,2026-06-23,16,8954432,Writers_from_Kerala,151,62,213,0.2911,38431
hiwiki,mlwiki,2026-06-23,17,8601011,മലയാളചലച്ചിത്രങ്ങൾ,808,70,878,0.0797,36332
hiwiki,mlwiki,2026-06-23,18,8725723,ആലപ്പുഴ_ജില്ലയിൽ_ജനിച്ചവർ,159,32,191,0.1675,35387
hiwiki,mlwiki,2026-06-23,19,8601048,Malayalam_film_directors,240,35,275,0.1273,34644
hiwiki,mlwiki,2026-06-23,20,10101436,മലയാളം_നോവലെഴുത്തുകാർ,129,40,169,0.2367,32733
hiwiki,mlwiki,2026-06-23,21,8324919,കേരളചരിത്രം,250,62,312,0.1987,32346
hiwiki,mlwiki,2026-06-23,22,21979429,Botanical_taxa_named_by_Carl_Linnaeus,472,285,757,0.3765,31551
hiwiki,mlwiki,2026-06-23,23,8601060,മലയാളം,55,21,76,0.2763,31157
hiwiki,mlwiki,2026-06-23,24,6178282,പുഷ്പിക്കുന്ന_സസ്യങ്ങൾ,900,259,1159,0.2235,30671
hiwiki,mlwiki,2026-06-23,25,8601112,രാഷ്ട്രീയക്കാരായ_മലയാളികൾ,213,47,260,0.1808,29569
hiwiki,mlwiki,2026-06-23,26,8544526,കേരളത്തിലെ_ഇന്ത്യൻ_നാഷണൽ_കോൺഗ്രസ്_പ്രവർത്തകർ,309,35,344,0.1017,29354
hiwiki,mlwiki,2026-06-23,27,10099449,മലയാള_കഥാകൃത്തുക്കൾ,119,32,151,0.2119,28744
hiwiki,mlwiki,2026-06-23,28,32986849,కేరళ_వ్యక్తులు,107,56,163,0.3436,28692
hiwiki,mlwiki,2026-06-23,29,25039335,Lists_of_plant_species,670,273,943,0.2895,28615
hiwiki,mlwiki,2026-06-23,30,9204480,അലങ്കാരസസ്യങ്ങൾ,588,181,769,0.2354,28565
hiwiki,mlwiki,2026-06-23,31,6544235,മലയാളചലച്ചിത്രനടിമാർ,369,304,673,0.4517,27843
hiwiki,mlwiki,2026-06-23,32,9757156,Plants_described_in_1753,406,275,681,0.4038,27807
hiwiki,mlwiki,2026-06-23,33,7139274,ഏഷ്യയിലെ_സസ്യജാലം,385,273,658,0.4149,27441
hiwiki,mlwiki,2026-06-23,34,15291341,മലപ്പുറം_ജില്ലയിൽ_ജനിച്ചവർ,136,37,173,0.2139,26994
hiwiki,mlwiki,2026-06-23,35,8765143,أنواع_نباتية,370,266,636,0.4182,26724
hiwiki,mlwiki,2026-06-23,36,8733425,എറണാകുളം_ജില്ലയിൽ_ജനിച്ചവർ,149,27,176,0.1534,26491
hiwiki,mlwiki,2026-06-23,37,139672698,പതിനാറാം_കേരള_നിയമസഭാംഗങ്ങൾ,114,7,121,0.0579,26447
hiwiki,mlwiki,2026-06-23,38,9963711,കേരളത്തിലെ_വൃക്ഷങ്ങൾ,573,96,669,0.1435,26125
hiwiki,mlwiki,2026-06-23,39,7157113,ഓഷധികൾ,263,342,605,0.5653,25745
hiwiki,mlwiki,2026-06-23,40,43193677,Novelists_from_Kerala,100,42,142,0.2958,25745
hiwiki,mlwiki,2026-06-23,41,8601088,മലയാളതിരക്കഥാകൃത്തുക്കൾ,175,22,197,0.1117,25737
hiwiki,mlwiki,2026-06-23,42,24893163,Male_actors_in_Malayalam_television,96,3,99,0.0303,24872
hiwiki,mlwiki,2026-06-23,43,7223431,ഇന്ത്യയിലെ_സസ്യജാലം,368,220,588,0.3741,24752
hiwiki,mlwiki,2026-06-23,44,8572908,കേരളത്തിലെ_രാഷ്ട്രീയപ്രവർത്തകർ,163,48,211,0.2275,24490
hiwiki,mlwiki,2026-06-23,45,25208345,പതിനാലാം_കേരളനിയമസഭാ_അംഗങ്ങൾ,141,8,149,0.0537,24371
hiwiki,mlwiki,2026-06-23,46,5610882,«نوع»_میکروفورماتلاری_اولان_مقاله‌لر,266,784,1050,0.7467,24229
hiwiki,mlwiki,2026-06-23,47,9938067,കവിതക്കുള്ള_കേരള_സാഹിത്യ_അക്കാദമി_പുരസ്കാരം_ലഭിച്ചവർ,40,22,62,0.3548,23943
hiwiki,mlwiki,2026-06-23,48,9464335,Təhlükədə_olmayan_növlər,741,314,1055,0.2976,23573
hiwiki,mlwiki,2026-06-23,49,6518894,പുഷ്പങ്ങൾ,485,185,670,0.2761,23303
hiwiki,mlwiki,2026-06-23,50,18603283,Morts_a_Kerala,45,30,75,0.4,23038
hiwiki,mrwiki,2026-06-23,1,25351284,कायमचे_मृत_बाह्य_दुवे_असणारे_लेख,1659,1275,2934,0.4346,124771
hiwiki,mrwiki,2026-06-23,2,8607853,मराठी_लेखक,995,205,1200,0.1708,73472
hiwiki,mrwiki,2026-06-23,3,8595825,महाराष्ट्रामधील_राजकारणी,406,177,583,0.3036,65572
hiwiki,mrwiki,2026-06-23,4,7234470,महाराष्ट्रातील_व्यक्ती,263,479,742,0.6456,57879
hiwiki,mrwiki,2026-06-23,5,8607868,मराठी_व्यक्ती,224,426,650,0.6554,55270
hiwiki,mrwiki,2026-06-23,6,7238246,महाराष्ट्र,195,412,607,0.6787,49271
hiwiki,mrwiki,2026-06-23,7,10007867,मराठी_राजकारणी,322,155,477,0.3249,48360
hiwiki,mrwiki,2026-06-23,8,59771339,एक_ही_संदर्भ_नसलेले_लेख,582,296,878,0.3371,39361
hiwiki,mrwiki,2026-06-23,9,8607871,मराठी_कवी,210,56,266,0.2105,33370
hiwiki,mrwiki,2026-06-23,10,7705378,महाराष्ट्र_राज्यातील_शहरे_व_गावे,1633,156,1789,0.0872,32919
hiwiki,mrwiki,2026-06-23,11,9715644,Wp/srn,245,114,359,0.3175,29733
hiwiki,mrwiki,2026-06-23,12,15272044,मराठी_दूरचित्रवाहिनी_मालिका,228,6,234,0.0256,24938
hiwiki,mrwiki,2026-06-23,13,7476999,मराठा_साम्राज्य,57,146,203,0.7192,24476
hiwiki,mrwiki,2026-06-23,14,86271658,महाराष्ट्राच्या_१४_व्या_विधानसभेचे_सदस्य,243,23,266,0.0865,24224
hiwiki,mrwiki,2026-06-23,15,10013031,महाराष्ट्रातील_आमदार,244,33,277,0.1191,23834
hiwiki,mrwiki,2026-06-23,16,10009098,मराठी_संत,43,23,66,0.3485,22627
hiwiki,mrwiki,2026-06-23,17,8271769,महाराष्ट्रामधील_विधानसभा_मतदारसंघ,278,12,290,0.0414,22386
hiwiki,mrwiki,2026-06-23,18,7030483,भारतीय_राजकारणी,400,1559,1959,0.7958,22017
hiwiki,mrwiki,2026-06-23,19,8468896,महाराष्ट्रातील_किल्ले,227,54,281,0.1922,21627
hiwiki,mrwiki,2026-06-23,20,8739657,शिवसेनेतील_राजकारणी,133,45,178,0.2528,20549
hiwiki,mrwiki,2026-06-23,21,10045628,विकिकरण_करण्याजोगे_लेख,275,161,436,0.3693,19765
hiwiki,mrwiki,2026-06-23,22,7336700,पुणे,208,84,292,0.2877,19491
hiwiki,mrwiki,2026-06-23,23,131354728,महाराष्ट्राच्या_१५_व्या_विधानसभेचे_सदस्य,183,12,195,0.0615,18987
hiwiki,mrwiki,2026-06-23,24,105697862,झी_मराठी_दूरचित्रवाहिनी_मालिका,139,5,144,0.0347,18858
hiwiki,mrwiki,2026-06-23,25,8772931,महाराष्ट्रातील_राजकारण,166,23,189,0.1217,18681
hiwiki,mrwiki,2026-06-23,26,61377276,महाराष्ट्राच्या_१३_व्या_विधानसभेचे_सदस्य,134,17,151,0.1126,18679
hiwiki,mrwiki,2026-06-23,27,24967046,Maharashtra_MLAs_2014–2019,145,24,169,0.142,18646
hiwiki,mrwiki,2026-06-23,28,9860934,किल्ले,217,53,270,0.1963,18092
hiwiki,mrwiki,2026-06-23,29,30818382,महाराष्ट्रातील_राष्ट्रवादी_काँग्रेस_पक्षाचे_राजकारणी,88,25,113,0.2212,17944
hiwiki,mrwiki,2026-06-23,30,15270147,महाराष्ट्रातील_लोकसभा_सदस्य,133,112,245,0.4571,17428
hiwiki,mrwiki,2026-06-23,31,9703480,Biôgrafia,691,1617,2308,0.7006,17276
hiwiki,mrwiki,2026-06-23,32,9846108,ऐतिहासिक_व्यक्ती,33,37,70,0.5286,17195
hiwiki,mrwiki,2026-06-23,33,10047639,विकिप्रकल्प_दिनविशेष,1,1,2,0.5,16375
hiwiki,mrwiki,2026-06-23,34,86272334,महाराष्ट्राच्या_१२_व्या_विधानसभेचे_सदस्य,108,21,129,0.1628,15132
hiwiki,mrwiki,2026-06-23,35,8595796,Maharashtra_MLAs_2009–2014,90,28,118,0.2373,15037
hiwiki,mrwiki,2026-06-23,36,8828704,महाराष्ट्रातील_तालुके,228,236,464,0.5086,14943
hiwiki,mrwiki,2026-06-23,37,6493807,क्रिकेट,1729,2665,4394,0.6065,14730
hiwiki,mrwiki,2026-06-23,38,24890304,Bharatiya_Janata_Party_politicians_from_Maharashtra,170,70,240,0.2917,14352
hiwiki,mrwiki,2026-06-23,39,8607862,मराठी_चित्रपट_अभिनेत्री,211,127,338,0.3757,14283
hiwiki,mrwiki,2026-06-23,40,8619690,महाराष्ट्र_विधानसभेचे_सदस्य,79,25,104,0.2404,14024
hiwiki,mrwiki,2026-06-23,41,8808054,पुणे_जिल्हा,61,89,150,0.5933,13997
hiwiki,mrwiki,2026-06-23,42,8949814,मराठा_साम्राज्यातील_स्त्रिया,24,11,35,0.3143,13732
hiwiki,mrwiki,2026-06-23,43,8496382,महाराष्ट्र_शासन,42,23,65,0.3538,13628
hiwiki,mrwiki,2026-06-23,44,10009264,मराठी_समाजसुधारक,15,21,36,0.5833,13368
hiwiki,mrwiki,2026-06-23,45,8764406,महाराष्ट्रातील_तीर्थक्षेत्रे,60,30,90,0.3333,13088
hiwiki,mrwiki,2026-06-23,46,8607866,मराठी_साहित्य,65,34,99,0.3434,13061
hiwiki,mrwiki,2026-06-23,47,61381074,महाराष्ट्रातील_मागासवर्गीय_जाती,11,1,12,0.0833,12948
hiwiki,mrwiki,2026-06-23,48,10009283,मराठी_समाजसेवक,55,24,79,0.3038,12929
hiwiki,mrwiki,2026-06-23,49,10005075,मराठी_चित्रपट_अभिनेते,197,67,264,0.2538,12922
hiwiki,mrwiki,2026-06-23,50,9487411,Усе_храналагічныя_пералікі,967,1999,2966,0.674,12688
hiwiki,knwiki,2026-06-23,1,8570349,ಕನ್ನಡ_ಸಾಹಿತ್ಯ,559,67,626,0.107,67939
hiwiki,knwiki,2026-06-23,2,9844264,ಸಾಹಿತಿಗಳು,706,152,858,0.1772,60506
hiwiki,knwiki,2026-06-23,3,8570357,ಕನ್ನಡ_ಸಾಹಿತಿಗಳು,167,82,249,0.3293,52606
hiwiki,knwiki,2026-06-23,4,8570356,ಕನ್ನಡ_ಕವಿಗಳು,93,74,167,0.4431,52507
hiwiki,knwiki,2026-06-23,5,33044957,ಮೈಸೂರು_ವಿಶ್ವವಿದ್ಯಾನಿಲಯ_ವಿಶ್ವಕೋಶ,1706,1505,3211,0.4687,45709
hiwiki,knwiki,2026-06-23,6,7145985,ಕರ್ನಾಟಕ,169,335,504,0.6647,36918
hiwiki,knwiki,2026-06-23,7,33079992,Gamba_Peuniléh,1,2,3,0.6667,29315
hiwiki,knwiki,2026-06-23,8,8518422,ಕರ್ನಾಟಕದ_ಇತಿಹಾಸ,104,167,271,0.6162,27612
hiwiki,knwiki,2026-06-23,9,9727294,ಕಡತ_ಕೊಂಡಿಗಳು_ಮುರಿದಿರುವ_ಪುಟಗಳು,562,1012,1574,0.6429,27481
hiwiki,knwiki,2026-06-23,10,8570352,Kannada_people,101,110,211,0.5213,24765
hiwiki,knwiki,2026-06-23,11,9760560,ಚುಟುಕು,958,546,1504,0.363,23014
hiwiki,knwiki,2026-06-23,12,8570347,ಕನ್ನಡ,92,20,112,0.1786,21144
hiwiki,knwiki,2026-06-23,13,28399467,Poets_from_Karnataka,35,36,71,0.507,20902
hiwiki,knwiki,2026-06-23,14,7116201,People_from_Karnataka,88,205,293,0.6997,19302
hiwiki,knwiki,2026-06-23,15,9740956,ಕವಿಗಳು,198,109,307,0.355,18583
hiwiki,knwiki,2026-06-23,16,8570330,ಕನ್ನಡ_ಚಲನಚಿತ್ರಗಳು,869,27,896,0.0301,18518
hiwiki,knwiki,2026-06-23,17,9731652,ಕನ್ನಡ_ವ್ಯಾಕರಣ,57,9,66,0.1364,14659
hiwiki,knwiki,2026-06-23,18,33097446,ವ್ಯಕ್ತಿಲು,46,126,172,0.7326,14613
hiwiki,knwiki,2026-06-23,19,33045230,ಉಲ್ಲೇಖವಿಲ್ಲದ_ಲೇಖನಗಳು,275,121,396,0.3056,14278
hiwiki,knwiki,2026-06-23,20,9824273,ಲೇಖಕರು,211,77,288,0.2674,13427
hiwiki,knwiki,2026-06-23,21,8571051,Society_of_Karnataka,25,40,65,0.6154,12619
hiwiki,knwiki,2026-06-23,22,9832977,ವಿಕೀಕರಣ_ಮಾಡಬೇಕಿರುವ_ಲೇಖನಗಳು,268,136,404,0.3366,11959
hiwiki,knwiki,2026-06-23,23,9824307,ಲೇಖಕಿಯರು,255,36,291,0.1237,11928
hiwiki,knwiki,2026-06-23,24,8204202,ಕರ್ನಾಟಕ_ರಾಜ್ಯದ_ಗ್ರಾಮಗಳು,46,97,143,0.6783,11283
hiwiki,knwiki,2026-06-23,25,8571048,ಕರ್ನಾಟಕ_ರಾಜಕಾರಣಿಗಳು,97,75,172,0.436,10375
hiwiki,knwiki,2026-06-23,26,33044714,ಪಂಪ_ಪ್ರಶಸ್ತಿ_ಪುರಸ್ಕೃತರು,10,15,25,0.6,9980
hiwiki,knwiki,2026-06-23,27,8468865,Forts_in_Karnataka,22,55,77,0.7143,9708
hiwiki,knwiki,2026-06-23,28,33045176,ಲಿಂಗಾಯತ,37,9,46,0.1957,8966
hiwiki,knwiki,2026-06-23,29,33044729,ವ್ಯಾಕರಣ,29,9,38,0.2368,8925
hiwiki,knwiki,2026-06-23,30,8570344,ಕನ್ನಡ_ಚಲನಚಿತ್ರ_ನಿರ್ದೇಶಕರು,95,38,133,0.2857,8351
hiwiki,knwiki,2026-06-23,31,9763802,ಜಾನಪದ,178,33,211,0.1564,8348
hiwiki,knwiki,2026-06-23,32,8156046,Waterfalls_of_Karnataka,15,47,62,0.7581,7983
hiwiki,knwiki,2026-06-23,33,33097364,ಕನ್ನಡ_ಕವಿ,4,8,12,0.6667,7842
hiwiki,knwiki,2026-06-23,34,9736335,ಕರ್ನಾಟಕದ_ಪ್ರಸಿದ್ಧ_ವ್ಯಕ್ತಿಗಳು,62,21,83,0.253,7648
hiwiki,knwiki,2026-06-23,35,9821621,ರಾಜಕಾರಣಿಗಳು,138,133,271,0.4908,7634
hiwiki,knwiki,2026-06-23,36,118733325,Karnataka_MLAs_2023–2028,34,9,43,0.2093,7631
hiwiki,knwiki,2026-06-23,37,8591448,Lingayatism,21,20,41,0.4878,7539
hiwiki,knwiki,2026-06-23,38,9056439,ಕರ್ನಾಟಕದ_ನಗರ_ಮತ್ತು_ಪಟ್ಟಣಗಳು,43,285,328,0.8689,7468
hiwiki,knwiki,2026-06-23,39,15292171,People_from_Shimoga_district,25,20,45,0.4444,7355
hiwiki,knwiki,2026-06-23,40,15344659,Male_actors_in_Kannada_cinema,113,93,206,0.4515,7229
hiwiki,knwiki,2026-06-23,41,33045108,ವಚನಕಾರರು,43,3,46,0.0652,7152
hiwiki,knwiki,2026-06-23,42,32985461,కన్నడ_రచయితలు,8,11,19,0.5789,7090
hiwiki,knwiki,2026-06-23,43,30818637,Karnataka_MLAs_2013–2018,31,11,42,0.2619,6822
hiwiki,knwiki,2026-06-23,44,33044614,ದೇವಾಲಯಗಳು,146,80,226,0.354,6820
hiwiki,knwiki,2026-06-23,45,8570336,ಕನ್ನಡ_ಸಿನೆಮಾ,93,26,119,0.2185,6753
hiwiki,knwiki,2026-06-23,46,55946950,Karnataka_MLAs_2018–2023,32,15,47,0.3191,6730
hiwiki,knwiki,2026-06-23,47,32985797,కన్నడ_కవులు,7,12,19,0.6316,6707
hiwiki,knwiki,2026-06-23,48,24995918,Writers_from_Mysore,20,17,37,0.4595,6651
hiwiki,knwiki,2026-06-23,49,25076421,Indian_National_Congress_politicians_from_Karnataka,45,49,94,0.5213,6545
hiwiki,knwiki,2026-06-23,50,30818641,Karnataka_MLAs_2008–2013,27,15,42,0.3571,6388
hiwiki,urwiki,2026-06-23,1,1984000,اسلام,1903,1277,3180,0.4016,164571
hiwiki,urwiki,2026-06-23,2,1457673,جغرافیہ,49651,2910,52561,0.0554,116543
hiwiki,urwiki,2026-06-23,3,7130256,تاریخ_اسلام,765,584,1349,0.4329,109800
hiwiki,urwiki,2026-06-23,4,7935248,Алфавит_буйынса_ислам_шәхестәре,950,247,1197,0.2063,106613
hiwiki,urwiki,2026-06-23,5,18640871,ساتویں_صدی_کی_عرب_شخصیات,625,98,723,0.1355,89758
hiwiki,urwiki,2026-06-23,6,1410960,ریاستہائے_متحدہ,43651,2662,46313,0.0575,86759
hiwiki,urwiki,2026-06-23,7,7217395,صحابہ_و_صحابیات,844,106,950,0.1116,86249
hiwiki,urwiki,2026-06-23,8,6819512,عرب_شخصیات,457,217,674,0.322,71422
hiwiki,urwiki,2026-06-23,9,6434591,شیعیت,344,99,443,0.2235,64670
hiwiki,urwiki,2026-06-23,10,7460289,اسلامی_اصطلاحات,679,497,1176,0.4226,62104
hiwiki,urwiki,2026-06-23,11,33029934,Articol_in_Milanes,4294,4723,9017,0.5238,59457
hiwiki,urwiki,2026-06-23,12,9126476,شہر,17915,1629,19544,0.0834,57796
hiwiki,urwiki,2026-06-23,13,9705320,Endrika_ampiasaina_amin'ny_jeografia,19138,2582,21720,0.1189,56947
hiwiki,urwiki,2026-06-23,14,7129271,ساتویں_صدی_کی_شخصیات,208,108,316,0.3418,54723
hiwiki,urwiki,2026-06-23,15,23706330,Bu_dem_liwot,3508,1383,4891,0.2828,53416
hiwiki,urwiki,2026-06-23,16,8602383,صحابہ,458,53,511,0.1037,53320
hiwiki,urwiki,2026-06-23,17,8555432,Islam_saadjies,437,433,870,0.4977,52868
hiwiki,urwiki,2026-06-23,18,8063242,مکہ_میں_پیدا_ہونے_والی_شخصیات,299,62,361,0.1717,51785
hiwiki,urwiki,2026-06-23,19,7237892,مسلم_شخصیات,367,449,816,0.5502,50196
hiwiki,urwiki,2026-06-23,20,1411712,ایران,47895,496,48391,0.0102,49544
hiwiki,urwiki,2026-06-23,21,6426358,اہل_بیت,255,77,332,0.2319,49257
hiwiki,urwiki,2026-06-23,22,7116163,مدنی_شخصیات,201,65,266,0.2444,48779
hiwiki,urwiki,2026-06-23,23,9703480,Biôgrafia,2339,1617,3956,0.4087,47030
hiwiki,urwiki,2026-06-23,24,7035269,Hahakeno_mihcaan_a_masofoc,1720,665,2385,0.2788,45756
hiwiki,urwiki,2026-06-23,25,6620777,Əlifba_sırasına_görə_alimlər,1810,1468,3278,0.4478,45744
hiwiki,urwiki,2026-06-23,26,1457903,مذہب,583,1199,1782,0.6728,44448
hiwiki,urwiki,2026-06-23,27,6826214,مکی_شخصیات,186,71,257,0.2763,42901
hiwiki,urwiki,2026-06-23,28,30307162,Иртә_ислам_тарихында_шәхестәр,177,71,248,0.2863,42342
hiwiki,urwiki,2026-06-23,29,9220893,28_مئی_کی_وفیات,103,16,119,0.1345,42081
hiwiki,urwiki,2026-06-23,30,9228737,21_اپریل_کی_پیدائشیں,250,33,283,0.1166,41937
hiwiki,urwiki,2026-06-23,31,7463616,اہل_سنت,188,134,322,0.4161,41707
hiwiki,urwiki,2026-06-23,32,9219064,مدینہ_منورہ_میں_وفات_پانے_والی_شخصیات,301,58,359,0.1616,41672
hiwiki,urwiki,2026-06-23,33,6958407,قریش,127,56,183,0.306,41117
hiwiki,urwiki,2026-06-23,34,6127538,ریاستہائے_متحدہ_کے_شہر,23380,302,23682,0.0128,39258
hiwiki,urwiki,2026-06-23,35,9715644,Wp/srn,265,114,379,0.3008,38964
hiwiki,urwiki,2026-06-23,36,6466283,مسلم_الٰہیات_دان,617,124,741,0.1673,38651
hiwiki,urwiki,2026-06-23,37,32589508,ويکيډاټا_سرچينې_لرونکي_مخونه,1047,1299,2346,0.5537,38592
hiwiki,urwiki,2026-06-23,38,3919762,امریکی_شخصیات,20479,1996,22475,0.0888,37933
hiwiki,urwiki,2026-06-23,39,7305252,مسلمان_شہدا,116,24,140,0.1714,37250
hiwiki,urwiki,2026-06-23,40,8529001,حسین_ابن_علی,142,17,159,0.1069,36898
hiwiki,urwiki,2026-06-23,41,5753390,سیاست_دان,2486,1194,3680,0.3245,36885
hiwiki,urwiki,2026-06-23,42,7144995,محمد_بن_عبد_اللہ,161,193,354,0.5452,36154
hiwiki,urwiki,2026-06-23,43,1457595,تاریخ,686,2256,2942,0.7668,36134
hiwiki,urwiki,2026-06-23,44,8289239,بنو_ہاشم,101,28,129,0.2171,36046
hiwiki,urwiki,2026-06-23,45,7192108,Páginas_con_errores_en_secuencias_de_órdenes,1535,2349,3884,0.6048,35097
hiwiki,urwiki,2026-06-23,46,33047539,تجمع_سكان,28959,1394,30353,0.0459,34128
hiwiki,urwiki,2026-06-23,47,8292894,سانحۂ_کربلا,67,11,78,0.141,34126
hiwiki,urwiki,2026-06-23,48,7848912,علی_ابن_ابی_طالب,93,42,135,0.3111,34021
hiwiki,urwiki,2026-06-23,49,7237893,پاکستانی_مسلم_شخصیات,868,186,1054,0.1765,33835
hiwiki,urwiki,2026-06-23,50,10094122,اصحاب_بدر,391,24,415,0.0578,33804
knwiki,enwiki,2026-06-23,1,1410960,United_States,211048,785,211833,0.0037,847283081
knwiki,enwiki,2026-06-23,2,3919762,American_people,122872,590,123462,0.0048,772439251
knwiki,enwiki,2026-06-23,3,5479723,Film_actors,36425,353,36778,0.0096,526296516
knwiki,enwiki,2026-06-23,4,3919792,Actors,55984,627,56611,0.0111,461880524
knwiki,enwiki,2026-06-23,5,9698417,American_actors,23769,165,23934,0.0069,436453432
knwiki,enwiki,2026-06-23,6,5479560,Television_actors,30688,314,31002,0.0101,416123699
knwiki,enwiki,2026-06-23,7,5837414,American_film_actors,12258,144,12402,0.0116,364119772
knwiki,enwiki,2026-06-23,8,5461159,American_television_actors,12467,118,12585,0.0094,362594140
knwiki,enwiki,2026-06-23,9,8206360,21st-century_American_actors,11260,111,11371,0.0098,354080364
knwiki,enwiki,2026-06-23,10,9426612,Алфавит_буйынса_актёрҙар,13185,354,13539,0.0261,334295100
knwiki,enwiki,2026-06-23,11,6840573,English-language_films,62070,106,62176,0.0017,315438637
knwiki,enwiki,2026-06-23,12,3919868,American_films,33651,83,33734,0.0025,278949162
knwiki,enwiki,2026-06-23,13,7835232,Əlifba_sırasına_görə_filmlər,35037,166,35203,0.0047,275036023
knwiki,enwiki,2026-06-23,14,1411125,United_Kingdom,74320,426,74746,0.0057,266120898
knwiki,enwiki,2026-06-23,15,7269712,20th-century_American_actors,12030,98,12128,0.0081,264911439
knwiki,enwiki,2026-06-23,16,5611338,Association_football,144178,94,144272,0.0007,247688776
knwiki,enwiki,2026-06-23,17,8246543,American_male_film_actors,14186,103,14289,0.0072,245925962
knwiki,enwiki,2026-06-23,18,1457982,Sports,132078,437,132515,0.0033,243365051
knwiki,enwiki,2026-06-23,19,3919830,British_people,44005,532,44537,0.0119,241888954
knwiki,enwiki,2026-06-23,20,9703480,Biôgrafia,24244,791,25035,0.0316,232590699
knwiki,enwiki,2026-06-23,21,6508,Astronomy,5146,315,5461,0.0577,230988444
knwiki,enwiki,2026-06-23,22,9228737,Кандык_айдыҥ_21_кӱнинде_чыккандар,1686,14,1700,0.0082,228108808
knwiki,enwiki,2026-06-23,23,9220893,Кӱӱк_айдыҥ_28_кӱнинде_божогондор,685,5,690,0.0072,225528852
knwiki,enwiki,2026-06-23,24,9865921,Wikipedia:Wiphalakunap_Plantillankukuna,861,27,888,0.0304,223774129
knwiki,enwiki,2026-06-23,25,9636824,Əlifba_sırasına_görə_musiqiçilər,24375,197,24572,0.008,220297393
knwiki,enwiki,2026-06-23,26,6397842,American_male_actors,9669,106,9775,0.0108,219746041
knwiki,enwiki,2026-06-23,27,9715949,Vikipedya:AY,984,294,1278,0.23,219453855
knwiki,enwiki,2026-06-23,28,9426286,Алфавит_буйынса_актрисалар,11060,216,11276,0.0192,217043509
knwiki,enwiki,2026-06-23,29,129212025,Tuveli:Izvopa,417,36,453,0.0795,211999783
knwiki,enwiki,2026-06-23,30,8246554,American_male_television_actors,11557,69,11626,0.0059,210625171
knwiki,enwiki,2026-06-23,31,6740310,American_voice_actors,4322,80,4402,0.0182,202338922
knwiki,enwiki,2026-06-23,32,4966679,Wikipedia,409,67,476,0.1408,200119465
knwiki,enwiki,2026-06-23,33,9715644,Wp/srn,417,80,497,0.161,199498909
knwiki,enwiki,2026-06-23,34,140310923,Actors_estatunidencs_nascuts_al_segle_XX,3235,106,3341,0.0317,197769095
knwiki,enwiki,2026-06-23,35,33079992,Gamba_Peuniléh,21,3,24,0.125,196373802
knwiki,enwiki,2026-06-23,36,8245580,American_film_actresses,11204,62,11266,0.0055,195721092
knwiki,enwiki,2026-06-23,37,10074376,Pobo_sakizaya,6,1,7,0.1429,192330935
knwiki,enwiki,2026-06-23,38,6426972,American_television_actresses,9333,55,9388,0.0059,189004920
knwiki,enwiki,2026-06-23,39,6645404,American_actresses,8074,62,8136,0.0076,187195648
knwiki,enwiki,2026-06-23,40,7220786,Selected_anniversaries,5,1,6,0.1667,187018880
knwiki,enwiki,2026-06-23,41,7063228,American_singers,7973,84,8057,0.0104,186505733
knwiki,enwiki,2026-06-23,42,14914955,21st-century_American_male_actors,7352,62,7414,0.0084,185046049
knwiki,enwiki,2026-06-23,43,6408784,21st-century_actors,6671,116,6787,0.0171,184393766
knwiki,enwiki,2026-06-23,44,97269191,Pàgine_in_Zeneise-Grafia_unitäia,75,19,94,0.2021,181775832
knwiki,enwiki,2026-06-23,45,33029934,Articol_in_Milanes,31282,1798,33080,0.0544,176172544
knwiki,enwiki,2026-06-23,46,9280440,20th-century_American_people,22382,231,22613,0.0102,172983610
knwiki,enwiki,2026-06-23,47,8206361,21st-century_American_actresses,7312,54,7366,0.0073,172605057
knwiki,enwiki,2026-06-23,48,7031042,American_people_of_Irish_descent,6371,121,6492,0.0186,171798017
knwiki,enwiki,2026-06-23,49,9711126,Miranduléś,3976,390,4366,0.0893,169886153
knwiki,enwiki,2026-06-23,50,7217320,Singers,15295,179,15474,0.0116,168404972
knwiki,bnwiki,2026-06-23,1,1411417,ভারত,3874,2890,6764,0.4273,403924
knwiki,bnwiki,2026-06-23,2,1455458,বাংলাদেশ,1442,60,1502,0.0399,383774
knwiki,bnwiki,2026-06-23,3,5611338,ফুটবল,3548,94,3642,0.0258,349433
knwiki,bnwiki,2026-06-23,4,7192108,Páginas_con_errores_en_secuencias_de_órdenes,1350,1187,2537,0.4679,313516
knwiki,bnwiki,2026-06-23,5,8297418,বাঙালি_ব্যক্তি,705,155,860,0.1802,284053
knwiki,bnwiki,2026-06-23,6,33029934,Articol_in_Milanes,3425,1798,5223,0.3442,275026
knwiki,bnwiki,2026-06-23,7,1984000,ইসলাম,2793,155,2948,0.0526,269767
knwiki,bnwiki,2026-06-23,8,1457982,ক্রীড়া,2458,437,2895,0.1509,257534
knwiki,bnwiki,2026-06-23,9,9729671,Gesjreve_in_'t_Mestreechs,753,801,1554,0.5154,246444
knwiki,bnwiki,2026-06-23,10,8950510,কলকাতা_বিশ্ববিদ্যালয়ের_প্রাক্তন_শিক্ষার্থী,1273,127,1400,0.0907,236178
knwiki,bnwiki,2026-06-23,11,8297364,বাঙালি_হিন্দু,811,96,907,0.1058,222381
knwiki,bnwiki,2026-06-23,12,6994462,ভারতীয়_ব্যক্তি,1486,1402,2888,0.4855,208536
knwiki,bnwiki,2026-06-23,13,23706330,Bu_dem_liwot,946,416,1362,0.3054,201932
knwiki,bnwiki,2026-06-23,14,1410960,মার্কিন_যুক্তরাষ্ট্র,4016,785,4801,0.1635,201531
knwiki,bnwiki,2026-06-23,15,10095516,ঢাকা_বিশ্ববিদ্যালয়ের_প্রাক্তন_শিক্ষার্থী,1560,7,1567,0.0045,199383
knwiki,bnwiki,2026-06-23,16,1457673,ভূগোল,1259,1105,2364,0.4674,196706
knwiki,bnwiki,2026-06-23,17,7116681,পশ্চিমবঙ্গের_ব্যক্তি,504,100,604,0.1656,195000
knwiki,bnwiki,2026-06-23,18,8297423,বাঙালি_লেখক,1295,46,1341,0.0343,186537
knwiki,bnwiki,2026-06-23,19,32589508,ويکيډاټا_سرچينې_لرونکي_مخونه,972,650,1622,0.4007,186292
knwiki,bnwiki,2026-06-23,20,8437937,ফিফা_বিশ্বকাপ,105,5,110,0.0455,176184
knwiki,bnwiki,2026-06-23,21,1457595,ইতিহাস,1247,1002,2249,0.4455,169277
knwiki,bnwiki,2026-06-23,22,9711126,Miranduléś,673,390,1063,0.3669,167522
knwiki,bnwiki,2026-06-23,23,5897849,Wikipedia:Beleg_fehlet,1195,980,2175,0.4506,167306
knwiki,bnwiki,2026-06-23,24,6301435,২০শ_শতাব্দীর_রাজনীতিবিদ,1360,236,1596,0.1479,165584
knwiki,bnwiki,2026-06-23,25,6156696,মৃত_ব্যক্তি,812,629,1441,0.4365,164492
knwiki,bnwiki,2026-06-23,26,6312404,ফিফা,88,7,95,0.0737,164474
knwiki,bnwiki,2026-06-23,27,5753390,রাজনীতিবিদ,2089,354,2443,0.1449,163752
knwiki,bnwiki,2026-06-23,28,6456601,বাংলাদেশী_ব্যক্তি,511,15,526,0.0285,161550
knwiki,bnwiki,2026-06-23,29,9703480,Biôgrafia,2063,791,2854,0.2772,156709
knwiki,bnwiki,2026-06-23,30,8287974,বাংলাদেশ_জাতীয়তাবাদী_দলের_রাজনীতিবিদ,916,0,916,0.0,153371
knwiki,bnwiki,2026-06-23,31,8055972,مواليد_في_كلكتا,647,90,737,0.1221,148874
knwiki,bnwiki,2026-06-23,32,1457903,ধর্ম,1019,495,1514,0.3269,146728
knwiki,bnwiki,2026-06-23,33,6457107,ফিফা_বিশ্বকাপের_আসর,29,2,31,0.0645,145796
knwiki,bnwiki,2026-06-23,34,7130623,বাংলা_ভাষার_লেখক,451,26,477,0.0545,143209
knwiki,bnwiki,2026-06-23,35,4325,বাংলাদেশের_ইতিহাস,371,57,428,0.1332,141807
knwiki,bnwiki,2026-06-23,36,7460289,ইসলামি_পরিভাষা,932,61,993,0.0614,141234
knwiki,bnwiki,2026-06-23,37,8436106,বর্তমান_ফুটবল_মৌসুম,42,1,43,0.0233,138220
knwiki,bnwiki,2026-06-23,38,3919792,অভিনয়শিল্পী,3320,627,3947,0.1589,136871
knwiki,bnwiki,2026-06-23,39,2944929,সংস্কৃতি,895,979,1874,0.5224,136261
knwiki,bnwiki,2026-06-23,40,7030483,ভারতীয়_রাজনীতিবিদ,794,414,1208,0.3427,134591
knwiki,bnwiki,2026-06-23,41,1983910,হিন্দুধর্ম,796,1474,2270,0.6493,134375
knwiki,bnwiki,2026-06-23,42,7015591,ফুটবল_প্রতিযোগিতা,150,6,156,0.0385,131531
knwiki,bnwiki,2026-06-23,43,7068600,বাংলাদেশী_রাজনীতিবিদ,443,3,446,0.0067,130351
knwiki,bnwiki,2026-06-23,44,6466307,কলকাতার_ব্যক্তি,303,102,405,0.2519,129396
knwiki,bnwiki,2026-06-23,45,8303056,যৌনতা,374,65,439,0.1481,129324
knwiki,bnwiki,2026-06-23,46,9715949,Vikipedya:AY,216,294,510,0.5765,128700
knwiki,bnwiki,2026-06-23,47,105499440,২০শ_শতাব্দীর_বাঙালি,691,32,723,0.0443,128183
knwiki,bnwiki,2026-06-23,48,8297344,বাংলা_ভাষার_চলচ্চিত্র,2153,4,2157,0.0019,127772
knwiki,bnwiki,2026-06-23,49,138208396,ত্রয়োদশ_জাতীয়_সংসদ_সদস্য,313,0,313,0.0,127496
knwiki,bnwiki,2026-06-23,50,8204863,২০২৬_ফিফা_বিশ্বকাপ,52,0,52,0.0,126971
knwiki,hiwiki,2026-06-23,1,1411417,भारत,4792,2890,7682,0.3762,1889721
knwiki,hiwiki,2026-06-23,2,6994462,भारत_के_लोग,1716,1402,3118,0.4496,863854
knwiki,hiwiki,2026-06-23,3,1983910,हिन्दू_धर्म,939,1474,2413,0.6109,630839
knwiki,hiwiki,2026-06-23,4,4630,भारत_का_इतिहास,916,683,1599,0.4271,613437
knwiki,hiwiki,2026-06-23,5,7030483,भारतीय_राजनीतिज्ञ,1145,414,1559,0.2656,585072
knwiki,hiwiki,2026-06-23,6,1457595,इतिहास,1254,1002,2256,0.4441,430937
knwiki,hiwiki,2026-06-23,7,5668044,भारतीय_फ़िल्में,3588,872,4460,0.1955,418897
knwiki,hiwiki,2026-06-23,8,7192108,Páginas_con_errores_en_secuencias_de_órdenes,1162,1187,2349,0.5053,409707
knwiki,hiwiki,2026-06-23,9,33029934,Articol_in_Milanes,2925,1798,4723,0.3807,385875
knwiki,hiwiki,2026-06-23,10,5897849,स्रोतहीन_लेख,1269,980,2249,0.4357,378984
knwiki,hiwiki,2026-06-23,11,7024688,भारतीय_अभिनेता,944,345,1289,0.2676,371954
knwiki,hiwiki,2026-06-23,12,1457673,भूगोल,1805,1105,2910,0.3797,365710
knwiki,hiwiki,2026-06-23,13,3919792,अभिनेता,1770,627,2397,0.2616,357102
knwiki,hiwiki,2026-06-23,14,25351284,कायमचे_मृत_बाह्य_दुवे_असणारे_लेख,730,545,1275,0.4275,354470
knwiki,hiwiki,2026-06-23,15,9848152,हिन्दी_फ़िल्में,3222,145,3367,0.0431,348239
knwiki,hiwiki,2026-06-23,16,32589508,ويکيډاټا_سرچينې_لرونکي_مخونه,649,650,1299,0.5004,347399
knwiki,hiwiki,2026-06-23,17,7030643,भारतीय_हिन्दू,381,366,747,0.49,347158
knwiki,hiwiki,2026-06-23,18,7214658,भारत_के_नगर,1457,505,1962,0.2574,344382
knwiki,hiwiki,2026-06-23,19,6944392,भारतीय_राजनीति,239,164,403,0.4069,335991
knwiki,hiwiki,2026-06-23,20,9705320,Endrika_ampiasaina_amin'ny_jeografia,1953,629,2582,0.2436,320984
knwiki,hiwiki,2026-06-23,21,1457903,धर्म,704,495,1199,0.4128,302638
knwiki,hiwiki,2026-06-23,22,6834346,भारतीय_लेखक,688,389,1077,0.3612,298125
knwiki,hiwiki,2026-06-23,23,2944929,संस्कृति,876,979,1855,0.5278,289347
knwiki,hiwiki,2026-06-23,24,4103183,राजनीति,942,514,1456,0.353,283731
knwiki,hiwiki,2026-06-23,25,7116595,उत्तर_प्रदेश_के_लोग,440,98,538,0.1822,279693
knwiki,hiwiki,2026-06-23,26,6547010,भारतीय_फ़िल्म_अभिनेता,566,289,855,0.338,274762
knwiki,hiwiki,2026-06-23,27,6946332,पंजाबी_लोग,773,209,982,0.2128,262360
knwiki,hiwiki,2026-06-23,28,6493807,क्रिकेट,2264,401,2665,0.1505,260335
knwiki,hiwiki,2026-06-23,29,9795474,جميع_مقالات_البذور,950,685,1635,0.419,249864
knwiki,hiwiki,2026-06-23,30,8298820,भारतीय_जनता_पार्टी_के_राजनीतिज्ञ,639,159,798,0.1992,248512
knwiki,hiwiki,2026-06-23,31,5753390,राजनीतिज्ञ,840,354,1194,0.2965,248478
knwiki,hiwiki,2026-06-23,32,6156696,मृत_लोग,574,629,1203,0.5229,246434
knwiki,hiwiki,2026-06-23,33,1458083,विज्ञान,1279,1303,2582,0.5046,243915
knwiki,hiwiki,2026-06-23,34,82515714,People_from_India,294,592,886,0.6682,242382
knwiki,hiwiki,2026-06-23,35,28582468,चित्र_के_साथ_ज्ञानसन्दूक_अवस्थापन_प्रयोग_करने_वाले_लेख,1498,342,1840,0.1859,242181
knwiki,hiwiki,2026-06-23,36,8514322,हिन्दी_अभिनेत्री,735,248,983,0.2523,237430
knwiki,hiwiki,2026-06-23,37,7146649,उत्तर_प्रदेश,415,111,526,0.211,237013
knwiki,hiwiki,2026-06-23,38,23706330,Bu_dem_liwot,967,416,1383,0.3008,232467
knwiki,hiwiki,2026-06-23,39,7145024,भारतीय_मुस्लिम,736,183,919,0.1991,231902
knwiki,hiwiki,2026-06-23,40,8619678,लोक_सभा_सदस्य,331,160,491,0.3259,229481
knwiki,hiwiki,2026-06-23,41,6465874,مواليد_في_الهند,194,243,437,0.5561,227812
knwiki,hiwiki,2026-06-23,42,9426612,Алфавит_буйынса_актёрҙар,702,354,1056,0.3352,226436
knwiki,hiwiki,2026-06-23,43,9703480,Biôgrafia,826,791,1617,0.4892,224611
knwiki,hiwiki,2026-06-23,44,2945924,सूचियाँ,480,137,617,0.222,223551
knwiki,hiwiki,2026-06-23,45,9714104,Fering_Artiikel,1018,450,1468,0.3065,221577
knwiki,hiwiki,2026-06-23,46,8545259,भारतीय_स्वतन्त्रता_संग्राम,299,188,487,0.386,221231
knwiki,hiwiki,2026-06-23,47,5479723,फ़िल्म_अभिनेता,768,353,1121,0.3149,219573
knwiki,hiwiki,2026-06-23,48,6301201,२१वीं_सदी_के_भारतीय_राजनेता,522,193,715,0.2699,218512
knwiki,hiwiki,2026-06-23,49,15271861,Male_actors_in_Hindi_cinema,561,134,695,0.1928,217685
knwiki,hiwiki,2026-06-23,50,1984000,इस्लाम,1122,155,1277,0.1214,216625
knwiki,tawiki,2026-06-23,1,125498801,இந்தியத்_தமிழ்த்_திரைப்படங்கள்,5578,63,5641,0.0112,450775
knwiki,tawiki,2026-06-23,2,1411417,இந்தியா,4691,2890,7581,0.3812,377621
knwiki,tawiki,2026-06-23,3,8828978,தமிழ்த்_திரைப்படங்கள்,2196,49,2245,0.0218,265881
knwiki,tawiki,2026-06-23,4,15271863,தமிழ்த்_திரைப்பட_நடிகர்கள்,809,87,896,0.0971,165479
knwiki,tawiki,2026-06-23,5,1983910,இந்து_சமயம்,1107,1474,2581,0.5711,144129
knwiki,tawiki,2026-06-23,6,6994462,இந்தியர்கள்,1741,1402,3143,0.4461,139210
knwiki,tawiki,2026-06-23,7,3919792,நடிகர்கள்,1680,627,2307,0.2718,113737
knwiki,tawiki,2026-06-23,8,7146096,தமிழ்நாடு,311,181,492,0.3679,113451
knwiki,tawiki,2026-06-23,9,7030483,இந்திய_அரசியல்வாதிகள்,1461,414,1875,0.2208,108448
knwiki,tawiki,2026-06-23,10,8829132,தமிழக_அரசியல்வாதிகள்,370,36,406,0.0887,104292
knwiki,tawiki,2026-06-23,11,33029934,Articol_in_Milanes,1600,1798,3398,0.5291,103005
knwiki,tawiki,2026-06-23,12,7234405,தமிழ்நாட்டினர்,229,91,320,0.2844,102644
knwiki,tawiki,2026-06-23,13,15264151,Indian_male_film_actors,665,324,989,0.3276,100596
knwiki,tawiki,2026-06-23,14,8829239,தமிழ்த்_திரைப்பட_இயக்குநர்கள்,451,32,483,0.0663,99292
knwiki,tawiki,2026-06-23,15,15208831,தமிழ்_நடிகர்கள்,270,26,296,0.0878,99027
knwiki,tawiki,2026-06-23,16,6375729,தமிழ்_இலக்கியம்,249,15,264,0.0568,95544
knwiki,tawiki,2026-06-23,17,5668044,இந்தியத்_திரைப்படங்கள்,1407,872,2279,0.3826,95209
knwiki,tawiki,2026-06-23,18,8544606,இந்தியத்_தமிழர்,179,45,224,0.2009,94054
knwiki,tawiki,2026-06-23,19,7021473,தமிழக_அரசு_திரைப்பட_விருது_வெற்றியாளர்கள்,161,75,236,0.3178,93104
knwiki,tawiki,2026-06-23,20,1457673,புவியியல்,1608,1105,2713,0.4073,88390
knwiki,tawiki,2026-06-23,21,8773403,தமிழக_அரசியல்,330,13,343,0.0379,87655
knwiki,tawiki,2026-06-23,22,7711756,அறிமுக_இயக்குநர்_திரைப்படங்கள்,651,34,685,0.0496,87182
knwiki,tawiki,2026-06-23,23,8389687,திராவிட_முன்னேற்றக்_கழக_அரசியல்வாதிகள்,683,11,694,0.0159,85302
knwiki,tawiki,2026-06-23,24,8829234,தமிழ்த்_திரைப்பட_நடிகைகள்,780,255,1035,0.2464,85298
knwiki,tawiki,2026-06-23,25,16816615,இளையராஜா_இசையமைத்த_திரைப்படங்கள்,654,22,676,0.0325,82138
knwiki,tawiki,2026-06-23,26,8545100,இந்தியத்_திரைப்பட_நடிகைகள்,977,422,1399,0.3016,80996
knwiki,tawiki,2026-06-23,27,6301201,21-ஆம்_நூற்றாண்டு_இந்திய_அரசியல்வாதிகள்,1230,193,1423,0.1356,80194
knwiki,tawiki,2026-06-23,28,5897849,Wikipedia:Beleg_fehlet,1106,980,2086,0.4698,80041
knwiki,tawiki,2026-06-23,29,19549556,தென்னிந்திய_பிலிம்பேர்_விருதுகளை_வென்றவர்கள்,276,206,482,0.4274,79381
knwiki,tawiki,2026-06-23,30,15136459,20th-century_Indian_male_actors,368,219,587,0.3731,78229
knwiki,tawiki,2026-06-23,31,16806549,மறு_ஆக்கம்_செய்யப்பட்ட_தமிழ்த்_திரைப்படங்கள்,526,8,534,0.015,75600
knwiki,tawiki,2026-06-23,32,8544982,இந்திய_நாடகத்_திரைப்படங்கள்,881,267,1148,0.2326,75396
knwiki,tawiki,2026-06-23,33,9852995,مبانى_عباده,737,198,935,0.2118,75187
knwiki,tawiki,2026-06-23,34,1457595,வரலாறு,1082,1002,2084,0.4808,74680
knwiki,tawiki,2026-06-23,35,7705588,தமிழ்நாடு_மாநிலத்திலுள்ள_ஊர்களும்_நகரங்களும்,895,61,956,0.0638,74630
knwiki,tawiki,2026-06-23,36,45360258,Populated_places_in_Tamil_Nadu,905,48,953,0.0504,73981
knwiki,tawiki,2026-06-23,37,16790110,தமிழ்நாட்டு_நடிகர்கள்,170,6,176,0.0341,73066
knwiki,tawiki,2026-06-23,38,7192108,Páginas_con_errores_en_secuencias_de_órdenes,867,1187,2054,0.5779,72435
knwiki,tawiki,2026-06-23,39,8955996,தமிழர்,170,100,270,0.3704,70729
knwiki,tawiki,2026-06-23,40,1457402,உயிரியல்,1057,1166,2223,0.5245,70320
knwiki,tawiki,2026-06-23,41,15136951,21st-century_Indian_actresses,790,331,1121,0.2953,69846
knwiki,tawiki,2026-06-23,42,9426612,Алфавит_буйынса_актёрҙар,802,354,1156,0.3062,69698
knwiki,tawiki,2026-06-23,43,32910244,தேவாரம்_பாடல்_பெற்ற_சிவன்_கோயில்கள்,278,14,292,0.0479,69319
knwiki,tawiki,2026-06-23,44,7146290,இந்தியத்_திரைப்பட_இயக்குநர்கள்,343,140,483,0.2899,69133
knwiki,tawiki,2026-06-23,45,4630,இந்திய_வரலாறு,867,683,1550,0.4406,69006
knwiki,tawiki,2026-06-23,46,9916522,தெலுங்குத்_திரைப்பட_நடிகைகள்,556,234,790,0.2962,65992
knwiki,tawiki,2026-06-23,47,1458083,அறிவியல்,966,1303,2269,0.5743,65748
knwiki,tawiki,2026-06-23,48,2944929,பண்பாடு,751,979,1730,0.5659,65294
knwiki,tawiki,2026-06-23,49,28461189,Films_shot_in_Chennai,466,17,483,0.0352,64318
knwiki,tawiki,2026-06-23,50,8829471,தமிழ்க்_கவிஞர்கள்,186,20,206,0.0971,64160
knwiki,tewiki,2026-06-23,1,1411417,India,5546,2890,8436,0.3426,302326
knwiki,tewiki,2026-06-23,2,3919792,నటులు,2455,627,3082,0.2034,112973
knwiki,tewiki,2026-06-23,3,6994462,భారతీయులు,1744,1402,3146,0.4456,108677
knwiki,tewiki,2026-06-23,4,8545100,భారతీయ_సినిమా_నటీమణులు,2395,422,2817,0.1498,101187
knwiki,tewiki,2026-06-23,5,15264151,Indian_male_film_actors,1182,324,1506,0.2151,97742
knwiki,tewiki,2026-06-23,6,8838328,తెలుగు_సినిమాలు,800,17,817,0.0208,96690
knwiki,tewiki,2026-06-23,7,9916522,తెలుగు_సినిమా_నటీమణులు,1010,234,1244,0.1881,95998
knwiki,tewiki,2026-06-23,8,8838402,తెలుగువారు,638,142,780,0.1821,88869
knwiki,tewiki,2026-06-23,9,8838370,తెలుగు_సినిమా_నటులు,650,59,709,0.0832,86696
knwiki,tewiki,2026-06-23,10,1983910,హిందూమతం,769,1474,2243,0.6572,85604
knwiki,tewiki,2026-06-23,11,15271864,Male_actors_in_Telugu_cinema,519,94,613,0.1533,83266
knwiki,tewiki,2026-06-23,12,15136951,21వ_శతాబ్దపు_భారతీయ_నటీమణులు,2039,331,2370,0.1397,82799
knwiki,tewiki,2026-06-23,13,15280486,Nandi_Award_winners,284,74,358,0.2067,78918
knwiki,tewiki,2026-06-23,14,5668044,భారతీయ_సినిమాలు,1590,872,2462,0.3542,78287
knwiki,tewiki,2026-06-23,15,8829234,తమిళ_సినిమా_నటీమణులు,1052,255,1307,0.1951,75810
knwiki,tewiki,2026-06-23,16,7238283,ఆంధ్రప్రదేశ్,2942,116,3058,0.0379,72244
knwiki,tewiki,2026-06-23,17,7024688,Indian_actors,942,345,1287,0.2681,70541
knwiki,tewiki,2026-06-23,18,7030483,భారత_రాజకీయ_నాయకులు,1175,414,1589,0.2605,66686
knwiki,tewiki,2026-06-23,19,19549556,Filmfare_Awards_South_winners,329,206,535,0.385,66311
knwiki,tewiki,2026-06-23,20,15136953,21st-century_Indian_male_actors,897,247,1144,0.2159,65868
knwiki,tewiki,2026-06-23,21,6467274,భారతీయ_నటీమణులు,1246,287,1533,0.1872,61408
knwiki,tewiki,2026-06-23,22,15271863,Male_actors_in_Tamil_cinema,532,87,619,0.1405,60979
knwiki,tewiki,2026-06-23,23,8838381,తెలుగు_సినిమా_దర్శకులు,419,30,449,0.0668,60129
knwiki,tewiki,2026-06-23,24,15136459,20th-century_Indian_male_actors,497,219,716,0.3059,58188
knwiki,tewiki,2026-06-23,25,8514322,హిందీ_సినిమా_నటీమణులు,1387,248,1635,0.1517,57364
knwiki,tewiki,2026-06-23,26,16808056,Telugu_male_actors,312,18,330,0.0545,55161
knwiki,tewiki,2026-06-23,27,6547010,Indian_film_actors,627,289,916,0.3155,54434
knwiki,tewiki,2026-06-23,28,6544235,మలయాళం_సినిమా_నటీమణులు,805,174,979,0.1777,53387
knwiki,tewiki,2026-06-23,29,8838408,Telugu_politicians,531,21,552,0.038,51422
knwiki,tewiki,2026-06-23,30,8544525,భారత_జాతీయ_కాంగ్రెస్_నాయకులు,1407,216,1623,0.1331,51334
knwiki,tewiki,2026-06-23,31,8545316,Indian_male_actors,371,133,504,0.2639,46700
knwiki,tewiki,2026-06-23,32,30793434,South_Indian_International_Movie_Awards_winners,173,86,259,0.332,46672
knwiki,tewiki,2026-06-23,33,5897849,మూలాలు_లేని_వ్యాసాలు,748,980,1728,0.5671,46241
knwiki,tewiki,2026-06-23,34,8838360,తెలుగుదేశం_పార్టీ_రాజకీయ_నాయకులు,467,10,477,0.021,46114
knwiki,tewiki,2026-06-23,35,19359093,"Films_shot_in_Hyderabad,_India",549,18,567,0.0317,45036
knwiki,tewiki,2026-06-23,36,7190156,Indian_film_producers,297,150,447,0.3356,44286
knwiki,tewiki,2026-06-23,37,13242461,20వ_శతాబ్ద_భారతీయ_నటీమణులు,815,221,1036,0.2133,44169
knwiki,tewiki,2026-06-23,38,6493807,క్రికెట్,3393,401,3794,0.1057,43779
knwiki,tewiki,2026-06-23,39,7116650,ఆంధ్రప్రదేశ్_వ్యక్తులు,316,64,380,0.1684,42800
knwiki,tewiki,2026-06-23,40,9898839,విస్తరించవలసిన_వ్యాసాలు,634,482,1116,0.4319,41094
knwiki,tewiki,2026-06-23,41,9426612,Алфавит_буйынса_актёрҙар,399,354,753,0.4701,40788
knwiki,tewiki,2026-06-23,42,8833948,తెలంగాణ,271,33,304,0.1086,40540
knwiki,tewiki,2026-06-23,43,8545810,భారతీయ_టెలివిజన్_నటీమణులు,1300,187,1487,0.1258,40480
knwiki,tewiki,2026-06-23,44,32990022,బ్రహ్మానందం_నటించిన_సినిమాలు,751,4,755,0.0053,40279
knwiki,tewiki,2026-06-23,45,8838415,తెలుగు_కవులు,721,34,755,0.045,40003
knwiki,tewiki,2026-06-23,46,8570341,కన్నడ_సినిమా_నటీమణులు,515,263,778,0.338,39434
knwiki,tewiki,2026-06-23,47,7021384,ఫిల్మ్‌ఫేర్_అవార్డుల_విజేతలు,352,244,596,0.4094,39420
knwiki,tewiki,2026-06-23,48,138797084,2026_తెలుగు_సినిమాలు,53,0,53,0.0,39277
knwiki,tewiki,2026-06-23,49,7146290,Indian_film_directors,392,140,532,0.2632,38843
knwiki,tewiki,2026-06-23,50,7021416,భారత_జాతీయ_చలనచిత్ర_పురస్కార_విజేతలు,310,170,480,0.3542,38121
knwiki,mlwiki,2026-06-23,1,1411417,ഇന്ത്യ,1755,2890,4645,0.6222,141786
knwiki,mlwiki,2026-06-23,2,8601100,മലയാളം_എഴുത്തുകാർ,428,40,468,0.0855,118694
knwiki,mlwiki,2026-06-23,3,8601086,മലയാളകവികൾ,249,24,273,0.0879,97651
knwiki,mlwiki,2026-06-23,4,7051430,മലയാളികൾ,612,107,719,0.1488,87457
knwiki,mlwiki,2026-06-23,5,28399465,Poets_from_Kerala,125,21,146,0.1438,77413
knwiki,mlwiki,2026-06-23,6,8637632,കേരള_സാഹിത്യ_അക്കാദമി_പുരസ്കാരം_ലഭിച്ചവർ,333,17,350,0.0486,72675
knwiki,mlwiki,2026-06-23,7,7116687,കേരളീയർ,296,87,383,0.2272,70094
knwiki,mlwiki,2026-06-23,8,3919792,അഭിനേതാക്കൾ,1589,627,2216,0.2829,66433
knwiki,mlwiki,2026-06-23,9,1457673,ഭൂമിശാസ്ത്രം,1362,1105,2467,0.4479,64377
knwiki,mlwiki,2026-06-23,10,7021413,Kerala_State_Film_Award_winners,252,39,291,0.134,62696
knwiki,mlwiki,2026-06-23,11,15271862,മലയാളചലച്ചിത്രനടന്മാർ,469,47,516,0.0911,62267
knwiki,mlwiki,2026-06-23,12,7192108,Páginas_con_errores_en_secuencias_de_órdenes,729,1187,1916,0.6195,59532
knwiki,mlwiki,2026-06-23,13,8891990,ഔഷധസസ്യങ്ങൾ,989,598,1587,0.3768,57668
knwiki,mlwiki,2026-06-23,14,6262773,കേരളം,333,189,522,0.3621,55805
knwiki,mlwiki,2026-06-23,15,14513212,കേരളത്തിലെ_സസ്യജാലം,930,329,1259,0.2613,54681
knwiki,mlwiki,2026-06-23,16,6994462,ഇന്ത്യക്കാർ,838,1402,2240,0.6259,51901
knwiki,mlwiki,2026-06-23,17,55993323,20th-century_Indian_male_writers,254,159,413,0.385,51877
knwiki,mlwiki,2026-06-23,18,4678533,Əlifba_sırasına_görə_heyvanlar,1731,564,2295,0.2458,51435
knwiki,mlwiki,2026-06-23,19,1457109,സസ്യങ്ങൾ,975,862,1837,0.4692,51091
knwiki,mlwiki,2026-06-23,20,9729671,Gesjreve_in_'t_Mestreechs,520,801,1321,0.6064,51008
knwiki,mlwiki,2026-06-23,21,9703480,Biôgrafia,1119,791,1910,0.4141,50218
knwiki,mlwiki,2026-06-23,22,8954432,Writers_from_Kerala,189,24,213,0.1127,48103
knwiki,mlwiki,2026-06-23,23,32589508,ويکيډاټا_سرچينې_لرونکي_مخونه,541,650,1191,0.5458,45352
knwiki,mlwiki,2026-06-23,24,1410960,അമേരിക്കൻ_ഐക്യനാടുകൾ,3232,785,4017,0.1954,43931
knwiki,mlwiki,2026-06-23,25,15918083,കാൾ_ലിനേയസ്_നാമകരണം_ചെയ്തവ,769,481,1250,0.3848,43790
knwiki,mlwiki,2026-06-23,26,5897849,Wikipedia:Beleg_fehlet,701,980,1681,0.583,43783
knwiki,mlwiki,2026-06-23,27,33029934,Articol_in_Milanes,779,1798,2577,0.6977,42722
knwiki,mlwiki,2026-06-23,28,23059804,20-ആം_നൂറ്റാണ്ടിലെ_ഇന്ത്യൻ_കവികൾ,167,180,347,0.5187,41742
knwiki,mlwiki,2026-06-23,29,6834346,ഇന്ത്യൻ_എഴുത്തുകാർ,270,389,659,0.5903,41381
knwiki,mlwiki,2026-06-23,30,5611338,ഫുട്ബോൾ,294,94,388,0.2423,41369
knwiki,mlwiki,2026-06-23,31,9426612,Алфавит_буйынса_актёрҙар,806,354,1160,0.3052,40546
knwiki,mlwiki,2026-06-23,32,5479560,ടെലിവിഷൻ_അഭിനേതാക്കൾ,1053,314,1367,0.2297,40299
knwiki,mlwiki,2026-06-23,33,6508,ജ്യോതിശാസ്ത്രം,427,315,742,0.4245,40050
knwiki,mlwiki,2026-06-23,34,8638955,കേന്ദ്ര_സാഹിത്യ_അക്കാദമി_പുരസ്കാരം_ലഭിച്ച_മലയാളികൾ,69,18,87,0.2069,39931
knwiki,mlwiki,2026-06-23,35,1457402,ജീവശാസ്ത്രം,700,1166,1866,0.6249,39876
knwiki,mlwiki,2026-06-23,36,8725723,ആലപ്പുഴ_ജില്ലയിൽ_ജനിച്ചവർ,179,12,191,0.0628,39838
knwiki,mlwiki,2026-06-23,37,10101436,മലയാളം_നോവലെഴുത്തുകാർ,157,12,169,0.071,39838
knwiki,mlwiki,2026-06-23,38,15264151,Indian_male_film_actors,347,324,671,0.4829,39783
knwiki,mlwiki,2026-06-23,39,5610882,«نوع»_میکروفورماتلاری_اولان_مقاله‌لر,429,621,1050,0.5914,39076
knwiki,mlwiki,2026-06-23,40,8601011,മലയാളചലച്ചിത്രങ്ങൾ,861,17,878,0.0194,38715
knwiki,mlwiki,2026-06-23,41,6641172,വൃക്ഷങ്ങൾ,740,329,1069,0.3078,38646
knwiki,mlwiki,2026-06-23,42,8601048,Malayalam_film_directors,265,10,275,0.0364,38253
knwiki,mlwiki,2026-06-23,43,6544235,മലയാളചലച്ചിത്രനടിമാർ,499,174,673,0.2585,37652
knwiki,mlwiki,2026-06-23,44,32986849,కేరళ_వ్యక్తులు,140,23,163,0.1411,37541
knwiki,mlwiki,2026-06-23,45,8324919,കേരളചരിത്രം,287,25,312,0.0801,37133
knwiki,mlwiki,2026-06-23,46,23706330,Bu_dem_liwot,509,416,925,0.4497,35979
knwiki,mlwiki,2026-06-23,47,1457903,മതം,484,495,979,0.5056,35598
knwiki,mlwiki,2026-06-23,48,24996335,Indian_male_poets,124,167,291,0.5739,35311
knwiki,mlwiki,2026-06-23,49,1457595,ചരിത്രം,555,1002,1557,0.6435,34778
knwiki,mlwiki,2026-06-23,50,8601112,രാഷ്ട്രീയക്കാരായ_മലയാളികൾ,250,10,260,0.0385,34705
knwiki,mrwiki,2026-06-23,1,25351284,कायमचे_मृत_बाह्य_दुवे_असणारे_लेख,2389,545,2934,0.1858,179674
knwiki,mrwiki,2026-06-23,2,1411417,भारत,2456,2890,5346,0.5406,160042
knwiki,mrwiki,2026-06-23,3,7234470,महाराष्ट्रातील_व्यक्ती,593,149,742,0.2008,130504
knwiki,mrwiki,2026-06-23,4,8607868,मराठी_व्यक्ती,494,156,650,0.24,121891
knwiki,mrwiki,2026-06-23,5,7238246,महाराष्ट्र,444,163,607,0.2685,112186
knwiki,mrwiki,2026-06-23,6,8595825,महाराष्ट्रामधील_राजकारणी,548,35,583,0.06,88506
knwiki,mrwiki,2026-06-23,7,7030483,भारतीय_राजकारणी,1545,414,1959,0.2113,85042
knwiki,mrwiki,2026-06-23,8,8607853,मराठी_लेखक,1148,52,1200,0.0433,84770
knwiki,mrwiki,2026-06-23,9,7476999,मराठा_साम्राज्य,172,31,203,0.1527,73859
knwiki,mrwiki,2026-06-23,10,6994462,भारतीय_व्यक्ती,876,1402,2278,0.6155,71831
knwiki,mrwiki,2026-06-23,11,33029934,Articol_in_Milanes,2532,1798,4330,0.4152,69455
knwiki,mrwiki,2026-06-23,12,10007867,मराठी_राजकारणी,448,29,477,0.0608,67284
knwiki,mrwiki,2026-06-23,13,7019973,पोस्टाचे_तिकीट_असलेल्या_व्यक्ती,406,476,882,0.5397,51363
knwiki,mrwiki,2026-06-23,14,59771339,एक_ही_संदर्भ_नसलेले_लेख,754,124,878,0.1412,50993
knwiki,mrwiki,2026-06-23,15,1457673,भूगोल,870,1105,1975,0.5595,42971
knwiki,mrwiki,2026-06-23,16,8518612,महाराष्ट्राचा_इतिहास,129,51,180,0.2833,41375
knwiki,mrwiki,2026-06-23,17,2945924,याद्या,345,137,482,0.2842,40407
knwiki,mrwiki,2026-06-23,18,8607871,मराठी_कवी,243,23,266,0.0865,38614
knwiki,mrwiki,2026-06-23,19,9703480,Biôgrafia,1517,791,2308,0.3427,37928
knwiki,mrwiki,2026-06-23,20,8544525,भारतीय_राष्ट्रीय_काँग्रेस_पक्षातील_राजकारणी,745,216,961,0.2248,35450
knwiki,mrwiki,2026-06-23,21,8739664,शिवाजी_महाराज,35,8,43,0.186,35358
knwiki,mrwiki,2026-06-23,22,7705378,महाराष्ट्र_राज्यातील_शहरे_व_गावे,1735,54,1789,0.0302,34975
knwiki,mrwiki,2026-06-23,23,9714104,Fering_Artiikel,1109,450,1559,0.2886,34689
knwiki,mrwiki,2026-06-23,24,32589508,ويکيډاټا_سرچينې_لرونکي_مخونه,551,650,1201,0.5412,34518
knwiki,mrwiki,2026-06-23,25,6493807,क्रिकेट,3993,401,4394,0.0913,34019
knwiki,mrwiki,2026-06-23,26,9715644,Wp/srn,279,80,359,0.2228,33859
knwiki,mrwiki,2026-06-23,27,7192108,Páginas_con_errores_en_secuencias_de_órdenes,488,1187,1675,0.7087,33032
knwiki,mrwiki,2026-06-23,28,4966070,Calendars,1696,846,2542,0.3328,31993
knwiki,mrwiki,2026-06-23,29,9729671,Gesjreve_in_'t_Mestreechs,604,801,1405,0.5701,31789
knwiki,mrwiki,2026-06-23,30,9705320,Endrika_ampiasaina_amin'ny_jeografia,985,629,1614,0.3897,31404
knwiki,mrwiki,2026-06-23,31,3919792,अभिनेते,965,627,1592,0.3938,31284
knwiki,mrwiki,2026-06-23,32,9056575,महाराष्ट्रातील_शहरे,261,63,324,0.1944,30742
knwiki,mrwiki,2026-06-23,33,5897849,Wikipedia:Beleg_fehlet,517,980,1497,0.6546,30043
knwiki,mrwiki,2026-06-23,34,8808054,पुणे_जिल्हा,129,21,150,0.14,29602
knwiki,mrwiki,2026-06-23,35,15270147,महाराष्ट्रातील_लोकसभा_सदस्य,223,22,245,0.0898,29222
knwiki,mrwiki,2026-06-23,36,8064460,مواليد_في_مومباي,518,218,736,0.2962,28929
knwiki,mrwiki,2026-06-23,37,7030643,भारतीय_हिंदू,191,366,557,0.6571,28844
knwiki,mrwiki,2026-06-23,38,9487411,Усе_храналагічныя_пералікі,2197,769,2966,0.2593,28826
knwiki,mrwiki,2026-06-23,39,7024688,भारतीय_अभिनेते,565,345,910,0.3791,28681
knwiki,mrwiki,2026-06-23,40,8828704,महाराष्ट्रातील_तालुके,435,29,464,0.0625,28510
knwiki,mrwiki,2026-06-23,41,10009098,मराठी_संत,54,12,66,0.1818,28415
knwiki,mrwiki,2026-06-23,42,9836602,Egin_calendr,2121,780,2901,0.2689,28313
knwiki,mrwiki,2026-06-23,43,5753390,राजकारणी,682,354,1036,0.3417,28050
knwiki,mrwiki,2026-06-23,44,8987877,Aggiungere_sezioni,1673,814,2487,0.3273,27751
knwiki,mrwiki,2026-06-23,45,10013031,महाराष्ट्रातील_आमदार,274,3,277,0.0108,26764
knwiki,mrwiki,2026-06-23,46,9715949,Vikipedya:AY,210,294,504,0.5833,26657
knwiki,mrwiki,2026-06-23,47,8739657,शिवसेनेतील_राजकारणी,172,6,178,0.0337,26574
knwiki,mrwiki,2026-06-23,48,86271658,महाराष्ट्राच्या_१४_व्या_विधानसभेचे_सदस्य,265,1,266,0.0038,26417
knwiki,mrwiki,2026-06-23,49,33047539,تجمع_سكان,966,251,1217,0.2062,25862
knwiki,mrwiki,2026-06-23,50,15272044,मराठी_दूरचित्रवाहिनी_मालिका,234,0,234,0.0,25595
knwiki,urwiki,2026-06-23,1,1984000,اسلام,3025,155,3180,0.0487,261602
knwiki,urwiki,2026-06-23,2,7130256,تاریخ_اسلام,1277,72,1349,0.0534,183287
knwiki,urwiki,2026-06-23,3,7935248,Алфавит_буйынса_ислам_шәхестәре,1165,32,1197,0.0267,130741
knwiki,urwiki,2026-06-23,4,1457673,جغرافیہ,51456,1105,52561,0.021,120780
knwiki,urwiki,2026-06-23,5,18640871,ساتویں_صدی_کی_عرب_شخصیات,712,11,723,0.0152,102253
knwiki,urwiki,2026-06-23,6,1457595,تاریخ,1940,1002,2942,0.3406,102188
knwiki,urwiki,2026-06-23,7,7460289,اسلامی_اصطلاحات,1115,61,1176,0.0519,101983
knwiki,urwiki,2026-06-23,8,7237892,مسلم_شخصیات,740,76,816,0.0931,101213
knwiki,urwiki,2026-06-23,9,33029934,Articol_in_Milanes,7219,1798,9017,0.1994,99958
knwiki,urwiki,2026-06-23,10,8555432,Islam_saadjies,821,49,870,0.0563,99325
knwiki,urwiki,2026-06-23,11,6819512,عرب_شخصیات,634,40,674,0.0593,99084
knwiki,urwiki,2026-06-23,12,1457903,مذہب,1287,495,1782,0.2778,98121
knwiki,urwiki,2026-06-23,13,7217395,صحابہ_و_صحابیات,937,13,950,0.0137,95753
knwiki,urwiki,2026-06-23,14,1410960,ریاستہائے_متحدہ,45528,785,46313,0.0169,90489
knwiki,urwiki,2026-06-23,15,6434591,شیعیت,436,7,443,0.0158,81966
knwiki,urwiki,2026-06-23,16,7129271,ساتویں_صدی_کی_شخصیات,299,17,316,0.0538,78664
knwiki,urwiki,2026-06-23,17,7144995,محمد_بن_عبد_اللہ,324,30,354,0.0847,72757
knwiki,urwiki,2026-06-23,18,7463616,اہل_سنت,312,10,322,0.0311,69216
knwiki,urwiki,2026-06-23,19,23706330,Bu_dem_liwot,4475,416,4891,0.0851,68141
knwiki,urwiki,2026-06-23,20,9703480,Biôgrafia,3165,791,3956,0.1999,63638
knwiki,urwiki,2026-06-23,21,6620777,Əlifba_sırasına_görə_alimlər,2499,779,3278,0.2376,63157
knwiki,urwiki,2026-06-23,22,9705320,Endrika_ampiasaina_amin'ny_jeografia,21091,629,21720,0.029,62759
knwiki,urwiki,2026-06-23,23,32589508,ويکيډاټا_سرچينې_لرونکي_مخونه,1696,650,2346,0.2771,62514
knwiki,urwiki,2026-06-23,24,9126476,شہر,19190,354,19544,0.0181,61909
knwiki,urwiki,2026-06-23,25,7116163,مدنی_شخصیات,255,11,266,0.0414,61884
knwiki,urwiki,2026-06-23,26,7192108,Páginas_con_errores_en_secuencias_de_órdenes,2697,1187,3884,0.3056,61667
knwiki,urwiki,2026-06-23,27,6426358,اہل_بیت,316,16,332,0.0482,61040
knwiki,urwiki,2026-06-23,28,1455849,پاکستان,871,109,980,0.1112,60378
knwiki,urwiki,2026-06-23,29,8063242,مکہ_میں_پیدا_ہونے_والی_شخصیات,346,15,361,0.0416,59926
knwiki,urwiki,2026-06-23,30,8602383,صحابہ,508,3,511,0.0059,59141
knwiki,urwiki,2026-06-23,31,7035269,Hahakeno_mihcaan_a_masofoc,2191,194,2385,0.0813,58286
knwiki,urwiki,2026-06-23,32,9715949,Vikipedya:AY,548,294,842,0.3492,56421
knwiki,urwiki,2026-06-23,33,30307162,Иртә_ислам_тарихында_шәхестәр,235,13,248,0.0524,56217
knwiki,urwiki,2026-06-23,34,69378717,TDVİA_شناسه‌سی‌له_مقاله‌لر,301,70,371,0.1887,56179
knwiki,urwiki,2026-06-23,35,6826214,مکی_شخصیات,241,16,257,0.0623,55587
knwiki,urwiki,2026-06-23,36,138412008,2026_Wiki_Loves_Ramadan_contributions,176,15,191,0.0785,55043
knwiki,urwiki,2026-06-23,37,6958407,قریش,170,13,183,0.071,55039
knwiki,urwiki,2026-06-23,38,1411417,بھارت,5300,2890,8190,0.3529,54681
knwiki,urwiki,2026-06-23,39,5897849,Wikipedia:Beleg_fehlet,1952,980,2932,0.3342,52285
knwiki,urwiki,2026-06-23,40,9729671,Gesjreve_in_'t_Mestreechs,1755,801,2556,0.3134,51435
knwiki,urwiki,2026-06-23,41,7313171,قرآن_میں_مذکور_شخصیات,226,21,247,0.085,51283
knwiki,urwiki,2026-06-23,42,1411712,ایران,48335,56,48391,0.0012,50000
knwiki,urwiki,2026-06-23,43,5753390,سیاست_دان,3326,354,3680,0.0962,49348
knwiki,urwiki,2026-06-23,44,9219064,مدینہ_منورہ_میں_وفات_پانے_والی_شخصیات,349,10,359,0.0279,48317
knwiki,urwiki,2026-06-23,45,7848912,علی_ابن_ابی_طالب,131,4,135,0.0296,47922
knwiki,urwiki,2026-06-23,46,7215263,قرآن,493,24,517,0.0464,47848
knwiki,urwiki,2026-06-23,47,7216315,خلفا,160,2,162,0.0123,47642
knwiki,urwiki,2026-06-23,48,9220893,28_مئی_کی_وفیات,114,5,119,0.042,46576
knwiki,urwiki,2026-06-23,49,7029947,پاکستانی_شخصیات,1388,41,1429,0.0287,45680
knwiki,urwiki,2026-06-23,50,6946332,پنجابی_شخصیات,1854,209,2063,0.1013,45387
kswiki,enwiki,2026-06-23,1,1410960,United_States,211339,494,211833,0.0023,848451343
kswiki,enwiki,2026-06-23,2,3919762,American_people,123079,383,123462,0.0031,773740564
kswiki,enwiki,2026-06-23,3,5479723,Film_actors,36272,506,36778,0.0138,524085854
kswiki,enwiki,2026-06-23,4,3919792,Actors,55615,996,56611,0.0176,458836192
kswiki,enwiki,2026-06-23,5,9698417,American_actors,23670,264,23934,0.011,434635564
kswiki,enwiki,2026-06-23,6,5479560,Television_actors,30456,546,31002,0.0176,412977821
kswiki,enwiki,2026-06-23,7,5837414,American_film_actors,12177,225,12402,0.0181,361713694
kswiki,enwiki,2026-06-23,8,5461159,American_television_actors,12358,227,12585,0.018,359423950
kswiki,enwiki,2026-06-23,9,8206360,21st-century_American_actors,11142,229,11371,0.0201,350369753
kswiki,enwiki,2026-06-23,10,9426612,Алфавит_буйынса_актёрҙар,13122,417,13539,0.0308,332697786
kswiki,enwiki,2026-06-23,11,6840573,English-language_films,62136,40,62176,0.0006,315774048
kswiki,enwiki,2026-06-23,12,3919868,American_films,33697,37,33734,0.0011,279330478
kswiki,enwiki,2026-06-23,13,7835232,Əlifba_sırasına_görə_filmlər,35148,55,35203,0.0016,275907359
kswiki,enwiki,2026-06-23,14,1411125,United_Kingdom,74579,167,74746,0.0022,267048310
kswiki,enwiki,2026-06-23,15,7269712,20th-century_American_actors,11970,158,12128,0.013,263590185
kswiki,enwiki,2026-06-23,16,5611338,Association_football,144258,14,144272,0.0001,247826211
kswiki,enwiki,2026-06-23,17,8246543,American_male_film_actors,14202,87,14289,0.0061,246203335
kswiki,enwiki,2026-06-23,18,3919830,British_people,44421,116,44537,0.0026,244175645
kswiki,enwiki,2026-06-23,19,1457982,Sports,132454,61,132515,0.0005,244057864
kswiki,enwiki,2026-06-23,20,6508,Astronomy,5335,126,5461,0.0231,239472085
kswiki,enwiki,2026-06-23,21,9703480,Biôgrafia,24806,229,25035,0.0091,237982382
kswiki,enwiki,2026-06-23,22,9715949,Vikipedya:AY,1040,238,1278,0.1862,231943099
kswiki,enwiki,2026-06-23,23,9228737,Кандык_айдыҥ_21_кӱнинде_чыккандар,1696,4,1700,0.0024,229461766
kswiki,enwiki,2026-06-23,24,9865921,Wikipedia:Wiphalakunap_Plantillankukuna,876,12,888,0.0135,227672633
kswiki,enwiki,2026-06-23,25,9220893,Кӱӱк_айдыҥ_28_кӱнинде_божогондор,687,3,690,0.0043,226187330
kswiki,enwiki,2026-06-23,26,6397842,American_male_actors,9699,76,9775,0.0078,220427847
kswiki,enwiki,2026-06-23,27,9636824,Əlifba_sırasına_görə_musiqiçilər,24347,225,24572,0.0092,220044333
kswiki,enwiki,2026-06-23,28,129212025,Tuveli:Izvopa,432,21,453,0.0464,219625674
kswiki,enwiki,2026-06-23,29,4966679,Wikipedia,440,36,476,0.0756,215287444
kswiki,enwiki,2026-06-23,30,33079992,Gamba_Peuniléh,23,1,24,0.0417,215076069
kswiki,enwiki,2026-06-23,31,9426286,Алфавит_буйынса_актрисалар,10829,447,11276,0.0396,212510322
kswiki,enwiki,2026-06-23,32,8246554,American_male_television_actors,11560,66,11626,0.0057,210679846
kswiki,enwiki,2026-06-23,33,6740310,American_voice_actors,4269,133,4402,0.0302,199857672
kswiki,enwiki,2026-06-23,34,97269191,Pàgine_in_Zeneise-Grafia_unitäia,81,13,94,0.1383,196317899
kswiki,enwiki,2026-06-23,35,140310923,Actors_estatunidencs_nascuts_al_segle_XX,3194,147,3341,0.044,195262593
kswiki,enwiki,2026-06-23,36,8245580,American_film_actresses,11071,195,11266,0.0173,193397734
kswiki,enwiki,2026-06-23,37,10074376,Pobo_sakizaya,6,1,7,0.1429,192330935
kswiki,enwiki,2026-06-23,38,7220786,Selected_anniversaries,5,1,6,0.1667,187018880
kswiki,enwiki,2026-06-23,39,6426972,American_television_actresses,9201,187,9388,0.0199,186331755
kswiki,enwiki,2026-06-23,40,2944611,Wikipedia_administration,32,7,39,0.1795,185546319
kswiki,enwiki,2026-06-23,41,14914955,21st-century_American_male_actors,7350,64,7414,0.0086,184995710
kswiki,enwiki,2026-06-23,42,7063228,American_singers,7875,182,8057,0.0226,184213300
kswiki,enwiki,2026-06-23,43,6645404,American_actresses,7943,193,8136,0.0237,184158413
kswiki,enwiki,2026-06-23,44,6408784,21st-century_actors,6622,165,6787,0.0243,183039352
kswiki,enwiki,2026-06-23,45,33029934,Articol_in_Milanes,32188,892,33080,0.027,181274913
kswiki,enwiki,2026-06-23,46,9724347,Paggene_scritte_int''e_dialette_d''o_Lazzio_Meridiunale,150,38,188,0.2021,181090226
kswiki,enwiki,2026-06-23,47,106848755,Sabak_Tutuy,132,42,174,0.2414,177673417
kswiki,enwiki,2026-06-23,48,9711126,Miranduléś,4089,277,4366,0.0634,174714407
kswiki,enwiki,2026-06-23,49,9280440,20th-century_American_people,22505,108,22613,0.0048,173934240
kswiki,enwiki,2026-06-23,50,7031042,American_people_of_Irish_descent,6375,117,6492,0.018,171905880
kswiki,hiwiki,2026-06-23,1,1411417,भारत,6004,1678,7682,0.2184,2367672
kswiki,hiwiki,2026-06-23,2,1983910,हिन्दू_धर्म,2186,227,2413,0.0941,1468599
kswiki,hiwiki,2026-06-23,3,6994462,भारत_के_लोग,2200,918,3118,0.2944,1107505
kswiki,hiwiki,2026-06-23,4,4630,भारत_का_इतिहास,1469,130,1599,0.0813,983777
kswiki,hiwiki,2026-06-23,5,7030483,भारतीय_राजनीतिज्ञ,1427,132,1559,0.0847,729168
kswiki,hiwiki,2026-06-23,6,1457595,इतिहास,1966,290,2256,0.1285,675616
kswiki,hiwiki,2026-06-23,7,7192108,Páginas_con_errores_en_secuencias_de_órdenes,1699,650,2349,0.2767,599047
kswiki,hiwiki,2026-06-23,8,82515714,People_from_India,668,218,886,0.246,550720
kswiki,hiwiki,2026-06-23,9,5897849,स्रोतहीन_लेख,1841,408,2249,0.1814,549811
kswiki,hiwiki,2026-06-23,10,25351284,कायमचे_मृत_बाह्य_दुवे_असणारे_लेख,1081,194,1275,0.1522,524907
kswiki,hiwiki,2026-06-23,11,7023926,संस्कृत_शब्द,779,71,850,0.0835,517740
kswiki,hiwiki,2026-06-23,12,6944392,भारतीय_राजनीति,368,35,403,0.0868,517343
kswiki,hiwiki,2026-06-23,13,5668044,भारतीय_फ़िल्में,4417,43,4460,0.0096,515682
kswiki,hiwiki,2026-06-23,14,7030643,भारतीय_हिन्दू,558,189,747,0.253,508437
kswiki,hiwiki,2026-06-23,15,33029934,Articol_in_Milanes,3831,892,4723,0.1889,505397
kswiki,hiwiki,2026-06-23,16,2944929,संस्कृति,1476,379,1855,0.2043,487530
kswiki,hiwiki,2026-06-23,17,1457673,भूगोल,2349,561,2910,0.1928,475930
kswiki,hiwiki,2026-06-23,18,32589508,ويکيډاټا_سرچينې_لرونکي_مخونه,841,458,1299,0.3526,450173
kswiki,hiwiki,2026-06-23,19,7214658,भारत_के_नगर,1844,118,1962,0.0601,435855
kswiki,hiwiki,2026-06-23,20,6156696,मृत_लोग,1010,193,1203,0.1604,433621
kswiki,hiwiki,2026-06-23,21,6834346,भारतीय_लेखक,998,79,1077,0.0734,432454
kswiki,hiwiki,2026-06-23,22,7019973,Postage_stamps_featuring_people,722,115,837,0.1374,431773
kswiki,hiwiki,2026-06-23,23,9727294,ಕಡತ_ಕೊಂಡಿಗಳು_ಮುರಿದಿರುವ_ಪುಟಗಳು,780,232,1012,0.2292,430035
kswiki,hiwiki,2026-06-23,24,1458083,विज्ञान,2192,390,2582,0.151,418031
kswiki,hiwiki,2026-06-23,25,1457903,धर्म,956,243,1199,0.2027,410969
kswiki,hiwiki,2026-06-23,26,4103183,राजनीति,1329,127,1456,0.0872,400296
kswiki,hiwiki,2026-06-23,27,7291943,भारतीय_संस्कृति,693,88,781,0.1127,397016
kswiki,hiwiki,2026-06-23,28,8205334,20th-century_Indian_people,670,106,776,0.1366,390682
kswiki,hiwiki,2026-06-23,29,9703480,Biôgrafia,1388,229,1617,0.1416,377433
kswiki,hiwiki,2026-06-23,30,9705320,Endrika_ampiasaina_amin'ny_jeografia,2268,314,2582,0.1216,372755
kswiki,hiwiki,2026-06-23,31,6465874,مواليد_في_الهند,308,129,437,0.2952,361682
kswiki,hiwiki,2026-06-23,32,9848152,हिन्दी_फ़िल्में,3335,32,3367,0.0095,360452
kswiki,hiwiki,2026-06-23,33,6483339,भारतीय_साहित्य,416,37,453,0.0817,353397
kswiki,hiwiki,2026-06-23,34,7482570,Deaths_in_India,316,40,356,0.1124,348174
kswiki,hiwiki,2026-06-23,35,6884057,हिन्दू_पौराणिक_कथाएँ,507,62,569,0.109,347673
kswiki,hiwiki,2026-06-23,36,9795474,جميع_مقالات_البذور,1271,364,1635,0.2226,334292
kswiki,hiwiki,2026-06-23,37,8545259,भारतीय_स्वतन्त्रता_संग्राम,451,36,487,0.0739,333697
kswiki,hiwiki,2026-06-23,38,7024688,भारतीय_अभिनेता,843,446,1289,0.346,332158
kswiki,hiwiki,2026-06-23,39,7368887,वैष्णव_सम्प्रदाय,267,29,296,0.098,325958
kswiki,hiwiki,2026-06-23,40,7479566,हिन्दू_मन्दिर,374,13,387,0.0336,318489
kswiki,hiwiki,2026-06-23,41,7116595,उत्तर_प्रदेश_के_लोग,492,46,538,0.0855,312748
kswiki,hiwiki,2026-06-23,42,8619678,लोक_सभा_सदस्य,447,44,491,0.0896,309903
kswiki,hiwiki,2026-06-23,43,8313144,ब्रिटिश_भारत,410,46,456,0.1009,308952
kswiki,hiwiki,2026-06-23,44,7467137,भारत_सरकार,375,18,393,0.0458,308187
kswiki,hiwiki,2026-06-23,45,1457402,जीव_विज्ञान,1615,470,2085,0.2254,305000
kswiki,hiwiki,2026-06-23,46,6493807,क्रिकेट,2623,42,2665,0.0158,301616
kswiki,hiwiki,2026-06-23,47,5753390,राजनीतिज्ञ,1017,177,1194,0.1482,300836
kswiki,hiwiki,2026-06-23,48,8298820,भारतीय_जनता_पार्टी_के_राजनीतिज्ञ,764,34,798,0.0426,297126
kswiki,hiwiki,2026-06-23,49,6301200,20th-century_Indian_politicians,566,72,638,0.1129,290711
kswiki,hiwiki,2026-06-23,50,8514373,हिन्दू_देवी-देवता,323,58,381,0.1522,285738
maiwiki,enwiki,2026-06-23,1,1410960,United_States,211197,636,211833,0.003,847881263
maiwiki,enwiki,2026-06-23,2,3919762,American_people,122950,512,123462,0.0041,772929601
maiwiki,enwiki,2026-06-23,3,5479723,Film_actors,36244,534,36778,0.0145,523681288
maiwiki,enwiki,2026-06-23,4,3919792,Actors,55670,941,56611,0.0166,459289954
maiwiki,enwiki,2026-06-23,5,9698417,American_actors,23654,280,23934,0.0117,434341767
maiwiki,enwiki,2026-06-23,6,5479560,Television_actors,30488,514,31002,0.0166,413411735
maiwiki,enwiki,2026-06-23,7,5837414,American_film_actors,12176,226,12402,0.0182,361683989
maiwiki,enwiki,2026-06-23,8,5461159,American_television_actors,12405,180,12585,0.0143,360790913
maiwiki,enwiki,2026-06-23,9,8206360,21st-century_American_actors,11098,273,11371,0.024,348986135
maiwiki,enwiki,2026-06-23,10,9426612,Алфавит_буйынса_актёрҙар,13058,481,13539,0.0355,331075117
maiwiki,enwiki,2026-06-23,11,6840573,English-language_films,62162,14,62176,0.0002,315906180
maiwiki,enwiki,2026-06-23,12,3919868,American_films,33727,7,33734,0.0002,279579162
maiwiki,enwiki,2026-06-23,13,7835232,Əlifba_sırasına_görə_filmlər,35168,35,35203,0.001,276064357
maiwiki,enwiki,2026-06-23,14,1411125,United_Kingdom,74572,174,74746,0.0023,267023245
maiwiki,enwiki,2026-06-23,15,7269712,20th-century_American_actors,12006,122,12128,0.0101,264382938
maiwiki,enwiki,2026-06-23,16,9715949,Vikipedya:AY,1132,146,1278,0.1142,252461143
maiwiki,enwiki,2026-06-23,17,5611338,Association_football,144129,143,144272,0.001,247604597
maiwiki,enwiki,2026-06-23,18,8246543,American_male_film_actors,14200,89,14289,0.0062,246168663
maiwiki,enwiki,2026-06-23,19,3919830,British_people,44391,146,44537,0.0033,244010739
maiwiki,enwiki,2026-06-23,20,1457982,Sports,132309,206,132515,0.0016,243790689
maiwiki,enwiki,2026-06-23,21,6508,Astronomy,5413,48,5461,0.0088,242973270
maiwiki,enwiki,2026-06-23,22,9703480,Biôgrafia,24654,381,25035,0.0152,236524134
maiwiki,enwiki,2026-06-23,23,9228737,Кандык_айдыҥ_21_кӱнинде_чыккандар,1695,5,1700,0.0029,229326470
maiwiki,enwiki,2026-06-23,24,9220893,Кӱӱк_айдыҥ_28_кӱнинде_божогондор,686,4,690,0.0058,225858091
maiwiki,enwiki,2026-06-23,25,9865921,Wikipedia:Wiphalakunap_Plantillankukuna,869,19,888,0.0214,225853331
maiwiki,enwiki,2026-06-23,26,4966679,Wikipedia,457,19,476,0.0399,223605368
maiwiki,enwiki,2026-06-23,27,9636824,Əlifba_sırasına_görə_musiqiçilər,24404,168,24572,0.0068,220559490
maiwiki,enwiki,2026-06-23,28,6397842,American_male_actors,9694,81,9775,0.0083,220314213
maiwiki,enwiki,2026-06-23,29,9715644,Wp/srn,452,45,497,0.0905,216243421
maiwiki,enwiki,2026-06-23,30,33079992,Gamba_Peuniléh,23,1,24,0.0417,215076069
maiwiki,enwiki,2026-06-23,31,129212025,Tuveli:Izvopa,423,30,453,0.0662,215050140
maiwiki,enwiki,2026-06-23,32,9724347,Paggene_scritte_int''e_dialette_d''o_Lazzio_Meridiunale,177,11,188,0.0585,213686467
maiwiki,enwiki,2026-06-23,33,9426286,Алфавит_буйынса_актрисалар,10866,410,11276,0.0364,213236417
maiwiki,enwiki,2026-06-23,34,106843442,To_be_checked,633,215,848,0.2535,211774364
maiwiki,enwiki,2026-06-23,35,8246554,American_male_television_actors,11574,52,11626,0.0045,210934995
maiwiki,enwiki,2026-06-23,36,97269191,Pàgine_in_Zeneise-Grafia_unitäia,86,8,94,0.0851,208436287
maiwiki,enwiki,2026-06-23,37,6740310,American_voice_actors,4287,115,4402,0.0261,200700361
maiwiki,enwiki,2026-06-23,38,8245580,American_film_actresses,11070,196,11266,0.0174,193380265
maiwiki,enwiki,2026-06-23,39,10074376,Pobo_sakizaya,6,1,7,0.1429,192330935
maiwiki,enwiki,2026-06-23,40,2944611,Wikipedia_administration,33,6,39,0.1538,191344642
maiwiki,enwiki,2026-06-23,41,140310923,Actors_estatunidencs_nascuts_al_segle_XX,3112,229,3341,0.0685,190249590
maiwiki,enwiki,2026-06-23,42,106848755,Sabak_Tutuy,140,34,174,0.1954,188441502
maiwiki,enwiki,2026-06-23,43,7220786,Selected_anniversaries,5,1,6,0.1667,187018880
maiwiki,enwiki,2026-06-23,44,6426972,American_television_actresses,9228,160,9388,0.017,186878538
maiwiki,enwiki,2026-06-23,45,7063228,American_singers,7956,101,8057,0.0125,186108066
maiwiki,enwiki,2026-06-23,46,14914955,21st-century_American_male_actors,7361,53,7414,0.0071,185272575
maiwiki,enwiki,2026-06-23,47,6408784,21st-century_actors,6645,142,6787,0.0209,183675098
maiwiki,enwiki,2026-06-23,48,6645404,American_actresses,7909,227,8136,0.0279,183370124
maiwiki,enwiki,2026-06-23,49,33029934,Articol_in_Milanes,32404,676,33080,0.0204,182491372
maiwiki,enwiki,2026-06-23,50,9711126,Miranduléś,4184,182,4366,0.0417,178773558
maiwiki,hiwiki,2026-06-23,1,1411417,भारत,5875,1807,7682,0.2352,2316801
maiwiki,hiwiki,2026-06-23,2,1983910,हिन्दू_धर्म,1946,467,2413,0.1935,1307362
maiwiki,hiwiki,2026-06-23,3,6994462,भारत_के_लोग,2114,1004,3118,0.322,1064212
maiwiki,hiwiki,2026-06-23,4,4630,भारत_का_इतिहास,1448,151,1599,0.0944,969713
maiwiki,hiwiki,2026-06-23,5,1457595,इतिहास,1998,258,2256,0.1144,686613
maiwiki,hiwiki,2026-06-23,6,7030483,भारतीय_राजनीतिज्ञ,1263,296,1559,0.1899,645367
maiwiki,hiwiki,2026-06-23,7,7192108,Páginas_con_errores_en_secuencias_de_órdenes,1710,639,2349,0.272,602926
maiwiki,hiwiki,2026-06-23,8,5897849,स्रोतहीन_लेख,1943,306,2249,0.1361,580273
maiwiki,hiwiki,2026-06-23,9,33029934,Articol_in_Milanes,4047,676,4723,0.1431,533892
maiwiki,hiwiki,2026-06-23,10,2944929,संस्कृति,1553,302,1855,0.1628,512963
maiwiki,hiwiki,2026-06-23,11,5668044,भारतीय_फ़िल्में,4356,104,4460,0.0233,508561
maiwiki,hiwiki,2026-06-23,12,25351284,कायमचे_मृत_बाह्य_दुवे_असणारे_लेख,1047,228,1275,0.1788,508397
maiwiki,hiwiki,2026-06-23,13,7023926,संस्कृत_शब्द,737,113,850,0.1329,489826
maiwiki,hiwiki,2026-06-23,14,6944392,भारतीय_राजनीति,338,65,403,0.1613,475168
maiwiki,hiwiki,2026-06-23,15,1458083,विज्ञान,2415,167,2582,0.0647,460558
maiwiki,hiwiki,2026-06-23,16,1457903,धर्म,1070,129,1199,0.1076,459976
maiwiki,hiwiki,2026-06-23,17,32589508,ويکيډاټا_سرچينې_لرونکي_مخونه,849,450,1299,0.3464,454456
maiwiki,hiwiki,2026-06-23,18,9727294,ಕಡತ_ಕೊಂಡಿಗಳು_ಮುರಿದಿರುವ_ಪುಟಗಳು,773,239,1012,0.2362,426175
maiwiki,hiwiki,2026-06-23,19,7214658,भारत_के_नगर,1783,179,1962,0.0912,421436
maiwiki,hiwiki,2026-06-23,20,82515714,People_from_India,506,380,886,0.4289,417162
maiwiki,hiwiki,2026-06-23,21,6834346,भारतीय_लेखक,939,138,1077,0.1281,406888
maiwiki,hiwiki,2026-06-23,22,1457673,भूगोल,1999,911,2910,0.3131,405017
maiwiki,hiwiki,2026-06-23,23,7030643,भारतीय_हिन्दू,440,307,747,0.411,400918
maiwiki,hiwiki,2026-06-23,24,6156696,मृत_लोग,912,291,1203,0.2419,391547
maiwiki,hiwiki,2026-06-23,25,4103183,राजनीति,1278,178,1456,0.1223,384935
maiwiki,hiwiki,2026-06-23,26,9705320,Endrika_ampiasaina_amin'ny_jeografia,2326,256,2582,0.0991,382288
maiwiki,hiwiki,2026-06-23,27,7291943,भारतीय_संस्कृति,657,124,781,0.1588,376392
maiwiki,hiwiki,2026-06-23,28,1457402,जीव_विज्ञान,1970,115,2085,0.0552,372043
maiwiki,hiwiki,2026-06-23,29,7019973,Postage_stamps_featuring_people,612,225,837,0.2688,365990
maiwiki,hiwiki,2026-06-23,30,9848152,हिन्दी_फ़िल्में,3281,86,3367,0.0255,354615
maiwiki,hiwiki,2026-06-23,31,6483339,भारतीय_साहित्य,406,47,453,0.1038,344901
maiwiki,hiwiki,2026-06-23,32,9729671,Gesjreve_in_'t_Mestreechs,1145,331,1476,0.2243,342727
maiwiki,hiwiki,2026-06-23,33,9703480,Biôgrafia,1236,381,1617,0.2356,336101
maiwiki,hiwiki,2026-06-23,34,8205334,20th-century_Indian_people,566,210,776,0.2706,330039
maiwiki,hiwiki,2026-06-23,35,8545259,भारतीय_स्वतन्त्रता_संग्राम,440,47,487,0.0965,325558
maiwiki,hiwiki,2026-06-23,36,9795474,جميع_مقالات_البذور,1230,405,1635,0.2477,323508
maiwiki,hiwiki,2026-06-23,37,6884057,हिन्दू_पौराणिक_कथाएँ,464,105,569,0.1845,318186
maiwiki,hiwiki,2026-06-23,38,7482570,Deaths_in_India,279,77,356,0.2163,307407
maiwiki,hiwiki,2026-06-23,39,33044957,ಮೈಸೂರು_ವಿಶ್ವವಿದ್ಯಾನಿಲಯ_ವಿಶ್ವಕೋಶ,1382,123,1505,0.0817,306350
maiwiki,hiwiki,2026-06-23,40,8313144,ब्रिटिश_भारत,397,59,456,0.1294,299156
maiwiki,hiwiki,2026-06-23,41,7116595,उत्तर_प्रदेश_के_लोग,467,71,538,0.132,296856
maiwiki,hiwiki,2026-06-23,42,7467137,भारत_सरकार,361,32,393,0.0814,296682
maiwiki,hiwiki,2026-06-23,43,7368887,वैष्णव_सम्प्रदाय,242,54,296,0.1824,295437
maiwiki,hiwiki,2026-06-23,44,3919792,अभिनेता,1456,941,2397,0.3926,293751
maiwiki,hiwiki,2026-06-23,45,7477590,Статии_с_невалиден_параметър_за_дата_в_шаблона,887,192,1079,0.1779,283622
maiwiki,hiwiki,2026-06-23,46,6493807,क्रिकेट,2456,209,2665,0.0784,282413
maiwiki,hiwiki,2026-06-23,47,5753390,राजनीतिज्ञ,954,240,1194,0.201,282201
maiwiki,hiwiki,2026-06-23,48,28582468,चित्र_के_साथ_ज्ञानसन्दूक_अवस्थापन_प्रयोग_करने_वाले_लेख,1728,112,1840,0.0609,279365
maiwiki,hiwiki,2026-06-23,49,8514373,हिन्दू_देवी-देवता,312,69,381,0.1811,276006
maiwiki,hiwiki,2026-06-23,50,23706330,Bu_dem_liwot,1147,236,1383,0.1706,275739
mlwiki,enwiki,2026-06-23,1,1410960,United_States,207816,4017,211833,0.019,834307744
mlwiki,enwiki,2026-06-23,2,3919762,American_people,120575,2887,123462,0.0234,757999078
mlwiki,enwiki,2026-06-23,3,5479723,Film_actors,35133,1645,36778,0.0447,507628703
mlwiki,enwiki,2026-06-23,4,3919792,Actors,54395,2216,56611,0.0391,448770919
mlwiki,enwiki,2026-06-23,5,9698417,American_actors,22838,1096,23934,0.0458,419358133
mlwiki,enwiki,2026-06-23,6,5479560,Television_actors,29635,1367,31002,0.0441,401845210
mlwiki,enwiki,2026-06-23,7,5461159,American_television_actors,11716,869,12585,0.0691,340751821
mlwiki,enwiki,2026-06-23,8,5837414,American_film_actors,11446,956,12402,0.0771,339999585
mlwiki,enwiki,2026-06-23,9,8206360,21st-century_American_actors,10568,803,11371,0.0706,332319830
mlwiki,enwiki,2026-06-23,10,9426612,Алфавит_буйынса_актёрҙар,12379,1160,13539,0.0857,313859617
mlwiki,enwiki,2026-06-23,11,6840573,English-language_films,61426,750,62176,0.0121,312165841
mlwiki,enwiki,2026-06-23,12,3919868,American_films,33169,565,33734,0.0167,274953634
mlwiki,enwiki,2026-06-23,13,7835232,Əlifba_sırasına_görə_filmlər,34226,977,35203,0.0278,268669776
mlwiki,enwiki,2026-06-23,14,1411125,United_Kingdom,73717,1029,74746,0.0138,263961709
mlwiki,enwiki,2026-06-23,15,7269712,20th-century_American_actors,11362,766,12128,0.0632,250201477
mlwiki,enwiki,2026-06-23,16,5611338,Association_football,143884,388,144272,0.0027,247183703
mlwiki,enwiki,2026-06-23,17,1457982,Sports,131463,1052,132515,0.0079,242231861
mlwiki,enwiki,2026-06-23,18,8246543,American_male_film_actors,13948,341,14289,0.0239,241800036
mlwiki,enwiki,2026-06-23,19,3919830,British_people,43356,1181,44537,0.0265,238321498
mlwiki,enwiki,2026-06-23,20,9228737,Кандык_айдыҥ_21_кӱнинде_чыккандар,1657,43,1700,0.0253,224185228
mlwiki,enwiki,2026-06-23,21,9703480,Biôgrafia,23125,1910,25035,0.0763,221855301
mlwiki,enwiki,2026-06-23,22,9220893,Кӱӱк_айдыҥ_28_кӱнинде_божогондор,672,18,690,0.0261,221248742
mlwiki,enwiki,2026-06-23,23,9865921,Wikipedia:Wiphalakunap_Plantillankukuna,840,48,888,0.0541,218316224
mlwiki,enwiki,2026-06-23,24,6397842,American_male_actors,9487,288,9775,0.0295,215609752
mlwiki,enwiki,2026-06-23,25,9636824,Əlifba_sırasına_görə_musiqiçilər,23808,764,24572,0.0311,215172936
mlwiki,enwiki,2026-06-23,26,6508,Astronomy,4719,742,5461,0.1359,211821700
mlwiki,enwiki,2026-06-23,27,8246554,American_male_television_actors,11409,217,11626,0.0187,207927886
mlwiki,enwiki,2026-06-23,28,9426286,Алфавит_буйынса_актрисалар,10120,1156,11276,0.1025,198596773
mlwiki,enwiki,2026-06-23,29,33079992,Gamba_Peuniléh,21,3,24,0.125,196373802
mlwiki,enwiki,2026-06-23,30,10074376,Pobo_sakizaya,6,1,7,0.1429,192330935
mlwiki,enwiki,2026-06-23,31,129212025,Tuveli:Izvopa,376,77,453,0.17,191155680
mlwiki,enwiki,2026-06-23,32,9715949,Vikipedya:AY,852,426,1278,0.3333,190014924
mlwiki,enwiki,2026-06-23,33,7220786,Selected_anniversaries,5,1,6,0.1667,187018880
mlwiki,enwiki,2026-06-23,34,9715644,Wp/srn,390,107,497,0.2153,186581713
mlwiki,enwiki,2026-06-23,35,6740310,American_voice_actors,3972,430,4402,0.0977,185953309
mlwiki,enwiki,2026-06-23,36,8245580,American_film_actresses,10459,807,11266,0.0716,182706793
mlwiki,enwiki,2026-06-23,37,14914955,21st-century_American_male_actors,7227,187,7414,0.0252,181899864
mlwiki,enwiki,2026-06-23,38,7063228,American_singers,7615,442,8057,0.0549,178131337
mlwiki,enwiki,2026-06-23,39,6408784,21st-century_actors,6400,387,6787,0.057,176903028
mlwiki,enwiki,2026-06-23,40,6426972,American_television_actresses,8659,729,9388,0.0777,175355577
mlwiki,enwiki,2026-06-23,41,33029934,Articol_in_Milanes,30503,2577,33080,0.0779,171785407
mlwiki,enwiki,2026-06-23,42,6645404,American_actresses,7333,803,8136,0.0987,170015567
mlwiki,enwiki,2026-06-23,43,4966679,Wikipedia,347,129,476,0.271,169783507
mlwiki,enwiki,2026-06-23,44,9280440,20th-century_American_people,21726,887,22613,0.0392,167913588
mlwiki,enwiki,2026-06-23,45,140310923,Actors_estatunidencs_nascuts_al_segle_XX,2700,641,3341,0.1919,165062305
mlwiki,enwiki,2026-06-23,46,14914736,20th-century_American_male_actors,10529,200,10729,0.0186,164372842
mlwiki,enwiki,2026-06-23,47,7217320,Singers,14867,607,15474,0.0392,163692496
mlwiki,enwiki,2026-06-23,48,7031042,American_people_of_Irish_descent,5955,537,6492,0.0827,160580316
mlwiki,enwiki,2026-06-23,49,8206361,21st-century_American_actresses,6759,607,7366,0.0824,159551092
mlwiki,enwiki,2026-06-23,50,8206389,21st-century_American_people,11482,585,12067,0.0485,158441756
mlwiki,bnwiki,2026-06-23,1,1455458,বাংলাদেশ,1381,121,1502,0.0806,367540
mlwiki,bnwiki,2026-06-23,2,5611338,ফুটবল,3254,388,3642,0.1065,320477
mlwiki,bnwiki,2026-06-23,3,1411417,ভারত,2119,4645,6764,0.6867,220938
mlwiki,bnwiki,2026-06-23,4,33029934,Articol_in_Milanes,2646,2577,5223,0.4934,212472
mlwiki,bnwiki,2026-06-23,5,8297418,বাঙালি_ব্যক্তি,517,343,860,0.3988,208305
mlwiki,bnwiki,2026-06-23,6,8950510,কলকাতা_বিশ্ববিদ্যালয়ের_প্রাক্তন_শিক্ষার্থী,1110,290,1400,0.2071,205937
mlwiki,bnwiki,2026-06-23,7,1984000,ইসলাম,2100,848,2948,0.2877,202833
mlwiki,bnwiki,2026-06-23,8,10095516,ঢাকা_বিশ্ববিদ্যালয়ের_প্রাক্তন_শিক্ষার্থী,1546,21,1567,0.0134,197593
mlwiki,bnwiki,2026-06-23,9,8297364,বাঙালি_হিন্দু,719,188,907,0.2073,197154
mlwiki,bnwiki,2026-06-23,10,1457982,ক্রীড়া,1843,1052,2895,0.3634,193098
mlwiki,bnwiki,2026-06-23,11,8297423,বাঙালি_লেখক,1215,126,1341,0.094,175014
mlwiki,bnwiki,2026-06-23,12,7116681,পশ্চিমবঙ্গের_ব্যক্তি,437,167,604,0.2765,169077
mlwiki,bnwiki,2026-06-23,13,6456601,বাংলাদেশী_ব্যক্তি,487,39,526,0.0741,153963
mlwiki,bnwiki,2026-06-23,14,8287974,বাংলাদেশ_জাতীয়তাবাদী_দলের_রাজনীতিবিদ,912,4,916,0.0044,152701
mlwiki,bnwiki,2026-06-23,15,7192108,Páginas_con_errores_en_secuencias_de_órdenes,621,1916,2537,0.7552,144217
mlwiki,bnwiki,2026-06-23,16,1983910,হিন্দুধর্ম,849,1421,2270,0.626,143322
mlwiki,bnwiki,2026-06-23,17,6312404,ফিফা,73,22,95,0.2316,136439
mlwiki,bnwiki,2026-06-23,18,8436106,বর্তমান_ফুটবল_মৌসুম,41,2,43,0.0465,134929
mlwiki,bnwiki,2026-06-23,19,4325,বাংলাদেশের_ইতিহাস,339,89,428,0.2079,129576
mlwiki,bnwiki,2026-06-23,20,8437937,ফিফা_বিশ্বকাপ,77,33,110,0.3,129201
mlwiki,bnwiki,2026-06-23,21,138208396,ত্রয়োদশ_জাতীয়_সংসদ_সদস্য,313,0,313,0.0,127496
mlwiki,bnwiki,2026-06-23,22,8297344,বাংলা_ভাষার_চলচ্চিত্র,2138,19,2157,0.0088,126882
mlwiki,bnwiki,2026-06-23,23,7068600,বাংলাদেশী_রাজনীতিবিদ,428,18,446,0.0404,125937
mlwiki,bnwiki,2026-06-23,24,7130623,বাংলা_ভাষার_লেখক,393,84,477,0.1761,124791
mlwiki,bnwiki,2026-06-23,25,8055972,مواليد_في_كلكتا,537,200,737,0.2714,123563
mlwiki,bnwiki,2026-06-23,26,8204863,২০২৬_ফিফা_বিশ্বকাপ,49,3,52,0.0577,119645
mlwiki,bnwiki,2026-06-23,27,5753390,রাজনীতিবিদ,1522,921,2443,0.377,119306
mlwiki,bnwiki,2026-06-23,28,105499440,২০শ_শতাব্দীর_বাঙালি,634,89,723,0.1231,117610
mlwiki,bnwiki,2026-06-23,29,6177550,পূর্ব_নির্ধারিত_ফুটবল_প্রতিযোগিতা,101,1,102,0.0098,111230
mlwiki,bnwiki,2026-06-23,30,7146693,পশ্চিমবঙ্গ,260,97,357,0.2717,109876
mlwiki,bnwiki,2026-06-23,31,6015449,বাংলা_সাহিত্য,219,43,262,0.1641,109315
mlwiki,bnwiki,2026-06-23,32,15136349,২০২৬-এ_ফুটবল,29,1,30,0.0333,109141
mlwiki,bnwiki,2026-06-23,33,5650379,Association_football_competitions_for_national_teams,64,12,76,0.1579,107649
mlwiki,bnwiki,2026-06-23,34,7015591,ফুটবল_প্রতিযোগিতা,122,34,156,0.2179,106979
mlwiki,bnwiki,2026-06-23,35,8297407,বাঙালি_রাজনীতিবিদ,242,56,298,0.1879,106545
mlwiki,bnwiki,2026-06-23,36,5479471,বর্তমান_ক্রীড়া_ঘটনা,52,9,61,0.1475,103360
mlwiki,bnwiki,2026-06-23,37,7777923,বাংলার_ইতিহাস,288,88,376,0.234,101780
mlwiki,bnwiki,2026-06-23,38,8303056,যৌনতা,291,148,439,0.3371,100624
mlwiki,bnwiki,2026-06-23,39,6582583,বাংলাদেশের_প্রশাসনিক_অঞ্চল,487,7,494,0.0142,99458
mlwiki,bnwiki,2026-06-23,40,6301435,২০শ_শতাব্দীর_রাজনীতিবিদ,808,788,1596,0.4937,98376
mlwiki,bnwiki,2026-06-23,41,15136351,২০২৬-এ_ক্রীড়া,13,1,14,0.0714,97619
mlwiki,bnwiki,2026-06-23,42,4992743,সমসাময়িক_ঘটনা,179,84,263,0.3194,97131
mlwiki,bnwiki,2026-06-23,43,8790664,"প্রেসিডেন্সি_বিশ্ববিদ্যালয়,_কলকাতার_প্রাক্তন_শিক্ষার্থী",184,60,244,0.2459,96248
mlwiki,bnwiki,2026-06-23,44,113522523,Fußballveranstaltung_2026,8,1,9,0.1111,96161
mlwiki,bnwiki,2026-06-23,45,7460289,ইসলামি_পরিভাষা,633,360,993,0.3625,95924
mlwiki,bnwiki,2026-06-23,46,8287971,বাংলাদেশ_আওয়ামী_লীগের_রাজনীতিবিদ,1264,11,1275,0.0086,94277
mlwiki,bnwiki,2026-06-23,47,8204922,২০২৬,21,2,23,0.087,94275
mlwiki,bnwiki,2026-06-23,48,1457595,ইতিহাস,692,1557,2249,0.6923,93937
mlwiki,bnwiki,2026-06-23,49,7217464,ফুটবলার,1613,209,1822,0.1147,93878
mlwiki,bnwiki,2026-06-23,50,8912251,পশ্চিমবঙ্গের_রাজনীতিবিদ,263,40,303,0.132,93603
mlwiki,hiwiki,2026-06-23,1,1411417,भारत,3037,4645,7682,0.6047,1197638
mlwiki,hiwiki,2026-06-23,2,1983910,हिन्दू_धर्म,992,1421,2413,0.5889,666445
mlwiki,hiwiki,2026-06-23,3,4630,भारत_का_इतिहास,685,914,1599,0.5716,458738
mlwiki,hiwiki,2026-06-23,4,6994462,भारत_के_लोग,878,2240,3118,0.7184,441995
mlwiki,hiwiki,2026-06-23,5,7214658,भारत_के_नगर,1501,461,1962,0.235,354782
mlwiki,hiwiki,2026-06-23,6,7030483,भारतीय_राजनीतिज्ञ,667,892,1559,0.5722,340823
mlwiki,hiwiki,2026-06-23,7,9848152,हिन्दी_फ़िल्में,3145,222,3367,0.0659,339916
mlwiki,hiwiki,2026-06-23,8,5668044,भारतीय_फ़िल्में,2677,1783,4460,0.3998,312538
mlwiki,hiwiki,2026-06-23,9,33029934,Articol_in_Milanes,2146,2577,4723,0.5456,283107
mlwiki,hiwiki,2026-06-23,10,7024688,भारतीय_अभिनेता,710,579,1289,0.4492,279753
mlwiki,hiwiki,2026-06-23,11,7023926,संस्कृत_शब्द,417,433,850,0.5094,277147
mlwiki,hiwiki,2026-06-23,12,6493807,क्रिकेट,2186,479,2665,0.1797,251366
mlwiki,hiwiki,2026-06-23,13,25351284,कायमचे_मृत_बाह्य_दुवे_असणारे_लेख,502,773,1275,0.6063,243758
mlwiki,hiwiki,2026-06-23,14,1457595,इतिहास,699,1557,2256,0.6902,240211
mlwiki,hiwiki,2026-06-23,15,28582468,चित्र_के_साथ_ज्ञानसन्दूक_अवस्थापन_प्रयोग_करने_वाले_लेख,1479,361,1840,0.1962,239109
mlwiki,hiwiki,2026-06-23,16,7116595,उत्तर_प्रदेश_के_लोग,373,165,538,0.3067,237103
mlwiki,hiwiki,2026-06-23,17,7146649,उत्तर_प्रदेश,406,120,526,0.2281,231873
mlwiki,hiwiki,2026-06-23,18,6944392,भारतीय_राजनीति,159,244,403,0.6055,223525
mlwiki,hiwiki,2026-06-23,19,8298820,भारतीय_जनता_पार्टी_के_राजनीतिज्ञ,535,263,798,0.3296,208066
mlwiki,hiwiki,2026-06-23,20,7030643,भारतीय_हिन्दू,218,529,747,0.7082,198636
mlwiki,hiwiki,2026-06-23,21,4103183,राजनीति,648,808,1456,0.5549,195178
mlwiki,hiwiki,2026-06-23,22,9705320,Endrika_ampiasaina_amin'ny_jeografia,1170,1412,2582,0.5469,192294
mlwiki,hiwiki,2026-06-23,23,8299881,बिहार,660,61,721,0.0846,190773
mlwiki,hiwiki,2026-06-23,24,8514332,हिन्दी_साहित्य,544,47,591,0.0795,188872
mlwiki,hiwiki,2026-06-23,25,7291943,भारतीय_संस्कृति,324,457,781,0.5851,185617
mlwiki,hiwiki,2026-06-23,26,8514335,हिन्दी_कवि,245,63,308,0.2045,184256
mlwiki,hiwiki,2026-06-23,27,2944929,संस्कृति,554,1301,1855,0.7013,182989
mlwiki,hiwiki,2026-06-23,28,6834346,भारतीय_लेखक,418,659,1077,0.6119,181128
mlwiki,hiwiki,2026-06-23,29,15271861,Male_actors_in_Hindi_cinema,466,229,695,0.3295,180822
mlwiki,hiwiki,2026-06-23,30,6946332,पंजाबी_लोग,526,456,982,0.4644,178527
mlwiki,hiwiki,2026-06-23,31,26870269,Robotskapade_Indienartiklar,2312,406,2718,0.1494,175399
mlwiki,hiwiki,2026-06-23,32,8134731,उत्तराखण्ड,10682,80,10762,0.0074,175316
mlwiki,hiwiki,2026-06-23,33,26761155,Robotskapade_artiklar_2016-09,2350,436,2786,0.1565,174964
mlwiki,hiwiki,2026-06-23,34,7368887,वैष्णव_सम्प्रदाय,142,154,296,0.5203,173356
mlwiki,hiwiki,2026-06-23,35,15120845,Films_shot_in_Mumbai,401,130,531,0.2448,172080
mlwiki,hiwiki,2026-06-23,36,8514320,हिन्दी_अभिनेता,388,204,592,0.3446,171229
mlwiki,hiwiki,2026-06-23,37,7146502,राजस्थान,262,119,381,0.3123,171204
mlwiki,hiwiki,2026-06-23,38,5897849,स्रोतहीन_लेख,568,1681,2249,0.7474,169632
mlwiki,hiwiki,2026-06-23,39,7467137,भारत_सरकार,204,189,393,0.4809,167654
mlwiki,hiwiki,2026-06-23,40,6483339,भारतीय_साहित्य,197,256,453,0.5651,167353
mlwiki,hiwiki,2026-06-23,41,8514724,हिन्दू_ग्रन्थ,216,134,350,0.3829,164567
mlwiki,hiwiki,2026-06-23,42,8544901,भारतीय_क्रिकेट_खिलाड़ी,788,158,946,0.167,163804
mlwiki,hiwiki,2026-06-23,43,9795474,جميع_مقالات_البذور,618,1017,1635,0.622,162543
mlwiki,hiwiki,2026-06-23,44,7519265,Films_set_in_Mumbai,346,65,411,0.1582,160417
mlwiki,hiwiki,2026-06-23,45,7130675,हिन्दी_भाषा_के_लेखक,160,97,257,0.3774,159771
mlwiki,hiwiki,2026-06-23,46,8703545,संस्कृत,274,187,461,0.4056,159062
mlwiki,hiwiki,2026-06-23,47,6547010,भारतीय_फ़िल्म_अभिनेता,318,537,855,0.6281,154372
mlwiki,hiwiki,2026-06-23,48,8514322,हिन्दी_अभिनेत्री,476,507,983,0.5158,153764
mlwiki,hiwiki,2026-06-23,49,7192108,Páginas_con_errores_en_secuencias_de_órdenes,433,1916,2349,0.8157,152670
mlwiki,hiwiki,2026-06-23,50,7006468,भारतीय_सम्राट,264,196,460,0.4261,148292
mlwiki,tawiki,2026-06-23,1,125498801,இந்தியத்_தமிழ்த்_திரைப்படங்கள்,5429,212,5641,0.0376,438734
mlwiki,tawiki,2026-06-23,2,8828978,தமிழ்த்_திரைப்படங்கள்,2049,196,2245,0.0873,248083
mlwiki,tawiki,2026-06-23,3,1411417,இந்தியா,2936,4645,7581,0.6127,236345
mlwiki,tawiki,2026-06-23,4,1983910,இந்து_சமயம்,1160,1421,2581,0.5506,151029
mlwiki,tawiki,2026-06-23,5,15271863,தமிழ்த்_திரைப்பட_நடிகர்கள்,673,223,896,0.2489,137660
mlwiki,tawiki,2026-06-23,6,8829132,தமிழக_அரசியல்வாதிகள்,342,64,406,0.1576,96400
mlwiki,tawiki,2026-06-23,7,8773403,தமிழக_அரசியல்,327,16,343,0.0466,86859
mlwiki,tawiki,2026-06-23,8,8389687,திராவிட_முன்னேற்றக்_கழக_அரசியல்வாதிகள்,667,27,694,0.0389,83303
mlwiki,tawiki,2026-06-23,9,8829239,தமிழ்த்_திரைப்பட_இயக்குநர்கள்,370,113,483,0.234,81459
mlwiki,tawiki,2026-06-23,10,15208831,தமிழ்_நடிகர்கள்,217,79,296,0.2669,79588
mlwiki,tawiki,2026-06-23,11,7146096,தமிழ்நாடு,217,275,492,0.5589,79160
mlwiki,tawiki,2026-06-23,12,16816615,இளையராஜா_இசையமைத்த_திரைப்படங்கள்,612,64,676,0.0947,76863
mlwiki,tawiki,2026-06-23,13,6375729,தமிழ்_இலக்கியம்,199,65,264,0.2462,76358
mlwiki,tawiki,2026-06-23,14,7030483,இந்திய_அரசியல்வாதிகள்,983,892,1875,0.4757,72966
mlwiki,tawiki,2026-06-23,15,6994462,இந்தியர்கள்,903,2240,3143,0.7127,72203
mlwiki,tawiki,2026-06-23,16,16806549,மறு_ஆக்கம்_செய்யப்பட்ட_தமிழ்த்_திரைப்படங்கள்,496,38,534,0.0712,71288
mlwiki,tawiki,2026-06-23,17,45360258,Populated_places_in_Tamil_Nadu,866,87,953,0.0913,70793
mlwiki,tawiki,2026-06-23,18,8544606,இந்தியத்_தமிழர்,134,90,224,0.4018,70409
mlwiki,tawiki,2026-06-23,19,7705588,தமிழ்நாடு_மாநிலத்திலுள்ள_ஊர்களும்_நகரங்களும்,841,115,956,0.1203,70127
mlwiki,tawiki,2026-06-23,20,7234405,தமிழ்நாட்டினர்,154,166,320,0.5188,69027
mlwiki,tawiki,2026-06-23,21,7711756,அறிமுக_இயக்குநர்_திரைப்படங்கள்,515,170,685,0.2482,68969
mlwiki,tawiki,2026-06-23,22,16790110,தமிழ்நாட்டு_நடிகர்கள்,151,25,176,0.142,64899
mlwiki,tawiki,2026-06-23,23,6301201,21-ஆம்_நூற்றாண்டு_இந்திய_அரசியல்வாதிகள்,988,435,1423,0.3057,64416
mlwiki,tawiki,2026-06-23,24,8544982,இந்திய_நாடகத்_திரைப்படங்கள்,727,421,1148,0.3667,62217
mlwiki,tawiki,2026-06-23,25,32910244,தேவாரம்_பாடல்_பெற்ற_சிவன்_கோயில்கள்,244,48,292,0.1644,60841
mlwiki,tawiki,2026-06-23,26,9852995,مبانى_عباده,574,361,935,0.3861,58558
mlwiki,tawiki,2026-06-23,27,8235571,அனைத்திந்திய_அண்ணா_திராவிட_முன்னேற்றக்_கழக_அரசியல்வாதிகள்,694,18,712,0.0253,58406
mlwiki,tawiki,2026-06-23,28,25220062,தமிழக_எழுத்தாளர்கள்,722,66,788,0.0838,58044
mlwiki,tawiki,2026-06-23,29,139672559,17_ஆவது_தமிழ்நாடு_சட்டமன்ற_உறுப்பினர்கள்,63,4,67,0.0597,56389
mlwiki,tawiki,2026-06-23,30,106748938,16_ஆவது_தமிழ்நாடு_சட்டமன்ற_உறுப்பினர்கள்,242,8,250,0.032,56253
mlwiki,tawiki,2026-06-23,31,10082887,பாடல்_பெற்ற_தலங்கள்,229,46,275,0.1673,56063
mlwiki,tawiki,2026-06-23,32,30513052,14_ஆவது_தமிழ்நாடு_சட்டமன்ற_உறுப்பினர்கள்,235,10,245,0.0408,54927
mlwiki,tawiki,2026-06-23,33,8829498,"தமிழ்த்_திரைப்படக்_கதை,_திரைக்கதை,_வசன_எழுத்தாளர்கள்",153,42,195,0.2154,53059
mlwiki,tawiki,2026-06-23,34,33029934,Articol_in_Milanes,821,2577,3398,0.7584,52854
mlwiki,tawiki,2026-06-23,35,28461189,Films_shot_in_Chennai,379,104,483,0.2153,52310
mlwiki,tawiki,2026-06-23,36,8829471,தமிழ்க்_கவிஞர்கள்,150,56,206,0.2718,51741
mlwiki,tawiki,2026-06-23,37,30513027,15_ஆவது_தமிழ்நாடு_சட்டமன்ற_உறுப்பினர்கள்,227,11,238,0.0462,51282
mlwiki,tawiki,2026-06-23,38,30617233,தமிழ்நாட்டுத்_திரைப்பட_இயக்குநர்கள்,136,26,162,0.1605,51266
mlwiki,tawiki,2026-06-23,39,4630,இந்திய_வரலாறு,636,914,1550,0.5897,50620
mlwiki,tawiki,2026-06-23,40,86524968,తమిళనాడు_వ్యక్తులు,220,34,254,0.1339,50374
mlwiki,tawiki,2026-06-23,41,8955996,தமிழர்,118,152,270,0.563,49094
mlwiki,tawiki,2026-06-23,42,15264151,Indian_male_film_actors,318,671,989,0.6785,48104
mlwiki,tawiki,2026-06-23,43,139677674,தமிழக_வெற்றிக்_கழக_அரசியல்வாதிகள்,37,1,38,0.0263,46452
mlwiki,tawiki,2026-06-23,44,61379777,2018_தமிழ்த்_திரைப்படங்கள்,109,14,123,0.1138,46107
mlwiki,tawiki,2026-06-23,45,15354487,தேனி_மாவட்ட_மக்கள்,57,10,67,0.1493,46006
mlwiki,tawiki,2026-06-23,46,8829234,தமிழ்த்_திரைப்பட_நடிகைகள்,420,615,1035,0.5942,45929
mlwiki,tawiki,2026-06-23,47,30819078,13_ஆவது_தமிழ்நாடு_சட்டமன்ற_உறுப்பினர்கள்,186,6,192,0.0312,45821
mlwiki,tawiki,2026-06-23,48,10134118,விக்கிப்படுத்தப்பட_வேண்டிய_கட்டுரைகள்,465,167,632,0.2642,45201
mlwiki,tawiki,2026-06-23,49,7021473,தமிழக_அரசு_திரைப்பட_விருது_வெற்றியாளர்கள்,78,158,236,0.6695,45106
mlwiki,tawiki,2026-06-23,50,32910847,நாட்டுடைமை_நூல்களின்_ஆசிரியர்கள்,157,20,177,0.113,45036
mlwiki,tewiki,2026-06-23,1,1411417,India,3791,4645,8436,0.5506,206656
mlwiki,tewiki,2026-06-23,2,8838328,తెలుగు_సినిమాలు,767,50,817,0.0612,92701
mlwiki,tewiki,2026-06-23,3,1983910,హిందూమతం,822,1421,2243,0.6335,91504
mlwiki,tewiki,2026-06-23,4,8838370,తెలుగు_సినిమా_నటులు,626,83,709,0.1171,83495
mlwiki,tewiki,2026-06-23,5,8838402,తెలుగువారు,575,205,780,0.2628,80093
mlwiki,tewiki,2026-06-23,6,8545100,భారతీయ_సినిమా_నటీమణులు,1890,927,2817,0.3291,79851
mlwiki,tewiki,2026-06-23,7,15271864,Male_actors_in_Telugu_cinema,458,155,613,0.2529,73479
mlwiki,tewiki,2026-06-23,8,7238283,ఆంధ్రప్రదేశ్,2970,88,3058,0.0288,72932
mlwiki,tewiki,2026-06-23,9,9916522,తెలుగు_సినిమా_నటీమణులు,736,508,1244,0.4084,69955
mlwiki,tewiki,2026-06-23,10,15264151,Indian_male_film_actors,835,671,1506,0.4456,69048
mlwiki,tewiki,2026-06-23,11,15280486,Nandi_Award_winners,246,112,358,0.3128,68359
mlwiki,tewiki,2026-06-23,12,15136951,21వ_శతాబ్దపు_భారతీయ_నటీమణులు,1614,756,2370,0.319,65541
mlwiki,tewiki,2026-06-23,13,8838381,తెలుగు_సినిమా_దర్శకులు,402,47,449,0.1047,57690
mlwiki,tewiki,2026-06-23,14,6994462,భారతీయులు,906,2240,3146,0.712,56457
mlwiki,tewiki,2026-06-23,15,7024688,Indian_actors,708,579,1287,0.4499,53018
mlwiki,tewiki,2026-06-23,16,16808056,Telugu_male_actors,296,34,330,0.103,52332
mlwiki,tewiki,2026-06-23,17,8829234,తమిళ_సినిమా_నటీమణులు,692,615,1307,0.4705,49867
mlwiki,tewiki,2026-06-23,18,8838408,Telugu_politicians,499,53,552,0.096,48323
mlwiki,tewiki,2026-06-23,19,6467274,భారతీయ_నటీమణులు,965,568,1533,0.3705,47559
mlwiki,tewiki,2026-06-23,20,15136953,21st-century_Indian_male_actors,642,502,1144,0.4388,47143
mlwiki,tewiki,2026-06-23,21,8514322,హిందీ_సినిమా_నటీమణులు,1128,507,1635,0.3101,46652
mlwiki,tewiki,2026-06-23,22,15271863,Male_actors_in_Tamil_cinema,396,223,619,0.3603,45390
mlwiki,tewiki,2026-06-23,23,8838360,తెలుగుదేశం_పార్టీ_రాజకీయ_నాయకులు,452,25,477,0.0524,44633
mlwiki,tewiki,2026-06-23,24,6493807,క్రికెట్,3315,479,3794,0.1263,42772
mlwiki,tewiki,2026-06-23,25,19359093,"Films_shot_in_Hyderabad,_India",519,48,567,0.0847,42575
mlwiki,tewiki,2026-06-23,26,8544525,భారత_జాతీయ_కాంగ్రెస్_నాయకులు,1150,473,1623,0.2914,41957
mlwiki,tewiki,2026-06-23,27,19549556,Filmfare_Awards_South_winners,201,334,535,0.6243,40512
mlwiki,tewiki,2026-06-23,28,32990022,బ్రహ్మానందం_నటించిన_సినిమాలు,752,3,755,0.004,40333
mlwiki,tewiki,2026-06-23,29,8838415,తెలుగు_కవులు,725,30,755,0.0397,40225
mlwiki,tewiki,2026-06-23,30,3919792,నటులు,866,2216,3082,0.719,39851
mlwiki,tewiki,2026-06-23,31,7030483,భారత_రాజకీయ_నాయకులు,697,892,1589,0.5614,39557
mlwiki,tewiki,2026-06-23,32,8833948,తెలంగాణ,259,45,304,0.148,38745
mlwiki,tewiki,2026-06-23,33,138797084,2026_తెలుగు_సినిమాలు,52,1,53,0.0189,38535
mlwiki,tewiki,2026-06-23,34,7116650,ఆంధ్రప్రదేశ్_వ్యక్తులు,273,107,380,0.2816,36976
mlwiki,tewiki,2026-06-23,35,9898839,విస్తరించవలసిన_వ్యాసాలు,542,574,1116,0.5143,35130
mlwiki,tewiki,2026-06-23,36,8570341,కన్నడ_సినిమా_నటీమణులు,442,336,778,0.4319,33844
mlwiki,tewiki,2026-06-23,37,16808048,Telugu_films_remade_in_other_languages,389,9,398,0.0226,33764
mlwiki,tewiki,2026-06-23,38,5668044,భారతీయ_సినిమాలు,679,1783,2462,0.7242,33432
mlwiki,tewiki,2026-06-23,39,8545810,భారతీయ_టెలివిజన్_నటీమణులు,1070,417,1487,0.2804,33318
mlwiki,tewiki,2026-06-23,40,15136459,20th-century_Indian_male_actors,283,433,716,0.6047,33133
mlwiki,tewiki,2026-06-23,41,6547010,Indian_film_actors,379,537,916,0.5862,32903
mlwiki,tewiki,2026-06-23,42,8545316,Indian_male_actors,258,246,504,0.4881,32476
mlwiki,tewiki,2026-06-23,43,16789570,Male_actors_from_Andhra_Pradesh,175,22,197,0.1117,32366
mlwiki,tewiki,2026-06-23,44,13242461,20వ_శతాబ్ద_భారతీయ_నటీమణులు,582,454,1036,0.4382,31542
mlwiki,tewiki,2026-06-23,45,8544901,భారతీయ_క్రికెట్_క్రీడాకారులు,1350,158,1508,0.1048,31355
mlwiki,tewiki,2026-06-23,46,9822362,తెలుగు_సినిమా,108,11,119,0.0924,31331
mlwiki,tewiki,2026-06-23,47,9914779,హిందూమత_మూసలు,114,90,204,0.4412,30543
mlwiki,tewiki,2026-06-23,48,32990197,సత్యనారాయణ_నటించిన_సినిమాలు,508,2,510,0.0039,29504
mlwiki,tewiki,2026-06-23,49,16808042,Telugu_film_producers,162,28,190,0.1474,29267
mlwiki,tewiki,2026-06-23,50,30617238,Film_directors_from_Andhra_Pradesh,168,15,183,0.082,29245
mlwiki,mrwiki,2026-06-23,1,25351284,कायमचे_मृत_बाह्य_दुवे_असणारे_लेख,2161,773,2934,0.2635,162526
mlwiki,mrwiki,2026-06-23,2,7234470,महाराष्ट्रातील_व्यक्ती,487,255,742,0.3437,107176
mlwiki,mrwiki,2026-06-23,3,8607868,मराठी_व्यक्ती,432,218,650,0.3354,106593
mlwiki,mrwiki,2026-06-23,4,7238246,महाराष्ट्र,404,203,607,0.3344,102079
mlwiki,mrwiki,2026-06-23,5,8607853,मराठी_लेखक,1122,78,1200,0.065,82850
mlwiki,mrwiki,2026-06-23,6,8595825,महाराष्ट्रामधील_राजकारणी,503,80,583,0.1372,81238
mlwiki,mrwiki,2026-06-23,7,7476999,मराठा_साम्राज्य,158,45,203,0.2217,67847
mlwiki,mrwiki,2026-06-23,8,10007867,मराठी_राजकारणी,419,58,477,0.1216,62929
mlwiki,mrwiki,2026-06-23,9,7030483,भारतीय_राजकारणी,1067,892,1959,0.4553,58731
mlwiki,mrwiki,2026-06-23,10,33029934,Articol_in_Milanes,1753,2577,4330,0.5952,48086
mlwiki,mrwiki,2026-06-23,11,59771339,एक_ही_संदर्भ_नसलेले_लेख,697,181,878,0.2062,47138
mlwiki,mrwiki,2026-06-23,12,1411417,भारत,701,4645,5346,0.8689,45679
mlwiki,mrwiki,2026-06-23,13,8607871,मराठी_कवी,249,17,266,0.0639,39567
mlwiki,mrwiki,2026-06-23,14,8518612,महाराष्ट्राचा_इतिहास,116,64,180,0.3556,37205
mlwiki,mrwiki,2026-06-23,15,7705378,महाराष्ट्र_राज्यातील_शहरे_व_गावे,1759,30,1789,0.0168,35459
mlwiki,mrwiki,2026-06-23,16,4966070,Calendars,1815,727,2542,0.286,34238
mlwiki,mrwiki,2026-06-23,17,6493807,क्रिकेट,3915,479,4394,0.109,33355
mlwiki,mrwiki,2026-06-23,18,8739664,शिवाजी_महाराज,32,11,43,0.2558,32327
mlwiki,mrwiki,2026-06-23,19,10009098,मराठी_संत,61,5,66,0.0758,32098
mlwiki,mrwiki,2026-06-23,20,9056575,महाराष्ट्रातील_शहरे,270,54,324,0.1667,31802
mlwiki,mrwiki,2026-06-23,21,9836602,Egin_calendr,2315,586,2901,0.202,30903
mlwiki,mrwiki,2026-06-23,22,9487411,Усе_храналагічныя_пералікі,2345,621,2966,0.2094,30768
mlwiki,mrwiki,2026-06-23,23,9715644,Wp/srn,252,107,359,0.2981,30582
mlwiki,mrwiki,2026-06-23,24,8987877,Aggiungere_sezioni,1824,663,2487,0.2666,30256
mlwiki,mrwiki,2026-06-23,25,8828704,महाराष्ट्रातील_तालुके,449,15,464,0.0323,29427
mlwiki,mrwiki,2026-06-23,26,10123650,Populated_places_in_Maharashtra,234,36,270,0.1333,28112
mlwiki,mrwiki,2026-06-23,27,8808054,पुणे_जिल्हा,121,29,150,0.1933,27766
mlwiki,mrwiki,2026-06-23,28,9798400,লইনাসে,1823,572,2395,0.2388,26863
mlwiki,mrwiki,2026-06-23,29,86271658,महाराष्ट्राच्या_१४_व्या_विधानसभेचे_सदस्य,262,4,266,0.015,26118
mlwiki,mrwiki,2026-06-23,30,15270147,महाराष्ट्रातील_लोकसभा_सदस्य,198,47,245,0.1918,25946
mlwiki,mrwiki,2026-06-23,31,10013031,महाराष्ट्रातील_आमदार,265,12,277,0.0433,25885
mlwiki,mrwiki,2026-06-23,32,15272044,मराठी_दूरचित्रवाहिनी_मालिका,234,0,234,0.0,25595
mlwiki,mrwiki,2026-06-23,33,8739657,शिवसेनेतील_राजकारणी,165,13,178,0.073,25493
mlwiki,mrwiki,2026-06-23,34,2945300,वर्षे,2333,236,2569,0.0919,25083
mlwiki,mrwiki,2026-06-23,35,9707270,Artikel_auf_Westmittelbairisch,1043,454,1497,0.3033,25038
mlwiki,mrwiki,2026-06-23,36,7336700,पुणे,250,42,292,0.1438,23427
mlwiki,mrwiki,2026-06-23,37,8271769,महाराष्ट्रामधील_विधानसभा_मतदारसंघ,290,0,290,0.0,23353
mlwiki,mrwiki,2026-06-23,38,8544525,भारतीय_राष्ट्रीय_काँग्रेस_पक्षातील_राजकारणी,488,473,961,0.4922,23221
mlwiki,mrwiki,2026-06-23,39,10045628,विकिकरण_करण्याजोगे_लेख,323,113,436,0.2592,23215
mlwiki,mrwiki,2026-06-23,40,9714104,Fering_Artiikel,730,829,1559,0.5318,22834
mlwiki,mrwiki,2026-06-23,41,9711284,Mudnés,1706,363,2069,0.1754,22808
mlwiki,mrwiki,2026-06-23,42,8468896,महाराष्ट्रातील_किल्ले,234,47,281,0.1673,22294
mlwiki,mrwiki,2026-06-23,43,30818382,महाराष्ट्रातील_राष्ट्रवादी_काँग्रेस_पक्षाचे_राजकारणी,108,5,113,0.0442,22022
mlwiki,mrwiki,2026-06-23,44,7214658,भारतातील_शहरे,442,461,903,0.5105,21989
mlwiki,mrwiki,2026-06-23,45,9701205,Ngwaga,2031,200,2231,0.0896,21813
mlwiki,mrwiki,2026-06-23,46,8298820,भारतीय_जनता_पक्षातील_राजकारणी,597,263,860,0.3058,21478
mlwiki,mrwiki,2026-06-23,47,9846108,ऐतिहासिक_व्यक्ती,41,29,70,0.4143,21363
mlwiki,mrwiki,2026-06-23,48,24967046,Maharashtra_MLAs_2014–2019,165,4,169,0.0237,21218
mlwiki,mrwiki,2026-06-23,49,8496382,महाराष्ट्र_शासन,64,1,65,0.0154,20766
mlwiki,mrwiki,2026-06-23,50,32528866,Samtliga_årtal,2001,198,2199,0.09,20733
mlwiki,knwiki,2026-06-23,1,8570349,ಕನ್ನಡ_ಸಾಹಿತ್ಯ,594,32,626,0.0511,72192
mlwiki,knwiki,2026-06-23,2,9844264,ಸಾಹಿತಿಗಳು,743,115,858,0.134,63678
mlwiki,knwiki,2026-06-23,3,8570357,ಕನ್ನಡ_ಸಾಹಿತಿಗಳು,198,51,249,0.2048,62371
mlwiki,knwiki,2026-06-23,4,7145985,ಕರ್ನಾಟಕ,271,233,504,0.4623,59200
mlwiki,knwiki,2026-06-23,5,8570356,ಕನ್ನಡ_ಕವಿಗಳು,101,66,167,0.3952,57023
mlwiki,knwiki,2026-06-23,6,33044957,ಮೈಸೂರು_ವಿಶ್ವವಿದ್ಯಾನಿಲಯ_ವಿಶ್ವಕೋಶ,1982,1229,3211,0.3827,53104
mlwiki,knwiki,2026-06-23,7,8518422,ಕರ್ನಾಟಕದ_ಇತಿಹಾಸ,165,106,271,0.3911,43807
mlwiki,knwiki,2026-06-23,8,9056439,ಕರ್ನಾಟಕದ_ನಗರ_ಮತ್ತು_ಪಟ್ಟಣಗಳು,243,85,328,0.2591,42204
mlwiki,knwiki,2026-06-23,9,9727294,ಕಡತ_ಕೊಂಡಿಗಳು_ಮುರಿದಿರುವ_ಪುಟಗಳು,793,781,1574,0.4962,38776
mlwiki,knwiki,2026-06-23,10,8570352,Kannada_people,125,86,211,0.4076,30649
mlwiki,knwiki,2026-06-23,11,7116201,People_from_Karnataka,134,159,293,0.5427,29392
mlwiki,knwiki,2026-06-23,12,8638952,Recipients_of_the_Sahitya_Akademi_Award_in_Kannada,43,19,62,0.3065,28504
mlwiki,knwiki,2026-06-23,13,9760560,ಚುಟುಕು,1108,396,1504,0.2633,26618
mlwiki,knwiki,2026-06-23,14,28399467,Poets_from_Karnataka,44,27,71,0.3803,26277
mlwiki,knwiki,2026-06-23,15,8204202,ಕರ್ನಾಟಕ_ರಾಜ್ಯದ_ಗ್ರಾಮಗಳು,104,39,143,0.2727,25510
mlwiki,knwiki,2026-06-23,16,8570347,ಕನ್ನಡ,99,13,112,0.1161,22753
mlwiki,knwiki,2026-06-23,17,33097446,ವ್ಯಕ್ತಿಲು,65,107,172,0.6221,20648
mlwiki,knwiki,2026-06-23,18,10123254,Populated_places_in_Karnataka,228,59,287,0.2056,20469
mlwiki,knwiki,2026-06-23,19,9744792,ಕೇಂದ್ರ_ಸಾಹಿತ್ಯ_ಅಕಾಡೆಮಿ_ಪ್ರಶಸ್ತಿ_ಪುರಸ್ಕೃತರು,42,25,67,0.3731,19194
mlwiki,knwiki,2026-06-23,20,9740956,ಕವಿಗಳು,202,105,307,0.342,18959
mlwiki,knwiki,2026-06-23,21,8570330,ಕನ್ನಡ_ಚಲನಚಿತ್ರಗಳು,875,21,896,0.0234,18646
mlwiki,knwiki,2026-06-23,22,8468865,Forts_in_Karnataka,41,36,77,0.4675,18092
mlwiki,knwiki,2026-06-23,23,8156046,Waterfalls_of_Karnataka,32,30,62,0.4839,17030
mlwiki,knwiki,2026-06-23,24,33045230,ಉಲ್ಲೇಖವಿಲ್ಲದ_ಲೇಖನಗಳು,313,83,396,0.2096,16251
mlwiki,knwiki,2026-06-23,25,8571051,Society_of_Karnataka,32,33,65,0.5077,16153
mlwiki,knwiki,2026-06-23,26,9731652,ಕನ್ನಡ_ವ್ಯಾಕರಣ,59,7,66,0.1061,15173
mlwiki,knwiki,2026-06-23,27,9824273,ಲೇಖಕರು,225,63,288,0.2188,14318
mlwiki,knwiki,2026-06-23,28,8571048,ಕರ್ನಾಟಕ_ರಾಜಕಾರಣಿಗಳು,132,40,172,0.2326,14119
mlwiki,knwiki,2026-06-23,29,9832977,ವಿಕೀಕರಣ_ಮಾಡಬೇಕಿರುವ_ಲೇಖನಗಳು,308,96,404,0.2376,13744
mlwiki,knwiki,2026-06-23,30,33044714,ಪಂಪ_ಪ್ರಶಸ್ತಿ_ಪುರಸ್ಕೃತರು,13,12,25,0.48,12975
mlwiki,knwiki,2026-06-23,31,9840024,কর্ণাটকের_শহর_সংক্রান্ত_অসম্পূর্ণ_নিবন্ধ,158,32,190,0.1684,12890
mlwiki,knwiki,2026-06-23,32,32985797,కన్నడ_కవులు,13,6,19,0.3158,12457
mlwiki,knwiki,2026-06-23,33,9824307,ಲೇಖಕಿಯರು,262,29,291,0.0997,12255
mlwiki,knwiki,2026-06-23,34,9997929,কর্ণাটকের_শহর,162,30,192,0.1562,11886
mlwiki,knwiki,2026-06-23,35,8591448,Lingayatism,28,13,41,0.3171,10052
mlwiki,knwiki,2026-06-23,36,25076421,Indian_National_Congress_politicians_from_Karnataka,69,25,94,0.266,10036
mlwiki,knwiki,2026-06-23,37,33045176,ಲಿಂಗಾಯತ,41,5,46,0.1087,9935
mlwiki,knwiki,2026-06-23,38,7258473,Tourism_in_Karnataka,67,62,129,0.4806,9888
mlwiki,knwiki,2026-06-23,39,33044729,ವ್ಯಾಕರಣ,32,6,38,0.1579,9848
mlwiki,knwiki,2026-06-23,40,7023926,Sanskrit_words_and_phrases,121,433,554,0.7816,9801
mlwiki,knwiki,2026-06-23,41,32958151,Tanàna_ao_amin'i_Karnataka,112,25,137,0.1825,9646
mlwiki,knwiki,2026-06-23,42,25219617,Writers_from_Karnataka,41,16,57,0.2807,9474
mlwiki,knwiki,2026-06-23,43,9736179,ಕರ್ನಾಟಕದ_ಪ್ರಮುಖ_ಸ್ಥಳಗಳು,54,24,78,0.3077,9470
mlwiki,knwiki,2026-06-23,44,15292171,People_from_Shimoga_district,32,13,45,0.2889,9415
mlwiki,knwiki,2026-06-23,45,8570344,ಕನ್ನಡ_ಚಲನಚಿತ್ರ_ನಿರ್ದೇಶಕರು,104,29,133,0.218,9142
mlwiki,knwiki,2026-06-23,46,7823963,Literature_of_Karnataka,23,1,24,0.0417,8958
mlwiki,knwiki,2026-06-23,47,15344659,Male_actors_in_Kannada_cinema,139,67,206,0.3252,8892
mlwiki,knwiki,2026-06-23,48,9821621,ರಾಜಕಾರಣಿಗಳು,159,112,271,0.4133,8796
mlwiki,knwiki,2026-06-23,49,49797067,Novelists_from_Karnataka,22,20,42,0.4762,8793
mlwiki,knwiki,2026-06-23,50,33044614,ದೇವಾಲಯಗಳು,187,39,226,0.1726,8735
mlwiki,urwiki,2026-06-23,1,1984000,اسلام,2332,848,3180,0.2667,201671
mlwiki,urwiki,2026-06-23,2,7130256,تاریخ_اسلام,968,381,1349,0.2824,138937
mlwiki,urwiki,2026-06-23,3,1457673,جغرافیہ,50094,2467,52561,0.0469,117583
mlwiki,urwiki,2026-06-23,4,7935248,Алфавит_буйынса_ислам_шәхестәре,924,273,1197,0.2281,103695
mlwiki,urwiki,2026-06-23,5,33029934,Articol_in_Milanes,6440,2577,9017,0.2858,89172
mlwiki,urwiki,2026-06-23,6,18640871,ساتویں_صدی_کی_عرب_شخصیات,617,106,723,0.1466,88609
mlwiki,urwiki,2026-06-23,7,7217395,صحابہ_و_صحابیات,825,125,950,0.1316,84308
mlwiki,urwiki,2026-06-23,8,1410960,ریاستہائے_متحدہ,42296,4017,46313,0.0867,84065
mlwiki,urwiki,2026-06-23,9,7460289,اسلامی_اصطلاحات,816,360,1176,0.3061,74635
mlwiki,urwiki,2026-06-23,10,1457595,تاریخ,1385,1557,2942,0.5292,72954
mlwiki,urwiki,2026-06-23,11,6819512,عرب_شخصیات,462,212,674,0.3145,72203
mlwiki,urwiki,2026-06-23,12,6434591,شیعیت,359,84,443,0.1896,67490
mlwiki,urwiki,2026-06-23,13,7237892,مسلم_شخصیات,483,333,816,0.4081,66062
mlwiki,urwiki,2026-06-23,14,1457903,مذہب,803,979,1782,0.5494,61220
mlwiki,urwiki,2026-06-23,15,9705320,Endrika_ampiasaina_amin'ny_jeografia,20308,1412,21720,0.065,60429
mlwiki,urwiki,2026-06-23,16,23706330,Bu_dem_liwot,3966,925,4891,0.1891,60390
mlwiki,urwiki,2026-06-23,17,8555432,Islam_saadjies,488,382,870,0.4391,59039
mlwiki,urwiki,2026-06-23,18,9126476,شہر,17958,1586,19544,0.0812,57935
mlwiki,urwiki,2026-06-23,19,7129271,ساتویں_صدی_کی_شخصیات,217,99,316,0.3133,57090
mlwiki,urwiki,2026-06-23,20,7144995,محمد_بن_عبد_اللہ,244,110,354,0.3107,54792
mlwiki,urwiki,2026-06-23,21,1455849,پاکستان,766,214,980,0.2184,53099
mlwiki,urwiki,2026-06-23,22,8602383,صحابہ,454,57,511,0.1115,52855
mlwiki,urwiki,2026-06-23,23,6426358,اہل_بیت,262,70,332,0.2108,50609
mlwiki,urwiki,2026-06-23,24,7116163,مدنی_شخصیات,206,60,266,0.2256,49992
mlwiki,urwiki,2026-06-23,25,7035269,Hahakeno_mihcaan_a_masofoc,1873,512,2385,0.2147,49826
mlwiki,urwiki,2026-06-23,26,1411712,ایران,48102,289,48391,0.006,49759
mlwiki,urwiki,2026-06-23,27,8063242,مکہ_میں_پیدا_ہونے_والی_شخصیات,282,79,361,0.2188,48841
mlwiki,urwiki,2026-06-23,28,7192108,Páginas_con_errores_en_secuencias_de_órdenes,1968,1916,3884,0.4933,44998
mlwiki,urwiki,2026-06-23,29,7463616,اہل_سنت,194,128,322,0.3975,43038
mlwiki,urwiki,2026-06-23,30,9715949,Vikipedya:AY,416,426,842,0.5059,42830
mlwiki,urwiki,2026-06-23,31,32589508,ويکيډاټا_سرچينې_لرونکي_مخونه,1155,1191,2346,0.5077,42573
mlwiki,urwiki,2026-06-23,32,9219064,مدینہ_منورہ_میں_وفات_پانے_والی_شخصیات,307,52,359,0.1448,42502
mlwiki,urwiki,2026-06-23,33,7029947,پاکستانی_شخصیات,1289,140,1429,0.098,42422
mlwiki,urwiki,2026-06-23,34,9220893,28_مئی_کی_وفیات,101,18,119,0.1513,41264
mlwiki,urwiki,2026-06-23,35,9703480,Biôgrafia,2046,1910,3956,0.4828,41138
mlwiki,urwiki,2026-06-23,36,5753390,سیاست_دان,2759,921,3680,0.2503,40935
mlwiki,urwiki,2026-06-23,37,6958407,قریش,126,57,183,0.3115,40793
mlwiki,urwiki,2026-06-23,38,9228737,21_اپریل_کی_پیدائشیں,240,43,283,0.1519,40259
mlwiki,urwiki,2026-06-23,39,6826214,مکی_شخصیات,174,83,257,0.323,40133
mlwiki,urwiki,2026-06-23,40,9715644,Wp/srn,272,107,379,0.2823,39994
mlwiki,urwiki,2026-06-23,41,7216315,خلفا,133,29,162,0.179,39602
mlwiki,urwiki,2026-06-23,42,30307162,Иртә_ислам_тарихында_шәхестәр,165,83,248,0.3347,39471
mlwiki,urwiki,2026-06-23,43,6946332,پنجابی_شخصیات,1607,456,2063,0.221,39340
mlwiki,urwiki,2026-06-23,44,8529001,حسین_ابن_علی,148,11,159,0.0692,38457
mlwiki,urwiki,2026-06-23,45,6127538,ریاستہائے_متحدہ_کے_شہر,22871,811,23682,0.0342,38404
mlwiki,urwiki,2026-06-23,46,7237893,پاکستانی_مسلم_شخصیات,977,77,1054,0.0731,38084
mlwiki,urwiki,2026-06-23,47,6620777,Əlifba_sırasına_görə_alimlər,1453,1825,3278,0.5567,36721
mlwiki,urwiki,2026-06-23,48,8292894,سانحۂ_کربلا,72,6,78,0.0769,36672
mlwiki,urwiki,2026-06-23,49,9714104,Fering_Artiikel,3407,829,4236,0.1957,36666
mlwiki,urwiki,2026-06-23,50,6466283,مسلم_الٰہیات_دان,585,156,741,0.2105,36646
mniwiki,enwiki,2026-06-23,1,1410960,United_States,211775,58,211833,0.0003,850201729
mniwiki,enwiki,2026-06-23,2,3919762,American_people,123438,24,123462,0.0002,775997431
mniwiki,enwiki,2026-06-23,3,5479723,Film_actors,36671,107,36778,0.0029,529850914
mniwiki,enwiki,2026-06-23,4,3919792,Actors,56388,223,56611,0.0039,465213615
mniwiki,enwiki,2026-06-23,5,9698417,American_actors,23926,8,23934,0.0003,439336312
mniwiki,enwiki,2026-06-23,6,5479560,Television_actors,30909,93,31002,0.003,419120418
mniwiki,enwiki,2026-06-23,7,5837414,American_film_actors,12399,3,12402,0.0002,368308130
mniwiki,enwiki,2026-06-23,8,5461159,American_television_actors,12581,4,12585,0.0003,365909752
mniwiki,enwiki,2026-06-23,9,8206360,21st-century_American_actors,11365,6,11371,0.0005,357382179
mniwiki,enwiki,2026-06-23,10,9426612,Алфавит_буйынса_актёрҙар,13362,177,13539,0.0131,338782793
mniwiki,enwiki,2026-06-23,11,6840573,English-language_films,62162,14,62176,0.0002,315906180
mniwiki,enwiki,2026-06-23,12,3919868,American_films,33722,12,33734,0.0004,279537715
mniwiki,enwiki,2026-06-23,13,7835232,Əlifba_sırasına_görə_filmlər,35187,16,35203,0.0005,276213505
mniwiki,enwiki,2026-06-23,14,1411125,United_Kingdom,74704,42,74746,0.0006,267495903
mniwiki,enwiki,2026-06-23,15,7269712,20th-century_American_actors,12127,1,12128,0.0001,267047467
mniwiki,enwiki,2026-06-23,16,9715949,Vikipedya:AY,1183,95,1278,0.0743,263835275
mniwiki,enwiki,2026-06-23,17,5611338,Association_football,144258,14,144272,0.0001,247826211
mniwiki,enwiki,2026-06-23,18,8246543,American_male_film_actors,14286,3,14289,0.0002,247659544
mniwiki,enwiki,2026-06-23,19,3919830,British_people,44525,12,44537,0.0003,244747317
mniwiki,enwiki,2026-06-23,20,1457982,Sports,132500,15,132515,0.0001,244142623
mniwiki,enwiki,2026-06-23,21,6508,Astronomy,5422,39,5461,0.0071,243377253
mniwiki,enwiki,2026-06-23,22,9703480,Biôgrafia,24974,61,25035,0.0024,239594131
mniwiki,enwiki,2026-06-23,23,9228737,Кандык_айдыҥ_21_кӱнинде_чыккандар,1696,4,1700,0.0024,229461766
mniwiki,enwiki,2026-06-23,24,9865921,Wikipedia:Wiphalakunap_Plantillankukuna,877,11,888,0.0124,227932534
mniwiki,enwiki,2026-06-23,25,9220893,Кӱӱк_айдыҥ_28_кӱнинде_божогондор,689,1,690,0.0014,226845808
mniwiki,enwiki,2026-06-23,26,129212025,Tuveli:Izvopa,438,15,453,0.0331,222676031
mniwiki,enwiki,2026-06-23,27,6397842,American_male_actors,9771,4,9775,0.0004,222064181
mniwiki,enwiki,2026-06-23,28,9636824,Əlifba_sırasına_görə_musiqiçilər,24560,12,24572,0.0005,221969393
mniwiki,enwiki,2026-06-23,29,9426286,Алфавит_буйынса_актрисалар,11257,19,11276,0.0017,220909474
mniwiki,enwiki,2026-06-23,30,97269191,Pàgine_in_Zeneise-Grafia_unitäia,90,4,94,0.0426,218130998
mniwiki,enwiki,2026-06-23,31,9724347,Paggene_scritte_int''e_dialette_d''o_Lazzio_Meridiunale,179,9,188,0.0479,216101003
mniwiki,enwiki,2026-06-23,32,4966679,Wikipedia,440,36,476,0.0756,215287444
mniwiki,enwiki,2026-06-23,33,33079992,Gamba_Peuniléh,23,1,24,0.0417,215076069
mniwiki,enwiki,2026-06-23,34,106843442,To_be_checked,640,208,848,0.2453,214116261
mniwiki,enwiki,2026-06-23,35,106848755,Sabak_Tutuy,159,15,174,0.0862,214015706
mniwiki,enwiki,2026-06-23,36,8246554,American_male_television_actors,11623,3,11626,0.0003,211828015
mniwiki,enwiki,2026-06-23,37,6740310,American_voice_actors,4400,2,4402,0.0005,205990573
mniwiki,enwiki,2026-06-23,38,140310923,Actors_estatunidencs_nascuts_al_segle_XX,3336,5,3341,0.0015,203943648
mniwiki,enwiki,2026-06-23,39,2944611,Wikipedia_administration,34,5,39,0.1282,197142964
mniwiki,enwiki,2026-06-23,40,8245580,American_film_actresses,11263,3,11266,0.0003,196751755
mniwiki,enwiki,2026-06-23,41,10074376,Pobo_sakizaya,6,1,7,0.1429,192330935
mniwiki,enwiki,2026-06-23,42,6426972,American_television_actresses,9385,3,9388,0.0003,190057985
mniwiki,enwiki,2026-06-23,43,6645404,American_actresses,8132,4,8136,0.0005,188540378
mniwiki,enwiki,2026-06-23,44,7063228,American_singers,8055,2,8057,0.0002,188423890
mniwiki,enwiki,2026-06-23,45,7220786,Selected_anniversaries,5,1,6,0.1667,187018880
mniwiki,enwiki,2026-06-23,46,14914955,21st-century_American_male_actors,7411,3,7414,0.0004,186531049
mniwiki,enwiki,2026-06-23,47,6408784,21st-century_actors,6739,48,6787,0.0071,186273361
mniwiki,enwiki,2026-06-23,48,33029934,Articol_in_Milanes,32889,191,33080,0.0058,185222773
mniwiki,enwiki,2026-06-23,49,9711126,Miranduléś,4288,78,4366,0.0179,183217260
mniwiki,enwiki,2026-06-23,50,9715644,Wp/srn,372,125,497,0.2515,177970249
mniwiki,bnwiki,2026-06-23,1,1411417,ভারত,6367,397,6764,0.0587,663858
mniwiki,bnwiki,2026-06-23,2,7192108,Páginas_con_errores_en_secuencias_de_órdenes,2289,248,2537,0.0978,531583
mniwiki,bnwiki,2026-06-23,3,9729671,Gesjreve_in_'t_Mestreechs,1313,241,1554,0.1551,429722
mniwiki,bnwiki,2026-06-23,4,33029934,Articol_in_Milanes,5032,191,5223,0.0366,404067
mniwiki,bnwiki,2026-06-23,5,1455458,বাংলাদেশ,1492,10,1502,0.0067,397081
mniwiki,bnwiki,2026-06-23,6,6994462,ভারতীয়_ব্যক্তি,2748,140,2888,0.0485,385638
mniwiki,bnwiki,2026-06-23,7,5611338,ফুটবল,3628,14,3642,0.0038,357312
mniwiki,bnwiki,2026-06-23,8,1983910,হিন্দুধর্ম,2075,195,2270,0.0859,350288
mniwiki,bnwiki,2026-06-23,9,8297418,বাঙালি_ব্যক্তি,845,15,860,0.0174,340461
mniwiki,bnwiki,2026-06-23,10,1457673,ভূগোল,2134,230,2364,0.0973,333416
mniwiki,bnwiki,2026-06-23,11,1457982,ক্রীড়া,2880,15,2895,0.0052,301749
mniwiki,bnwiki,2026-06-23,12,1457595,ইতিহাস,2160,89,2249,0.0396,293215
mniwiki,bnwiki,2026-06-23,13,9700201,Articllo_en_arpetan_supradialèctâl_/_ORB,1233,247,1480,0.1669,292076
mniwiki,bnwiki,2026-06-23,14,6156696,মৃত_ব্যক্তি,1408,33,1441,0.0229,285228
mniwiki,bnwiki,2026-06-23,15,5897849,Wikipedia:Beleg_fehlet,2021,154,2175,0.0708,282951
mniwiki,bnwiki,2026-06-23,16,1984000,ইসলাম,2914,34,2948,0.0115,281455
mniwiki,bnwiki,2026-06-23,17,32589508,ويکيډاټا_سرچينې_لرونکي_مخونه,1454,168,1622,0.1036,278671
mniwiki,bnwiki,2026-06-23,18,23706330,Bu_dem_liwot,1273,89,1362,0.0653,271734
mniwiki,bnwiki,2026-06-23,19,8950510,কলকাতা_বিশ্ববিদ্যালয়ের_প্রাক্তন_শিক্ষার্থী,1387,13,1400,0.0093,257329
mniwiki,bnwiki,2026-06-23,20,2944929,সংস্কৃতি,1651,223,1874,0.119,251360
mniwiki,bnwiki,2026-06-23,21,8297364,বাঙালি_হিন্দু,905,2,907,0.0022,248156
mniwiki,bnwiki,2026-06-23,22,9715949,Vikipedya:AY,415,95,510,0.1863,247271
mniwiki,bnwiki,2026-06-23,23,9711126,Miranduléś,985,78,1063,0.0734,245185
mniwiki,bnwiki,2026-06-23,24,106843442,To_be_checked,438,208,646,0.322,242050
mniwiki,bnwiki,2026-06-23,25,4630,ভারতের_ইতিহাস,1239,40,1279,0.0313,238656
mniwiki,bnwiki,2026-06-23,26,1410960,মার্কিন_যুক্তরাষ্ট্র,4743,58,4801,0.0121,238013
mniwiki,bnwiki,2026-06-23,27,7116681,পশ্চিমবঙ্গের_ব্যক্তি,601,3,604,0.005,232530
mniwiki,bnwiki,2026-06-23,28,1458083,বিজ্ঞান,2145,174,2319,0.075,230488
mniwiki,bnwiki,2026-06-23,29,9703480,Biôgrafia,2793,61,2854,0.0214,212161
mniwiki,bnwiki,2026-06-23,30,9712313,Limba_Sarda_Comuna,1148,184,1332,0.1381,211768
mniwiki,bnwiki,2026-06-23,31,1457402,জীববিজ্ঞান,2054,104,2158,0.0482,204368
mniwiki,bnwiki,2026-06-23,32,7019973,Postage_stamps_featuring_people,965,27,992,0.0272,200744
mniwiki,bnwiki,2026-06-23,33,10095516,ঢাকা_বিশ্ববিদ্যালয়ের_প্রাক্তন_শিক্ষার্থী,1567,0,1567,0.0,200278
mniwiki,bnwiki,2026-06-23,34,7030483,ভারতীয়_রাজনীতিবিদ,1176,32,1208,0.0265,199344
mniwiki,bnwiki,2026-06-23,35,1457903,ধর্ম,1366,148,1514,0.0978,196694
mniwiki,bnwiki,2026-06-23,36,8297423,বাঙালি_লেখক,1340,1,1341,0.0007,193019
mniwiki,bnwiki,2026-06-23,37,6301435,২০শ_শতাব্দীর_রাজনীতিবিদ,1583,13,1596,0.0081,192735
mniwiki,bnwiki,2026-06-23,38,5753390,রাজনীতিবিদ,2423,20,2443,0.0082,189934
mniwiki,bnwiki,2026-06-23,39,4026570,দেশ,437,134,571,0.2347,188907
mniwiki,bnwiki,2026-06-23,40,7030643,ভারতীয়_হিন্দু,564,74,638,0.116,187255
mniwiki,bnwiki,2026-06-23,41,8437937,ফিফা_বিশ্বকাপ,109,1,110,0.0091,182896
mniwiki,bnwiki,2026-06-23,42,6312404,ফিফা,93,2,95,0.0211,173819
mniwiki,bnwiki,2026-06-23,43,8313144,ব্রিটিশ_ভারত,444,6,450,0.0133,173426
mniwiki,bnwiki,2026-06-23,44,9793101,Википедия:Сифатлы_мәҡәләләр,670,111,781,0.1421,169008
mniwiki,bnwiki,2026-06-23,45,18929423,官方網站喺維基數據同喺維基有唔同網址,246,49,295,0.1661,168646
mniwiki,bnwiki,2026-06-23,46,6466307,কলকাতার_ব্যক্তি,393,12,405,0.0296,167831
mniwiki,bnwiki,2026-06-23,47,9795474,جميع_مقالات_البذور,1252,220,1472,0.1495,167224
mniwiki,bnwiki,2026-06-23,48,8055972,مواليد_في_كلكتا,724,13,737,0.0176,166591
mniwiki,bnwiki,2026-06-23,49,6456601,বাংলাদেশী_ব্যক্তি,525,1,526,0.0019,165976
mniwiki,bnwiki,2026-06-23,50,9714104,Fering_Artiikel,934,127,1061,0.1197,165524
mrwiki,enwiki,2026-06-23,1,1410960,United_States,209612,2221,211833,0.0105,841518049
mrwiki,enwiki,2026-06-23,2,3919762,American_people,122102,1360,123462,0.011,767598619
mrwiki,enwiki,2026-06-23,3,5479723,Film_actors,35914,864,36778,0.0235,518913194
mrwiki,enwiki,2026-06-23,4,3919792,Actors,55019,1592,56611,0.0281,453919058
mrwiki,enwiki,2026-06-23,5,9698417,American_actors,23436,498,23934,0.0208,430338787
mrwiki,enwiki,2026-06-23,6,5479560,Television_actors,30038,964,31002,0.0311,407309817
mrwiki,enwiki,2026-06-23,7,5837414,American_film_actors,11984,418,12402,0.0337,355980694
mrwiki,enwiki,2026-06-23,8,5461159,American_television_actors,12215,370,12585,0.0294,355264893
mrwiki,enwiki,2026-06-23,9,8206360,21st-century_American_actors,10993,378,11371,0.0332,345684320
mrwiki,enwiki,2026-06-23,10,9426612,Алфавит_буйынса_актёрҙар,12672,867,13539,0.064,321288397
mrwiki,enwiki,2026-06-23,11,6840573,English-language_films,61860,316,62176,0.0051,314371421
mrwiki,enwiki,2026-06-23,12,3919868,American_films,33493,241,33734,0.0071,277639425
mrwiki,enwiki,2026-06-23,13,7835232,Əlifba_sırasına_görə_filmlər,34687,516,35203,0.0147,272288568
mrwiki,enwiki,2026-06-23,14,1411125,United_Kingdom,73250,1496,74746,0.02,262289501
mrwiki,enwiki,2026-06-23,15,7269712,20th-century_American_actors,11796,332,12128,0.0274,259758548
mrwiki,enwiki,2026-06-23,16,5611338,Association_football,142860,1412,144272,0.0098,245424535
mrwiki,enwiki,2026-06-23,17,8246543,American_male_film_actors,14011,278,14289,0.0195,242892193
mrwiki,enwiki,2026-06-23,18,1457982,Sports,130707,1808,132515,0.0136,240838866
mrwiki,enwiki,2026-06-23,19,3919830,British_people,43697,840,44537,0.0189,240195924
mrwiki,enwiki,2026-06-23,20,6508,Astronomy,5027,434,5461,0.0795,225646892
mrwiki,enwiki,2026-06-23,21,9228737,Кандык_айдыҥ_21_кӱнинде_чыккандар,1665,35,1700,0.0206,225267595
mrwiki,enwiki,2026-06-23,22,9220893,Кӱӱк_айдыҥ_28_кӱнинде_божогондор,678,12,690,0.0174,223224177
mrwiki,enwiki,2026-06-23,23,9636824,Əlifba_sırasına_görə_musiqiçilər,24259,313,24572,0.0127,219249003
mrwiki,enwiki,2026-06-23,24,9865921,Wikipedia:Wiphalakunap_Plantillankukuna,839,49,888,0.0552,218056323
mrwiki,enwiki,2026-06-23,25,9703480,Biôgrafia,22727,2308,25035,0.0922,218036991
mrwiki,enwiki,2026-06-23,26,6397842,American_male_actors,9519,256,9775,0.0262,216337011
mrwiki,enwiki,2026-06-23,27,9426286,Алфавит_буйынса_актрисалар,10784,492,11276,0.0436,211627233
mrwiki,enwiki,2026-06-23,28,8246554,American_male_television_actors,11417,209,11626,0.018,208073685
mrwiki,enwiki,2026-06-23,29,33079992,Gamba_Peuniléh,22,2,24,0.0833,205724936
mrwiki,enwiki,2026-06-23,30,6740310,American_voice_actors,4154,248,4402,0.0563,194473828
mrwiki,enwiki,2026-06-23,31,8245580,American_film_actresses,11061,205,11266,0.0182,193223045
mrwiki,enwiki,2026-06-23,32,10074376,Pobo_sakizaya,6,1,7,0.1429,192330935
mrwiki,enwiki,2026-06-23,33,4966679,Wikipedia,390,86,476,0.1807,190822962
mrwiki,enwiki,2026-06-23,34,129212025,Tuveli:Izvopa,371,82,453,0.181,188613716
mrwiki,enwiki,2026-06-23,35,7220786,Selected_anniversaries,5,1,6,0.1667,187018880
mrwiki,enwiki,2026-06-23,36,6426972,American_television_actresses,9208,180,9388,0.0192,186473513
mrwiki,enwiki,2026-06-23,37,7063228,American_singers,7913,144,8057,0.0179,185102203
mrwiki,enwiki,2026-06-23,38,140310923,Actors_estatunidencs_nascuts_al_segle_XX,3002,339,3341,0.1015,183524829
mrwiki,enwiki,2026-06-23,39,6645404,American_actresses,7910,226,8136,0.0278,183393309
mrwiki,enwiki,2026-06-23,40,14914955,21st-century_American_male_actors,7232,182,7414,0.0245,182025711
mrwiki,enwiki,2026-06-23,41,6408784,21st-century_actors,6472,315,6787,0.0464,178893188
mrwiki,enwiki,2026-06-23,42,9715949,Vikipedya:AY,774,504,1278,0.3944,172619191
mrwiki,enwiki,2026-06-23,43,9280440,20th-century_American_people,22172,441,22613,0.0195,171360585
mrwiki,enwiki,2026-06-23,44,8206361,21st-century_American_actresses,7175,191,7366,0.0259,169371073
mrwiki,enwiki,2026-06-23,45,2944611,Wikipedia_administration,29,10,39,0.2564,168151352
mrwiki,enwiki,2026-06-23,46,7217320,Singers,15207,267,15474,0.0173,167436052
mrwiki,enwiki,2026-06-23,47,7031042,American_people_of_Irish_descent,6191,301,6492,0.0464,166944204
mrwiki,enwiki,2026-06-23,48,14914736,20th-century_American_male_actors,10521,208,10729,0.0194,164247950
mrwiki,enwiki,2026-06-23,49,33029934,Articol_in_Milanes,28750,4330,33080,0.1309,161912941
mrwiki,enwiki,2026-06-23,50,6455247,American_film_producers,6069,274,6343,0.0432,161786511
mrwiki,bnwiki,2026-06-23,1,1455458,বাংলাদেশ,1271,231,1502,0.1538,338264
mrwiki,bnwiki,2026-06-23,2,1984000,ইসলাম,2688,260,2948,0.0882,259626
mrwiki,bnwiki,2026-06-23,3,8297418,বাঙালি_ব্যক্তি,562,298,860,0.3465,226436
mrwiki,bnwiki,2026-06-23,4,5611338,ফুটবল,2230,1412,3642,0.3877,219626
mrwiki,bnwiki,2026-06-23,5,8950510,কলকাতা_বিশ্ববিদ্যালয়ের_প্রাক্তন_শিক্ষার্থী,1125,275,1400,0.1964,208720
mrwiki,bnwiki,2026-06-23,6,8297364,বাঙালি_হিন্দু,741,166,907,0.183,203186
mrwiki,bnwiki,2026-06-23,7,7192108,Páginas_con_errores_en_secuencias_de_órdenes,862,1675,2537,0.6602,200185
mrwiki,bnwiki,2026-06-23,8,10095516,ঢাকা_বিশ্ববিদ্যালয়ের_প্রাক্তন_শিক্ষার্থী,1549,18,1567,0.0115,197977
mrwiki,bnwiki,2026-06-23,9,8297423,বাঙালি_লেখক,1259,82,1341,0.0611,181352
mrwiki,bnwiki,2026-06-23,10,1983910,হিন্দুধর্ম,984,1286,2270,0.5665,166112
mrwiki,bnwiki,2026-06-23,11,8287974,বাংলাদেশ_জাতীয়তাবাদী_দলের_রাজনীতিবিদ,912,4,916,0.0044,152701
mrwiki,bnwiki,2026-06-23,12,7116681,পশ্চিমবঙ্গের_ব্যক্তি,384,220,604,0.3642,148571
mrwiki,bnwiki,2026-06-23,13,1411417,ভারত,1418,5346,6764,0.7904,147848
mrwiki,bnwiki,2026-06-23,14,6456601,বাংলাদেশী_ব্যক্তি,458,68,526,0.1293,144795
mrwiki,bnwiki,2026-06-23,15,1457595,ইতিহাস,1033,1216,2249,0.5407,140227
mrwiki,bnwiki,2026-06-23,16,4325,বাংলাদেশের_ইতিহাস,359,69,428,0.1612,137221
mrwiki,bnwiki,2026-06-23,17,2944929,সংস্কৃতি,896,978,1874,0.5219,136413
mrwiki,bnwiki,2026-06-23,18,1457402,জীববিজ্ঞান,1355,803,2158,0.3721,134819
mrwiki,bnwiki,2026-06-23,19,7460289,ইসলামি_পরিভাষা,885,108,993,0.1088,134111
mrwiki,bnwiki,2026-06-23,20,7130623,বাংলা_ভাষার_লেখক,417,60,477,0.1258,132412
mrwiki,bnwiki,2026-06-23,21,1410960,মার্কিন_যুক্তরাষ্ট্র,2580,2221,4801,0.4626,129469
mrwiki,bnwiki,2026-06-23,22,6312404,ফিফা,69,26,95,0.2737,128963
mrwiki,bnwiki,2026-06-23,23,8436106,বর্তমান_ফুটবল_মৌসুম,39,4,43,0.093,128347
mrwiki,bnwiki,2026-06-23,24,1458083,বিজ্ঞান,1192,1127,2319,0.486,128085
mrwiki,bnwiki,2026-06-23,25,138208396,ত্রয়োদশ_জাতীয়_সংসদ_সদস্য,313,0,313,0.0,127496
mrwiki,bnwiki,2026-06-23,26,8204863,২০২৬_ফিফা_বিশ্বকাপ,52,0,52,0.0,126971
mrwiki,bnwiki,2026-06-23,27,7068600,বাংলাদেশী_রাজনীতিবিদ,431,15,446,0.0336,126820
mrwiki,bnwiki,2026-06-23,28,8297344,বাংলা_ভাষার_চলচ্চিত্র,2136,21,2157,0.0097,126763
mrwiki,bnwiki,2026-06-23,29,8055972,مواليد_في_كلكتا,541,196,737,0.2659,124483
mrwiki,bnwiki,2026-06-23,30,105499440,২০শ_শতাব্দীর_বাঙালি,664,59,723,0.0816,123175
mrwiki,bnwiki,2026-06-23,31,1457903,ধর্ম,844,670,1514,0.4425,121529
mrwiki,bnwiki,2026-06-23,32,6015449,বাংলা_সাহিত্য,234,28,262,0.1069,116802
mrwiki,bnwiki,2026-06-23,33,1457982,ক্রীড়া,1087,1808,2895,0.6245,113889
mrwiki,bnwiki,2026-06-23,34,15136349,২০২৬-এ_ফুটবল,30,0,30,0.0,112905
mrwiki,bnwiki,2026-06-23,35,8303056,যৌনতা,326,113,439,0.2574,112726
mrwiki,bnwiki,2026-06-23,36,6177550,পূর্ব_নির্ধারিত_ফুটবল_প্রতিযোগিতা,102,0,102,0.0,112332
mrwiki,bnwiki,2026-06-23,37,7777923,বাংলার_ইতিহাস,317,59,376,0.1569,112029
mrwiki,bnwiki,2026-06-23,38,5650379,Association_football_competitions_for_national_teams,66,10,76,0.1316,111013
mrwiki,bnwiki,2026-06-23,39,5753390,রাজনীতিবিদ,1407,1036,2443,0.4241,110291
mrwiki,bnwiki,2026-06-23,40,6156696,মৃত_ব্যক্তি,544,897,1441,0.6225,110202
mrwiki,bnwiki,2026-06-23,41,7130256,ইসলামের_ইতিহাস,996,116,1112,0.1043,109218
mrwiki,bnwiki,2026-06-23,42,113522523,Fußballveranstaltung_2026,9,0,9,0.0,108182
mrwiki,bnwiki,2026-06-23,43,7015591,ফুটবল_প্রতিযোগিতা,121,35,156,0.2244,106102
mrwiki,bnwiki,2026-06-23,44,4095812,চিকিৎসাবিজ্ঞান,1131,549,1680,0.3268,105646
mrwiki,bnwiki,2026-06-23,45,6466307,কলকাতার_ব্যক্তি,246,159,405,0.3926,105054
mrwiki,bnwiki,2026-06-23,46,55079774,2026_in_American_sports,3,0,3,0.0,103215
mrwiki,bnwiki,2026-06-23,47,125073728,2026_in_American_soccer,3,0,3,0.0,103169
mrwiki,bnwiki,2026-06-23,48,113354499,July_2026,2,0,2,0.0,103161
mrwiki,bnwiki,2026-06-23,49,113355930,July_2026_sports_events_in_North_America,2,0,2,0.0,103161
mrwiki,bnwiki,2026-06-23,50,7146693,পশ্চিমবঙ্গ,244,113,357,0.3165,103114
mrwiki,hiwiki,2026-06-23,1,1411417,भारत,2336,5346,7682,0.6959,921199
mrwiki,hiwiki,2026-06-23,2,1983910,हिन्दू_धर्म,1127,1286,2413,0.5329,757141
mrwiki,hiwiki,2026-06-23,3,4630,भारत_का_इतिहास,767,832,1599,0.5203,513653
mrwiki,hiwiki,2026-06-23,4,6994462,भारत_के_लोग,840,2278,3118,0.7306,422865
mrwiki,hiwiki,2026-06-23,5,1457595,इतिहास,1040,1216,2256,0.539,357396
mrwiki,hiwiki,2026-06-23,6,5668044,भारतीय_फ़िल्में,2992,1468,4460,0.3291,349314
mrwiki,hiwiki,2026-06-23,7,2944929,संस्कृति,877,978,1855,0.5272,289677
mrwiki,hiwiki,2026-06-23,8,1458083,विज्ञान,1455,1127,2582,0.4365,277479
mrwiki,hiwiki,2026-06-23,9,7214658,भारत_के_नगर,1059,903,1962,0.4602,250309
mrwiki,hiwiki,2026-06-23,10,7023926,संस्कृत_शब्द,372,478,850,0.5624,247239
mrwiki,hiwiki,2026-06-23,11,1457402,जीव_विज्ञान,1282,803,2085,0.3851,242111
mrwiki,hiwiki,2026-06-23,12,7192108,Páginas_con_errores_en_secuencias_de_órdenes,674,1675,2349,0.7131,237644
mrwiki,hiwiki,2026-06-23,13,1457903,धर्म,529,670,1199,0.5588,227409
mrwiki,hiwiki,2026-06-23,14,5897849,स्रोतहीन_लेख,752,1497,2249,0.6656,224583
mrwiki,hiwiki,2026-06-23,15,4103183,राजनीति,744,712,1456,0.489,224093
mrwiki,hiwiki,2026-06-23,16,6834346,भारतीय_लेखक,515,562,1077,0.5218,223160
mrwiki,hiwiki,2026-06-23,17,9848152,हिन्दी_फ़िल्में,2052,1315,3367,0.3906,221783
mrwiki,hiwiki,2026-06-23,18,1984000,इस्लाम,1017,260,1277,0.2036,196352
mrwiki,hiwiki,2026-06-23,19,28582468,चित्र_के_साथ_ज्ञानसन्दूक_अवस्थापन_प्रयोग_करने_वाले_लेख,1184,656,1840,0.3565,191416
mrwiki,hiwiki,2026-06-23,20,1457673,भूगोल,935,1975,2910,0.6787,189440
mrwiki,hiwiki,2026-06-23,21,8514332,हिन्दी_साहित्य,544,47,591,0.0795,188872
mrwiki,hiwiki,2026-06-23,22,7291943,भारतीय_संस्कृति,324,457,781,0.5851,185617
mrwiki,hiwiki,2026-06-23,23,7146649,उत्तर_प्रदेश,313,213,526,0.4049,178759
mrwiki,hiwiki,2026-06-23,24,6483339,भारतीय_साहित्य,210,243,453,0.5364,178397
mrwiki,hiwiki,2026-06-23,25,7368887,वैष्णव_सम्प्रदाय,145,151,296,0.5101,177018
mrwiki,hiwiki,2026-06-23,26,1983674,दर्शन,762,416,1178,0.3531,175783
mrwiki,hiwiki,2026-06-23,27,8134731,उत्तराखण्ड,10676,86,10762,0.008,175217
mrwiki,hiwiki,2026-06-23,28,7116595,उत्तर_प्रदेश_के_लोग,273,265,538,0.4926,173537
mrwiki,hiwiki,2026-06-23,29,7030643,भारतीय_हिन्दू,190,557,747,0.7456,173123
mrwiki,hiwiki,2026-06-23,30,8514335,हिन्दी_कवि,230,78,308,0.2532,172975
mrwiki,hiwiki,2026-06-23,31,6944392,भारतीय_राजनीति,122,281,403,0.6973,171510
mrwiki,hiwiki,2026-06-23,32,8514418,हिन्दू_तीर्थ_स्थल,128,96,224,0.4286,167672
mrwiki,hiwiki,2026-06-23,33,8299881,बिहार,579,142,721,0.1969,167360
mrwiki,hiwiki,2026-06-23,34,6508,खगोलशास्त्र,621,434,1055,0.4114,165273
mrwiki,hiwiki,2026-06-23,35,8259,साहित्य,680,451,1131,0.3988,164783
mrwiki,hiwiki,2026-06-23,36,7145024,भारतीय_मुस्लिम,522,397,919,0.432,164474
mrwiki,hiwiki,2026-06-23,37,7479566,हिन्दू_मन्दिर,193,194,387,0.5013,164354
mrwiki,hiwiki,2026-06-23,38,3919792,अभिनेता,805,1592,2397,0.6642,162410
mrwiki,hiwiki,2026-06-23,39,9852995,مبانى_عباده,350,112,462,0.2424,160636
mrwiki,hiwiki,2026-06-23,40,7066567,भारतीय_कवि,264,223,487,0.4579,160141
mrwiki,hiwiki,2026-06-23,41,9705320,Endrika_ampiasaina_amin'ny_jeografia,968,1614,2582,0.6251,159095
mrwiki,hiwiki,2026-06-23,42,1457756,समाज,573,456,1029,0.4431,157302
mrwiki,hiwiki,2026-06-23,43,8703545,संस्कृत,268,193,461,0.4187,155579
mrwiki,hiwiki,2026-06-23,44,4095812,आयुर्विज्ञान,1184,549,1733,0.3168,154855
mrwiki,hiwiki,2026-06-23,45,9727294,ಕಡತ_ಕೊಂಡಿಗಳು_ಮುರಿದಿರುವ_ಪುಟಗಳು,273,739,1012,0.7302,150512
mrwiki,hiwiki,2026-06-23,46,7024688,भारतीय_अभिनेता,379,910,1289,0.706,149333
mrwiki,hiwiki,2026-06-23,47,8545259,भारतीय_स्वतन्त्रता_संग्राम,201,286,487,0.5873,148721
mrwiki,hiwiki,2026-06-23,48,9795474,جميع_مقالات_البذور,564,1071,1635,0.655,148340
mrwiki,hiwiki,2026-06-23,49,7006468,भारतीय_सम्राट,264,196,460,0.4261,148292
mrwiki,hiwiki,2026-06-23,50,33044957,ಮೈಸೂರು_ವಿಶ್ವವಿದ್ಯಾನಿಲಯ_ವಿಶ್ವಕೋಶ,654,851,1505,0.5654,144973
mrwiki,tawiki,2026-06-23,1,125498801,இந்தியத்_தமிழ்த்_திரைப்படங்கள்,5589,52,5641,0.0092,451664
mrwiki,tawiki,2026-06-23,2,8828978,தமிழ்த்_திரைப்படங்கள்,2179,66,2245,0.0294,263823
mrwiki,tawiki,2026-06-23,3,1411417,இந்தியா,2235,5346,7581,0.7052,179915
mrwiki,tawiki,2026-06-23,4,1983910,இந்து_சமயம்,1295,1286,2581,0.4983,168606
mrwiki,tawiki,2026-06-23,5,15271863,தமிழ்த்_திரைப்பட_நடிகர்கள்,703,193,896,0.2154,143797
mrwiki,tawiki,2026-06-23,6,7146096,தமிழ்நாடு,275,217,492,0.4411,100318
mrwiki,tawiki,2026-06-23,7,1457402,உயிரியல்,1420,803,2223,0.3612,94469
mrwiki,tawiki,2026-06-23,8,6375729,தமிழ்_இலக்கியம்,242,22,264,0.0833,92858
mrwiki,tawiki,2026-06-23,9,8773403,தமிழக_அரசியல்,323,20,343,0.0583,85796
mrwiki,tawiki,2026-06-23,10,7234405,தமிழ்நாட்டினர்,188,132,320,0.4125,84267
mrwiki,tawiki,2026-06-23,11,9852995,مبانى_عباده,823,112,935,0.1198,83960
mrwiki,tawiki,2026-06-23,12,16816615,இளையராஜா_இசையமைத்த_திரைப்படங்கள்,667,9,676,0.0133,83771
mrwiki,tawiki,2026-06-23,13,8829132,தமிழக_அரசியல்வாதிகள்,290,116,406,0.2857,81742
mrwiki,tawiki,2026-06-23,14,8829239,தமிழ்த்_திரைப்பட_இயக்குநர்கள்,371,112,483,0.2319,81679
mrwiki,tawiki,2026-06-23,15,8544606,இந்தியத்_தமிழர்,152,72,224,0.3214,79867
mrwiki,tawiki,2026-06-23,16,8829234,தமிழ்த்_திரைப்பட_நடிகைகள்,713,322,1035,0.3111,77971
mrwiki,tawiki,2026-06-23,17,8389687,திராவிட_முன்னேற்றக்_கழக_அரசியல்வாதிகள்,623,71,694,0.1023,77808
mrwiki,tawiki,2026-06-23,18,1458083,அறிவியல்,1142,1127,2269,0.4967,77727
mrwiki,tawiki,2026-06-23,19,15208831,தமிழ்_நடிகர்கள்,209,87,296,0.2939,76654
mrwiki,tawiki,2026-06-23,20,16806549,மறு_ஆக்கம்_செய்யப்பட்ட_தமிழ்த்_திரைப்படங்கள்,526,8,534,0.015,75600
mrwiki,tawiki,2026-06-23,21,7711756,அறிமுக_இயக்குநர்_திரைப்படங்கள்,554,131,685,0.1912,74192
mrwiki,tawiki,2026-06-23,22,7705588,தமிழ்நாடு_மாநிலத்திலுள்ள_ஊர்களும்_நகரங்களும்,889,67,956,0.0701,74130
mrwiki,tawiki,2026-06-23,23,45360258,Populated_places_in_Tamil_Nadu,895,58,953,0.0609,73163
mrwiki,tawiki,2026-06-23,24,19549556,தென்னிந்திய_பிலிம்பேர்_விருதுகளை_வென்றவர்கள்,251,231,482,0.4793,72191
mrwiki,tawiki,2026-06-23,25,4095812,மருத்துவம்,1113,549,1662,0.3303,71521
mrwiki,tawiki,2026-06-23,26,32910244,தேவாரம்_பாடல்_பெற்ற_சிவன்_கோயில்கள்,285,7,292,0.024,71064
mrwiki,tawiki,2026-06-23,27,6994462,இந்தியர்கள்,865,2278,3143,0.7248,69165
mrwiki,tawiki,2026-06-23,28,7021473,தமிழக_அரசு_திரைப்பட_விருது_வெற்றியாளர்கள்,116,120,236,0.5085,67081
mrwiki,tawiki,2026-06-23,29,10082887,பாடல்_பெற்ற_தலங்கள்,269,6,275,0.0218,65856
mrwiki,tawiki,2026-06-23,30,2944929,பண்பாடு,752,978,1730,0.5653,65380
mrwiki,tawiki,2026-06-23,31,16790110,தமிழ்நாட்டு_நடிகர்கள்,152,24,176,0.1364,65329
mrwiki,tawiki,2026-06-23,32,8829471,தமிழ்க்_கவிஞர்கள்,187,19,206,0.0922,64505
mrwiki,tawiki,2026-06-23,33,28461189,Films_shot_in_Chennai,456,27,483,0.0559,62938
mrwiki,tawiki,2026-06-23,34,25220062,தமிழக_எழுத்தாளர்கள்,767,21,788,0.0266,61661
mrwiki,tawiki,2026-06-23,35,1457595,வரலாறு,868,1216,2084,0.5835,59910
mrwiki,tawiki,2026-06-23,36,8637627,கலைமாமணி_விருது_பெற்றவர்கள்,234,90,324,0.2778,57985
mrwiki,tawiki,2026-06-23,37,9916522,தெலுங்குத்_திரைப்பட_நடிகைகள்,487,303,790,0.3835,57803
mrwiki,tawiki,2026-06-23,38,8955996,தமிழர்,138,132,270,0.4889,57415
mrwiki,tawiki,2026-06-23,39,4630,இந்திய_வரலாறு,718,832,1550,0.5368,57147
mrwiki,tawiki,2026-06-23,40,4678533,Əlifba_sırasına_görə_heyvanlar,2302,476,2778,0.1713,56326
mrwiki,tawiki,2026-06-23,41,6544235,மலையாளத்_திரைப்பட_நடிகைகள்,454,236,690,0.342,56282
mrwiki,tawiki,2026-06-23,42,106748938,16_ஆவது_தமிழ்நாடு_சட்டமன்ற_உறுப்பினர்கள்,238,12,250,0.048,55323
mrwiki,tawiki,2026-06-23,43,30513052,14_ஆவது_தமிழ்நாடு_சட்டமன்ற_உறுப்பினர்கள்,236,9,245,0.0367,55161
mrwiki,tawiki,2026-06-23,44,5668044,இந்தியத்_திரைப்படங்கள்,811,1468,2279,0.6441,54878
mrwiki,tawiki,2026-06-23,45,8235571,அனைத்திந்திய_அண்ணா_திராவிட_முன்னேற்றக்_கழக_அரசியல்வாதிகள்,650,62,712,0.0871,54703
mrwiki,tawiki,2026-06-23,46,139672559,17_ஆவது_தமிழ்நாடு_சட்டமன்ற_உறுப்பினர்கள்,59,8,67,0.1194,52809
mrwiki,tawiki,2026-06-23,47,1457109,தாவரங்கள்,633,538,1171,0.4594,52716
mrwiki,tawiki,2026-06-23,48,30513027,15_ஆவது_தமிழ்நாடு_சட்டமன்ற_உறுப்பினர்கள்,229,9,238,0.0378,51734
mrwiki,tawiki,2026-06-23,49,10134118,விக்கிப்படுத்தப்பட_வேண்டிய_கட்டுரைகள்,530,102,632,0.1614,51519
mrwiki,tawiki,2026-06-23,50,61379777,2018_தமிழ்த்_திரைப்படங்கள்,121,2,123,0.0163,51183
mrwiki,tewiki,2026-06-23,1,1411417,India,3090,5346,8436,0.6337,168443
mrwiki,tewiki,2026-06-23,2,1983910,హిందూమతం,957,1286,2243,0.5733,106532
mrwiki,tewiki,2026-06-23,3,8838328,తెలుగు_సినిమాలు,792,25,817,0.0306,95723
mrwiki,tewiki,2026-06-23,4,9916522,తెలుగు_సినిమా_నటీమణులు,941,303,1244,0.2436,89440
mrwiki,tewiki,2026-06-23,5,8545100,భారతీయ_సినిమా_నటీమణులు,2015,802,2817,0.2847,85132
mrwiki,tewiki,2026-06-23,6,8838402,తెలుగువారు,611,169,780,0.2167,85108
mrwiki,tewiki,2026-06-23,7,8838370,తెలుగు_సినిమా_నటులు,627,82,709,0.1157,83628
mrwiki,tewiki,2026-06-23,8,15271864,Male_actors_in_Telugu_cinema,459,154,613,0.2512,73639
mrwiki,tewiki,2026-06-23,9,7238283,ఆంధ్రప్రదేశ్,2933,125,3058,0.0409,72023
mrwiki,tewiki,2026-06-23,10,15280486,Nandi_Award_winners,257,101,358,0.2821,71415
mrwiki,tewiki,2026-06-23,11,8829234,తమిళ_సినిమా_నటీమణులు,985,322,1307,0.2464,70981
mrwiki,tewiki,2026-06-23,12,15136951,21వ_శతాబ్దపు_భారతీయ_నటీమణులు,1723,647,2370,0.273,69967
mrwiki,tewiki,2026-06-23,13,3919792,నటులు,1490,1592,3082,0.5165,68566
mrwiki,tewiki,2026-06-23,14,15264151,Indian_male_film_actors,823,683,1506,0.4535,68055
mrwiki,tewiki,2026-06-23,15,19549556,Filmfare_Awards_South_winners,304,231,535,0.4318,61272
mrwiki,tewiki,2026-06-23,16,8838381,తెలుగు_సినిమా_దర్శకులు,407,42,449,0.0935,58407
mrwiki,tewiki,2026-06-23,17,6994462,భారతీయులు,868,2278,3146,0.7241,54089
mrwiki,tewiki,2026-06-23,18,16808056,Telugu_male_actors,290,40,330,0.1212,51272
mrwiki,tewiki,2026-06-23,19,6544235,మలయాళం_సినిమా_నటీమణులు,743,236,979,0.2411,49275
mrwiki,tewiki,2026-06-23,20,5668044,భారతీయ_సినిమాలు,994,1468,2462,0.5963,48942
mrwiki,tewiki,2026-06-23,21,15271863,Male_actors_in_Tamil_cinema,426,193,619,0.3118,48829
mrwiki,tewiki,2026-06-23,22,15136953,21st-century_Indian_male_actors,638,506,1144,0.4423,46849
mrwiki,tewiki,2026-06-23,23,8838408,Telugu_politicians,464,88,552,0.1594,44934
mrwiki,tewiki,2026-06-23,24,6467274,భారతీయ_నటీమణులు,902,631,1533,0.4116,44454
mrwiki,tewiki,2026-06-23,25,8570341,కన్నడ_సినిమా_నటీమణులు,572,206,778,0.2648,43799
mrwiki,tewiki,2026-06-23,26,19359093,"Films_shot_in_Hyderabad,_India",529,38,567,0.067,43395
mrwiki,tewiki,2026-06-23,27,8838360,తెలుగుదేశం_పార్టీ_రాజకీయ_నాయకులు,423,54,477,0.1132,41769
mrwiki,tewiki,2026-06-23,28,30793434,South_Indian_International_Movie_Awards_winners,153,106,259,0.4093,41276
mrwiki,tewiki,2026-06-23,29,8838415,తెలుగు_కవులు,736,19,755,0.0252,40835
mrwiki,tewiki,2026-06-23,30,32990022,బ్రహ్మానందం_నటించిన_సినిమాలు,754,1,755,0.0013,40440
mrwiki,tewiki,2026-06-23,31,9898839,విస్తరించవలసిన_వ్యాసాలు,605,511,1116,0.4579,39214
mrwiki,tewiki,2026-06-23,32,8514322,హిందీ_సినిమా_నటీమణులు,930,705,1635,0.4312,38463
mrwiki,tewiki,2026-06-23,33,15136459,20th-century_Indian_male_actors,327,389,716,0.5433,38285
mrwiki,tewiki,2026-06-23,34,7116650,ఆంధ్రప్రదేశ్_వ్యక్తులు,281,99,380,0.2605,38059
mrwiki,tewiki,2026-06-23,35,138797084,2026_తెలుగు_సినిమాలు,50,3,53,0.0566,37053
mrwiki,tewiki,2026-06-23,36,8833948,తెలంగాణ,240,64,304,0.2105,35902
mrwiki,tewiki,2026-06-23,37,125498801,Tamil-language_Indian_films,802,52,854,0.0609,35691
mrwiki,tewiki,2026-06-23,38,13242461,20వ_శతాబ్ద_భారతీయ_నటీమణులు,652,384,1036,0.3707,35335
mrwiki,tewiki,2026-06-23,39,16808048,Telugu_films_remade_in_other_languages,395,3,398,0.0075,34285
mrwiki,tewiki,2026-06-23,40,16789570,Male_actors_from_Andhra_Pradesh,170,27,197,0.1371,31441
mrwiki,tewiki,2026-06-23,41,8545810,భారతీయ_టెలివిజన్_నటీమణులు,991,496,1487,0.3336,30858
mrwiki,tewiki,2026-06-23,42,7089019,భారతదేశ_గ్రామాలు,1900,206,2106,0.0978,30756
mrwiki,tewiki,2026-06-23,43,9822362,తెలుగు_సినిమా,106,13,119,0.1092,30751
mrwiki,tewiki,2026-06-23,44,16808042,Telugu_film_producers,166,24,190,0.1263,29990
mrwiki,tewiki,2026-06-23,45,32990197,సత్యనారాయణ_నటించిన_సినిమాలు,510,0,510,0.0,29621
mrwiki,tewiki,2026-06-23,46,5610882,Articles_with_'species'_microformats,558,561,1119,0.5013,29344
mrwiki,tewiki,2026-06-23,47,32990031,చంద్రమోహన్_నటించిన_సినిమాలు,528,0,528,0.0,29289
mrwiki,tewiki,2026-06-23,48,15080239,తెలుగు_నటీమణులు,185,73,258,0.2829,29016
mrwiki,tewiki,2026-06-23,49,9821166,తెలుగు_రచయితలు,845,10,855,0.0117,28808
mrwiki,tewiki,2026-06-23,50,32986647,తెలుగు_కుటుంబకథా_సినిమాలు,567,1,568,0.0018,28360
mrwiki,mlwiki,2026-06-23,1,8601100,മലയാളം_എഴുത്തുകാർ,439,29,468,0.062,121744
mrwiki,mlwiki,2026-06-23,2,8601086,മലയാളകവികൾ,263,10,273,0.0366,103142
mrwiki,mlwiki,2026-06-23,3,28399465,Poets_from_Kerala,135,11,146,0.0753,83606
mrwiki,mlwiki,2026-06-23,4,7051430,മലയാളികൾ,552,167,719,0.2323,78883
mrwiki,mlwiki,2026-06-23,5,8637632,കേരള_സാഹിത്യ_അക്കാദമി_പുരസ്കാരം_ലഭിച്ചവർ,334,16,350,0.0457,72894
mrwiki,mlwiki,2026-06-23,6,8891990,ഔഷധസസ്യങ്ങൾ,1213,374,1587,0.2357,70730
mrwiki,mlwiki,2026-06-23,7,1457109,സസ്യങ്ങൾ,1299,538,1837,0.2929,68069
mrwiki,mlwiki,2026-06-23,8,7116687,കേരളീയർ,273,110,383,0.2872,64647
mrwiki,mlwiki,2026-06-23,9,1457402,ജീവശാസ്ത്രം,1063,803,1866,0.4303,60555
mrwiki,mlwiki,2026-06-23,10,14513212,കേരളത്തിലെ_സസ്യജാലം,1011,248,1259,0.197,59444
mrwiki,mlwiki,2026-06-23,11,6262773,കേരളം,349,173,522,0.3314,58486
mrwiki,mlwiki,2026-06-23,12,15271862,മലയാളചലച്ചിത്രനടന്മാർ,427,89,516,0.1725,56691
mrwiki,mlwiki,2026-06-23,13,4678533,Əlifba_sırasına_görə_heyvanlar,1819,476,2295,0.2074,54050
mrwiki,mlwiki,2026-06-23,14,7021413,Kerala_State_Film_Award_winners,216,75,291,0.2577,53739
mrwiki,mlwiki,2026-06-23,15,15918083,കാൾ_ലിനേയസ്_നാമകരണം_ചെയ്തവ,858,392,1250,0.3136,48858
mrwiki,mlwiki,2026-06-23,16,8954432,Writers_from_Kerala,188,25,213,0.1174,47849
mrwiki,mlwiki,2026-06-23,17,4095812,വൈദ്യശാസ്ത്രം,869,549,1418,0.3872,44849
mrwiki,mlwiki,2026-06-23,18,5610882,«نوع»_میکروفورماتلاری_اولان_مقاله‌لر,489,561,1050,0.5343,44541
mrwiki,mlwiki,2026-06-23,19,6641172,വൃക്ഷങ്ങൾ,819,250,1069,0.2339,42772
mrwiki,mlwiki,2026-06-23,20,10022040,मलयालम_साहित्यकार,25,11,36,0.3056,42292
mrwiki,mlwiki,2026-06-23,21,1458083,ശാസ്ത്രം,727,1127,1854,0.6079,41552
mrwiki,mlwiki,2026-06-23,22,8638955,കേന്ദ്ര_സാഹിത്യ_അക്കാദമി_പുരസ്കാരം_ലഭിച്ച_മലയാളികൾ,71,16,87,0.1839,41089
mrwiki,mlwiki,2026-06-23,23,10101436,മലയാളം_നോവലെഴുത്തുകാർ,161,8,169,0.0473,40853
mrwiki,mlwiki,2026-06-23,24,8601011,മലയാളചലച്ചിത്രങ്ങൾ,869,9,878,0.0103,39075
mrwiki,mlwiki,2026-06-23,25,4056905,സസ്യശാസ്ത്രം,557,291,848,0.3432,38786
mrwiki,mlwiki,2026-06-23,26,8324919,കേരളചരിത്രം,286,26,312,0.0833,37004
mrwiki,mlwiki,2026-06-23,27,8725723,ആലപ്പുഴ_ജില്ലയിൽ_ജനിച്ചവർ,165,26,191,0.1361,36722
mrwiki,mlwiki,2026-06-23,28,10011866,भारतीय_साहित्यकार,25,17,42,0.4048,36185
mrwiki,mlwiki,2026-06-23,29,21979429,Botanical_taxa_named_by_Carl_Linnaeus,541,216,757,0.2853,36164
mrwiki,mlwiki,2026-06-23,30,8601060,മലയാളം,63,13,76,0.1711,35689
mrwiki,mlwiki,2026-06-23,31,8601048,Malayalam_film_directors,246,29,275,0.1055,35510
mrwiki,mlwiki,2026-06-23,32,55993323,20th-century_Indian_male_writers,173,240,413,0.5811,35333
mrwiki,mlwiki,2026-06-23,33,10099449,മലയാള_കഥാകൃത്തുക്കൾ,141,10,151,0.0662,34058
mrwiki,mlwiki,2026-06-23,34,6178282,പുഷ്പിക്കുന്ന_സസ്യങ്ങൾ,990,169,1159,0.1458,33738
mrwiki,mlwiki,2026-06-23,35,9938067,കവിതക്കുള്ള_കേരള_സാഹിത്യ_അക്കാദമി_പുരസ്കാരം_ലഭിച്ചവർ,56,6,62,0.0968,33520
mrwiki,mlwiki,2026-06-23,36,43193677,Novelists_from_Kerala,129,13,142,0.0915,33212
mrwiki,mlwiki,2026-06-23,37,6544235,മലയാളചലച്ചിത്രനടിമാർ,437,236,673,0.3507,32974
mrwiki,mlwiki,2026-06-23,38,7139274,ഏഷ്യയിലെ_സസ്യജാലം,462,196,658,0.2979,32929
mrwiki,mlwiki,2026-06-23,39,15291341,മലപ്പുറം_ജില്ലയിൽ_ജനിച്ചവർ,165,8,173,0.0462,32751
mrwiki,mlwiki,2026-06-23,40,9757156,Plants_described_in_1753,474,207,681,0.304,32465
mrwiki,mlwiki,2026-06-23,41,25039335,Lists_of_plant_species,756,187,943,0.1983,32288
mrwiki,mlwiki,2026-06-23,42,32986849,కేరళ_వ్యక్తులు,117,46,163,0.2822,31373
mrwiki,mlwiki,2026-06-23,43,8765143,أنواع_نباتية,432,204,636,0.3208,31202
mrwiki,mlwiki,2026-06-23,44,8057430,Keralada_doğulanlar,85,43,128,0.3359,31030
mrwiki,mlwiki,2026-06-23,45,23059804,20-ആം_നൂറ്റാണ്ടിലെ_ഇന്ത്യൻ_കവികൾ,124,223,347,0.6427,30994
mrwiki,mlwiki,2026-06-23,46,9204480,അലങ്കാരസസ്യങ്ങൾ,624,145,769,0.1886,30314
mrwiki,mlwiki,2026-06-23,47,18603283,Morts_a_Kerala,59,16,75,0.2133,30206
mrwiki,mlwiki,2026-06-23,48,24996335,Indian_male_poets,106,185,291,0.6357,30185
mrwiki,mlwiki,2026-06-23,49,8601112,രാഷ്ട്രീയക്കാരായ_മലയാളികൾ,215,45,260,0.1731,29846
mrwiki,mlwiki,2026-06-23,50,28737302,20th-century_Indian_novelists,168,149,317,0.47,29715
mrwiki,knwiki,2026-06-23,1,8570349,ಕನ್ನಡ_ಸಾಹಿತ್ಯ,608,18,626,0.0288,73894
mrwiki,knwiki,2026-06-23,2,8570356,ಕನ್ನಡ_ಕವಿಗಳು,127,40,167,0.2395,71703
mrwiki,knwiki,2026-06-23,3,8570357,ಕನ್ನಡ_ಸಾಹಿತಿಗಳು,223,26,249,0.1044,70246
mrwiki,knwiki,2026-06-23,4,9844264,ಸಾಹಿತಿಗಳು,780,78,858,0.0909,66849
mrwiki,knwiki,2026-06-23,5,33044957,ಮೈಸೂರು_ವಿಶ್ವವಿದ್ಯಾನಿಲಯ_ವಿಶ್ವಕೋಶ,2360,851,3211,0.265,63232
mrwiki,knwiki,2026-06-23,6,7145985,ಕರ್ನಾಟಕ,270,234,504,0.4643,58981
mrwiki,knwiki,2026-06-23,7,8518422,ಕರ್ನಾಟಕದ_ಇತಿಹಾಸ,182,89,271,0.3284,48321
mrwiki,knwiki,2026-06-23,8,9727294,ಕಡತ_ಕೊಂಡಿಗಳು_ಮುರಿದಿರುವ_ಪುಟಗಳು,835,739,1574,0.4695,40830
mrwiki,knwiki,2026-06-23,9,9056439,ಕರ್ನಾಟಕದ_ನಗರ_ಮತ್ತು_ಪಟ್ಟಣಗಳು,216,112,328,0.3415,37515
mrwiki,knwiki,2026-06-23,10,8570352,Kannada_people,143,68,211,0.3223,35063
mrwiki,knwiki,2026-06-23,11,28399467,Poets_from_Karnataka,56,15,71,0.2113,33443
mrwiki,knwiki,2026-06-23,12,8638952,Recipients_of_the_Sahitya_Akademi_Award_in_Kannada,48,14,62,0.2258,31818
mrwiki,knwiki,2026-06-23,13,33079992,Gamba_Peuniléh,1,2,3,0.6667,29315
mrwiki,knwiki,2026-06-23,14,7116201,People_from_Karnataka,129,164,293,0.5597,28295
mrwiki,knwiki,2026-06-23,15,9760560,ಚುಟುಕು,1114,390,1504,0.2593,26762
mrwiki,knwiki,2026-06-23,16,8204202,ಕರ್ನಾಟಕ_ರಾಜ್ಯದ_ಗ್ರಾಮಗಳು,102,41,143,0.2867,25019
mrwiki,knwiki,2026-06-23,17,8570347,ಕನ್ನಡ,102,10,112,0.0893,23442
mrwiki,knwiki,2026-06-23,18,33097446,ವ್ಯಕ್ತಿಲು,68,104,172,0.6047,21601
mrwiki,knwiki,2026-06-23,19,9740956,ಕವಿಗಳು,229,78,307,0.2541,21493
mrwiki,knwiki,2026-06-23,20,9744792,ಕೇಂದ್ರ_ಸಾಹಿತ್ಯ_ಅಕಾಡೆಮಿ_ಪ್ರಶಸ್ತಿ_ಪುರಸ್ಕೃತರು,47,20,67,0.2985,21479
mrwiki,knwiki,2026-06-23,21,8468865,Forts_in_Karnataka,45,32,77,0.4156,19857
mrwiki,knwiki,2026-06-23,22,1457402,ಜೀವಶಾಸ್ತ್ರ,363,803,1166,0.6887,19219
mrwiki,knwiki,2026-06-23,23,8570330,ಕನ್ನಡ_ಚಲನಚಿತ್ರಗಳು,890,6,896,0.0067,18966
mrwiki,knwiki,2026-06-23,24,10123254,Populated_places_in_Karnataka,207,80,287,0.2787,18583
mrwiki,knwiki,2026-06-23,25,8571051,Society_of_Karnataka,34,31,65,0.4769,17162
mrwiki,knwiki,2026-06-23,26,33045230,ಉಲ್ಲೇಖವಿಲ್ಲದ_ಲೇಖನಗಳು,329,67,396,0.1692,17082
mrwiki,knwiki,2026-06-23,27,33044714,ಪಂಪ_ಪ್ರಶಸ್ತಿ_ಪುರಸ್ಕೃತರು,17,8,25,0.32,16967
mrwiki,knwiki,2026-06-23,28,9724347,Paggene_scritte_int''e_dialette_d''o_Lazzio_Meridiunale,12,57,69,0.8261,15902
mrwiki,knwiki,2026-06-23,29,1983910,ಹಿಂದೂ_ಧರ್ಮ,188,1286,1474,0.8725,15795
mrwiki,knwiki,2026-06-23,30,9731652,ಕನ್ನಡ_ವ್ಯಾಕರಣ,60,6,66,0.0909,15430
mrwiki,knwiki,2026-06-23,31,1457109,ಸಸ್ಯಗಳು,324,538,862,0.6241,15151
mrwiki,knwiki,2026-06-23,32,9824273,ಲೇಖಕರು,237,51,288,0.1771,15082
mrwiki,knwiki,2026-06-23,33,9832977,ವಿಕೀಕರಣ_ಮಾಡಬೇಕಿರುವ_ಲೇಖನಗಳು,334,70,404,0.1733,14905
mrwiki,knwiki,2026-06-23,34,32985797,కన్నడ_కవులు,15,4,19,0.2105,14373
mrwiki,knwiki,2026-06-23,35,1458083,ವಿಜ್ಞಾನ,176,1127,1303,0.8649,12935
mrwiki,knwiki,2026-06-23,36,9824307,ಲೇಖಕಿಯರು,271,20,291,0.0687,12676
mrwiki,knwiki,2026-06-23,37,49797067,Novelists_from_Karnataka,31,11,42,0.2619,12391
mrwiki,knwiki,2026-06-23,38,7258473,Tourism_in_Karnataka,82,47,129,0.3643,12102
mrwiki,knwiki,2026-06-23,39,4095812,Medicine,232,549,781,0.7029,11889
mrwiki,knwiki,2026-06-23,40,8591448,Lingayatism,33,8,41,0.1951,11847
mrwiki,knwiki,2026-06-23,41,8891990,ಔಷಧೀಯ_ಸಸ್ಯಗಳು,224,374,598,0.6254,11836
mrwiki,knwiki,2026-06-23,42,9840024,কর্ণাটকের_শহর_সংক্রান্ত_অসম্পূর্ণ_নিবন্ধ,136,54,190,0.2842,11095
mrwiki,knwiki,2026-06-23,43,5324335,Articles_to_be_merged,174,147,321,0.4579,10923
mrwiki,knwiki,2026-06-23,44,33045176,ಲಿಂಗಾಯತ,44,2,46,0.0435,10662
mrwiki,knwiki,2026-06-23,45,1983760,ಮನೋವಿಜ್ಞಾನ,195,225,420,0.5357,10485
mrwiki,knwiki,2026-06-23,46,1457756,ಸಮಾಜ,141,456,597,0.7638,10412
mrwiki,knwiki,2026-06-23,47,9997929,কর্ণাটকের_শহর,140,52,192,0.2708,10272
mrwiki,knwiki,2026-06-23,48,33044729,ವ್ಯಾಕರಣ,33,5,38,0.1316,10156
mrwiki,knwiki,2026-06-23,49,7693477,University_of_Mysore_alumni,28,13,41,0.3171,10081
mrwiki,knwiki,2026-06-23,50,15292171,People_from_Shimoga_district,34,11,45,0.2444,10003
mrwiki,urwiki,2026-06-23,1,1984000,اسلام,2920,260,3180,0.0818,252522
mrwiki,urwiki,2026-06-23,2,7130256,تاریخ_اسلام,1233,116,1349,0.086,176972
mrwiki,urwiki,2026-06-23,3,7935248,Алфавит_буйынса_ислам_шәхестәре,1171,26,1197,0.0217,131415
mrwiki,urwiki,2026-06-23,4,1457673,جغرافیہ,50586,1975,52561,0.0376,118738
mrwiki,urwiki,2026-06-23,5,18640871,ساتویں_صدی_کی_عرب_شخصیات,717,6,723,0.0083,102971
mrwiki,urwiki,2026-06-23,6,7460289,اسلامی_اصطلاحات,1068,108,1176,0.0918,97684
mrwiki,urwiki,2026-06-23,7,6819512,عرب_شخصیات,622,52,674,0.0772,97209
mrwiki,urwiki,2026-06-23,8,7217395,صحابہ_و_صحابیات,942,8,950,0.0084,96264
mrwiki,urwiki,2026-06-23,9,8555432,Islam_saadjies,785,85,870,0.0977,94970
mrwiki,urwiki,2026-06-23,10,1457595,تاریخ,1726,1216,2942,0.4133,90915
mrwiki,urwiki,2026-06-23,11,7237892,مسلم_شخصیات,650,166,816,0.2034,88903
mrwiki,urwiki,2026-06-23,12,1410960,ریاستہائے_متحدہ,44092,2221,46313,0.048,87635
mrwiki,urwiki,2026-06-23,13,1457903,مذہب,1112,670,1782,0.376,84779
mrwiki,urwiki,2026-06-23,14,6434591,شیعیت,415,28,443,0.0632,78018
mrwiki,urwiki,2026-06-23,15,7129271,ساتویں_صدی_کی_شخصیات,289,27,316,0.0854,76033
mrwiki,urwiki,2026-06-23,16,7144995,محمد_بن_عبد_اللہ,326,28,354,0.0791,73206
mrwiki,urwiki,2026-06-23,17,33029934,Articol_in_Milanes,4687,4330,9017,0.4802,64899
mrwiki,urwiki,2026-06-23,18,7463616,اہل_سنت,292,30,322,0.0932,64779
mrwiki,urwiki,2026-06-23,19,7116163,مدنی_شخصیات,261,5,266,0.0188,63340
mrwiki,urwiki,2026-06-23,20,6426358,اہل_بیت,321,11,332,0.0331,62006
mrwiki,urwiki,2026-06-23,21,6620777,Əlifba_sırasına_görə_alimlər,2450,828,3278,0.2526,61918
mrwiki,urwiki,2026-06-23,22,8063242,مکہ_میں_پیدا_ہونے_والی_شخصیات,351,10,361,0.0277,60792
mrwiki,urwiki,2026-06-23,23,9705320,Endrika_ampiasaina_amin'ny_jeografia,20106,1614,21720,0.0743,59828
mrwiki,urwiki,2026-06-23,24,23706330,Bu_dem_liwot,3915,976,4891,0.1996,59614
mrwiki,urwiki,2026-06-23,25,8602383,صحابہ,510,1,511,0.002,59374
mrwiki,urwiki,2026-06-23,26,9126476,شہر,17991,1553,19544,0.0795,58041
mrwiki,urwiki,2026-06-23,27,30307162,Иртә_ислам_тарихында_шәхестәр,242,6,248,0.0242,57891
mrwiki,urwiki,2026-06-23,28,6826214,مکی_شخصیات,249,8,257,0.0311,57432
mrwiki,urwiki,2026-06-23,29,6958407,قریش,175,8,183,0.0437,56657
mrwiki,urwiki,2026-06-23,30,1455849,پاکستان,790,190,980,0.1939,54763
mrwiki,urwiki,2026-06-23,31,7313171,قرآن_میں_مذکور_شخصیات,226,21,247,0.085,51283
mrwiki,urwiki,2026-06-23,32,7035269,Hahakeno_mihcaan_a_masofoc,1912,473,2385,0.1983,50864
mrwiki,urwiki,2026-06-23,33,138412008,2026_Wiki_Loves_Ramadan_contributions,162,29,191,0.1518,50665
mrwiki,urwiki,2026-06-23,34,7192108,Páginas_con_errores_en_secuencias_de_órdenes,2209,1675,3884,0.4313,50508
mrwiki,urwiki,2026-06-23,35,1411712,ایران,48245,146,48391,0.003,49906
mrwiki,urwiki,2026-06-23,36,9219064,مدینہ_منورہ_میں_وفات_پانے_والی_شخصیات,354,5,359,0.0139,49009
mrwiki,urwiki,2026-06-23,37,7848912,علی_ابن_ابی_طالب,130,5,135,0.037,47556
mrwiki,urwiki,2026-06-23,38,7215263,قرآن,484,33,517,0.0638,46975
mrwiki,urwiki,2026-06-23,39,69378717,TDVİA_شناسه‌سی‌له_مقاله‌لر,247,124,371,0.3342,46100
mrwiki,urwiki,2026-06-23,40,8289239,بنو_ہاشم,126,3,129,0.0233,44969
mrwiki,urwiki,2026-06-23,41,6466283,مسلم_الٰہیات_دان,713,28,741,0.0378,44664
mrwiki,urwiki,2026-06-23,42,9220893,28_مئی_کی_وفیات,107,12,119,0.1008,43716
mrwiki,urwiki,2026-06-23,43,7045889,اسلامی_مذہبی_رہنما,237,22,259,0.0849,43678
mrwiki,urwiki,2026-06-23,44,7305252,مسلمان_شہدا,136,4,140,0.0286,43672
mrwiki,urwiki,2026-06-23,45,5858527,عربی_الفاظ_اور_جملے,471,103,574,0.1794,43531
mrwiki,urwiki,2026-06-23,46,9775366,صحابہ,111,1,112,0.0089,43340
mrwiki,urwiki,2026-06-23,47,8258178,عرب_مسلم_شخصیات,100,4,104,0.0385,42625
mrwiki,urwiki,2026-06-23,48,32589508,ويکيډاټا_سرچينې_لرونکي_مخونه,1145,1201,2346,0.5119,42204
mrwiki,urwiki,2026-06-23,49,7216315,خلفا,140,22,162,0.1358,41687
mrwiki,urwiki,2026-06-23,50,9228737,21_اپریل_کی_پیدائشیں,248,35,283,0.1237,41601
newiki,enwiki,2026-06-23,1,1410960,United_States,210805,1028,211833,0.0049,846307522
newiki,enwiki,2026-06-23,2,3919762,American_people,122708,754,123462,0.0061,771408259
newiki,enwiki,2026-06-23,3,5479723,Film_actors,36118,660,36778,0.0179,521860743
newiki,enwiki,2026-06-23,4,3919792,Actors,55641,970,56611,0.0171,459050697
newiki,enwiki,2026-06-23,5,9698417,American_actors,23536,398,23934,0.0166,432175016
newiki,enwiki,2026-06-23,6,5479560,Television_actors,30457,545,31002,0.0176,412991381
newiki,enwiki,2026-06-23,7,5837414,American_film_actors,12071,331,12402,0.0267,358565000
newiki,enwiki,2026-06-23,8,5461159,American_television_actors,12313,272,12585,0.0216,358115156
newiki,enwiki,2026-06-23,9,8206360,21st-century_American_actors,10986,385,11371,0.0339,345464199
newiki,enwiki,2026-06-23,10,9426612,Алфавит_буйынса_актёрҙар,12972,567,13539,0.0419,328894656
newiki,enwiki,2026-06-23,11,6840573,English-language_films,62038,138,62176,0.0022,315276014
newiki,enwiki,2026-06-23,12,3919868,American_films,33611,123,33734,0.0036,278617583
newiki,enwiki,2026-06-23,13,7835232,Əlifba_sırasına_görə_filmlər,35015,188,35203,0.0053,274863326
newiki,enwiki,2026-06-23,14,1411125,United_Kingdom,74348,398,74746,0.0053,266221158
newiki,enwiki,2026-06-23,15,7269712,20th-century_American_actors,11958,170,12128,0.014,263325934
newiki,enwiki,2026-06-23,16,5611338,Association_football,143681,591,144272,0.0041,246834962
newiki,enwiki,2026-06-23,17,8246543,American_male_film_actors,14148,141,14289,0.0099,245267201
newiki,enwiki,2026-06-23,18,3919830,British_people,44216,321,44537,0.0072,243048790
newiki,enwiki,2026-06-23,19,1457982,Sports,131755,760,132515,0.0057,242769896
newiki,enwiki,2026-06-23,20,6508,Astronomy,5275,186,5461,0.0341,236778866
newiki,enwiki,2026-06-23,21,9703480,Biôgrafia,24263,772,25035,0.0308,232772980
newiki,enwiki,2026-06-23,22,9228737,Кандык_айдыҥ_21_кӱнинде_чыккандар,1683,17,1700,0.01,227702920
newiki,enwiki,2026-06-23,23,9220893,Кӱӱк_айдыҥ_28_кӱнинде_божогондор,687,3,690,0.0043,226187330
newiki,enwiki,2026-06-23,24,9865921,Wikipedia:Wiphalakunap_Plantillankukuna,855,33,888,0.0372,222214728
newiki,enwiki,2026-06-23,25,9715949,Vikipedya:AY,988,290,1278,0.2269,220345944
newiki,enwiki,2026-06-23,26,9636824,Əlifba_sırasına_görə_musiqiçilər,24290,282,24572,0.0115,219529176
newiki,enwiki,2026-06-23,27,6397842,American_male_actors,9643,132,9775,0.0135,219155143
newiki,enwiki,2026-06-23,28,33079992,Gamba_Peuniléh,23,1,24,0.0417,215076069
newiki,enwiki,2026-06-23,29,9426286,Алфавит_буйынса_актрисалар,10812,464,11276,0.0411,212176711
newiki,enwiki,2026-06-23,30,8246554,American_male_television_actors,11540,86,11626,0.0074,210315348
newiki,enwiki,2026-06-23,31,129212025,Tuveli:Izvopa,413,40,453,0.0883,209966212
newiki,enwiki,2026-06-23,32,9715644,Wp/srn,433,64,497,0.1288,207153543
newiki,enwiki,2026-06-23,33,4966679,Wikipedia,410,66,476,0.1387,200608755
newiki,enwiki,2026-06-23,34,6740310,American_voice_actors,4234,168,4402,0.0382,198219111
newiki,enwiki,2026-06-23,35,10074376,Pobo_sakizaya,6,1,7,0.1429,192330935
newiki,enwiki,2026-06-23,36,8245580,American_film_actresses,10990,276,11266,0.0245,191982757
newiki,enwiki,2026-06-23,37,7220786,Selected_anniversaries,5,1,6,0.1667,187018880
newiki,enwiki,2026-06-23,38,6426972,American_television_actresses,9162,226,9388,0.0241,185541956
newiki,enwiki,2026-06-23,39,140310923,Actors_estatunidencs_nascuts_al_segle_XX,3026,315,3341,0.0943,184992050
newiki,enwiki,2026-06-23,40,14914955,21st-century_American_male_actors,7322,92,7414,0.0124,184290965
newiki,enwiki,2026-06-23,41,7063228,American_singers,7865,192,8057,0.0238,183979379
newiki,enwiki,2026-06-23,42,6408784,21st-century_actors,6593,194,6787,0.0286,182237760
newiki,enwiki,2026-06-23,43,6645404,American_actresses,7838,298,8136,0.0366,181723989
newiki,enwiki,2026-06-23,44,33029934,Articol_in_Milanes,31964,1116,33080,0.0337,180013400
newiki,enwiki,2026-06-23,45,97269191,Pàgine_in_Zeneise-Grafia_unitäia,74,20,94,0.2128,179352154
newiki,enwiki,2026-06-23,46,9280440,20th-century_American_people,22377,236,22613,0.0104,172944967
newiki,enwiki,2026-06-23,47,7031042,American_people_of_Irish_descent,6279,213,6492,0.0328,169317180
newiki,enwiki,2026-06-23,48,9711126,Miranduléś,3957,409,4366,0.0937,169074323
newiki,enwiki,2026-06-23,49,8206361,21st-century_American_actresses,7086,280,7366,0.038,167270164
newiki,enwiki,2026-06-23,50,7217320,Singers,15167,307,15474,0.0198,166995634
newiki,hiwiki,2026-06-23,1,1411417,भारत,5482,2200,7682,0.2864,2161821
newiki,hiwiki,2026-06-23,2,6994462,भारत_के_लोग,2164,954,3118,0.306,1089383
newiki,hiwiki,2026-06-23,3,1983910,हिन्दू_धर्म,1300,1113,2413,0.4613,873366
newiki,hiwiki,2026-06-23,4,4630,भारत_का_इतिहास,1172,427,1599,0.267,784878
newiki,hiwiki,2026-06-23,5,7030483,भारतीय_राजनीतिज्ञ,1314,245,1559,0.1572,671427
newiki,hiwiki,2026-06-23,6,1457595,इतिहास,1573,683,2256,0.3027,540561
newiki,hiwiki,2026-06-23,7,5668044,भारतीय_फ़िल्में,4225,235,4460,0.0527,493266
newiki,hiwiki,2026-06-23,8,33029934,Articol_in_Milanes,3607,1116,4723,0.2363,475846
newiki,hiwiki,2026-06-23,9,82515714,People_from_India,533,353,886,0.3984,439421
newiki,hiwiki,2026-06-23,10,25351284,कायमचे_मृत_बाह्य_दुवे_असणारे_लेख,880,395,1275,0.3098,427306
newiki,hiwiki,2026-06-23,11,7192108,Páginas_con_errores_en_secuencias_de_órdenes,1195,1154,2349,0.4913,421343
newiki,hiwiki,2026-06-23,12,5897849,स्रोतहीन_लेख,1360,889,2249,0.3953,406161
newiki,hiwiki,2026-06-23,13,7214658,भारत_के_नगर,1716,246,1962,0.1254,405600
newiki,hiwiki,2026-06-23,14,6944392,भारतीय_राजनीति,283,120,403,0.2978,397848
newiki,hiwiki,2026-06-23,15,7030643,भारतीय_हिन्दू,436,311,747,0.4163,397273
newiki,hiwiki,2026-06-23,16,6834346,भारतीय_लेखक,899,178,1077,0.1653,389555
newiki,hiwiki,2026-06-23,17,1457903,धर्म,884,315,1199,0.2627,380018
newiki,hiwiki,2026-06-23,18,2944929,संस्कृति,1095,760,1855,0.4097,361684
newiki,hiwiki,2026-06-23,19,9705320,Endrika_ampiasaina_amin'ny_jeografia,2155,427,2582,0.1654,354183
newiki,hiwiki,2026-06-23,20,9848152,हिन्दी_फ़िल्में,3188,179,3367,0.0532,344564
newiki,hiwiki,2026-06-23,21,6156696,मृत_लोग,801,402,1203,0.3342,343892
newiki,hiwiki,2026-06-23,22,8205334,20th-century_Indian_people,553,223,776,0.2874,322458
newiki,hiwiki,2026-06-23,23,1458083,विज्ञान,1680,902,2582,0.3493,320388
newiki,hiwiki,2026-06-23,24,32589508,ويکيډاټا_سرچينې_لرونکي_مخونه,593,706,1299,0.5435,317423
newiki,hiwiki,2026-06-23,25,9727294,ಕಡತ_ಕೊಂಡಿಗಳು_ಮುರಿದಿರುವ_ಪುಟಗಳು,556,456,1012,0.4506,306537
newiki,hiwiki,2026-06-23,26,7019973,Postage_stamps_featuring_people,504,333,837,0.3978,301404
newiki,hiwiki,2026-06-23,27,7116595,उत्तर_प्रदेश_के_लोग,473,65,538,0.1208,300670
newiki,hiwiki,2026-06-23,28,8545259,भारतीय_स्वतन्त्रता_संग्राम,405,82,487,0.1684,299661
newiki,hiwiki,2026-06-23,29,3919792,अभिनेता,1427,970,2397,0.4047,287900
newiki,hiwiki,2026-06-23,30,7482570,Deaths_in_India,260,96,356,0.2697,286472
newiki,hiwiki,2026-06-23,31,7024688,भारतीय_अभिनेता,718,571,1289,0.443,282905
newiki,hiwiki,2026-06-23,32,8298820,भारतीय_जनता_पार्टी_के_राजनीतिज्ञ,716,82,798,0.1028,278458
newiki,hiwiki,2026-06-23,33,8619678,लोक_सभा_सदस्य,394,97,491,0.1976,273159
newiki,hiwiki,2026-06-23,34,1457673,भूगोल,1345,1565,2910,0.5378,272510
newiki,hiwiki,2026-06-23,35,7291943,भारतीय_संस्कृति,475,306,781,0.3918,272125
newiki,hiwiki,2026-06-23,36,7467137,भारत_सरकार,331,62,393,0.1578,272027
newiki,hiwiki,2026-06-23,37,28582468,चित्र_के_साथ_ज्ञानसन्दूक_अवस्थापन_प्रयोग_करने_वाले_लेख,1666,174,1840,0.0946,269341
newiki,hiwiki,2026-06-23,38,6301200,20th-century_Indian_politicians,521,117,638,0.1834,267598
newiki,hiwiki,2026-06-23,39,8313144,ब्रिटिश_भारत,354,102,456,0.2237,266754
newiki,hiwiki,2026-06-23,40,6493807,क्रिकेट,2286,379,2665,0.1422,262865
newiki,hiwiki,2026-06-23,41,7023926,संस्कृत_शब्द,393,457,850,0.5376,261196
newiki,hiwiki,2026-06-23,42,6465874,مواليد_في_الهند,219,218,437,0.4989,257170
newiki,hiwiki,2026-06-23,43,9795474,جميع_مقالات_البذور,977,658,1635,0.4024,256965
newiki,hiwiki,2026-06-23,44,6483339,भारतीय_साहित्य,298,155,453,0.3422,253154
newiki,hiwiki,2026-06-23,45,6301201,२१वीं_सदी_के_भारतीय_राजनेता,600,115,715,0.1608,251164
newiki,hiwiki,2026-06-23,46,1457402,जीव_विज्ञान,1320,765,2085,0.3669,249288
newiki,hiwiki,2026-06-23,47,7145024,भारतीय_मुस्लिम,786,133,919,0.1447,247656
newiki,hiwiki,2026-06-23,48,6946332,पंजाबी_लोग,729,253,982,0.2576,247426
newiki,hiwiki,2026-06-23,49,7066567,भारतीय_कवि,398,89,487,0.1828,241425
newiki,hiwiki,2026-06-23,50,8545244,भारतीय_स्वतंत्रता_सेनानी,572,74,646,0.1146,241147
newwiki,enwiki,2026-06-23,1,1410960,United_States,207963,3870,211833,0.0183,834897897
newwiki,enwiki,2026-06-23,2,3919762,American_people,123259,203,123462,0.0016,774872141
newwiki,enwiki,2026-06-23,3,5479723,Film_actors,36730,48,36778,0.0013,530703391
newwiki,enwiki,2026-06-23,4,3919792,Actors,56554,57,56611,0.001,466583152
newwiki,enwiki,2026-06-23,5,9698417,American_actors,23906,28,23934,0.0012,438969066
newwiki,enwiki,2026-06-23,6,5479560,Television_actors,30977,25,31002,0.0008,420042486
newwiki,enwiki,2026-06-23,7,5837414,American_film_actors,12375,27,12402,0.0022,367595218
newwiki,enwiki,2026-06-23,8,5461159,American_television_actors,12569,16,12585,0.0013,365560740
newwiki,enwiki,2026-06-23,9,8206360,21st-century_American_actors,11357,14,11371,0.0012,357130612
newwiki,enwiki,2026-06-23,10,9426612,Алфавит_буйынса_актёрҙар,13501,38,13539,0.0028,342307027
newwiki,enwiki,2026-06-23,11,6840573,English-language_films,62114,62,62176,0.001,315662245
newwiki,enwiki,2026-06-23,12,3919868,American_films,33719,15,33734,0.0004,279512846
newwiki,enwiki,2026-06-23,13,7835232,Əlifba_sırasına_görə_filmlər,34849,354,35203,0.0101,273560247
newwiki,enwiki,2026-06-23,14,1411125,United_Kingdom,74632,114,74746,0.0015,267238090
newwiki,enwiki,2026-06-23,15,7269712,20th-century_American_actors,12108,20,12128,0.0016,266629069
newwiki,enwiki,2026-06-23,16,5611338,Association_football,144268,4,144272,0.0,247843391
newwiki,enwiki,2026-06-23,17,8246543,American_male_film_actors,14271,18,14289,0.0013,247399507
newwiki,enwiki,2026-06-23,18,3919830,British_people,44446,91,44537,0.002,244313066
newwiki,enwiki,2026-06-23,19,1457982,Sports,132461,54,132515,0.0004,244070762
newwiki,enwiki,2026-06-23,20,6508,Astronomy,5366,95,5461,0.0174,240863582
newwiki,enwiki,2026-06-23,21,9703480,Biôgrafia,24618,417,25035,0.0167,236178759
newwiki,enwiki,2026-06-23,22,9715949,Vikipedya:AY,1037,241,1278,0.1886,231274033
newwiki,enwiki,2026-06-23,23,9228737,Кандык_айдыҥ_21_кӱнинде_чыккандар,1695,5,1700,0.0029,229326470
newwiki,enwiki,2026-06-23,24,9220893,Кӱӱк_айдыҥ_28_кӱнинде_божогондор,689,1,690,0.0014,226845808
newwiki,enwiki,2026-06-23,25,9865921,Wikipedia:Wiphalakunap_Plantillankukuna,864,24,888,0.027,224553830
newwiki,enwiki,2026-06-23,26,6397842,American_male_actors,9755,20,9775,0.002,221700551
newwiki,enwiki,2026-06-23,27,9636824,Əlifba_sırasına_görə_musiqiçilər,24527,45,24572,0.0018,221671145
newwiki,enwiki,2026-06-23,28,4966679,Wikipedia,453,23,476,0.0483,221648210
newwiki,enwiki,2026-06-23,29,9426286,Алфавит_буйынса_актрисалар,11247,29,11276,0.0026,220713232
newwiki,enwiki,2026-06-23,30,33079992,Gamba_Peuniléh,23,1,24,0.0417,215076069
newwiki,enwiki,2026-06-23,31,2944611,Wikipedia_administration,37,2,39,0.0513,214537932
newwiki,enwiki,2026-06-23,32,129212025,Tuveli:Izvopa,420,33,453,0.0728,213524961
newwiki,enwiki,2026-06-23,33,8246554,American_male_television_actors,11618,8,11626,0.0007,211736890
newwiki,enwiki,2026-06-23,34,6740310,American_voice_actors,4392,10,4402,0.0023,205616045
newwiki,enwiki,2026-06-23,35,140310923,Actors_estatunidencs_nascuts_al_segle_XX,3324,17,3341,0.0051,203210037
newwiki,enwiki,2026-06-23,36,97269191,Pàgine_in_Zeneise-Grafia_unitäia,82,12,94,0.1277,198741576
newwiki,enwiki,2026-06-23,37,8245580,American_film_actresses,11254,12,11266,0.0011,196594535
newwiki,enwiki,2026-06-23,38,10074376,Pobo_sakizaya,6,1,7,0.1429,192330935
newwiki,enwiki,2026-06-23,39,6426972,American_television_actresses,9381,7,9388,0.0007,189976980
newwiki,enwiki,2026-06-23,40,9724347,Paggene_scritte_int''e_dialette_d''o_Lazzio_Meridiunale,157,31,188,0.1649,189541103
newwiki,enwiki,2026-06-23,41,6645404,American_actresses,8123,13,8136,0.0016,188331713
newwiki,enwiki,2026-06-23,42,7063228,American_singers,8036,21,8057,0.0026,187979439
newwiki,enwiki,2026-06-23,43,6408784,21st-century_actors,6776,11,6787,0.0016,187296081
newwiki,enwiki,2026-06-23,44,7220786,Selected_anniversaries,5,1,6,0.1667,187018880
newwiki,enwiki,2026-06-23,45,14914955,21st-century_American_male_actors,7407,7,7414,0.0009,186430371
newwiki,enwiki,2026-06-23,46,9711126,Miranduléś,4127,239,4366,0.0547,176338067
newwiki,enwiki,2026-06-23,47,9280440,20th-century_American_people,22539,74,22613,0.0033,174197015
newwiki,enwiki,2026-06-23,48,7031042,American_people_of_Irish_descent,6454,38,6492,0.0059,174036165
newwiki,enwiki,2026-06-23,49,8206361,21st-century_American_actresses,7364,2,7366,0.0003,173832555
newwiki,enwiki,2026-06-23,50,7217320,Singers,15444,30,15474,0.0019,170045531
newwiki,newiki,2026-06-23,1,7085149,नेपाल,761,668,1429,0.4675,43490
newwiki,newiki,2026-06-23,2,4274,नेपालको_इतिहास,272,34,306,0.1111,29445
newwiki,newiki,2026-06-23,3,2944611,Wikipedia_administration,12,2,14,0.1429,20355
newwiki,newiki,2026-06-23,4,7031185,नेपाली_मानिसहरू,256,38,294,0.1293,19039
newwiki,newiki,2026-06-23,5,7029083,नेपाली_राजनीतिज्ञहरू,426,9,435,0.0207,16974
newwiki,newiki,2026-06-23,6,1983910,हिन्दु_धर्म,544,569,1113,0.5112,16721
newwiki,newiki,2026-06-23,7,4966679,विकिपिडिया,43,23,66,0.3485,16599
newwiki,newiki,2026-06-23,8,9228737,Кандык_айдыҥ_21_кӱнинде_чыккандар,12,5,17,0.2941,16036
newwiki,newiki,2026-06-23,9,6721772,नेपालको_राजनीति,93,0,93,0.0,15879
newwiki,newiki,2026-06-23,10,8671919,नेपाली_हिन्दुहरू,203,8,211,0.0379,15427
newwiki,newiki,2026-06-23,11,9220893,Кӱӱк_айдыҥ_28_кӱнинде_божогондор,2,1,3,0.3333,15071
newwiki,newiki,2026-06-23,12,30601818,खस_जाति,176,6,182,0.033,14819
newwiki,newiki,2026-06-23,13,8496447,नेपाल_सरकार,118,0,118,0.0,14429
newwiki,newiki,2026-06-23,14,4103183,राजनीति,454,206,660,0.3121,13973
newwiki,newiki,2026-06-23,15,6508,खगोलशास्त्र,91,95,186,0.5108,13139
newwiki,newiki,2026-06-23,16,1411417,भारत,1023,1177,2200,0.535,13010
newwiki,newiki,2026-06-23,17,9790528,नेपाली_साहित्यकारहरू,208,5,213,0.0235,11879
newwiki,newiki,2026-06-23,18,9724347,Paggene_scritte_int''e_dialette_d''o_Lazzio_Meridiunale,30,31,61,0.5082,11778
newwiki,newiki,2026-06-23,19,9809373,දිනය_අනුව_තෝරාගත්_සංවත්සර,1,1,2,0.5,11300
newwiki,newiki,2026-06-23,20,5897849,Wikipedia:Beleg_fehlet,424,465,889,0.5231,11219
newwiki,newiki,2026-06-23,21,105484076,वि.सं._२०७४_मा_घोषित_गाउँपालिकाहरू,409,35,444,0.0788,10564
newwiki,newiki,2026-06-23,22,7192108,Páginas_con_errores_en_secuencias_de_órdenes,357,797,1154,0.6906,10486
newwiki,newiki,2026-06-23,23,6378334,विकिकरण_गर्नुपर्ने_लेखहरू,495,292,787,0.371,9869
newwiki,newiki,2026-06-23,24,8065114,مواليد_في_نيبال,111,9,120,0.075,9696
newwiki,newiki,2026-06-23,25,7282217,नेपालको_संस्कृति,112,53,165,0.3212,9653
newwiki,newiki,2026-06-23,26,1457982,खेलकुद,706,54,760,0.0711,9639
newwiki,newiki,2026-06-23,27,33093931,नेपाल,40,8,48,0.1667,9625
newwiki,newiki,2026-06-23,28,97269191,Pàgine_in_Zeneise-Grafia_unitäia,8,12,20,0.6,9345
newwiki,newiki,2026-06-23,29,6984032,नेपालको_भूगोल,119,72,191,0.377,9252
newwiki,newiki,2026-06-23,30,1458083,विज्ञान,352,550,902,0.6098,9238
newwiki,newiki,2026-06-23,31,5611338,Association_football,587,4,591,0.0068,9031
newwiki,newiki,2026-06-23,32,8738292,مواليد_في_كاتماندو,103,6,109,0.055,8676
newwiki,newiki,2026-06-23,33,9695574,काठमाडौँका_मानिसहरू,139,14,153,0.0915,8410
newwiki,newiki,2026-06-23,34,1457402,जीव_विज्ञान,415,350,765,0.4575,8362
newwiki,newiki,2026-06-23,35,15136491,20th-century_Nepalese_people,99,8,107,0.0748,8328
newwiki,newiki,2026-06-23,36,9767754,Алфавит_буйынса_сәйәсмәндәр,269,65,334,0.1946,8227
newwiki,newiki,2026-06-23,37,6301435,20th-century_politicians,338,70,408,0.1716,8202
newwiki,newiki,2026-06-23,38,5610882,«نوع»_میکروفورماتلاری_اولان_مقاله‌لر,444,114,558,0.2043,7925
newwiki,newiki,2026-06-23,39,1457109,वनस्पतिहरू,391,101,492,0.2053,7792
newwiki,newiki,2026-06-23,40,6994462,भारतीय_मानिसहरू,828,126,954,0.1321,7743
newwiki,newiki,2026-06-23,41,4026633,अर्थशास्त्र,271,103,374,0.2754,7722
newwiki,newiki,2026-06-23,42,7287077,नेपालका_सहरहरू,159,153,312,0.4904,7697
newwiki,newiki,2026-06-23,43,8461818,नेपालमा_पाइने_वनस्पतिहरू,409,21,430,0.0488,7681
newwiki,newiki,2026-06-23,44,6724323,नेपालका_प्रधानमन्त्रीहरू,53,4,57,0.0702,7589
newwiki,newiki,2026-06-23,45,30330333,नेपालका_गाउँपालिकाहरू,254,15,269,0.0558,7562
newwiki,newiki,2026-06-23,46,138701465,नेपालका_सांसदहरू_२०८२–,45,0,45,0.0,7500
newwiki,newiki,2026-06-23,47,25277833,नेपाल_अधिराज्य,34,2,36,0.0556,7480
newwiki,newiki,2026-06-23,48,106848755,Sabak_Tutuy,21,51,72,0.7083,7284
newwiki,newiki,2026-06-23,49,7477590,Статии_с_невалиден_параметър_за_дата_в_шаблона,250,171,421,0.4062,7220
newwiki,newiki,2026-06-23,50,4026563,कानुन,189,90,279,0.3226,7190
orwiki,enwiki,2026-06-23,1,1410960,United_States,211704,129,211833,0.0006,849916689
orwiki,enwiki,2026-06-23,2,3919762,American_people,123357,105,123462,0.0009,775488221
orwiki,enwiki,2026-06-23,3,5479723,Film_actors,36597,181,36778,0.0049,528781705
orwiki,enwiki,2026-06-23,4,3919792,Actors,56109,502,56611,0.0089,462911802
orwiki,enwiki,2026-06-23,5,9698417,American_actors,23906,28,23934,0.0012,438969066
orwiki,enwiki,2026-06-23,6,5479560,Television_actors,30754,248,31002,0.008,417018647
orwiki,enwiki,2026-06-23,7,5837414,American_film_actors,12382,20,12402,0.0016,367803150
orwiki,enwiki,2026-06-23,8,5461159,American_television_actors,12567,18,12585,0.0014,365502572
orwiki,enwiki,2026-06-23,9,8206360,21st-century_American_actors,11350,21,11371,0.0018,356910491
orwiki,enwiki,2026-06-23,10,9426612,Алфавит_буйынса_актёрҙар,13392,147,13539,0.0109,339543419
orwiki,enwiki,2026-06-23,11,6840573,English-language_films,62160,16,62176,0.0003,315896016
orwiki,enwiki,2026-06-23,12,3919868,American_films,33727,7,33734,0.0002,279579162
orwiki,enwiki,2026-06-23,13,7835232,Əlifba_sırasına_görə_filmlər,35166,37,35203,0.0011,276048657
orwiki,enwiki,2026-06-23,14,1411125,United_Kingdom,74669,77,74746,0.001,267370577
orwiki,enwiki,2026-06-23,15,7269712,20th-century_American_actors,12117,11,12128,0.0009,266827258
orwiki,enwiki,2026-06-23,16,9715949,Vikipedya:AY,1130,148,1278,0.1158,252015098
orwiki,enwiki,2026-06-23,17,5611338,Association_football,144257,15,144272,0.0001,247824493
orwiki,enwiki,2026-06-23,18,8246543,American_male_film_actors,14272,17,14289,0.0012,247416843
orwiki,enwiki,2026-06-23,19,3919830,British_people,44474,63,44537,0.0014,244466978
orwiki,enwiki,2026-06-23,20,1457982,Sports,132345,170,132515,0.0013,243857022
orwiki,enwiki,2026-06-23,21,6508,Astronomy,5364,97,5461,0.0178,240773808
orwiki,enwiki,2026-06-23,22,9703480,Biôgrafia,24841,194,25035,0.0077,238318163
orwiki,enwiki,2026-06-23,23,9228737,Кандык_айдыҥ_21_кӱнинде_чыккандар,1693,7,1700,0.0041,229055879
orwiki,enwiki,2026-06-23,24,9865921,Wikipedia:Wiphalakunap_Plantillankukuna,872,16,888,0.018,226633032
orwiki,enwiki,2026-06-23,25,9220893,Кӱӱк_айдыҥ_28_кӱнинде_божогондор,687,3,690,0.0043,226187330
orwiki,enwiki,2026-06-23,26,6397842,American_male_actors,9759,16,9775,0.0016,221791459
orwiki,enwiki,2026-06-23,27,9636824,Əlifba_sırasına_görə_musiqiçilər,24512,60,24572,0.0024,221535577
orwiki,enwiki,2026-06-23,28,129212025,Tuveli:Izvopa,432,21,453,0.0464,219625674
orwiki,enwiki,2026-06-23,29,9426286,Алфавит_буйынса_актрисалар,11111,165,11276,0.0146,218044343
orwiki,enwiki,2026-06-23,30,33079992,Gamba_Peuniléh,23,1,24,0.0417,215076069
orwiki,enwiki,2026-06-23,31,8246554,American_male_television_actors,11615,11,11626,0.0009,211682216
orwiki,enwiki,2026-06-23,32,6740310,American_voice_actors,4392,10,4402,0.0023,205616045
orwiki,enwiki,2026-06-23,33,140310923,Actors_estatunidencs_nascuts_al_segle_XX,3324,17,3341,0.0051,203210037
orwiki,enwiki,2026-06-23,34,97269191,Pàgine_in_Zeneise-Grafia_unitäia,83,11,94,0.117,201165254
orwiki,enwiki,2026-06-23,35,9724347,Paggene_scritte_int''e_dialette_d''o_Lazzio_Meridiunale,166,22,188,0.117,200406517
orwiki,enwiki,2026-06-23,36,106843442,To_be_checked,589,259,848,0.3054,197053871
orwiki,enwiki,2026-06-23,37,8245580,American_film_actresses,11252,14,11266,0.0012,196559597
orwiki,enwiki,2026-06-23,38,4966679,Wikipedia,398,78,476,0.1639,194737279
orwiki,enwiki,2026-06-23,39,10074376,Pobo_sakizaya,6,1,7,0.1429,192330935
orwiki,enwiki,2026-06-23,40,6426972,American_television_actresses,9378,10,9388,0.0011,189916226
orwiki,enwiki,2026-06-23,41,6645404,American_actresses,8122,14,8136,0.0017,188308528
orwiki,enwiki,2026-06-23,42,7063228,American_singers,8047,10,8057,0.0012,188236753
orwiki,enwiki,2026-06-23,43,7220786,Selected_anniversaries,5,1,6,0.1667,187018880
orwiki,enwiki,2026-06-23,44,6408784,21st-century_actors,6750,37,6787,0.0055,186577413
orwiki,enwiki,2026-06-23,45,14914955,21st-century_American_male_actors,7407,7,7414,0.0009,186430371
orwiki,enwiki,2026-06-23,46,106848755,Sabak_Tutuy,137,37,174,0.2126,184403470
orwiki,enwiki,2026-06-23,47,9711126,Miranduléś,4254,112,4366,0.0257,181764511
orwiki,enwiki,2026-06-23,48,7031042,American_people_of_Irish_descent,6471,21,6492,0.0032,174494580
orwiki,enwiki,2026-06-23,49,9280440,20th-century_American_people,22564,49,22613,0.0022,174390233
orwiki,enwiki,2026-06-23,50,8206361,21st-century_American_actresses,7352,14,7366,0.0019,173549286
orwiki,hiwiki,2026-06-23,1,1411417,भारत,5574,2108,7682,0.2744,2198102
orwiki,hiwiki,2026-06-23,2,1983910,हिन्दू_धर्म,1638,775,2413,0.3212,1100442
orwiki,hiwiki,2026-06-23,3,6994462,भारत_के_लोग,2081,1037,3118,0.3326,1047599
orwiki,hiwiki,2026-06-23,4,4630,भारत_का_इतिहास,1351,248,1599,0.1551,904753
orwiki,hiwiki,2026-06-23,5,1457595,इतिहास,2002,254,2256,0.1126,687987
orwiki,hiwiki,2026-06-23,6,7192108,Páginas_con_errores_en_secuencias_de_órdenes,1752,597,2349,0.2542,617734
orwiki,hiwiki,2026-06-23,7,7030483,भारतीय_राजनीतिज्ञ,1203,356,1559,0.2284,614709
orwiki,hiwiki,2026-06-23,8,5897849,स्रोतहीन_लेख,1900,349,2249,0.1552,567431
orwiki,hiwiki,2026-06-23,9,1457673,भूगोल,2548,362,2910,0.1244,516250
orwiki,hiwiki,2026-06-23,10,2944929,संस्कृति,1559,296,1855,0.1596,514945
orwiki,hiwiki,2026-06-23,11,5668044,भारतीय_फ़िल्में,4358,102,4460,0.0229,508794
orwiki,hiwiki,2026-06-23,12,32589508,ويکيډاټا_سرچينې_لرونکي_مخونه,945,354,1299,0.2725,505843
orwiki,hiwiki,2026-06-23,13,25351284,कायमचे_मृत_बाह्य_दुवे_असणारे_लेख,994,281,1275,0.2204,482662
orwiki,hiwiki,2026-06-23,14,1457903,धर्म,1046,153,1199,0.1276,449659
orwiki,hiwiki,2026-06-23,15,7023926,संस्कृत_शब्द,676,174,850,0.2047,449284
orwiki,hiwiki,2026-06-23,16,6944392,भारतीय_राजनीति,316,87,403,0.2159,444240
orwiki,hiwiki,2026-06-23,17,7030643,भारतीय_हिन्दू,485,262,747,0.3507,441921
orwiki,hiwiki,2026-06-23,18,1458083,विज्ञान,2218,364,2582,0.141,422989
orwiki,hiwiki,2026-06-23,19,9727294,ಕಡತ_ಕೊಂಡಿಗಳು_ಮುರಿದಿರುವ_ಪುಟಗಳು,763,249,1012,0.246,420662
orwiki,hiwiki,2026-06-23,20,4103183,राजनीति,1361,95,1456,0.0652,409934
orwiki,hiwiki,2026-06-23,21,7019973,Postage_stamps_featuring_people,660,177,837,0.2115,394695
orwiki,hiwiki,2026-06-23,22,9703480,Biôgrafia,1423,194,1617,0.12,386951
orwiki,hiwiki,2026-06-23,23,3919792,अभिनेता,1895,502,2397,0.2094,382321
orwiki,hiwiki,2026-06-23,24,7024688,भारतीय_अभिनेता,965,324,1289,0.2514,380228
orwiki,hiwiki,2026-06-23,25,6156696,मृत_लोग,843,360,1203,0.2993,361923
orwiki,hiwiki,2026-06-23,26,82515714,People_from_India,437,449,886,0.5068,360276
orwiki,hiwiki,2026-06-23,27,9848152,हिन्दी_फ़िल्में,3322,45,3367,0.0134,359047
orwiki,hiwiki,2026-06-23,28,6834346,भारतीय_लेखक,817,260,1077,0.2414,354023
orwiki,hiwiki,2026-06-23,29,9729671,Gesjreve_in_'t_Mestreechs,1180,296,1476,0.2005,353203
orwiki,hiwiki,2026-06-23,30,7291943,भारतीय_संस्कृति,597,184,781,0.2356,342018
orwiki,hiwiki,2026-06-23,31,1457402,जीव_विज्ञान,1724,361,2085,0.1731,325585
orwiki,hiwiki,2026-06-23,32,6465874,مواليد_في_الهند,268,169,437,0.3867,314710
orwiki,hiwiki,2026-06-23,33,5753390,राजनीतिज्ञ,1060,134,1194,0.1122,313556
orwiki,hiwiki,2026-06-23,34,9705320,Endrika_ampiasaina_amin'ny_jeografia,1896,686,2582,0.2657,311615
orwiki,hiwiki,2026-06-23,35,6483339,भारतीय_साहित्य,358,95,453,0.2097,304125
orwiki,hiwiki,2026-06-23,36,8205334,20th-century_Indian_people,517,259,776,0.3338,301466
orwiki,hiwiki,2026-06-23,37,9795474,جميع_مقالات_البذور,1124,511,1635,0.3125,295629
orwiki,hiwiki,2026-06-23,38,9426612,Алфавит_буйынса_актёрҙар,909,147,1056,0.1392,293206
orwiki,hiwiki,2026-06-23,39,7116595,उत्तर_प्रदेश_के_लोग,457,81,538,0.1506,290499
orwiki,hiwiki,2026-06-23,40,33029934,Articol_in_Milanes,2185,2538,4723,0.5374,288252
orwiki,hiwiki,2026-06-23,41,6547010,भारतीय_फ़िल्म_अभिनेता,593,262,855,0.3064,287869
orwiki,hiwiki,2026-06-23,42,23706330,Bu_dem_liwot,1189,194,1383,0.1403,285836
orwiki,hiwiki,2026-06-23,43,7477590,Статии_с_невалиден_параметър_за_дата_в_шаблона,889,190,1079,0.1761,284262
orwiki,hiwiki,2026-06-23,44,33017565,مشہور_لوک,691,109,800,0.1363,283279
orwiki,hiwiki,2026-06-23,45,6493807,क्रिकेट,2456,209,2665,0.0784,282413
orwiki,hiwiki,2026-06-23,46,7214658,भारत_के_नगर,1185,777,1962,0.396,280091
orwiki,hiwiki,2026-06-23,47,9714104,Fering_Artiikel,1285,183,1468,0.1247,279692
orwiki,hiwiki,2026-06-23,48,7467137,भारत_सरकार,339,54,393,0.1374,278601
orwiki,hiwiki,2026-06-23,49,33044957,ಮೈಸೂರು_ವಿಶ್ವವಿದ್ಯಾನಿಲಯ_ವಿಶ್ವಕೋಶ,1232,273,1505,0.1814,273099
orwiki,hiwiki,2026-06-23,50,5849863,लेखक,1027,161,1188,0.1355,271371
pawiki,enwiki,2026-06-23,1,1410960,United_States,209859,1974,211833,0.0093,842509667
pawiki,enwiki,2026-06-23,2,3919762,American_people,121836,1626,123462,0.0132,765926400
pawiki,enwiki,2026-06-23,3,5479723,Film_actors,35691,1087,36778,0.0296,515691117
pawiki,enwiki,2026-06-23,4,3919792,Actors,54178,2433,56611,0.043,446980620
pawiki,enwiki,2026-06-23,5,9698417,American_actors,23308,626,23934,0.0262,427988413
pawiki,enwiki,2026-06-23,6,5479560,Television_actors,29753,1249,31002,0.0403,403445269
pawiki,enwiki,2026-06-23,7,5837414,American_film_actors,11950,452,12402,0.0364,354970735
pawiki,enwiki,2026-06-23,8,5461159,American_television_actors,12189,396,12585,0.0315,354508701
pawiki,enwiki,2026-06-23,9,8206360,21st-century_American_actors,10921,450,11371,0.0396,343420218
pawiki,enwiki,2026-06-23,10,9426612,Алфавит_буйынса_актёрҙар,12768,771,13539,0.0569,323722400
pawiki,enwiki,2026-06-23,11,6840573,English-language_films,61851,325,62176,0.0052,314325683
pawiki,enwiki,2026-06-23,12,3919868,American_films,33486,248,33734,0.0074,277581398
pawiki,enwiki,2026-06-23,13,7835232,Əlifba_sırasına_görə_filmlər,34827,376,35203,0.0107,273387550
pawiki,enwiki,2026-06-23,14,1411125,United_Kingdom,73982,764,74746,0.0102,264910606
pawiki,enwiki,2026-06-23,15,7269712,20th-century_American_actors,11819,309,12128,0.0255,260265029
pawiki,enwiki,2026-06-23,16,5611338,Association_football,144021,251,144272,0.0017,247419060
pawiki,enwiki,2026-06-23,17,8246543,American_male_film_actors,14049,240,14289,0.0168,243550954
pawiki,enwiki,2026-06-23,18,1457982,Sports,131465,1050,132515,0.0079,242235546
pawiki,enwiki,2026-06-23,19,3919830,British_people,43843,694,44537,0.0156,240998464
pawiki,enwiki,2026-06-23,20,6508,Astronomy,5140,321,5461,0.0588,230719122
pawiki,enwiki,2026-06-23,21,9228737,Кандык_айдыҥ_21_кӱнинде_чыккандар,1674,26,1700,0.0153,226485257
pawiki,enwiki,2026-06-23,22,9703480,Biôgrafia,23583,1452,25035,0.058,226249235
pawiki,enwiki,2026-06-23,23,9220893,Кӱӱк_айдыҥ_28_кӱнинде_божогондор,678,12,690,0.0174,223224177
pawiki,enwiki,2026-06-23,24,9865921,Wikipedia:Wiphalakunap_Plantillankukuna,850,38,888,0.0428,220915226
pawiki,enwiki,2026-06-23,25,9636824,Əlifba_sırasına_görə_musiqiçilər,24065,507,24572,0.0206,217495662
pawiki,enwiki,2026-06-23,26,6397842,American_male_actors,9566,209,9775,0.0214,217405174
pawiki,enwiki,2026-06-23,27,33079992,Gamba_Peuniléh,23,1,24,0.0417,215076069
pawiki,enwiki,2026-06-23,28,8246554,American_male_television_actors,11460,166,11626,0.0143,208857356
pawiki,enwiki,2026-06-23,29,129212025,Tuveli:Izvopa,408,45,453,0.0993,207424248
pawiki,enwiki,2026-06-23,30,9426286,Алфавит_буйынса_актрисалар,10528,748,11276,0.0663,206603442
pawiki,enwiki,2026-06-23,31,6740310,American_voice_actors,4197,205,4402,0.0466,196486917
pawiki,enwiki,2026-06-23,32,9715949,Vikipedya:AY,876,402,1278,0.3146,195367457
pawiki,enwiki,2026-06-23,33,10074376,Pobo_sakizaya,6,1,7,0.1429,192330935
pawiki,enwiki,2026-06-23,34,8245580,American_film_actresses,10881,385,11266,0.0342,190078651
pawiki,enwiki,2026-06-23,35,7220786,Selected_anniversaries,5,1,6,0.1667,187018880
pawiki,enwiki,2026-06-23,36,140310923,Actors_estatunidencs_nascuts_al_segle_XX,3008,333,3341,0.0997,183891634
pawiki,enwiki,2026-06-23,37,6426972,American_television_actresses,9063,325,9388,0.0346,183537082
pawiki,enwiki,2026-06-23,38,14914955,21st-century_American_male_actors,7274,140,7414,0.0189,183082830
pawiki,enwiki,2026-06-23,39,7063228,American_singers,7801,256,8057,0.0318,182482280
pawiki,enwiki,2026-06-23,40,6408784,21st-century_actors,6520,267,6787,0.0393,180219960
pawiki,enwiki,2026-06-23,41,6645404,American_actresses,7762,374,8136,0.046,179961929
pawiki,enwiki,2026-06-23,42,4966679,Wikipedia,363,113,476,0.2374,177612141
pawiki,enwiki,2026-06-23,43,97269191,Pàgine_in_Zeneise-Grafia_unitäia,72,22,94,0.234,174504799
pawiki,enwiki,2026-06-23,44,33029934,Articol_in_Milanes,30408,2672,33080,0.0808,171250390
pawiki,enwiki,2026-06-23,45,9280440,20th-century_American_people,22068,545,22613,0.0241,170556801
pawiki,enwiki,2026-06-23,46,7031042,American_people_of_Irish_descent,6198,294,6492,0.0453,167132964
pawiki,enwiki,2026-06-23,47,8206361,21st-century_American_actresses,7025,341,7366,0.0463,165830214
pawiki,enwiki,2026-06-23,48,14914736,20th-century_American_male_actors,10575,154,10729,0.0144,165090968
pawiki,enwiki,2026-06-23,49,7217320,Singers,14986,488,15474,0.0315,165002740
pawiki,enwiki,2026-06-23,50,9711126,Miranduléś,3836,530,4366,0.1214,163904246
pawiki,hiwiki,2026-06-23,1,1983910,हिन्दू_धर्म,1468,945,2413,0.3916,986232
pawiki,hiwiki,2026-06-23,2,1411417,भारत,1993,5689,7682,0.7406,785937
pawiki,hiwiki,2026-06-23,3,4630,भारत_का_इतिहास,859,740,1599,0.4628,575265
pawiki,hiwiki,2026-06-23,4,5668044,भारतीय_फ़िल्में,3979,481,4460,0.1078,464546
pawiki,hiwiki,2026-06-23,5,1457595,इतिहास,1105,1151,2256,0.5102,379733
pawiki,hiwiki,2026-06-23,6,7030483,भारतीय_राजनीतिज्ञ,743,816,1559,0.5234,379658
pawiki,hiwiki,2026-06-23,7,7214658,भारत_के_नगर,1561,401,1962,0.2044,368964
pawiki,hiwiki,2026-06-23,8,7023926,संस्कृत_शब्द,498,352,850,0.4141,330981
pawiki,hiwiki,2026-06-23,9,9848152,हिन्दी_फ़िल्में,2999,368,3367,0.1093,324136
pawiki,hiwiki,2026-06-23,10,7192108,Páginas_con_errores_en_secuencias_de_órdenes,869,1480,2349,0.6301,306399
pawiki,hiwiki,2026-06-23,11,1457673,भूगोल,1501,1409,2910,0.4842,304117
pawiki,hiwiki,2026-06-23,12,9705320,Endrika_ampiasaina_amin'ny_jeografia,1842,740,2582,0.2866,302740
pawiki,hiwiki,2026-06-23,13,1457903,धर्म,648,551,1199,0.4595,278565
pawiki,hiwiki,2026-06-23,14,6944392,भारतीय_राजनीति,195,208,403,0.5161,274135
pawiki,hiwiki,2026-06-23,15,33029934,Articol_in_Milanes,2051,2672,4723,0.5657,270574
pawiki,hiwiki,2026-06-23,16,28582468,चित्र_के_साथ_ज्ञानसन्दूक_अवस्थापन_प्रयोग_करने_वाले_लेख,1532,308,1840,0.1674,247677
pawiki,hiwiki,2026-06-23,17,25351284,कायमचे_मृत_बाह्य_दुवे_असणारे_लेख,509,766,1275,0.6008,247158
pawiki,hiwiki,2026-06-23,18,1457402,जीव_विज्ञान,1269,816,2085,0.3914,239656
pawiki,hiwiki,2026-06-23,19,7479566,हिन्दू_मन्दिर,281,106,387,0.2739,239292
pawiki,hiwiki,2026-06-23,20,2944929,संस्कृति,704,1151,1855,0.6205,232534
pawiki,hiwiki,2026-06-23,21,1458083,विज्ञान,1200,1382,2582,0.5352,228849
pawiki,hiwiki,2026-06-23,22,7146649,उत्तर_प्रदेश,388,138,526,0.2624,221592
pawiki,hiwiki,2026-06-23,23,6493807,क्रिकेट,1887,778,2665,0.2919,216984
pawiki,hiwiki,2026-06-23,24,7368887,वैष्णव_सम्प्रदाय,177,119,296,0.402,216084
pawiki,hiwiki,2026-06-23,25,8514724,हिन्दू_ग्रन्थ,280,70,350,0.2,213328
pawiki,hiwiki,2026-06-23,26,4103183,राजनीति,706,750,1456,0.5151,212648
pawiki,hiwiki,2026-06-23,27,8298820,भारतीय_जनता_पार्टी_के_राजनीतिज्ञ,534,264,798,0.3308,207677
pawiki,hiwiki,2026-06-23,28,2945924,सूचियाँ,442,175,617,0.2836,205853
pawiki,hiwiki,2026-06-23,29,9727294,ಕಡತ_ಕೊಂಡಿಗಳು_ಮುರಿದಿರುವ_ಪುಟಗಳು,363,649,1012,0.6413,200131
pawiki,hiwiki,2026-06-23,30,7030643,भारतीय_हिन्दू,218,529,747,0.7082,198636
pawiki,hiwiki,2026-06-23,31,7467137,भारत_सरकार,238,155,393,0.3944,195596
pawiki,hiwiki,2026-06-23,32,6508,खगोलशास्त्र,734,321,1055,0.3043,195346
pawiki,hiwiki,2026-06-23,33,15120845,Films_shot_in_Mumbai,436,95,531,0.1789,187099
pawiki,hiwiki,2026-06-23,34,8299881,बिहार,641,80,721,0.111,185281
pawiki,hiwiki,2026-06-23,35,1983832,बौद्ध_धर्म,515,232,747,0.3106,184876
pawiki,hiwiki,2026-06-23,36,7210139,संस्कृत_ग्रन्थ,374,84,458,0.1834,184633
pawiki,hiwiki,2026-06-23,37,6884057,हिन्दू_पौराणिक_कथाएँ,265,304,569,0.5343,181722
pawiki,hiwiki,2026-06-23,38,9795474,جميع_مقالات_البذور,689,946,1635,0.5786,181217
pawiki,hiwiki,2026-06-23,39,7116595,उत्तर_प्रदेश_के_लोग,284,254,538,0.4721,180529
pawiki,hiwiki,2026-06-23,40,26761155,Robotskapade_artiklar_2016-09,2418,368,2786,0.1321,180027
pawiki,hiwiki,2026-06-23,41,8703545,संस्कृत,310,151,461,0.3275,179961
pawiki,hiwiki,2026-06-23,42,26870269,Robotskapade_Indienartiklar,2358,360,2718,0.1325,178889
pawiki,hiwiki,2026-06-23,43,1984000,इस्लाम,911,366,1277,0.2866,175887
pawiki,hiwiki,2026-06-23,44,25353354,भारतीय_एक्शन_ड्रामा_फ़िल्में,370,33,403,0.0819,175281
pawiki,hiwiki,2026-06-23,45,8134731,उत्तराखण्ड,10669,93,10762,0.0086,175102
pawiki,hiwiki,2026-06-23,46,8514418,हिन्दू_तीर्थ_स्थल,131,93,224,0.4152,171601
pawiki,hiwiki,2026-06-23,47,8514332,हिन्दी_साहित्य,481,110,591,0.1861,166998
pawiki,hiwiki,2026-06-23,48,9714104,Fering_Artiikel,761,707,1468,0.4816,165638
pawiki,hiwiki,2026-06-23,49,6739495,भारत_का_भूगोल,249,243,492,0.4939,161311
pawiki,hiwiki,2026-06-23,50,5753390,राजनीतिज्ञ,542,652,1194,0.5461,160328
piwiki,enwiki,2026-06-23,1,1410960,United_States,211731,102,211833,0.0005,850025085
piwiki,enwiki,2026-06-23,2,3919762,American_people,123462,0,123462,0.0,776148308
piwiki,enwiki,2026-06-23,3,5479723,Film_actors,36777,1,36778,0.0,531382484
piwiki,enwiki,2026-06-23,4,3919792,Actors,56611,0,56611,0.0,467053415
piwiki,enwiki,2026-06-23,5,9698417,American_actors,23934,0,23934,0.0,439483211
piwiki,enwiki,2026-06-23,6,5479560,Television_actors,31002,0,31002,0.0,420381482
piwiki,enwiki,2026-06-23,7,5837414,American_film_actors,12402,0,12402,0.0,368397244
piwiki,enwiki,2026-06-23,8,5461159,American_television_actors,12585,0,12585,0.0,366026090
piwiki,enwiki,2026-06-23,9,8206360,21st-century_American_actors,11371,0,11371,0.0,357570855
piwiki,enwiki,2026-06-23,10,9426612,Алфавит_буйынса_актёрҙар,13539,0,13539,0.0,343270487
piwiki,enwiki,2026-06-23,11,6840573,English-language_films,62176,0,62176,0.0,315977328
piwiki,enwiki,2026-06-23,12,9715949,Vikipedya:AY,1259,19,1278,0.0149,280784963
piwiki,enwiki,2026-06-23,13,3919868,American_films,33734,0,33734,0.0,279637189
piwiki,enwiki,2026-06-23,14,7835232,Əlifba_sırasına_görə_filmlər,35203,0,35203,0.0,276339103
piwiki,enwiki,2026-06-23,15,106843442,To_be_checked,820,28,848,0.033,274336459
piwiki,enwiki,2026-06-23,16,1411125,United_Kingdom,74745,1,74746,0.0,267642714
piwiki,enwiki,2026-06-23,17,7269712,20th-century_American_actors,12128,0,12128,0.0,267069488
piwiki,enwiki,2026-06-23,18,5611338,Association_football,144272,0,144272,0.0,247850263
piwiki,enwiki,2026-06-23,19,8246543,American_male_film_actors,14289,0,14289,0.0,247711552
piwiki,enwiki,2026-06-23,20,6508,Astronomy,5457,4,5461,0.0007,244948298
piwiki,enwiki,2026-06-23,21,3919830,British_people,44537,0,44537,0.0,244813280
piwiki,enwiki,2026-06-23,22,1457982,Sports,132514,1,132515,0.0,244168419
piwiki,enwiki,2026-06-23,23,9703480,Biôgrafia,25023,12,25035,0.0005,240064225
piwiki,enwiki,2026-06-23,24,9715644,Wp/srn,485,12,497,0.0241,232031105
piwiki,enwiki,2026-06-23,25,4966679,Wikipedia,474,2,476,0.0042,231923292
piwiki,enwiki,2026-06-23,26,106848755,Sabak_Tutuy,172,2,174,0.0115,231513846
piwiki,enwiki,2026-06-23,27,9865921,Wikipedia:Wiphalakunap_Plantillankukuna,887,1,888,0.0011,230531536
piwiki,enwiki,2026-06-23,28,9228737,Кандык_айдыҥ_21_кӱнинде_чыккандар,1699,1,1700,0.0006,229867654
piwiki,enwiki,2026-06-23,29,129212025,Tuveli:Izvopa,452,1,453,0.0022,229793530
piwiki,enwiki,2026-06-23,30,9220893,Кӱӱк_айдыҥ_28_кӱнинде_божогондор,689,1,690,0.0014,226845808
piwiki,enwiki,2026-06-23,31,9724347,Paggene_scritte_int''e_dialette_d''o_Lazzio_Meridiunale,187,1,188,0.0053,225759148
piwiki,enwiki,2026-06-23,32,97269191,Pàgine_in_Zeneise-Grafia_unitäia,93,1,94,0.0106,225402032
piwiki,enwiki,2026-06-23,33,6397842,American_male_actors,9775,0,9775,0.0,222155089
piwiki,enwiki,2026-06-23,34,9636824,Əlifba_sırasına_görə_musiqiçilər,24572,0,24572,0.0,222077848
piwiki,enwiki,2026-06-23,35,9426286,Алфавит_буйынса_актрисалар,11276,0,11276,0.0,221282334
piwiki,enwiki,2026-06-23,36,33079992,Gamba_Peuniléh,23,1,24,0.0417,215076069
piwiki,enwiki,2026-06-23,37,2944611,Wikipedia_administration,37,2,39,0.0513,214537932
piwiki,enwiki,2026-06-23,38,8246554,American_male_television_actors,11626,0,11626,0.0,211882690
piwiki,enwiki,2026-06-23,39,6740310,American_voice_actors,4402,0,4402,0.0,206084206
piwiki,enwiki,2026-06-23,40,140310923,Actors_estatunidencs_nascuts_al_segle_XX,3341,0,3341,0.0,204249319
piwiki,enwiki,2026-06-23,41,8245580,American_film_actresses,11266,0,11266,0.0,196804162
piwiki,enwiki,2026-06-23,42,10074376,Pobo_sakizaya,6,1,7,0.1429,192330935
piwiki,enwiki,2026-06-23,43,6426972,American_television_actresses,9388,0,9388,0.0,190118739
piwiki,enwiki,2026-06-23,44,6645404,American_actresses,8136,0,8136,0.0,188633118
piwiki,enwiki,2026-06-23,45,7063228,American_singers,8057,0,8057,0.0,188470675
piwiki,enwiki,2026-06-23,46,6408784,21st-century_actors,6787,0,6787,0.0,187600134
piwiki,enwiki,2026-06-23,47,5612559,Main_Page,5,1,6,0.1667,187159607
piwiki,enwiki,2026-06-23,48,7220786,Selected_anniversaries,5,1,6,0.1667,187018880
piwiki,enwiki,2026-06-23,49,14914955,21st-century_American_male_actors,7414,0,7414,0.0,186606558
piwiki,enwiki,2026-06-23,50,33029934,Articol_in_Milanes,33050,30,33080,0.0009,186129486
piwiki,hiwiki,2026-06-23,1,1411417,भारत,7637,45,7682,0.0059,3011644
piwiki,hiwiki,2026-06-23,2,1983910,हिन्दू_धर्म,2338,75,2413,0.0311,1570716
piwiki,hiwiki,2026-06-23,3,6994462,भारत_के_लोग,3094,24,3118,0.0077,1557556
piwiki,hiwiki,2026-06-23,4,4630,भारत_का_इतिहास,1576,23,1599,0.0144,1055434
piwiki,hiwiki,2026-06-23,5,7192108,Páginas_con_errores_en_secuencias_de_órdenes,2281,68,2349,0.0289,804253
piwiki,hiwiki,2026-06-23,6,7030483,भारतीय_राजनीतिज्ञ,1554,5,1559,0.0032,794063
piwiki,hiwiki,2026-06-23,7,1457595,इतिहास,2236,20,2256,0.0089,768401
piwiki,hiwiki,2026-06-23,8,82515714,People_from_India,882,4,886,0.0045,727148
piwiki,hiwiki,2026-06-23,9,32589508,ويکيډاټا_سرچينې_لرونکي_مخونه,1287,12,1299,0.0092,688910
piwiki,hiwiki,2026-06-23,10,7030643,भारतीय_हिन्दू,734,13,747,0.0174,668804
piwiki,hiwiki,2026-06-23,11,5897849,स्रोतहीन_लेख,2229,20,2249,0.0089,665687
piwiki,hiwiki,2026-06-23,12,33029934,Articol_in_Milanes,4693,30,4723,0.0064,619115
piwiki,hiwiki,2026-06-23,13,25351284,कायमचे_मृत_बाह्य_दुवे_असणारे_लेख,1259,16,1275,0.0125,611339
piwiki,hiwiki,2026-06-23,14,2944929,संस्कृति,1778,77,1855,0.0415,587282
piwiki,hiwiki,2026-06-23,15,1457673,भूगोल,2806,104,2910,0.0357,568523
piwiki,hiwiki,2026-06-23,16,6944392,भारतीय_राजनीति,402,1,403,0.0025,565141
piwiki,hiwiki,2026-06-23,17,9727294,ಕಡತ_ಕೊಂಡಿಗಳು_ಮುರಿದಿರುವ_ಪುಟಗಳು,980,32,1012,0.0316,540300
piwiki,hiwiki,2026-06-23,18,7023926,संस्कृत_शब्द,802,48,850,0.0565,533027
piwiki,hiwiki,2026-06-23,19,5668044,भारतीय_फ़िल्में,4460,0,4460,0.0,520703
piwiki,hiwiki,2026-06-23,20,6156696,मृत_लोग,1197,6,1203,0.005,513906
piwiki,hiwiki,2026-06-23,21,7024688,भारतीय_अभिनेता,1289,0,1289,0.0,507891
piwiki,hiwiki,2026-06-23,22,6465874,مواليد_في_الهند,428,9,437,0.0206,502597
piwiki,hiwiki,2026-06-23,23,1457903,धर्म,1165,34,1199,0.0284,500815
piwiki,hiwiki,2026-06-23,24,7019973,Postage_stamps_featuring_people,829,8,837,0.0096,495761
piwiki,hiwiki,2026-06-23,25,1458083,विज्ञान,2556,26,2582,0.0101,487448
piwiki,hiwiki,2026-06-23,26,3919792,अभिनेता,2397,0,2397,0.0,483601
piwiki,hiwiki,2026-06-23,27,7214658,भारत_के_नगर,1961,1,1962,0.0005,463509
piwiki,hiwiki,2026-06-23,28,6834346,भारतीय_लेखक,1066,11,1077,0.0102,461920
piwiki,hiwiki,2026-06-23,29,8205334,20th-century_Indian_people,772,4,776,0.0052,450159
piwiki,hiwiki,2026-06-23,30,4103183,राजनीति,1451,5,1456,0.0034,437042
piwiki,hiwiki,2026-06-23,31,9703480,Biôgrafia,1605,12,1617,0.0074,436441
piwiki,hiwiki,2026-06-23,32,7291943,भारतीय_संस्कृति,751,30,781,0.0384,430244
piwiki,hiwiki,2026-06-23,33,9795474,جميع_مقالات_البذور,1618,17,1635,0.0104,425558
piwiki,hiwiki,2026-06-23,34,9729671,Gesjreve_in_'t_Mestreechs,1418,58,1476,0.0393,424443
piwiki,hiwiki,2026-06-23,35,9705320,Endrika_ampiasaina_amin'ny_jeografia,2524,58,2582,0.0225,414830
piwiki,hiwiki,2026-06-23,36,6547010,भारतीय_फ़िल्म_अभिनेता,854,1,855,0.0012,414571
piwiki,hiwiki,2026-06-23,37,9700201,Articllo_en_arpetan_supradialèctâl_/_ORB,1369,59,1428,0.0413,409141
piwiki,hiwiki,2026-06-23,38,106843442,To_be_checked,615,28,643,0.0435,391968
piwiki,hiwiki,2026-06-23,39,1457402,जीव_विज्ञान,2072,13,2085,0.0062,391306
piwiki,hiwiki,2026-06-23,40,7482570,Deaths_in_India,346,10,356,0.0281,381228
piwiki,hiwiki,2026-06-23,41,6884057,हिन्दू_पौराणिक_कथाएँ,548,21,569,0.0369,375789
piwiki,hiwiki,2026-06-23,42,6483339,भारतीय_साहित्य,436,17,453,0.0375,370387
piwiki,hiwiki,2026-06-23,43,9848152,हिन्दी_फ़िल्में,3367,0,3367,0.0,363911
piwiki,hiwiki,2026-06-23,44,8545259,भारतीय_स्वतन्त्रता_संग्राम,482,5,487,0.0103,356634
piwiki,hiwiki,2026-06-23,45,5753390,राजनीतिज्ञ,1188,6,1194,0.005,351420
piwiki,hiwiki,2026-06-23,46,7368887,वैष्णव_सम्प्रदाय,282,14,296,0.0473,344270
piwiki,hiwiki,2026-06-23,47,7477590,Статии_с_невалиден_параметър_за_дата_в_шаблона,1071,8,1079,0.0074,342457
piwiki,hiwiki,2026-06-23,48,9426612,Алфавит_буйынса_актёрҙар,1056,0,1056,0.0,340623
piwiki,hiwiki,2026-06-23,49,7116595,उत्तर_प्रदेश_के_लोग,535,3,538,0.0056,340081
piwiki,hiwiki,2026-06-23,50,8313144,ब्रिटिश_भारत,451,5,456,0.011,339848
sawiki,enwiki,2026-06-23,1,1410960,United_States,211573,260,211833,0.0012,849390770
sawiki,enwiki,2026-06-23,2,3919762,American_people,123319,143,123462,0.0012,775249333
sawiki,enwiki,2026-06-23,3,5479723,Film_actors,36697,81,36778,0.0022,530226582
sawiki,enwiki,2026-06-23,4,3919792,Actors,56522,89,56611,0.0016,466319145
sawiki,enwiki,2026-06-23,5,9698417,American_actors,23922,12,23934,0.0005,439262863
sawiki,enwiki,2026-06-23,6,5479560,Television_actors,30974,28,31002,0.0009,420001807
sawiki,enwiki,2026-06-23,7,5837414,American_film_actors,12391,11,12402,0.0009,368070492
sawiki,enwiki,2026-06-23,8,5461159,American_television_actors,12579,6,12585,0.0005,365851584
sawiki,enwiki,2026-06-23,9,8206360,21st-century_American_actors,11363,8,11371,0.0007,357319288
sawiki,enwiki,2026-06-23,10,9426612,Алфавит_буйынса_актёрҙар,13452,87,13539,0.0064,341064671
sawiki,enwiki,2026-06-23,11,6840573,English-language_films,62163,13,62176,0.0002,315911262
sawiki,enwiki,2026-06-23,12,3919868,American_films,33724,10,33734,0.0003,279554294
sawiki,enwiki,2026-06-23,13,7835232,Əlifba_sırasına_görə_filmlər,35184,19,35203,0.0005,276189955
sawiki,enwiki,2026-06-23,14,1411125,United_Kingdom,74632,114,74746,0.0015,267238090
sawiki,enwiki,2026-06-23,15,7269712,20th-century_American_actors,12121,7,12128,0.0006,266915341
sawiki,enwiki,2026-06-23,16,5611338,Association_football,144231,41,144272,0.0003,247779827
sawiki,enwiki,2026-06-23,17,8246543,American_male_film_actors,14279,10,14289,0.0007,247538193
sawiki,enwiki,2026-06-23,18,3919830,British_people,44430,107,44537,0.0024,244225116
sawiki,enwiki,2026-06-23,19,1457982,Sports,132417,98,132515,0.0007,243989688
sawiki,enwiki,2026-06-23,20,6508,Astronomy,5367,94,5461,0.0172,240908469
sawiki,enwiki,2026-06-23,21,9715949,Vikipedya:AY,1068,210,1278,0.1643,238187721
sawiki,enwiki,2026-06-23,22,9703480,Biôgrafia,24683,352,25035,0.0141,236802352
sawiki,enwiki,2026-06-23,23,9228737,Кандык_айдыҥ_21_кӱнинде_чыккандар,1696,4,1700,0.0024,229461766
sawiki,enwiki,2026-06-23,24,9220893,Кӱӱк_айдыҥ_28_кӱнинде_божогондор,688,2,690,0.0029,226516569
sawiki,enwiki,2026-06-23,25,9865921,Wikipedia:Wiphalakunap_Plantillankukuna,870,18,888,0.0203,226113232
sawiki,enwiki,2026-06-23,26,4966679,Wikipedia,458,18,476,0.0378,224094658
sawiki,enwiki,2026-06-23,27,6397842,American_male_actors,9763,12,9775,0.0012,221882366
sawiki,enwiki,2026-06-23,28,9636824,Əlifba_sırasına_görə_musiqiçilər,24528,44,24572,0.0018,221680182
sawiki,enwiki,2026-06-23,29,9426286,Алфавит_буйынса_актрисалар,11236,40,11276,0.0035,220497366
sawiki,enwiki,2026-06-23,30,129212025,Tuveli:Izvopa,426,27,453,0.0596,216575318
sawiki,enwiki,2026-06-23,31,97269191,Pàgine_in_Zeneise-Grafia_unitäia,89,5,94,0.0532,215707321
sawiki,enwiki,2026-06-23,32,33079992,Gamba_Peuniléh,23,1,24,0.0417,215076069
sawiki,enwiki,2026-06-23,33,8246554,American_male_television_actors,11621,5,11626,0.0004,211791565
sawiki,enwiki,2026-06-23,34,6740310,American_voice_actors,4397,5,4402,0.0011,205850125
sawiki,enwiki,2026-06-23,35,140310923,Actors_estatunidencs_nascuts_al_segle_XX,3336,5,3341,0.0015,203943648
sawiki,enwiki,2026-06-23,36,2944611,Wikipedia_administration,34,5,39,0.1282,197142964
sawiki,enwiki,2026-06-23,37,8245580,American_film_actresses,11265,1,11266,0.0001,196786693
sawiki,enwiki,2026-06-23,38,9724347,Paggene_scritte_int''e_dialette_d''o_Lazzio_Meridiunale,160,28,188,0.1489,193162908
sawiki,enwiki,2026-06-23,39,10074376,Pobo_sakizaya,6,1,7,0.1429,192330935
sawiki,enwiki,2026-06-23,40,6426972,American_television_actresses,9387,1,9388,0.0001,190098487
sawiki,enwiki,2026-06-23,41,6645404,American_actresses,8133,3,8136,0.0004,188563563
sawiki,enwiki,2026-06-23,42,7063228,American_singers,8056,1,8057,0.0001,188447282
sawiki,enwiki,2026-06-23,43,7220786,Selected_anniversaries,5,1,6,0.1667,187018880
sawiki,enwiki,2026-06-23,44,6408784,21st-century_actors,6761,26,6787,0.0038,186881465
sawiki,enwiki,2026-06-23,45,14914955,21st-century_American_male_actors,7407,7,7414,0.0009,186430371
sawiki,enwiki,2026-06-23,46,106843442,To_be_checked,538,310,848,0.3656,179991482
sawiki,enwiki,2026-06-23,47,9711126,Miranduléś,4198,168,4366,0.0385,179371748
sawiki,enwiki,2026-06-23,48,106848755,Sabak_Tutuy,130,44,174,0.2529,174981395
sawiki,enwiki,2026-06-23,49,7031042,American_people_of_Irish_descent,6474,18,6492,0.0028,174575477
sawiki,enwiki,2026-06-23,50,9280440,20th-century_American_people,22557,56,22613,0.0025,174336132
sawiki,hiwiki,2026-06-23,1,1411417,भारत,5992,1690,7682,0.22,2362939
sawiki,hiwiki,2026-06-23,2,6994462,भारत_के_लोग,2598,520,3118,0.1668,1307863
sawiki,hiwiki,2026-06-23,3,1983910,हिन्दू_धर्म,1584,829,2413,0.3436,1064163
sawiki,hiwiki,2026-06-23,4,4630,भारत_का_इतिहास,1298,301,1599,0.1882,869259
sawiki,hiwiki,2026-06-23,5,7030483,भारतीय_राजनीतिज्ञ,1361,198,1559,0.127,695443
sawiki,hiwiki,2026-06-23,6,1457595,इतिहास,1922,334,2256,0.148,660495
sawiki,hiwiki,2026-06-23,7,5897849,स्रोतहीन_लेख,1862,387,2249,0.1721,556083
sawiki,hiwiki,2026-06-23,8,7192108,Páginas_con_errores_en_secuencias_de_órdenes,1525,824,2349,0.3508,537697
sawiki,hiwiki,2026-06-23,9,82515714,People_from_India,635,251,886,0.2833,523513
sawiki,hiwiki,2026-06-23,10,25351284,कायमचे_मृत_बाह्य_दुवे_असणारे_लेख,1070,205,1275,0.1608,519565
sawiki,hiwiki,2026-06-23,11,5668044,भारतीय_फ़िल्में,4431,29,4460,0.0065,517317
sawiki,hiwiki,2026-06-23,12,2944929,संस्कृति,1522,333,1855,0.1795,502724
sawiki,hiwiki,2026-06-23,13,32589508,ويکيډاټا_سرچينې_لرونکي_مخونه,877,422,1299,0.3249,469444
sawiki,hiwiki,2026-06-23,14,7030643,भारतीय_हिन्दू,513,234,747,0.3133,467434
sawiki,hiwiki,2026-06-23,15,7024688,भारतीय_अभिनेता,1184,105,1289,0.0815,466518
sawiki,hiwiki,2026-06-23,16,3919792,अभिनेता,2308,89,2397,0.0371,465645
sawiki,hiwiki,2026-06-23,17,6944392,भारतीय_राजनीति,318,85,403,0.2109,447051
sawiki,hiwiki,2026-06-23,18,1457673,भूगोल,2202,708,2910,0.2433,446147
sawiki,hiwiki,2026-06-23,19,1457903,धर्म,1020,179,1199,0.1493,438482
sawiki,hiwiki,2026-06-23,20,1458083,विज्ञान,2250,332,2582,0.1286,429092
sawiki,hiwiki,2026-06-23,21,9727294,ಕಡತ_ಕೊಂಡಿಗಳು_ಮುರಿದಿರುವ_ಪುಟಗಳು,730,282,1012,0.2787,402468
sawiki,hiwiki,2026-06-23,22,4103183,राजनीति,1323,133,1456,0.0913,398489
sawiki,hiwiki,2026-06-23,23,6156696,मृत_लोग,904,299,1203,0.2485,388112
sawiki,hiwiki,2026-06-23,24,6547010,भारतीय_फ़िल्म_अभिनेता,764,91,855,0.1064,370881
sawiki,hiwiki,2026-06-23,25,6834346,भारतीय_लेखक,852,225,1077,0.2089,369189
sawiki,hiwiki,2026-06-23,26,9848152,हिन्दी_फ़िल्में,3357,10,3367,0.003,362830
sawiki,hiwiki,2026-06-23,27,6465874,مواليد_في_الهند,308,129,437,0.2952,361682
sawiki,hiwiki,2026-06-23,28,8205334,20th-century_Indian_people,593,183,776,0.2358,345783
sawiki,hiwiki,2026-06-23,29,9703480,Biôgrafia,1265,352,1617,0.2177,343986
sawiki,hiwiki,2026-06-23,30,1457402,जीव_विज्ञान,1817,268,2085,0.1285,343148
sawiki,hiwiki,2026-06-23,31,7023926,संस्कृत_शब्द,515,335,850,0.3941,342280
sawiki,hiwiki,2026-06-23,32,7291943,भारतीय_संस्कृति,576,205,781,0.2625,329987
sawiki,hiwiki,2026-06-23,33,7019973,Postage_stamps_featuring_people,551,286,837,0.3417,329511
sawiki,hiwiki,2026-06-23,34,7214658,भारत_के_नगर,1344,618,1962,0.315,317673
sawiki,hiwiki,2026-06-23,35,9705320,Endrika_ampiasaina_amin'ny_jeografia,1905,677,2582,0.2622,313095
sawiki,hiwiki,2026-06-23,36,9426612,Алфавит_буйынса_актёрҙар,969,87,1056,0.0824,312560
sawiki,hiwiki,2026-06-23,37,9729671,Gesjreve_in_'t_Mestreechs,1041,435,1476,0.2947,311597
sawiki,hiwiki,2026-06-23,38,7116224,मुंबई_के_लोग,570,58,628,0.0924,307707
sawiki,hiwiki,2026-06-23,39,8514322,हिन्दी_अभिनेत्री,939,44,983,0.0448,303329
sawiki,hiwiki,2026-06-23,40,6493807,क्रिकेट,2637,28,2665,0.0105,303226
sawiki,hiwiki,2026-06-23,41,7116595,उत्तर_प्रदेश_के_लोग,477,61,538,0.1134,303213
sawiki,hiwiki,2026-06-23,42,8545100,भारतीय_फ़िल्म_अभिनेत्री,1083,51,1134,0.045,303054
sawiki,hiwiki,2026-06-23,43,7477590,Статии_с_невалиден_параметър_за_дата_в_шаблона,946,133,1079,0.1233,302488
sawiki,hiwiki,2026-06-23,44,5753390,राजनीतिज्ञ,1018,176,1194,0.1474,301132
sawiki,hiwiki,2026-06-23,45,6946332,पंजाबी_लोग,885,97,982,0.0988,300373
sawiki,hiwiki,2026-06-23,46,5479723,फ़िल्म_अभिनेता,1040,81,1121,0.0723,297338
sawiki,hiwiki,2026-06-23,47,8545259,भारतीय_स्वतन्त्रता_संग्राम,392,95,487,0.1951,290042
sawiki,hiwiki,2026-06-23,48,7467137,भारत_सरकार,349,44,393,0.112,286820
sawiki,hiwiki,2026-06-23,49,8298820,भारतीय_जनता_पार्टी_के_राजनीतिज्ञ,737,61,798,0.0764,286625
sawiki,hiwiki,2026-06-23,50,8619678,लोक_सभा_सदस्य,411,80,491,0.1629,284945
satwiki,enwiki,2026-06-23,1,1410960,United_States,211547,286,211833,0.0014,849286390
satwiki,enwiki,2026-06-23,2,3919762,American_people,123253,209,123462,0.0017,774834421
satwiki,enwiki,2026-06-23,3,5479723,Film_actors,36441,337,36778,0.0092,526527696
satwiki,enwiki,2026-06-23,4,3919792,Actors,55577,1034,56611,0.0183,458522683
satwiki,enwiki,2026-06-23,5,9698417,American_actors,23852,82,23934,0.0034,437977502
satwiki,enwiki,2026-06-23,6,5479560,Television_actors,30587,415,31002,0.0134,414754157
satwiki,enwiki,2026-06-23,7,5837414,American_film_actors,12357,45,12402,0.0036,367060534
satwiki,enwiki,2026-06-23,8,5461159,American_television_actors,12555,30,12585,0.0024,365153560
satwiki,enwiki,2026-06-23,9,8206360,21st-century_American_actors,11308,63,11371,0.0055,355589765
satwiki,enwiki,2026-06-23,10,9426612,Алфавит_буйынса_актёрҙар,13307,232,13539,0.0171,337388313
satwiki,enwiki,2026-06-23,11,6840573,English-language_films,62114,62,62176,0.001,315662245
satwiki,enwiki,2026-06-23,12,3919868,American_films,33696,38,33734,0.0011,279322188
satwiki,enwiki,2026-06-23,13,7835232,Əlifba_sırasına_görə_filmlər,35146,57,35203,0.0016,275891660
satwiki,enwiki,2026-06-23,14,1411125,United_Kingdom,74658,88,74746,0.0012,267331189
satwiki,enwiki,2026-06-23,15,7269712,20th-century_American_actors,12099,29,12128,0.0024,266430881
satwiki,enwiki,2026-06-23,16,5611338,Association_football,144235,37,144272,0.0003,247786699
satwiki,enwiki,2026-06-23,17,8246543,American_male_film_actors,14243,46,14289,0.0032,246914104
satwiki,enwiki,2026-06-23,18,3919830,British_people,44474,63,44537,0.0014,244466978
satwiki,enwiki,2026-06-23,19,1457982,Sports,132325,190,132515,0.0014,243820170
satwiki,enwiki,2026-06-23,20,6508,Astronomy,5403,58,5461,0.0106,242524400
satwiki,enwiki,2026-06-23,21,9715949,Vikipedya:AY,1084,194,1278,0.1518,241756077
satwiki,enwiki,2026-06-23,22,9703480,Biôgrafia,24810,225,25035,0.009,238020757
satwiki,enwiki,2026-06-23,23,9228737,Кандык_айдыҥ_21_кӱнинде_чыккандар,1694,6,1700,0.0035,229191174
satwiki,enwiki,2026-06-23,24,9220893,Кӱӱк_айдыҥ_28_кӱнинде_божогондор,687,3,690,0.0043,226187330
satwiki,enwiki,2026-06-23,25,9865921,Wikipedia:Wiphalakunap_Plantillankukuna,867,21,888,0.0236,225333531
satwiki,enwiki,2026-06-23,26,6397842,American_male_actors,9744,31,9775,0.0032,221450556
satwiki,enwiki,2026-06-23,27,9636824,Əlifba_sırasına_görə_musiqiçilər,24494,78,24572,0.0032,221372896
satwiki,enwiki,2026-06-23,28,129212025,Tuveli:Izvopa,432,21,453,0.0464,219625674
satwiki,enwiki,2026-06-23,29,4966679,Wikipedia,445,31,476,0.0651,217733892
satwiki,enwiki,2026-06-23,30,33079992,Gamba_Peuniléh,23,1,24,0.0417,215076069
satwiki,enwiki,2026-06-23,31,9426286,Алфавит_буйынса_актрисалар,10897,379,11276,0.0336,213844767
satwiki,enwiki,2026-06-23,32,8246554,American_male_television_actors,11599,27,11626,0.0023,211390617
satwiki,enwiki,2026-06-23,33,9715644,Wp/srn,440,57,497,0.1147,210502445
satwiki,enwiki,2026-06-23,34,6740310,American_voice_actors,4386,16,4402,0.0036,205335149
satwiki,enwiki,2026-06-23,35,97269191,Pàgine_in_Zeneise-Grafia_unitäia,84,10,94,0.1064,203588932
satwiki,enwiki,2026-06-23,36,140310923,Actors_estatunidencs_nascuts_al_segle_XX,3287,54,3341,0.0162,200948072
satwiki,enwiki,2026-06-23,37,8245580,American_film_actresses,11219,47,11266,0.0042,195983125
satwiki,enwiki,2026-06-23,38,9724347,Paggene_scritte_int''e_dialette_d''o_Lazzio_Meridiunale,162,26,188,0.1383,195577444
satwiki,enwiki,2026-06-23,39,6426972,American_television_actresses,9359,29,9388,0.0031,189531452
satwiki,enwiki,2026-06-23,40,7063228,American_singers,8034,23,8057,0.0029,187932655
satwiki,enwiki,2026-06-23,41,6645404,American_actresses,8095,41,8136,0.005,187682533
satwiki,enwiki,2026-06-23,42,7220786,Selected_anniversaries,5,1,6,0.1667,187018880
satwiki,enwiki,2026-06-23,43,106843442,To_be_checked,557,291,848,0.3432,186348058
satwiki,enwiki,2026-06-23,44,6408784,21st-century_actors,6733,54,6787,0.008,186107514
satwiki,enwiki,2026-06-23,45,14914955,21st-century_American_male_actors,7378,36,7414,0.0049,185700456
satwiki,enwiki,2026-06-23,46,2944611,Wikipedia_administration,32,7,39,0.1795,185546319
satwiki,enwiki,2026-06-23,47,33029934,Articol_in_Milanes,32652,428,33080,0.0129,183888048
satwiki,enwiki,2026-06-23,48,9711126,Miranduléś,4216,150,4366,0.0344,180140851
satwiki,enwiki,2026-06-23,49,7031042,American_people_of_Irish_descent,6462,30,6492,0.0046,174251890
satwiki,enwiki,2026-06-23,50,9280440,20th-century_American_people,22534,79,22613,0.0035,174158372
satwiki,bnwiki,2026-06-23,1,1411417,ভারত,3934,2830,6764,0.4184,410180
satwiki,bnwiki,2026-06-23,2,33029934,Articol_in_Milanes,4795,428,5223,0.0819,385036
satwiki,bnwiki,2026-06-23,3,1455458,বাংলাদেশ,1357,145,1502,0.0965,361152
satwiki,bnwiki,2026-06-23,4,9729671,Gesjreve_in_'t_Mestreechs,1093,461,1554,0.2967,357720
satwiki,bnwiki,2026-06-23,5,5611338,ফুটবল,3605,37,3642,0.0102,355046
satwiki,bnwiki,2026-06-23,6,1983910,হিন্দুধর্ম,2040,230,2270,0.1013,344379
satwiki,bnwiki,2026-06-23,7,1457673,ভূগোল,1835,529,2364,0.2238,286700
satwiki,bnwiki,2026-06-23,8,1457982,ক্রীড়া,2705,190,2895,0.0656,283413
satwiki,bnwiki,2026-06-23,9,1457595,ইতিহাস,2050,199,2249,0.0885,278283
satwiki,bnwiki,2026-06-23,10,1984000,ইসলাম,2871,77,2948,0.0261,277301
satwiki,bnwiki,2026-06-23,11,8297418,বাঙালি_ব্যক্তি,683,177,860,0.2058,275189
satwiki,bnwiki,2026-06-23,12,5897849,Wikipedia:Beleg_fehlet,1808,367,2175,0.1687,253129
satwiki,bnwiki,2026-06-23,13,9700201,Articllo_en_arpetan_supradialèctâl_/_ORB,1001,479,1480,0.3236,237119
satwiki,bnwiki,2026-06-23,14,8950510,কলকাতা_বিশ্ববিদ্যালয়ের_প্রাক্তন_শিক্ষার্থী,1254,146,1400,0.1043,232653
satwiki,bnwiki,2026-06-23,15,23706330,Bu_dem_liwot,1068,294,1362,0.2159,227974
satwiki,bnwiki,2026-06-23,16,9711126,Miranduléś,913,150,1063,0.1411,227263
satwiki,bnwiki,2026-06-23,17,1410960,মার্কিন_যুক্তরাষ্ট্র,4515,286,4801,0.0596,226571
satwiki,bnwiki,2026-06-23,18,6994462,ভারতীয়_ব্যক্তি,1602,1286,2888,0.4453,224815
satwiki,bnwiki,2026-06-23,19,8297364,বাঙালি_হিন্দু,819,88,907,0.097,224574
satwiki,bnwiki,2026-06-23,20,1458083,বিজ্ঞান,2074,245,2319,0.1056,222859
satwiki,bnwiki,2026-06-23,21,4630,ভারতের_ইতিহাস,1132,147,1279,0.1149,218045
satwiki,bnwiki,2026-06-23,22,32589508,ويکيډاټا_سرچينې_لرونکي_مخونه,1122,500,1622,0.3083,215040
satwiki,bnwiki,2026-06-23,23,2944929,সংস্কৃতি,1406,468,1874,0.2497,214060
satwiki,bnwiki,2026-06-23,24,1457903,ধর্ম,1416,98,1514,0.0647,203893
satwiki,bnwiki,2026-06-23,25,6156696,মৃত_ব্যক্তি,1005,436,1441,0.3026,203590
satwiki,bnwiki,2026-06-23,26,9703480,Biôgrafia,2629,225,2854,0.0788,199703
satwiki,bnwiki,2026-06-23,27,10095516,ঢাকা_বিশ্ববিদ্যালয়ের_প্রাক্তন_শিক্ষার্থী,1539,28,1567,0.0179,196699
satwiki,bnwiki,2026-06-23,28,106843442,To_be_checked,355,291,646,0.4505,196182
satwiki,bnwiki,2026-06-23,29,7192108,Páginas_con_errores_en_secuencias_de_órdenes,844,1693,2537,0.6673,196005
satwiki,bnwiki,2026-06-23,30,1457402,জীববিজ্ঞান,1930,228,2158,0.1057,192030
satwiki,bnwiki,2026-06-23,31,7116681,পশ্চিমবঙ্গের_ব্যক্তি,496,108,604,0.1788,191905
satwiki,bnwiki,2026-06-23,32,9715949,Vikipedya:AY,316,194,510,0.3804,188283
satwiki,bnwiki,2026-06-23,33,8297423,বাঙালি_লেখক,1284,57,1341,0.0425,184953
satwiki,bnwiki,2026-06-23,34,9712313,Limba_Sarda_Comuna,1002,330,1332,0.2477,184835
satwiki,bnwiki,2026-06-23,35,8437937,ফিফা_বিশ্বকাপ,108,2,110,0.0182,181218
satwiki,bnwiki,2026-06-23,36,5753390,রাজনীতিবিদ,2264,179,2443,0.0733,177470
satwiki,bnwiki,2026-06-23,37,6301435,২০শ_শতাব্দীর_রাজনীতিবিদ,1416,180,1596,0.1128,172402
satwiki,bnwiki,2026-06-23,38,6312404,ফিফা,92,3,95,0.0316,171950
satwiki,bnwiki,2026-06-23,39,7019973,Postage_stamps_featuring_people,821,171,992,0.1724,170788
satwiki,bnwiki,2026-06-23,40,8313144,ব্রিটিশ_ভারত,392,58,450,0.1289,153115
satwiki,bnwiki,2026-06-23,41,4325,বাংলাদেশের_ইতিহাস,399,29,428,0.0678,152510
satwiki,bnwiki,2026-06-23,42,9793101,Википедия:Сифатлы_мәҡәләләр,604,177,781,0.2266,152359
satwiki,bnwiki,2026-06-23,43,8287974,বাংলাদেশ_জাতীয়তাবাদী_দলের_রাজনীতিবিদ,908,8,916,0.0087,152031
satwiki,bnwiki,2026-06-23,44,6457107,ফিফা_বিশ্বকাপের_আসর,30,1,31,0.0323,150823
satwiki,bnwiki,2026-06-23,45,6508,জ্যোতির্বিজ্ঞান,854,58,912,0.0636,150809
satwiki,bnwiki,2026-06-23,46,6456601,বাংলাদেশী_ব্যক্তি,473,53,526,0.1008,149537
satwiki,bnwiki,2026-06-23,47,59244273,تصانيف_كومونز_يربط_لينك_مع_ويكى_داتا,630,26,656,0.0396,147492
satwiki,bnwiki,2026-06-23,48,4026570,দেশ,341,230,571,0.4028,147408
satwiki,bnwiki,2026-06-23,49,7460289,ইসলামি_পরিভাষা,971,22,993,0.0222,147144
satwiki,bnwiki,2026-06-23,50,4103183,রাজনীতি,1259,122,1381,0.0883,145426
sdwiki,enwiki,2026-06-23,1,1410960,United_States,211520,313,211833,0.0015,849177994
sdwiki,enwiki,2026-06-23,2,3919762,American_people,123344,118,123462,0.001,775406496
sdwiki,enwiki,2026-06-23,3,5479723,Film_actors,36670,108,36778,0.0029,529836465
sdwiki,enwiki,2026-06-23,4,3919792,Actors,56461,150,56611,0.0026,465815881
sdwiki,enwiki,2026-06-23,5,9698417,American_actors,23899,35,23934,0.0015,438840530
sdwiki,enwiki,2026-06-23,6,5479560,Television_actors,30937,65,31002,0.0021,419500093
sdwiki,enwiki,2026-06-23,7,5837414,American_film_actors,12375,27,12402,0.0022,367595218
sdwiki,enwiki,2026-06-23,8,5461159,American_television_actors,12562,23,12585,0.0018,365357150
sdwiki,enwiki,2026-06-23,9,8206360,21st-century_American_actors,11345,26,11371,0.0023,356753262
sdwiki,enwiki,2026-06-23,10,9426612,Алфавит_буйынса_актёрҙар,13439,100,13539,0.0074,340735067
sdwiki,enwiki,2026-06-23,11,6840573,English-language_films,62155,21,62176,0.0003,315870606
sdwiki,enwiki,2026-06-23,12,3919868,American_films,33718,16,33734,0.0005,279504557
sdwiki,enwiki,2026-06-23,13,7835232,Əlifba_sırasına_görə_filmlər,35184,19,35203,0.0005,276189955
sdwiki,enwiki,2026-06-23,14,1411125,United_Kingdom,74587,159,74746,0.0021,267076956
sdwiki,enwiki,2026-06-23,15,7269712,20th-century_American_actors,12107,21,12128,0.0017,266607049
sdwiki,enwiki,2026-06-23,16,5611338,Association_football,144262,10,144272,0.0001,247833083
sdwiki,enwiki,2026-06-23,17,8246543,American_male_film_actors,14268,21,14289,0.0015,247347499
sdwiki,enwiki,2026-06-23,18,3919830,British_people,44443,94,44537,0.0021,244296575
sdwiki,enwiki,2026-06-23,19,1457982,Sports,132437,78,132515,0.0006,244026540
sdwiki,enwiki,2026-06-23,20,9703480,Biôgrafia,24761,274,25035,0.0109,237550664
sdwiki,enwiki,2026-06-23,21,6508,Astronomy,5289,172,5461,0.0315,237407283
sdwiki,enwiki,2026-06-23,22,9228737,Кандык_айдыҥ_21_кӱнинде_чыккандар,1698,2,1700,0.0012,229732358
sdwiki,enwiki,2026-06-23,23,9220893,Кӱӱк_айдыҥ_28_кӱнинде_божогондор,688,2,690,0.0029,226516569
sdwiki,enwiki,2026-06-23,24,9865921,Wikipedia:Wiphalakunap_Plantillankukuna,859,29,888,0.0327,223254329
sdwiki,enwiki,2026-06-23,25,6397842,American_male_actors,9752,23,9775,0.0024,221632371
sdwiki,enwiki,2026-06-23,26,9636824,Əlifba_sırasına_görə_musiqiçilər,24514,58,24572,0.0024,221553653
sdwiki,enwiki,2026-06-23,27,9426286,Алфавит_буйынса_актрисалар,11200,76,11276,0.0067,219790895
sdwiki,enwiki,2026-06-23,28,129212025,Tuveli:Izvopa,425,28,453,0.0618,216066925
sdwiki,enwiki,2026-06-23,29,33079992,Gamba_Peuniléh,23,1,24,0.0417,215076069
sdwiki,enwiki,2026-06-23,30,9715949,Vikipedya:AY,957,321,1278,0.2512,213432256
sdwiki,enwiki,2026-06-23,31,8246554,American_male_television_actors,11619,7,11626,0.0006,211755115
sdwiki,enwiki,2026-06-23,32,4966679,Wikipedia,423,53,476,0.1113,206969520
sdwiki,enwiki,2026-06-23,33,6740310,American_voice_actors,4389,13,4402,0.003,205475597
sdwiki,enwiki,2026-06-23,34,140310923,Actors_estatunidencs_nascuts_al_segle_XX,3320,21,3341,0.0063,202965501
sdwiki,enwiki,2026-06-23,35,8245580,American_film_actresses,11246,20,11266,0.0018,196454784
sdwiki,enwiki,2026-06-23,36,97269191,Pàgine_in_Zeneise-Grafia_unitäia,80,14,94,0.1489,193894221
sdwiki,enwiki,2026-06-23,37,10074376,Pobo_sakizaya,6,1,7,0.1429,192330935
sdwiki,enwiki,2026-06-23,38,6426972,American_television_actresses,9370,18,9388,0.0019,189754216
sdwiki,enwiki,2026-06-23,39,7063228,American_singers,8044,13,8057,0.0016,188166576
sdwiki,enwiki,2026-06-23,40,6645404,American_actresses,8114,22,8136,0.0027,188123048
sdwiki,enwiki,2026-06-23,41,6408784,21st-century_actors,6753,34,6787,0.005,186660336
sdwiki,enwiki,2026-06-23,42,14914955,21st-century_American_male_actors,7403,11,7414,0.0015,186329693
sdwiki,enwiki,2026-06-23,43,9711126,Miranduléś,4088,278,4366,0.0637,174671679
sdwiki,enwiki,2026-06-23,44,9280440,20th-century_American_people,22569,44,22613,0.0019,174428876
sdwiki,enwiki,2026-06-23,45,7031042,American_people_of_Irish_descent,6467,25,6492,0.0039,174386718
sdwiki,enwiki,2026-06-23,46,8206361,21st-century_American_actresses,7349,17,7366,0.0023,173478469
sdwiki,enwiki,2026-06-23,47,7217320,Singers,15427,47,15474,0.003,169858353
sdwiki,enwiki,2026-06-23,48,33029934,Articol_in_Milanes,29921,3159,33080,0.0955,168507726
sdwiki,enwiki,2026-06-23,49,6455247,American_film_producers,6319,24,6343,0.0038,168450974
sdwiki,enwiki,2026-06-23,50,14914736,20th-century_American_male_actors,10719,10,10729,0.0009,167339015
sdwiki,hiwiki,2026-06-23,1,1411417,भारत,7159,523,7682,0.0681,2823145
sdwiki,hiwiki,2026-06-23,2,6994462,भारत_के_लोग,2850,268,3118,0.086,1434723
sdwiki,hiwiki,2026-06-23,3,1983910,हिन्दू_धर्म,2123,290,2413,0.1202,1426275
sdwiki,hiwiki,2026-06-23,4,4630,भारत_का_इतिहास,1363,236,1599,0.1476,912789
sdwiki,hiwiki,2026-06-23,5,7030483,भारतीय_राजनीतिज्ञ,1493,66,1559,0.0423,762893
sdwiki,hiwiki,2026-06-23,6,82515714,People_from_India,777,109,886,0.123,640583
sdwiki,hiwiki,2026-06-23,7,7030643,भारतीय_हिन्दू,670,77,747,0.1031,610489
sdwiki,hiwiki,2026-06-23,8,7192108,Páginas_con_errores_en_secuencias_de_órdenes,1590,759,2349,0.3231,560615
sdwiki,hiwiki,2026-06-23,9,25351284,कायमचे_मृत_बाह्य_दुवे_असणारे_लेख,1078,197,1275,0.1545,523450
sdwiki,hiwiki,2026-06-23,10,6944392,भारतीय_राजनीति,370,33,403,0.0819,520154
sdwiki,hiwiki,2026-06-23,11,5668044,भारतीय_फ़िल्में,4436,24,4460,0.0054,517901
sdwiki,hiwiki,2026-06-23,12,1457595,इतिहास,1495,761,2256,0.3373,513757
sdwiki,hiwiki,2026-06-23,13,7023926,संस्कृत_शब्द,745,105,850,0.1235,495143
sdwiki,hiwiki,2026-06-23,14,7024688,भारतीय_अभिनेता,1196,93,1289,0.0721,471247
sdwiki,hiwiki,2026-06-23,15,5897849,स्रोतहीन_लेख,1542,707,2249,0.3144,460515
sdwiki,hiwiki,2026-06-23,16,3919792,अभिनेता,2247,150,2397,0.0626,453338
sdwiki,hiwiki,2026-06-23,17,7214658,भारत_के_नगर,1896,66,1962,0.0336,448145
sdwiki,hiwiki,2026-06-23,18,6834346,भारतीय_लेखक,997,80,1077,0.0743,432021
sdwiki,hiwiki,2026-06-23,19,6465874,مواليد_في_الهند,361,76,437,0.1739,423919
sdwiki,hiwiki,2026-06-23,20,8205334,20th-century_Indian_people,725,51,776,0.0657,422753
sdwiki,hiwiki,2026-06-23,21,6156696,मृत_लोग,970,233,1203,0.1937,416448
sdwiki,hiwiki,2026-06-23,22,9727294,ಕಡತ_ಕೊಂಡಿಗಳು_ಮುರಿದಿರುವ_ಪುಟಗಳು,746,266,1012,0.2628,411289
sdwiki,hiwiki,2026-06-23,23,7019973,Postage_stamps_featuring_people,667,170,837,0.2031,398881
sdwiki,hiwiki,2026-06-23,24,2944929,संस्कृति,1207,648,1855,0.3493,398678
sdwiki,hiwiki,2026-06-23,25,6547010,भारतीय_फ़िल्म_अभिनेता,775,80,855,0.0936,376221
sdwiki,hiwiki,2026-06-23,26,32589508,ويکيډاټا_سرچينې_لرونکي_مخونه,688,611,1299,0.4704,368275
sdwiki,hiwiki,2026-06-23,27,1457673,भूगोल,1807,1103,2910,0.379,366116
sdwiki,hiwiki,2026-06-23,28,9703480,Biôgrafia,1343,274,1617,0.1694,365197
sdwiki,hiwiki,2026-06-23,29,9848152,हिन्दी_फ़िल्में,3350,17,3367,0.005,362073
sdwiki,hiwiki,2026-06-23,30,7291943,भारतीय_संस्कृति,631,150,781,0.1921,361496
sdwiki,hiwiki,2026-06-23,31,6884057,हिन्दू_पौराणिक_कथाएँ,510,59,569,0.1037,349730
sdwiki,hiwiki,2026-06-23,32,9705320,Endrika_ampiasaina_amin'ny_jeografia,2093,489,2582,0.1894,343993
sdwiki,hiwiki,2026-06-23,33,1458083,विज्ञान,1782,800,2582,0.3098,339840
sdwiki,hiwiki,2026-06-23,34,6483339,भारतीय_साहित्य,398,55,453,0.1214,338105
sdwiki,hiwiki,2026-06-23,35,8619678,लोक_सभा_सदस्य,472,19,491,0.0387,327236
sdwiki,hiwiki,2026-06-23,36,8545259,भारतीय_स्वतन्त्रता_संग्राम,438,49,487,0.1006,324078
sdwiki,hiwiki,2026-06-23,37,7116595,उत्तर_प्रदेश_के_लोग,509,29,538,0.0539,323554
sdwiki,hiwiki,2026-06-23,38,7368887,वैष्णव_सम्प्रदाय,265,31,296,0.1047,323516
sdwiki,hiwiki,2026-06-23,39,1457903,धर्म,752,447,1199,0.3728,323273
sdwiki,hiwiki,2026-06-23,40,7467137,भारत_सरकार,387,6,393,0.0153,318049
sdwiki,hiwiki,2026-06-23,41,7479566,हिन्दू_मन्दिर,369,18,387,0.0465,314231
sdwiki,hiwiki,2026-06-23,42,9426612,Алфавит_буйынса_актёрҙар,956,100,1056,0.0947,308367
sdwiki,hiwiki,2026-06-23,43,6301200,20th-century_Indian_politicians,600,38,638,0.0596,308174
sdwiki,hiwiki,2026-06-23,44,7482570,Deaths_in_India,279,77,356,0.2163,307407
sdwiki,hiwiki,2026-06-23,45,8298820,भारतीय_जनता_पार्टी_के_राजनीतिज्ञ,786,12,798,0.015,305682
sdwiki,hiwiki,2026-06-23,46,5753390,राजनीतिज्ञ,1025,169,1194,0.1415,303203
sdwiki,hiwiki,2026-06-23,47,7116224,मुंबई_के_लोग,561,67,628,0.1067,302848
sdwiki,hiwiki,2026-06-23,48,6493807,क्रिकेट,2616,49,2665,0.0184,300811
sdwiki,hiwiki,2026-06-23,49,8514373,हिन्दू_देवी-देवता,334,47,381,0.1234,295469
sdwiki,hiwiki,2026-06-23,50,8545100,भारतीय_फ़िल्म_अभिनेत्री,1053,81,1134,0.0714,294659
siwiki,enwiki,2026-06-23,1,1410960,United_States,211363,470,211833,0.0022,848547695
siwiki,enwiki,2026-06-23,2,3919762,American_people,123205,257,123462,0.0021,774532668
siwiki,enwiki,2026-06-23,3,5479723,Film_actors,36556,222,36778,0.006,528189305
siwiki,enwiki,2026-06-23,4,3919792,Actors,56252,359,56611,0.0063,464091584
siwiki,enwiki,2026-06-23,5,9698417,American_actors,23852,82,23934,0.0034,437977502
siwiki,enwiki,2026-06-23,6,5479560,Television_actors,30825,177,31002,0.0057,417981394
siwiki,enwiki,2026-06-23,7,5837414,American_film_actors,12334,68,12402,0.0055,366377326
siwiki,enwiki,2026-06-23,8,5461159,American_television_actors,12529,56,12585,0.0044,364397368
siwiki,enwiki,2026-06-23,9,8206360,21st-century_American_actors,11309,62,11371,0.0055,355621211
siwiki,enwiki,2026-06-23,10,9426612,Алфавит_буйынса_актёрҙар,13338,201,13539,0.0148,338174293
siwiki,enwiki,2026-06-23,11,6840573,English-language_films,62079,97,62176,0.0016,315484375
siwiki,enwiki,2026-06-23,12,3919868,American_films,33657,77,33734,0.0023,278998899
siwiki,enwiki,2026-06-23,13,7835232,Əlifba_sırasına_görə_filmlər,35087,116,35203,0.0033,275428517
siwiki,enwiki,2026-06-23,14,1411125,United_Kingdom,74463,283,74746,0.0038,266632944
siwiki,enwiki,2026-06-23,15,7269712,20th-century_American_actors,12086,42,12128,0.0035,266144610
siwiki,enwiki,2026-06-23,16,5611338,Association_football,144254,18,144272,0.0001,247819340
siwiki,enwiki,2026-06-23,17,8246543,American_male_film_actors,14242,47,14289,0.0033,246896768
siwiki,enwiki,2026-06-23,18,3919830,British_people,44335,202,44537,0.0045,243702915
siwiki,enwiki,2026-06-23,19,1457982,Sports,132212,303,132515,0.0023,243611958
siwiki,enwiki,2026-06-23,20,9703480,Biôgrafia,24676,359,25035,0.0143,236735196
siwiki,enwiki,2026-06-23,21,6508,Astronomy,5164,297,5461,0.0544,231796410
siwiki,enwiki,2026-06-23,22,9228737,Кандык_айдыҥ_21_кӱнинде_чыккандар,1693,7,1700,0.0041,229055879
siwiki,enwiki,2026-06-23,23,9220893,Кӱӱк_айдыҥ_28_кӱнинде_божогондор,687,3,690,0.0043,226187330
siwiki,enwiki,2026-06-23,24,9865921,Wikipedia:Wiphalakunap_Plantillankukuna,856,32,888,0.036,222474628
siwiki,enwiki,2026-06-23,25,6397842,American_male_actors,9726,49,9775,0.005,221041472
siwiki,enwiki,2026-06-23,26,9636824,Əlifba_sırasına_görə_musiqiçilər,24441,131,24572,0.0053,220893890
siwiki,enwiki,2026-06-23,27,9426286,Алфавит_буйынса_актрисалар,11130,146,11276,0.0129,218417202
siwiki,enwiki,2026-06-23,28,8246554,American_male_television_actors,11594,32,11626,0.0028,211299493
siwiki,enwiki,2026-06-23,29,129212025,Tuveli:Izvopa,414,39,453,0.0861,210474605
siwiki,enwiki,2026-06-23,30,33079992,Gamba_Peuniléh,22,2,24,0.0833,205724936
siwiki,enwiki,2026-06-23,31,6740310,American_voice_actors,4361,41,4402,0.0093,204164748
siwiki,enwiki,2026-06-23,32,4966679,Wikipedia,414,62,476,0.1303,202565913
siwiki,enwiki,2026-06-23,33,140310923,Actors_estatunidencs_nascuts_al_segle_XX,3285,56,3341,0.0168,200825804
siwiki,enwiki,2026-06-23,34,9715949,Vikipedya:AY,883,395,1278,0.3091,196928612
siwiki,enwiki,2026-06-23,35,8245580,American_film_actresses,11229,37,11266,0.0033,196157814
siwiki,enwiki,2026-06-23,36,10074376,Pobo_sakizaya,6,1,7,0.1429,192330935
siwiki,enwiki,2026-06-23,37,9724347,Paggene_scritte_int''e_dialette_d''o_Lazzio_Meridiunale,159,29,188,0.1543,191955639
siwiki,enwiki,2026-06-23,38,6426972,American_television_actresses,9357,31,9388,0.0033,189490950
siwiki,enwiki,2026-06-23,39,6645404,American_actresses,8098,38,8136,0.0047,187752088
siwiki,enwiki,2026-06-23,40,7063228,American_singers,8010,47,8057,0.0058,187371243
siwiki,enwiki,2026-06-23,41,9715644,Wp/srn,391,106,497,0.2133,187060128
siwiki,enwiki,2026-06-23,42,14914955,21st-century_American_male_actors,7385,29,7414,0.0039,185876642
siwiki,enwiki,2026-06-23,43,6408784,21st-century_actors,6705,82,6787,0.0121,185333563
siwiki,enwiki,2026-06-23,44,97269191,Pàgine_in_Zeneise-Grafia_unitäia,73,21,94,0.2234,176928476
siwiki,enwiki,2026-06-23,45,33029934,Articol_in_Milanes,31277,1803,33080,0.0545,176144385
siwiki,enwiki,2026-06-23,46,9711126,Miranduléś,4078,288,4366,0.066,174244400
siwiki,enwiki,2026-06-23,47,9280440,20th-century_American_people,22502,111,22613,0.0049,173911054
siwiki,enwiki,2026-06-23,48,7031042,American_people_of_Irish_descent,6421,71,6492,0.0109,173146299
siwiki,enwiki,2026-06-23,49,8206361,21st-century_American_actresses,7334,32,7366,0.0043,173124383
siwiki,enwiki,2026-06-23,50,7217320,Singers,15373,101,15474,0.0065,169263788
siwiki,hiwiki,2026-06-23,1,1411417,भारत,7073,609,7682,0.0793,2789231
siwiki,hiwiki,2026-06-23,2,6994462,भारत_के_लोग,2840,278,3118,0.0892,1429689
siwiki,hiwiki,2026-06-23,3,1983910,हिन्दू_धर्म,2055,358,2413,0.1484,1380591
siwiki,hiwiki,2026-06-23,4,4630,भारत_का_इतिहास,1392,207,1599,0.1295,932210
siwiki,hiwiki,2026-06-23,5,7030483,भारतीय_राजनीतिज्ञ,1509,50,1559,0.0321,771068
siwiki,hiwiki,2026-06-23,6,82515714,People_from_India,772,114,886,0.1287,636460
siwiki,hiwiki,2026-06-23,7,7192108,Páginas_con_errores_en_secuencias_de_órdenes,1629,720,2349,0.3065,574366
siwiki,hiwiki,2026-06-23,8,7030643,भारतीय_हिन्दू,627,120,747,0.1606,571308
siwiki,hiwiki,2026-06-23,9,1457595,इतिहास,1570,686,2256,0.3041,539530
siwiki,hiwiki,2026-06-23,10,6944392,भारतीय_राजनीति,369,34,403,0.0844,518748
siwiki,hiwiki,2026-06-23,11,5668044,भारतीय_फ़िल्में,4330,130,4460,0.0291,505525
siwiki,hiwiki,2026-06-23,12,25351284,कायमचे_मृत_बाह्य_दुवे_असणारे_लेख,1040,235,1275,0.1843,504998
siwiki,hiwiki,2026-06-23,13,5897849,स्रोतहीन_लेख,1552,697,2249,0.3099,463502
siwiki,hiwiki,2026-06-23,14,7214658,भारत_के_नगर,1918,44,1962,0.0224,453345
siwiki,hiwiki,2026-06-23,15,6834346,भारतीय_लेखक,1036,41,1077,0.0381,448920
siwiki,hiwiki,2026-06-23,16,7023926,संस्कृत_शब्द,666,184,850,0.2165,442638
siwiki,hiwiki,2026-06-23,17,7024688,भारतीय_अभिनेता,1086,203,1289,0.1575,427905
siwiki,hiwiki,2026-06-23,18,6156696,मृत_लोग,993,210,1203,0.1746,426323
siwiki,hiwiki,2026-06-23,19,32589508,ويکيډاټا_سرچينې_لرونکي_مخونه,792,507,1299,0.3903,423944
siwiki,hiwiki,2026-06-23,20,8205334,20th-century_Indian_people,715,61,776,0.0786,416922
siwiki,hiwiki,2026-06-23,21,2944929,संस्कृति,1261,594,1855,0.3202,416514
siwiki,hiwiki,2026-06-23,22,3919792,अभिनेता,2038,359,2397,0.1498,411171
siwiki,hiwiki,2026-06-23,23,6465874,مواليد_في_الهند,344,93,437,0.2128,403956
siwiki,hiwiki,2026-06-23,24,1457673,भूगोल,1931,979,2910,0.3364,391239
siwiki,hiwiki,2026-06-23,25,9727294,ಕಡತ_ಕೊಂಡಿಗಳು_ಮುರಿದಿರುವ_ಪುಟಗಳು,705,307,1012,0.3034,388685
siwiki,hiwiki,2026-06-23,26,33029934,Articol_in_Milanes,2920,1803,4723,0.3817,385215
siwiki,hiwiki,2026-06-23,27,1457903,धर्म,889,310,1199,0.2585,382167
siwiki,hiwiki,2026-06-23,28,7291943,भारतीय_संस्कृति,654,127,781,0.1626,374673
siwiki,hiwiki,2026-06-23,29,9705320,Endrika_ampiasaina_amin'ny_jeografia,2221,361,2582,0.1398,365031
siwiki,hiwiki,2026-06-23,30,9848152,हिन्दी_फ़िल्में,3302,65,3367,0.0193,356885
siwiki,hiwiki,2026-06-23,31,7482570,Deaths_in_India,323,33,356,0.0927,355887
siwiki,hiwiki,2026-06-23,32,7019973,Postage_stamps_featuring_people,592,245,837,0.2927,354030
siwiki,hiwiki,2026-06-23,33,6483339,भारतीय_साहित्य,406,47,453,0.1038,344901
siwiki,hiwiki,2026-06-23,34,8545259,भारतीय_स्वतन्त्रता_संग्राम,464,23,487,0.0472,343316
siwiki,hiwiki,2026-06-23,35,9703480,Biôgrafia,1258,359,1617,0.222,342083
siwiki,hiwiki,2026-06-23,36,6547010,भारतीय_फ़िल्म_अभिनेता,698,157,855,0.1836,338841
siwiki,hiwiki,2026-06-23,37,6884057,हिन्दू_पौराणिक_कथाएँ,483,86,569,0.1511,331215
siwiki,hiwiki,2026-06-23,38,7116595,उत्तर_प्रदेश_के_लोग,520,18,538,0.0335,330546
siwiki,hiwiki,2026-06-23,39,8619678,लोक_सभा_सदस्य,473,18,491,0.0367,327929
siwiki,hiwiki,2026-06-23,40,7368887,वैष्णव_सम्प्रदाय,265,31,296,0.1047,323516
siwiki,hiwiki,2026-06-23,41,8313144,ब्रिटिश_भारत,425,31,456,0.068,320256
siwiki,hiwiki,2026-06-23,42,1458083,विज्ञान,1658,924,2582,0.3579,316193
siwiki,hiwiki,2026-06-23,43,4103183,राजनीति,1049,407,1456,0.2795,315960
siwiki,hiwiki,2026-06-23,44,6301200,20th-century_Indian_politicians,610,28,638,0.0439,313310
siwiki,hiwiki,2026-06-23,45,6946332,पंजाबी_लोग,922,60,982,0.0611,312931
siwiki,hiwiki,2026-06-23,46,7467137,भारत_सरकार,379,14,393,0.0356,311475
siwiki,hiwiki,2026-06-23,47,8298820,भारतीय_जनता_पार्टी_के_राजनीतिज्ञ,789,9,798,0.0113,306848
siwiki,hiwiki,2026-06-23,48,9795474,جميع_مقالات_البذور,1130,505,1635,0.3089,297207
siwiki,hiwiki,2026-06-23,49,28582468,चित्र_के_साथ_ज्ञानसन्दूक_अवस्थापन_प्रयोग_करने_वाले_लेख,1816,24,1840,0.013,293591
siwiki,hiwiki,2026-06-23,50,6739495,भारत_का_भूगोल,451,41,492,0.0833,292174
tawiki,enwiki,2026-06-23,1,1410960,United_States,209052,2781,211833,0.0131,839269847
tawiki,enwiki,2026-06-23,2,3919762,American_people,121199,2263,123462,0.0183,761921877
tawiki,enwiki,2026-06-23,3,5479723,Film_actors,35520,1258,36778,0.0342,513220377
tawiki,enwiki,2026-06-23,4,3919792,Actors,54304,2307,56611,0.0408,448020148
tawiki,enwiki,2026-06-23,5,9698417,American_actors,23193,741,23934,0.031,425876749
tawiki,enwiki,2026-06-23,6,5479560,Television_actors,29748,1254,31002,0.0404,403377470
tawiki,enwiki,2026-06-23,7,5461159,American_television_actors,11995,590,12585,0.0469,348866344
tawiki,enwiki,2026-06-23,8,5837414,American_film_actors,11717,685,12402,0.0552,348049549
tawiki,enwiki,2026-06-23,9,8206360,21st-century_American_actors,10790,581,11371,0.0511,339300811
tawiki,enwiki,2026-06-23,10,9426612,Алфавит_буйынса_актёрҙар,12383,1156,13539,0.0854,313961034
tawiki,enwiki,2026-06-23,11,6840573,English-language_films,61233,943,62176,0.0152,311185018
tawiki,enwiki,2026-06-23,12,3919868,American_films,32882,852,33734,0.0253,272574555
tawiki,enwiki,2026-06-23,13,7835232,Əlifba_sırasına_görə_filmlər,34069,1134,35203,0.0322,267437346
tawiki,enwiki,2026-06-23,14,7269712,20th-century_American_actors,11723,405,12128,0.0334,258151023
tawiki,enwiki,2026-06-23,15,1411125,United_Kingdom,71422,3324,74746,0.0445,255743901
tawiki,enwiki,2026-06-23,16,5611338,Association_football,143819,453,144272,0.0031,247072037
tawiki,enwiki,2026-06-23,17,1457982,Sports,131169,1346,132515,0.0102,241690141
tawiki,enwiki,2026-06-23,18,8246543,American_male_film_actors,13828,461,14289,0.0323,239719738
tawiki,enwiki,2026-06-23,19,3919830,British_people,43384,1153,44537,0.0259,238475410
tawiki,enwiki,2026-06-23,20,9228737,Кандык_айдыҥ_21_кӱнинде_чыккандар,1651,49,1700,0.0288,223373453
tawiki,enwiki,2026-06-23,21,9703480,Biôgrafia,23215,1820,25035,0.0727,222718738
tawiki,enwiki,2026-06-23,22,9220893,Кӱӱк_айдыҥ_28_кӱнинде_божогондор,666,24,690,0.0348,219273307
tawiki,enwiki,2026-06-23,23,9865921,Wikipedia:Wiphalakunap_Plantillankukuna,838,50,888,0.0563,217796423
tawiki,enwiki,2026-06-23,24,9636824,Əlifba_sırasına_görə_musiqiçilər,24088,484,24572,0.0197,217703532
tawiki,enwiki,2026-06-23,25,6397842,American_male_actors,9339,436,9775,0.0446,212246176
tawiki,enwiki,2026-06-23,26,9426286,Алфавит_буйынса_актрисалар,10650,626,11276,0.0555,208997592
tawiki,enwiki,2026-06-23,27,6508,Astronomy,4594,867,5461,0.1588,206210826
tawiki,enwiki,2026-06-23,28,8246554,American_male_television_actors,11269,357,11626,0.0307,205376400
tawiki,enwiki,2026-06-23,29,129212025,Tuveli:Izvopa,388,65,453,0.1435,197256393
tawiki,enwiki,2026-06-23,30,10074376,Pobo_sakizaya,6,1,7,0.1429,192330935
tawiki,enwiki,2026-06-23,31,8245580,American_film_actresses,10993,273,11266,0.0242,192035163
tawiki,enwiki,2026-06-23,32,6740310,American_voice_actors,4036,366,4402,0.0831,188949535
tawiki,enwiki,2026-06-23,33,33079992,Gamba_Peuniléh,20,4,24,0.1667,187022669
tawiki,enwiki,2026-06-23,34,6426972,American_television_actresses,9147,241,9388,0.0257,185238187
tawiki,enwiki,2026-06-23,35,6645404,American_actresses,7866,270,8136,0.0332,182373169
tawiki,enwiki,2026-06-23,36,7063228,American_singers,7794,263,8057,0.0326,182318535
tawiki,enwiki,2026-06-23,37,14914955,21st-century_American_male_actors,7076,338,7414,0.0456,178099272
tawiki,enwiki,2026-06-23,38,140310923,Actors_estatunidencs_nascuts_al_segle_XX,2900,441,3341,0.132,177289142
tawiki,enwiki,2026-06-23,39,9715949,Vikipedya:AY,793,485,1278,0.3795,176856613
tawiki,enwiki,2026-06-23,40,9715644,Wp/srn,368,129,497,0.2596,176056591
tawiki,enwiki,2026-06-23,41,6408784,21st-century_actors,6241,546,6787,0.0804,172508094
tawiki,enwiki,2026-06-23,42,9280440,20th-century_American_people,21820,793,22613,0.0351,168640085
tawiki,enwiki,2026-06-23,43,8206361,21st-century_American_actresses,7138,228,7366,0.031,168497661
tawiki,enwiki,2026-06-23,44,33029934,Articol_in_Milanes,29682,3398,33080,0.1027,167161737
tawiki,enwiki,2026-06-23,45,7217320,Singers,15005,469,15474,0.0303,165211939
tawiki,enwiki,2026-06-23,46,7031042,American_people_of_Irish_descent,6120,372,6492,0.0573,165029645
tawiki,enwiki,2026-06-23,47,14914736,20th-century_American_male_actors,10440,289,10729,0.0269,162983424
tawiki,enwiki,2026-06-23,48,8206389,21st-century_American_people,11546,521,12067,0.0432,159324901
tawiki,enwiki,2026-06-23,49,9887283,موسيقى,21948,371,22319,0.0166,157392125
tawiki,enwiki,2026-06-23,50,6455247,American_film_producers,5839,504,6343,0.0795,155655204
tawiki,bnwiki,2026-06-23,1,5611338,ফুটবল,3189,453,3642,0.1244,314076
tawiki,bnwiki,2026-06-23,2,1455458,বাংলাদেশ,1043,459,1502,0.3056,277584
tawiki,bnwiki,2026-06-23,3,1984000,ইসলাম,2311,637,2948,0.2161,223212
tawiki,bnwiki,2026-06-23,4,10095516,ঢাকা_বিশ্ববিদ্যালয়ের_প্রাক্তন_শিক্ষার্থী,1484,83,1567,0.053,189669
tawiki,bnwiki,2026-06-23,5,8950510,কলকাতা_বিশ্ববিদ্যালয়ের_প্রাক্তন_শিক্ষার্থী,908,492,1400,0.3514,168460
tawiki,bnwiki,2026-06-23,6,1457982,ক্রীড়া,1549,1346,2895,0.4649,162295
tawiki,bnwiki,2026-06-23,7,8297364,বাঙালি_হিন্দু,589,318,907,0.3506,161507
tawiki,bnwiki,2026-06-23,8,8297423,বাঙালি_লেখক,1106,235,1341,0.1752,159313
tawiki,bnwiki,2026-06-23,9,8297418,বাঙালি_ব্যক্তি,393,467,860,0.543,158344
tawiki,bnwiki,2026-06-23,10,8287974,বাংলাদেশ_জাতীয়তাবাদী_দলের_রাজনীতিবিদ,898,18,916,0.0197,150357
tawiki,bnwiki,2026-06-23,11,33029934,Articol_in_Milanes,1825,3398,5223,0.6506,146546
tawiki,bnwiki,2026-06-23,12,8436106,বর্তমান_ফুটবল_মৌসুম,40,3,43,0.0698,131638
tawiki,bnwiki,2026-06-23,13,8437937,ফিফা_বিশ্বকাপ,77,33,110,0.3,129201
tawiki,bnwiki,2026-06-23,14,6312404,ফিফা,69,26,95,0.2737,128963
tawiki,bnwiki,2026-06-23,15,8297344,বাংলা_ভাষার_চলচ্চিত্র,2117,40,2157,0.0185,125636
tawiki,bnwiki,2026-06-23,16,138208396,ত্রয়োদশ_জাতীয়_সংসদ_সদস্য,308,5,313,0.016,125459
tawiki,bnwiki,2026-06-23,17,6456601,বাংলাদেশী_ব্যক্তি,388,138,526,0.2624,122664
tawiki,bnwiki,2026-06-23,18,8204863,২০২৬_ফিফা_বিশ্বকাপ,50,2,52,0.0385,122087
tawiki,bnwiki,2026-06-23,19,7460289,ইসলামি_পরিভাষা,783,210,993,0.2115,118654
tawiki,bnwiki,2026-06-23,20,7068600,বাংলাদেশী_রাজনীতিবিদ,395,51,446,0.1143,116227
tawiki,bnwiki,2026-06-23,21,5753390,রাজনীতিবিদ,1451,992,2443,0.4061,113741
tawiki,bnwiki,2026-06-23,22,7192108,Páginas_con_errores_en_secuencias_de_órdenes,483,2054,2537,0.8096,112169
tawiki,bnwiki,2026-06-23,23,7116681,পশ্চিমবঙ্গের_ব্যক্তি,288,316,604,0.5232,111428
tawiki,bnwiki,2026-06-23,24,6177550,পূর্ব_নির্ধারিত_ফুটবল_প্রতিযোগিতা,100,2,102,0.0196,110129
tawiki,bnwiki,2026-06-23,25,15136349,২০২৬-এ_ফুটবল,29,1,30,0.0333,109141
tawiki,bnwiki,2026-06-23,26,5650379,Association_football_competitions_for_national_teams,63,13,76,0.1711,105967
tawiki,bnwiki,2026-06-23,27,7130623,বাংলা_ভাষার_লেখক,332,145,477,0.304,105422
tawiki,bnwiki,2026-06-23,28,105499440,২০শ_শতাব্দীর_বাঙালি,553,170,723,0.2351,102584
tawiki,bnwiki,2026-06-23,29,1410960,মার্কিন_যুক্তরাষ্ট্র,2020,2781,4801,0.5793,101367
tawiki,bnwiki,2026-06-23,30,7015591,ফুটবল_প্রতিযোগিতা,114,42,156,0.2692,99964
tawiki,bnwiki,2026-06-23,31,7217464,ফুটবলার,1688,134,1822,0.0735,98243
tawiki,bnwiki,2026-06-23,32,6015449,বাংলা_সাহিত্য,194,68,262,0.2595,96836
tawiki,bnwiki,2026-06-23,33,113522523,Fußballveranstaltung_2026,8,1,9,0.1111,96161
tawiki,bnwiki,2026-06-23,34,8055972,مواليد_في_كلكتا,408,329,737,0.4464,93880
tawiki,bnwiki,2026-06-23,35,8287971,বাংলাদেশ_আওয়ামী_লীগের_রাজনীতিবিদ,1255,20,1275,0.0157,93606
tawiki,bnwiki,2026-06-23,36,7058427,Football_in_Mexico,18,2,20,0.1,93134
tawiki,bnwiki,2026-06-23,37,4325,বাংলাদেশের_ইতিহাস,242,186,428,0.4346,92499
tawiki,bnwiki,2026-06-23,38,6301435,২০শ_শতাব্দীর_রাজনীতিবিদ,753,843,1596,0.5282,91680
tawiki,bnwiki,2026-06-23,39,6940860,স্বাগতিক_মেক্সিকোয়_আন্তর্জাতিক_ফুটবল_প্রতিযোগিতা,8,1,9,0.1111,90968
tawiki,bnwiki,2026-06-23,40,140053382,Sports_events_affected_by_the_2026_Iran_war,8,1,9,0.1111,90000
tawiki,bnwiki,2026-06-23,41,8464023,Football_competitions_in_Mexico,7,1,8,0.125,89547
tawiki,bnwiki,2026-06-23,42,6961740,মার্কিন_যুক্তরাষ্ট্রে_ফুটবল,29,5,34,0.1471,88825
tawiki,bnwiki,2026-06-23,43,8297407,বাঙালি_রাজনীতিবিদ,201,97,298,0.3255,88494
tawiki,bnwiki,2026-06-23,44,6941044,মার্কিন_যুক্তরাষ্ট্রের_ফুটবল_প্রতিযোগিতা,12,2,14,0.1429,88326
tawiki,bnwiki,2026-06-23,45,8555432,Islam_saadjies,610,184,794,0.2317,88205
tawiki,bnwiki,2026-06-23,46,6940876,স্বাগতিক_মার্কিন_যুক্তরাষ্ট্রে_আন্তর্জাতিক_ফুটবল_প্রতিযোগিতা,12,2,14,0.1429,88003
tawiki,bnwiki,2026-06-23,47,7130256,ইসলামের_ইতিহাস,800,312,1112,0.2806,87725
tawiki,bnwiki,2026-06-23,48,8288043,বাংলাদেশী_মুসলিম,300,29,329,0.0881,86599
tawiki,bnwiki,2026-06-23,49,7777923,বাংলার_ইতিহাস,243,133,376,0.3537,85877
tawiki,bnwiki,2026-06-23,50,6582583,বাংলাদেশের_প্রশাসনিক_অঞ্চল,420,74,494,0.1498,85775
tawiki,hiwiki,2026-06-23,1,9848152,हिन्दी_फ़िल्में,3045,322,3367,0.0956,329108
tawiki,hiwiki,2026-06-23,2,5668044,भारतीय_फ़िल्में,2181,2279,4460,0.511,254630
tawiki,hiwiki,2026-06-23,3,7024688,भारतीय_अभिनेता,565,724,1289,0.5617,222620
tawiki,hiwiki,2026-06-23,4,8514332,हिन्दी_साहित्य,534,57,591,0.0964,185400
tawiki,hiwiki,2026-06-23,5,8514335,हिन्दी_कवि,236,72,308,0.2338,177488
tawiki,hiwiki,2026-06-23,6,33029934,Articol_in_Milanes,1325,3398,4723,0.7195,174798
tawiki,hiwiki,2026-06-23,7,8134731,उत्तराखण्ड,10584,178,10762,0.0165,173707
tawiki,hiwiki,2026-06-23,8,15271861,Male_actors_in_Hindi_cinema,424,271,695,0.3899,164525
tawiki,hiwiki,2026-06-23,9,15120845,Films_shot_in_Mumbai,379,152,531,0.2863,162639
tawiki,hiwiki,2026-06-23,10,8514320,हिन्दी_अभिनेता,360,232,592,0.3919,158873
tawiki,hiwiki,2026-06-23,11,8299881,बिहार,495,226,721,0.3135,143080
tawiki,hiwiki,2026-06-23,12,9705320,Endrika_ampiasaina_amin'ny_jeografia,863,1719,2582,0.6658,141837
tawiki,hiwiki,2026-06-23,13,8304593,बॉलीवुड,381,196,577,0.3397,139030
tawiki,hiwiki,2026-06-23,14,7519265,Films_set_in_Mumbai,298,113,411,0.2749,138163
tawiki,hiwiki,2026-06-23,15,86807779,आगामी_भारतीय_फिल्में,7,0,7,0.0,134177
tawiki,hiwiki,2026-06-23,16,138587309,2026_Hindi-language_films,12,0,12,0.0,131156
tawiki,hiwiki,2026-06-23,17,28582468,चित्र_के_साथ_ज्ञानसन्दूक_अवस्थापन_प्रयोग_करने_वाले_लेख,811,1029,1840,0.5592,131114
tawiki,hiwiki,2026-06-23,18,7214658,भारत_के_नगर,553,1409,1962,0.7181,130709
tawiki,hiwiki,2026-06-23,19,7023926,संस्कृत_शब्द,196,654,850,0.7694,130265
tawiki,hiwiki,2026-06-23,20,90838445,हिंदी-भाषा_फिल्म,7,0,7,0.0,130240
tawiki,hiwiki,2026-06-23,21,90838429,हिंदी_भाषा_की_फिल्में,4,0,4,0.0,130089
tawiki,hiwiki,2026-06-23,22,8453534,Films_directed_by_David_Dhawan,44,0,44,0.0,129907
tawiki,hiwiki,2026-06-23,23,7146649,उत्तर_प्रदेश,220,306,526,0.5817,125645
tawiki,hiwiki,2026-06-23,24,8703545,संस्कृत,215,246,461,0.5336,124811
tawiki,hiwiki,2026-06-23,25,7130675,हिन्दी_भाषा_के_लेखक,124,133,257,0.5175,123822
tawiki,hiwiki,2026-06-23,26,1984000,इस्लाम,640,637,1277,0.4988,123565
tawiki,hiwiki,2026-06-23,27,7142652,हिन्दी,403,90,493,0.1826,119332
tawiki,hiwiki,2026-06-23,28,60797153,Films_scored_by_Raju_Singh,3,0,3,0.0,118851
tawiki,hiwiki,2026-06-23,29,112184085,Films_scored_by_Javed–Mohsin,3,0,3,0.0,118768
tawiki,hiwiki,2026-06-23,30,105439719,Hindi-language_comedy_films,54,2,56,0.0357,117302
tawiki,hiwiki,2026-06-23,31,8545316,Indian_male_actors,265,283,548,0.5164,110481
tawiki,hiwiki,2026-06-23,32,60797147,Films_scored_by_Tanishk_Bagchi,24,4,28,0.1429,107117
tawiki,hiwiki,2026-06-23,33,8259,साहित्य,442,689,1131,0.6092,107108
tawiki,hiwiki,2026-06-23,34,137867170,Films_distributed_by_PVR_Inox_Pictures,37,7,44,0.1591,105553
tawiki,hiwiki,2026-06-23,35,7192108,Páginas_con_errores_en_secuencias_de_órdenes,295,2054,2349,0.8744,104013
tawiki,hiwiki,2026-06-23,36,4103183,राजनीति,343,1113,1456,0.7644,103312
tawiki,hiwiki,2026-06-23,37,137827736,Tips_Industries_films,24,6,30,0.2,99245
tawiki,hiwiki,2026-06-23,38,32950644,Hindi-language_Indian_writers,136,128,264,0.4848,97997
tawiki,hiwiki,2026-06-23,39,10025343,Indian_male_television_actors,302,208,510,0.4078,96732
tawiki,hiwiki,2026-06-23,40,7116595,उत्तर_प्रदेश_के_लोग,152,386,538,0.7175,96621
tawiki,hiwiki,2026-06-23,41,6547010,भारतीय_फ़िल्म_अभिनेता,198,657,855,0.7684,96118
tawiki,hiwiki,2026-06-23,42,9057471,उत्तर_प्रदेश_के_नगर,511,186,697,0.2669,95969
tawiki,hiwiki,2026-06-23,43,7210139,संस्कृत_ग्रन्थ,191,267,458,0.583,94291
tawiki,hiwiki,2026-06-23,44,15344385,Male_actors_from_Mumbai,194,90,284,0.3169,92270
tawiki,hiwiki,2026-06-23,45,25351284,कायमचे_मृत_बाह्य_दुवे_असणारे_लेख,189,1086,1275,0.8518,91773
tawiki,hiwiki,2026-06-23,46,6946332,पंजाबी_लोग,262,720,982,0.7332,88924
tawiki,hiwiki,2026-06-23,47,7021384,फ़िल्मफ़ेयर_पुरस्कार_विजेता,173,433,606,0.7145,87958
tawiki,hiwiki,2026-06-23,48,8545835,भारतीय_टेलीविजन_धारावाहिक,1087,85,1172,0.0725,87413
tawiki,hiwiki,2026-06-23,49,7705629,Populated_places_in_Uttar_Pradesh,434,146,580,0.2517,85933
tawiki,hiwiki,2026-06-23,50,7030643,भारतीय_हिन्दू,94,653,747,0.8742,85650
tawiki,tewiki,2026-06-23,1,8838328,తెలుగు_సినిమాలు,602,215,817,0.2632,72759
tawiki,tewiki,2026-06-23,2,7238283,ఆంధ్రప్రదేశ్,2797,261,3058,0.0853,68683
tawiki,tewiki,2026-06-23,3,8545100,భారతీయ_సినిమా_నటీమణులు,1418,1399,2817,0.4966,59909
tawiki,tewiki,2026-06-23,4,8838370,తెలుగు_సినిమా_నటులు,428,281,709,0.3963,57086
tawiki,tewiki,2026-06-23,5,15136951,21వ_శతాబ్దపు_భారతీయ_నటీమణులు,1249,1121,2370,0.473,50719
tawiki,tewiki,2026-06-23,6,1411417,India,855,7581,8436,0.8986,46608
tawiki,tewiki,2026-06-23,7,9916522,తెలుగు_సినిమా_నటీమణులు,454,790,1244,0.635,43151
tawiki,tewiki,2026-06-23,8,15264151,Indian_male_film_actors,517,989,1506,0.6567,42752
tawiki,tewiki,2026-06-23,9,8838402,తెలుగువారు,303,477,780,0.6115,42205
tawiki,tewiki,2026-06-23,10,7024688,Indian_actors,563,724,1287,0.5625,42160
tawiki,tewiki,2026-06-23,11,15271864,Male_actors_in_Telugu_cinema,239,374,613,0.6101,38344
tawiki,tewiki,2026-06-23,12,8514322,హిందీ_సినిమా_నటీమణులు,910,725,1635,0.4434,37636
tawiki,tewiki,2026-06-23,13,8838381,తెలుగు_సినిమా_దర్శకులు,258,191,449,0.4254,37025
tawiki,tewiki,2026-06-23,14,32990022,బ్రహ్మానందం_నటించిన_సినిమాలు,679,76,755,0.1007,36417
tawiki,tewiki,2026-06-23,15,6467274,భారతీయ_నటీమణులు,737,796,1533,0.5192,36322
tawiki,tewiki,2026-06-23,16,3919792,నటులు,775,2307,3082,0.7485,35663
tawiki,tewiki,2026-06-23,17,138797084,2026_తెలుగు_సినిమాలు,48,5,53,0.0943,35571
tawiki,tewiki,2026-06-23,18,8838415,తెలుగు_కవులు,626,129,755,0.1709,34732
tawiki,tewiki,2026-06-23,19,19359093,"Films_shot_in_Hyderabad,_India",407,160,567,0.2822,33387
tawiki,tewiki,2026-06-23,20,15136953,21st-century_Indian_male_actors,452,692,1144,0.6049,33191
tawiki,tewiki,2026-06-23,21,15280486,Nandi_Award_winners,115,243,358,0.6788,31956
tawiki,tewiki,2026-06-23,22,16808056,Telugu_male_actors,168,162,330,0.4909,29702
tawiki,tewiki,2026-06-23,23,32990197,సత్యనారాయణ_నటించిన_సినిమాలు,489,21,510,0.0412,28401
tawiki,tewiki,2026-06-23,24,8545810,భారతీయ_టెలివిజన్_నటీమణులు,906,581,1487,0.3907,28212
tawiki,tewiki,2026-06-23,25,32990031,చంద్రమోహన్_నటించిన_సినిమాలు,507,21,528,0.0398,28124
tawiki,tewiki,2026-06-23,26,8545316,Indian_male_actors,221,283,504,0.5615,27818
tawiki,tewiki,2026-06-23,27,9898839,విస్తరించవలసిన_వ్యాసాలు,429,687,1116,0.6156,27806
tawiki,tewiki,2026-06-23,28,16808048,Telugu_films_remade_in_other_languages,318,80,398,0.201,27602
tawiki,tewiki,2026-06-23,29,9821166,తెలుగు_రచయితలు,795,60,855,0.0702,27103
tawiki,tewiki,2026-06-23,30,32986647,తెలుగు_కుటుంబకథా_సినిమాలు,509,59,568,0.1039,25459
tawiki,tewiki,2026-06-23,31,8838408,Telugu_politicians,261,291,552,0.5272,25275
tawiki,tewiki,2026-06-23,32,9914779,హిందూమత_మూసలు,91,113,204,0.5539,24381
tawiki,tewiki,2026-06-23,33,9822362,తెలుగు_సినిమా,84,35,119,0.2941,24369
tawiki,tewiki,2026-06-23,34,15271861,Male_actors_in_Hindi_cinema,404,271,675,0.4015,24043
tawiki,tewiki,2026-06-23,35,32990106,అల్లు_రామలింగయ్య_నటించిన_సినిమాలు,393,20,413,0.0484,23105
tawiki,tewiki,2026-06-23,36,8833948,తెలంగాణ,152,152,304,0.5,22738
tawiki,tewiki,2026-06-23,37,6547010,Indian_film_actors,259,657,916,0.7172,22485
tawiki,tewiki,2026-06-23,38,7116650,ఆంధ్రప్రదేశ్_వ్యక్తులు,163,217,380,0.5711,22077
tawiki,tewiki,2026-06-23,39,32990033,కోట_శ్రీనివాసరావు_నటించిన_సినిమాలు,367,35,402,0.0871,21926
tawiki,tewiki,2026-06-23,40,8838360,తెలుగుదేశం_పార్టీ_రాజకీయ_నాయకులు,216,261,477,0.5472,21329
tawiki,tewiki,2026-06-23,41,9822824,తెలుగు_సినిమా_నిర్మాతలు,171,58,229,0.2533,21293
tawiki,tewiki,2026-06-23,42,13242461,20వ_శతాబ్ద_భారతీయ_నటీమణులు,365,671,1036,0.6477,19781
tawiki,tewiki,2026-06-23,43,8829234,తమిళ_సినిమా_నటీమణులు,272,1035,1307,0.7919,19601
tawiki,tewiki,2026-06-23,44,6544235,మలయాళం_సినిమా_నటీమణులు,289,690,979,0.7048,19166
tawiki,tewiki,2026-06-23,45,8544901,భారతీయ_క్రికెట్_క్రీడాకారులు,808,700,1508,0.4642,18766
tawiki,tewiki,2026-06-23,46,9747012,తెలుగు_కళాకారులు,146,78,224,0.3482,18703
tawiki,tewiki,2026-06-23,47,14439761,విజయవాడ_వ్యక్తులు,59,22,81,0.2716,18526
tawiki,tewiki,2026-06-23,48,8596009,సంవత్సరం_వారీగా_తెలుగు_సినిమాల_జాబితాలు,69,31,100,0.31,18522
tawiki,tewiki,2026-06-23,49,7021384,ఫిల్మ్‌ఫేర్_అవార్డుల_విజేతలు,163,433,596,0.7265,18254
tawiki,tewiki,2026-06-23,50,7211829,All_articles_covered_by_WikiProject_Wikify,810,428,1238,0.3457,18077
tawiki,mlwiki,2026-06-23,1,8601086,മലയാളകവികൾ,158,115,273,0.4212,61963
tawiki,mlwiki,2026-06-23,2,8601100,മലയാളം_എഴുത്തുകാർ,195,273,468,0.5833,54077
tawiki,mlwiki,2026-06-23,3,14513212,കേരളത്തിലെ_സസ്യജാലം,778,481,1259,0.382,45744
tawiki,mlwiki,2026-06-23,4,8891990,ഔഷധസസ്യങ്ങൾ,782,805,1587,0.5072,45598
tawiki,mlwiki,2026-06-23,5,8637632,കേരള_സാഹിത്യ_അക്കാദമി_പുരസ്കാരം_ലഭിച്ചവർ,196,154,350,0.44,42776
tawiki,mlwiki,2026-06-23,6,7051430,മലയാളികൾ,252,467,719,0.6495,36011
tawiki,mlwiki,2026-06-23,7,1457109,സസ്യങ്ങൾ,666,1171,1837,0.6375,34899
tawiki,mlwiki,2026-06-23,8,28399465,Poets_from_Kerala,55,91,146,0.6233,34061
tawiki,mlwiki,2026-06-23,9,8601011,മലയാളചലച്ചിത്രങ്ങൾ,714,164,878,0.1868,32105
tawiki,mlwiki,2026-06-23,10,6641172,വൃക്ഷങ്ങൾ,530,539,1069,0.5042,27679
tawiki,mlwiki,2026-06-23,11,15271862,മലയാളചലച്ചിത്രനടന്മാർ,199,317,516,0.6143,26420
tawiki,mlwiki,2026-06-23,12,8725723,ആലപ്പുഴ_ജില്ലയിൽ_ജനിച്ചവർ,100,91,191,0.4764,22256
tawiki,mlwiki,2026-06-23,13,8601080,മലയാളം_നോവലുകൾ,136,19,155,0.1226,22089
tawiki,mlwiki,2026-06-23,14,9963711,കേരളത്തിലെ_വൃക്ഷങ്ങൾ,480,189,669,0.2825,21885
tawiki,mlwiki,2026-06-23,15,9204480,അലങ്കാരസസ്യങ്ങൾ,449,320,769,0.4161,21812
tawiki,mlwiki,2026-06-23,16,6178282,പുഷ്പിക്കുന്ന_സസ്യങ്ങൾ,636,523,1159,0.4513,21674
tawiki,mlwiki,2026-06-23,17,9701158,Autor,671,1026,1697,0.6046,20600
tawiki,mlwiki,2026-06-23,18,10101436,മലയാളം_നോവലെഴുത്തുകാർ,81,88,169,0.5207,20553
tawiki,mlwiki,2026-06-23,19,15291341,മലപ്പുറം_ജില്ലയിൽ_ജനിച്ചവർ,101,72,173,0.4162,20047
tawiki,mlwiki,2026-06-23,20,139672698,പതിനാറാം_കേരള_നിയമസഭാംഗങ്ങൾ,86,35,121,0.2893,19951
tawiki,mlwiki,2026-06-23,21,25039335,Lists_of_plant_species,464,479,943,0.508,19817
tawiki,mlwiki,2026-06-23,22,8544526,കേരളത്തിലെ_ഇന്ത്യൻ_നാഷണൽ_കോൺഗ്രസ്_പ്രവർത്തകർ,208,136,344,0.3953,19759
tawiki,mlwiki,2026-06-23,23,8601048,Malayalam_film_directors,132,143,275,0.52,19054
tawiki,mlwiki,2026-06-23,24,10099449,മലയാള_കഥാകൃത്തുക്കൾ,78,73,151,0.4834,18840
tawiki,mlwiki,2026-06-23,25,8324919,കേരളചരിത്രം,144,168,312,0.5385,18631
tawiki,mlwiki,2026-06-23,26,6518894,പുഷ്പങ്ങൾ,381,289,670,0.4313,18306
tawiki,mlwiki,2026-06-23,27,21979429,Botanical_taxa_named_by_Carl_Linnaeus,273,484,757,0.6394,18249
tawiki,mlwiki,2026-06-23,28,8601060,മലയാളം,32,44,76,0.5789,18128
tawiki,mlwiki,2026-06-23,29,7139274,ഏഷ്യയിലെ_സസ്യജാലം,252,406,658,0.617,17961
tawiki,mlwiki,2026-06-23,30,8954432,Writers_from_Kerala,68,145,213,0.6808,17307
tawiki,mlwiki,2026-06-23,31,9716314,Алфавит_буйынса_яҙыусылар,508,739,1247,0.5926,17250
tawiki,mlwiki,2026-06-23,32,1410960,അമേരിക്കൻ_ഐക്യനാടുകൾ,1236,2781,4017,0.6923,16800
tawiki,mlwiki,2026-06-23,33,8601088,മലയാളതിരക്കഥാകൃത്തുക്കൾ,114,83,197,0.4213,16766
tawiki,mlwiki,2026-06-23,34,8742974,കുറ്റിച്ചെടികൾ,326,211,537,0.3929,16735
tawiki,mlwiki,2026-06-23,35,9757156,Plants_described_in_1753,240,441,681,0.6476,16438
tawiki,mlwiki,2026-06-23,36,8765143,أنواع_نباتية,227,409,636,0.6431,16395
tawiki,mlwiki,2026-06-23,37,8733425,എറണാകുളം_ജില്ലയിൽ_ജനിച്ചവർ,87,89,176,0.5057,15468
tawiki,mlwiki,2026-06-23,38,9963631,കേരളത്തിലെ_വിശേഷദിനങ്ങൾ,4,1,5,0.2,15123
tawiki,mlwiki,2026-06-23,39,6262773,കേരളം,89,433,522,0.8295,14915
tawiki,mlwiki,2026-06-23,40,15922356,മലയാളനാടകകൃത്തുക്കൾ,92,34,126,0.2698,14627
tawiki,mlwiki,2026-06-23,41,8601112,രാഷ്ട്രീയക്കാരായ_മലയാളികൾ,104,156,260,0.6,14437
tawiki,mlwiki,2026-06-23,42,7223431,ഇന്ത്യയിലെ_സസ്യജാലം,214,374,588,0.6361,14394
tawiki,mlwiki,2026-06-23,43,24893163,Male_actors_in_Malayalam_television,54,45,99,0.4545,13990
tawiki,mlwiki,2026-06-23,44,15271672,Male_actors_from_Kerala,49,47,96,0.4896,13973
tawiki,mlwiki,2026-06-23,45,130378287,Lahabaya_zaa,163,422,585,0.7214,13968
tawiki,mlwiki,2026-06-23,46,3919811,20th-century_literature,474,515,989,0.5207,13754
tawiki,mlwiki,2026-06-23,47,7223125,ചൈനയിലെ_സസ്യജാലം,258,289,547,0.5283,13694
tawiki,mlwiki,2026-06-23,48,15918083,കാൾ_ലിനേയസ്_നാമകരണം_ചെയ്തവ,240,1010,1250,0.808,13666
tawiki,mlwiki,2026-06-23,49,7021413,Kerala_State_Film_Award_winners,54,237,291,0.8144,13434
tawiki,mlwiki,2026-06-23,50,32986849,కేరళ_వ్యక్తులు,50,113,163,0.6933,13407
tawiki,mrwiki,2026-06-23,1,25351284,कायमचे_मृत_बाह्य_दुवे_असणारे_लेख,1848,1086,2934,0.3701,138986
tawiki,mrwiki,2026-06-23,2,8607853,मराठी_लेखक,1096,104,1200,0.0867,80930
tawiki,mrwiki,2026-06-23,3,8607868,मराठी_व्यक्ती,285,365,650,0.5615,70322
tawiki,mrwiki,2026-06-23,4,7234470,महाराष्ट्रातील_व्यक्ती,295,447,742,0.6024,64922
tawiki,mrwiki,2026-06-23,5,7238246,महाराष्ट्र,231,376,607,0.6194,58367
tawiki,mrwiki,2026-06-23,6,8595825,महाराष्ट्रामधील_राजकारणी,300,283,583,0.4854,48452
tawiki,mrwiki,2026-06-23,7,59771339,एक_ही_संदर्भ_नसलेले_लेख,664,214,878,0.2437,44906
tawiki,mrwiki,2026-06-23,8,10007867,मराठी_राजकारणी,261,216,477,0.4528,39199
tawiki,mrwiki,2026-06-23,9,8607871,मराठी_कवी,237,29,266,0.109,37660
tawiki,mrwiki,2026-06-23,10,7705378,महाराष्ट्र_राज्यातील_शहरे_व_गावे,1696,93,1789,0.052,34189
tawiki,mrwiki,2026-06-23,11,10009098,मराठी_संत,54,12,66,0.1818,28415
tawiki,mrwiki,2026-06-23,12,9715644,Wp/srn,230,129,359,0.3593,27912
tawiki,mrwiki,2026-06-23,13,7476999,मराठा_साम्राज्य,65,138,203,0.6798,27911
tawiki,mrwiki,2026-06-23,14,15272044,मराठी_दूरचित्रवाहिनी_मालिका,234,0,234,0.0,25595
tawiki,mrwiki,2026-06-23,15,33029934,Articol_in_Milanes,932,3398,4330,0.7848,25565
tawiki,mrwiki,2026-06-23,16,4966070,Calendars,1318,1224,2542,0.4815,24863
tawiki,mrwiki,2026-06-23,17,9836602,Egin_calendr,1825,1076,2901,0.3709,24362
tawiki,mrwiki,2026-06-23,18,8739664,शिवाजी_महाराज,24,19,43,0.4419,24245
tawiki,mrwiki,2026-06-23,19,8987877,Aggiungere_sezioni,1413,1074,2487,0.4318,23438
tawiki,mrwiki,2026-06-23,20,8828704,महाराष्ट्रातील_तालुके,354,110,464,0.2371,23201
tawiki,mrwiki,2026-06-23,21,9487411,Усе_храналагічныя_пералікі,1756,1210,2966,0.408,23040
tawiki,mrwiki,2026-06-23,22,8468896,महाराष्ट्रातील_किल्ले,231,50,281,0.1779,22008
tawiki,mrwiki,2026-06-23,23,10045628,विकिकरण_करण्याजोगे_लेख,304,132,436,0.3028,21850
tawiki,mrwiki,2026-06-23,24,10013031,महाराष्ट्रातील_आमदार,218,59,277,0.213,21294
tawiki,mrwiki,2026-06-23,25,9798400,লইনাসে,1411,984,2395,0.4109,20792
tawiki,mrwiki,2026-06-23,26,86271658,महाराष्ट्राच्या_१४_व्या_विधानसभेचे_सदस्य,196,70,266,0.2632,19538
tawiki,mrwiki,2026-06-23,27,105697862,झी_मराठी_दूरचित्रवाहिनी_मालिका,144,0,144,0.0,19537
tawiki,mrwiki,2026-06-23,28,2945300,वर्षे,1793,776,2569,0.3021,19277
tawiki,mrwiki,2026-06-23,29,9761993,हिंदू_पंचांग,403,70,473,0.148,18509
tawiki,mrwiki,2026-06-23,30,9846108,ऐतिहासिक_व्यक्ती,35,35,70,0.5,18237
tawiki,mrwiki,2026-06-23,31,9860934,किल्ले,215,55,270,0.2037,17925
tawiki,mrwiki,2026-06-23,32,9711284,Mudnés,1301,768,2069,0.3712,17394
tawiki,mrwiki,2026-06-23,33,8607866,मराठी_साहित्य,86,13,99,0.1313,17280
tawiki,mrwiki,2026-06-23,34,8496382,महाराष्ट्र_शासन,53,12,65,0.1846,17197
tawiki,mrwiki,2026-06-23,35,8607862,मराठी_चित्रपट_अभिनेत्री,253,85,338,0.2515,17126
tawiki,mrwiki,2026-06-23,36,7336700,पुणे,182,110,292,0.3767,17055
tawiki,mrwiki,2026-06-23,37,9701205,Ngwaga,1562,669,2231,0.2999,16776
tawiki,mrwiki,2026-06-23,38,10123650,Populated_places_in_Maharashtra,139,131,270,0.4852,16699
tawiki,mrwiki,2026-06-23,39,10047639,विकिप्रकल्प_दिनविशेष,1,1,2,0.5,16375
tawiki,mrwiki,2026-06-23,40,9056575,महाराष्ट्रातील_शहरे,139,185,324,0.571,16372
tawiki,mrwiki,2026-06-23,41,32528866,Samtliga_årtal,1579,620,2199,0.2819,16360
tawiki,mrwiki,2026-06-23,42,125249876,عوام_د_تقويم_لميلادي,1537,603,2140,0.2818,16073
tawiki,mrwiki,2026-06-23,43,10009264,मराठी_समाजसुधारक,18,18,36,0.5,16042
tawiki,mrwiki,2026-06-23,44,9707270,Artikel_auf_Westmittelbairisch,668,829,1497,0.5538,16036
tawiki,mrwiki,2026-06-23,45,10005075,मराठी_चित्रपट_अभिनेते,243,21,264,0.0795,15940
tawiki,mrwiki,2026-06-23,46,61377276,महाराष्ट्राच्या_१३_व्या_विधानसभेचे_सदस्य,114,37,151,0.245,15891
tawiki,mrwiki,2026-06-23,47,10098853,मराठी_अभिनेते,249,28,277,0.1011,15765
tawiki,mrwiki,2026-06-23,48,33034452,میلادی_ایللر,1416,610,2026,0.3011,15506
tawiki,mrwiki,2026-06-23,49,9761382,বসর,1416,591,2007,0.2945,15008
tawiki,mrwiki,2026-06-23,50,55941087,Presidents_of_the_Akhil_Bharatiya_Marathi_Sahitya_Sammelan,64,15,79,0.1899,14969
tawiki,knwiki,2026-06-23,1,8570349,ಕನ್ನಡ_ಸಾಹಿತ್ಯ,556,70,626,0.1118,67574
tawiki,knwiki,2026-06-23,2,9844264,ಸಾಹಿತಿಗಳು,716,142,858,0.1655,61364
tawiki,knwiki,2026-06-23,3,33044957,ಮೈಸೂರು_ವಿಶ್ವವಿದ್ಯಾನಿಲಯ_ವಿಶ್ವಕೋಶ,1804,1407,3211,0.4382,48335
tawiki,knwiki,2026-06-23,4,8570357,ಕನ್ನಡ_ಸಾಹಿತಿಗಳು,142,107,249,0.4297,44731
tawiki,knwiki,2026-06-23,5,8570356,ಕನ್ನಡ_ಕವಿಗಳು,78,89,167,0.5329,44038
tawiki,knwiki,2026-06-23,6,9727294,ಕಡತ_ಕೊಂಡಿಗಳು_ಮುರಿದಿರುವ_ಪುಟಗಳು,622,952,1574,0.6048,30415
tawiki,knwiki,2026-06-23,7,9760560,ಚುಟುಕು,995,509,1504,0.3384,23903
tawiki,knwiki,2026-06-23,8,8570347,ಕನ್ನಡ,88,24,112,0.2143,20225
tawiki,knwiki,2026-06-23,9,7145985,ಕರ್ನಾಟಕ,92,412,504,0.8175,20097
tawiki,knwiki,2026-06-23,10,28399467,Poets_from_Karnataka,33,38,71,0.5352,19707
tawiki,knwiki,2026-06-23,11,9740956,ಕವಿಗಳು,209,98,307,0.3192,19616
tawiki,knwiki,2026-06-23,12,8638952,Recipients_of_the_Sahitya_Akademi_Award_in_Kannada,28,34,62,0.5484,18560
tawiki,knwiki,2026-06-23,13,8570330,ಕನ್ನಡ_ಚಲನಚಿತ್ರಗಳು,836,60,896,0.067,17815
tawiki,knwiki,2026-06-23,14,9731652,ಕನ್ನಡ_ವ್ಯಾಕರಣ,59,7,66,0.1061,15173
tawiki,knwiki,2026-06-23,15,33045230,ಉಲ್ಲೇಖವಿಲ್ಲದ_ಲೇಖನಗಳು,282,114,396,0.2879,14641
tawiki,knwiki,2026-06-23,16,8204202,ಕರ್ನಾಟಕ_ರಾಜ್ಯದ_ಗ್ರಾಮಗಳು,59,84,143,0.5874,14472
tawiki,knwiki,2026-06-23,17,33097446,ವ್ಯಕ್ತಿಲು,45,127,172,0.7384,14295
tawiki,knwiki,2026-06-23,18,9824273,ಲೇಖಕರು,213,75,288,0.2604,13555
tawiki,knwiki,2026-06-23,19,9744792,ಕೇಂದ್ರ_ಸಾಹಿತ್ಯ_ಅಕಾಡೆಮಿ_ಪ್ರಶಸ್ತಿ_ಪುರಸ್ಕೃತರು,28,39,67,0.5821,12796
tawiki,knwiki,2026-06-23,20,9832977,ವಿಕೀಕರಣ_ಮಾಡಬೇಕಿರುವ_ಲೇಖನಗಳು,280,124,404,0.3069,12495
tawiki,knwiki,2026-06-23,21,9824307,ಲೇಖಕಿಯರು,240,51,291,0.1753,11226
tawiki,knwiki,2026-06-23,22,33044714,ಪಂಪ_ಪ್ರಶಸ್ತಿ_ಪುರಸ್ಕೃತರು,11,14,25,0.56,10978
tawiki,knwiki,2026-06-23,23,9056439,ಕರ್ನಾಟಕದ_ನಗರ_ಮತ್ತು_ಪಟ್ಟಣಗಳು,59,269,328,0.8201,10247
tawiki,knwiki,2026-06-23,24,8570352,Kannada_people,39,172,211,0.8152,9562
tawiki,knwiki,2026-06-23,25,10123254,Populated_places_in_Karnataka,101,186,287,0.6481,9067
tawiki,knwiki,2026-06-23,26,33044729,ವ್ಯಾಕರಣ,29,9,38,0.2368,8925
tawiki,knwiki,2026-06-23,27,33045176,ಲಿಂಗಾಯತ,33,13,46,0.2826,7996
tawiki,knwiki,2026-06-23,28,9763802,ಜಾನಪದ,160,51,211,0.2417,7504
tawiki,knwiki,2026-06-23,29,33045108,ವಚನಕಾರರು,43,3,46,0.0652,7152
tawiki,knwiki,2026-06-23,30,32985797,కన్నడ_కవులు,7,12,19,0.6316,6707
tawiki,knwiki,2026-06-23,31,9821621,ರಾಜಕಾರಣಿಗಳು,121,150,271,0.5535,6694
tawiki,knwiki,2026-06-23,32,9736335,ಕರ್ನಾಟಕದ_ಪ್ರಸಿದ್ಧ_ವ್ಯಕ್ತಿಗಳು,51,32,83,0.3855,6291
tawiki,knwiki,2026-06-23,33,7823963,Literature_of_Karnataka,16,8,24,0.3333,6232
tawiki,knwiki,2026-06-23,34,5324335,Articles_to_be_merged,96,225,321,0.7009,6026
tawiki,knwiki,2026-06-23,35,33044614,ದೇವಾಲಯಗಳು,127,99,226,0.4381,5932
tawiki,knwiki,2026-06-23,36,33097364,ಕನ್ನಡ_ಕವಿ,3,9,12,0.75,5881
tawiki,knwiki,2026-06-23,37,9721953,ಉಲ್ಲೇಖಗಳ_ಅಗತ್ಯ_ಇರುವ_ಲೇಖನಗಳು,142,214,356,0.6011,5729
tawiki,knwiki,2026-06-23,38,86545211,కర్ణాటక_రచయితలు,5,8,13,0.6154,5727
tawiki,knwiki,2026-06-23,39,33097365,ಕವಿ,4,7,11,0.6364,5694
tawiki,knwiki,2026-06-23,40,8545250,ಸ್ವಾತಂತ್ರ್ಯ_ಹೋರಾಟಗಾರರು,48,92,140,0.6571,5549
tawiki,knwiki,2026-06-23,41,9834609,ವೀರಶೈವ_ಮತ,47,2,49,0.0408,5393
tawiki,knwiki,2026-06-23,42,9840024,কর্ণাটকের_শহর_সংক্রান্ত_অসম্পূর্ণ_নিবন্ধ,66,124,190,0.6526,5384
tawiki,knwiki,2026-06-23,43,9824781,ವಚನ_ಸಾಹಿತ್ಯ,17,3,20,0.15,5306
tawiki,knwiki,2026-06-23,44,8468865,Forts_in_Karnataka,12,65,77,0.8442,5295
tawiki,knwiki,2026-06-23,45,9997929,কর্ণাটকের_শহর,70,122,192,0.6354,5136
tawiki,knwiki,2026-06-23,46,33045156,ರಾಜ್ಯೋತ್ಸವ_ಪ್ರಶಸ್ತಿ_ಪುರಸ್ಕೃತರು,28,15,43,0.3488,5058
tawiki,knwiki,2026-06-23,47,8235706,All_articles_to_be_merged,156,66,222,0.2973,4965
tawiki,knwiki,2026-06-23,48,9736179,ಕರ್ನಾಟಕದ_ಪ್ರಮುಖ_ಸ್ಥಳಗಳು,28,50,78,0.641,4910
tawiki,knwiki,2026-06-23,49,8299842,ಬಿಜಾಪುರ_ಜಿಲ್ಲೆ,382,29,411,0.0706,4668
tawiki,knwiki,2026-06-23,50,24995918,Writers_from_Mysore,14,23,37,0.6216,4656
tawiki,urwiki,2026-06-23,1,1984000,اسلام,2543,637,3180,0.2003,219919
tawiki,urwiki,2026-06-23,2,7130256,تاریخ_اسلام,1037,312,1349,0.2313,148840
tawiki,urwiki,2026-06-23,3,7935248,Алфавит_буйынса_ислам_шәхестәре,1087,110,1197,0.0919,121988
tawiki,urwiki,2026-06-23,4,1457673,جغرافیہ,49848,2713,52561,0.0516,117005
tawiki,urwiki,2026-06-23,5,18640871,ساتویں_صدی_کی_عرب_شخصیات,696,27,723,0.0373,99955
tawiki,urwiki,2026-06-23,6,7217395,صحابہ_و_صحابیات,919,31,950,0.0326,93914
tawiki,urwiki,2026-06-23,7,7460289,اسلامی_اصطلاحات,966,210,1176,0.1786,88355
tawiki,urwiki,2026-06-23,8,1410960,ریاستہائے_متحدہ,43532,2781,46313,0.06,86522
tawiki,urwiki,2026-06-23,9,6819512,عرب_شخصیات,553,121,674,0.1795,86425
tawiki,urwiki,2026-06-23,10,8555432,Islam_saadjies,686,184,870,0.2115,82993
tawiki,urwiki,2026-06-23,11,33029934,Articol_in_Milanes,5619,3398,9017,0.3768,77804
tawiki,urwiki,2026-06-23,12,7237892,مسلم_شخصیات,538,278,816,0.3407,73584
tawiki,urwiki,2026-06-23,13,7129271,ساتویں_صدی_کی_شخصیات,273,43,316,0.1361,71824
tawiki,urwiki,2026-06-23,14,6434591,شیعیت,382,61,443,0.1377,71814
tawiki,urwiki,2026-06-23,15,7144995,محمد_بن_عبد_اللہ,290,64,354,0.1808,65122
tawiki,urwiki,2026-06-23,16,6426358,اہل_بیت,311,21,332,0.0633,60074
tawiki,urwiki,2026-06-23,17,7116163,مدنی_شخصیات,247,19,266,0.0714,59943
tawiki,urwiki,2026-06-23,18,9705320,Endrika_ampiasaina_amin'ny_jeografia,20001,1719,21720,0.0791,59515
tawiki,urwiki,2026-06-23,19,9126476,شہر,18220,1324,19544,0.0677,58780
tawiki,urwiki,2026-06-23,20,8602383,صحابہ,496,15,511,0.0294,57744
tawiki,urwiki,2026-06-23,21,8063242,مکہ_میں_پیدا_ہونے_والی_شخصیات,332,29,361,0.0803,57501
tawiki,urwiki,2026-06-23,22,7463616,اہل_سنت,257,65,322,0.2019,57014
tawiki,urwiki,2026-06-23,23,23706330,Bu_dem_liwot,3551,1340,4891,0.274,54071
tawiki,urwiki,2026-06-23,24,30307162,Иртә_ислам_тарихында_шәхестәр,225,23,248,0.0927,53824
tawiki,urwiki,2026-06-23,25,6958407,قریش,162,21,183,0.1148,52449
tawiki,urwiki,2026-06-23,26,6826214,مکی_شخصیات,227,30,257,0.1167,52358
tawiki,urwiki,2026-06-23,27,1411712,ایران,48033,358,48391,0.0074,49687
tawiki,urwiki,2026-06-23,28,9219064,مدینہ_منورہ_میں_وفات_پانے_والی_شخصیات,344,15,359,0.0418,47625
tawiki,urwiki,2026-06-23,29,1457595,تاریخ,858,2084,2942,0.7084,45194
tawiki,urwiki,2026-06-23,30,7848912,علی_ابن_ابی_طالب,121,14,135,0.1037,44264
tawiki,urwiki,2026-06-23,31,1457903,مذہب,568,1214,1782,0.6813,43304
tawiki,urwiki,2026-06-23,32,9703480,Biôgrafia,2136,1820,3956,0.4601,42948
tawiki,urwiki,2026-06-23,33,8289239,بنو_ہاشم,120,9,129,0.0698,42827
tawiki,urwiki,2026-06-23,34,6466283,مسلم_الٰہیات_دان,678,63,741,0.085,42472
tawiki,urwiki,2026-06-23,35,7192108,Páginas_con_errores_en_secuencias_de_órdenes,1830,2054,3884,0.5288,41843
tawiki,urwiki,2026-06-23,36,7035269,Hahakeno_mihcaan_a_masofoc,1559,826,2385,0.3463,41473
tawiki,urwiki,2026-06-23,37,7305252,مسلمان_شہدا,128,12,140,0.0857,41103
tawiki,urwiki,2026-06-23,38,7216315,خلفا,137,25,162,0.1543,40793
tawiki,urwiki,2026-06-23,39,7215263,قرآن,419,98,517,0.1896,40666
tawiki,urwiki,2026-06-23,40,32589508,ويکيډاټا_سرچينې_لرونکي_مخونه,1092,1254,2346,0.5345,40250
tawiki,urwiki,2026-06-23,41,5753390,سیاست_دان,2688,992,3680,0.2696,39882
tawiki,urwiki,2026-06-23,42,8529001,حسین_ابن_علی,153,6,159,0.0377,39756
tawiki,urwiki,2026-06-23,43,9228737,21_اپریل_کی_پیدائشیں,234,49,283,0.1731,39253
tawiki,urwiki,2026-06-23,44,9775366,صحابہ,100,12,112,0.1071,39045
tawiki,urwiki,2026-06-23,45,6127538,ریاستہائے_متحدہ_کے_شہر,23195,487,23682,0.0206,38948
tawiki,urwiki,2026-06-23,46,9220893,28_مئی_کی_وفیات,95,24,119,0.2017,38813
tawiki,urwiki,2026-06-23,47,138412008,2026_Wiki_Loves_Ramadan_contributions,123,68,191,0.356,38468
tawiki,urwiki,2026-06-23,48,8258178,عرب_مسلم_شخصیات,90,14,104,0.1346,38362
tawiki,urwiki,2026-06-23,49,8824100,تصوف,351,66,417,0.1583,38091
tawiki,urwiki,2026-06-23,50,18749522,عرب_جرنیل,141,10,151,0.0662,38055
tcywiki,enwiki,2026-06-23,1,1410960,United_States,211808,25,211833,0.0001,850334212
tcywiki,enwiki,2026-06-23,2,3919762,American_people,123441,21,123462,0.0002,776016290
tcywiki,enwiki,2026-06-23,3,5479723,Film_actors,36728,50,36778,0.0014,530674494
tcywiki,enwiki,2026-06-23,4,3919792,Actors,56460,151,56611,0.0027,465807631
tcywiki,enwiki,2026-06-23,5,9698417,American_actors,23928,6,23934,0.0003,439373037
tcywiki,enwiki,2026-06-23,6,5479560,Television_actors,30926,76,31002,0.0025,419350935
tcywiki,enwiki,2026-06-23,7,5837414,American_film_actors,12399,3,12402,0.0002,368308130
tcywiki,enwiki,2026-06-23,8,5461159,American_television_actors,12582,3,12585,0.0002,365938837
tcywiki,enwiki,2026-06-23,9,8206360,21st-century_American_actors,11369,2,11371,0.0002,357507963
tcywiki,enwiki,2026-06-23,10,9426612,Алфавит_буйынса_актёрҙар,13498,41,13539,0.003,342230964
tcywiki,enwiki,2026-06-23,11,6840573,English-language_films,62176,0,62176,0.0,315977328
tcywiki,enwiki,2026-06-23,12,3919868,American_films,33734,0,33734,0.0,279637189
tcywiki,enwiki,2026-06-23,13,7835232,Əlifba_sırasına_görə_filmlər,35202,1,35203,0.0,276331253
tcywiki,enwiki,2026-06-23,14,9715949,Vikipedya:AY,1237,41,1278,0.0321,275878475
tcywiki,enwiki,2026-06-23,15,1411125,United_Kingdom,74732,14,74746,0.0002,267596164
tcywiki,enwiki,2026-06-23,16,7269712,20th-century_American_actors,12128,0,12128,0.0,267069488
tcywiki,enwiki,2026-06-23,17,5611338,Association_football,144265,7,144272,0.0,247838237
tcywiki,enwiki,2026-06-23,18,8246543,American_male_film_actors,14288,1,14289,0.0001,247694216
tcywiki,enwiki,2026-06-23,19,106843442,To_be_checked,735,113,848,0.1333,245899143
tcywiki,enwiki,2026-06-23,20,3919830,British_people,44524,13,44537,0.0003,244741820
tcywiki,enwiki,2026-06-23,21,1457982,Sports,132471,44,132515,0.0003,244089188
tcywiki,enwiki,2026-06-23,22,6508,Astronomy,5433,28,5461,0.0051,243871010
tcywiki,enwiki,2026-06-23,23,9703480,Biôgrafia,24988,47,25035,0.0019,239728444
tcywiki,enwiki,2026-06-23,24,9865921,Wikipedia:Wiphalakunap_Plantillankukuna,884,4,888,0.0045,229751835
tcywiki,enwiki,2026-06-23,25,9228737,Кандык_айдыҥ_21_кӱнинде_чыккандар,1698,2,1700,0.0012,229732358
tcywiki,enwiki,2026-06-23,26,9715644,Wp/srn,479,18,497,0.0362,229160617
tcywiki,enwiki,2026-06-23,27,4966679,Wikipedia,467,9,476,0.0189,228498265
tcywiki,enwiki,2026-06-23,28,129212025,Tuveli:Izvopa,448,5,453,0.011,227759959
tcywiki,enwiki,2026-06-23,29,9220893,Кӱӱк_айдыҥ_28_кӱнинде_божогондор,689,1,690,0.0014,226845808
tcywiki,enwiki,2026-06-23,30,97269191,Pàgine_in_Zeneise-Grafia_unitäia,93,1,94,0.0106,225402032
tcywiki,enwiki,2026-06-23,31,6397842,American_male_actors,9774,1,9775,0.0001,222132362
tcywiki,enwiki,2026-06-23,32,9636824,Əlifba_sırasına_görə_musiqiçilər,24555,17,24572,0.0007,221924204
tcywiki,enwiki,2026-06-23,33,9426286,Алфавит_буйынса_актрисалар,11212,64,11276,0.0057,220026386
tcywiki,enwiki,2026-06-23,34,106848755,Sabak_Tutuy,160,14,174,0.0805,215361717
tcywiki,enwiki,2026-06-23,35,33079992,Gamba_Peuniléh,23,1,24,0.0417,215076069
tcywiki,enwiki,2026-06-23,36,9724347,Paggene_scritte_int''e_dialette_d''o_Lazzio_Meridiunale,176,12,188,0.0638,212479198
tcywiki,enwiki,2026-06-23,37,8246554,American_male_television_actors,11625,1,11626,0.0001,211864465
tcywiki,enwiki,2026-06-23,38,6740310,American_voice_actors,4401,1,4402,0.0002,206037389
tcywiki,enwiki,2026-06-23,39,140310923,Actors_estatunidencs_nascuts_al_segle_XX,3341,0,3341,0.0,204249319
tcywiki,enwiki,2026-06-23,40,2944611,Wikipedia_administration,34,5,39,0.1282,197142964
tcywiki,enwiki,2026-06-23,41,8245580,American_film_actresses,11259,7,11266,0.0006,196681879
tcywiki,enwiki,2026-06-23,42,10074376,Pobo_sakizaya,6,1,7,0.1429,192330935
tcywiki,enwiki,2026-06-23,43,6426972,American_television_actresses,9383,5,9388,0.0005,190017482
tcywiki,enwiki,2026-06-23,44,6645404,American_actresses,8133,3,8136,0.0004,188563563
tcywiki,enwiki,2026-06-23,45,7063228,American_singers,8056,1,8057,0.0001,188447282
tcywiki,enwiki,2026-06-23,46,6408784,21st-century_actors,6782,5,6787,0.0007,187461928
tcywiki,enwiki,2026-06-23,47,5612559,Main_Page,5,1,6,0.1667,187159607
tcywiki,enwiki,2026-06-23,48,7220786,Selected_anniversaries,5,1,6,0.1667,187018880
tcywiki,enwiki,2026-06-23,49,14914955,21st-century_American_male_actors,7413,1,7414,0.0001,186581388
tcywiki,enwiki,2026-06-23,50,33029934,Articol_in_Milanes,32974,106,33080,0.0032,185701473
tcywiki,tawiki,2026-06-23,1,1411417,இந்தியா,7066,515,7581,0.0679,568806
tcywiki,tawiki,2026-06-23,2,125498801,இந்தியத்_தமிழ்த்_திரைப்படங்கள்,5640,1,5641,0.0002,455786
tcywiki,tawiki,2026-06-23,3,1983910,இந்து_சமயம்,2339,242,2581,0.0938,304533
tcywiki,tawiki,2026-06-23,4,8828978,தமிழ்த்_திரைப்படங்கள்,2244,1,2245,0.0004,271692
tcywiki,tawiki,2026-06-23,5,6994462,இந்தியர்கள்,2831,312,3143,0.0993,226366
tcywiki,tawiki,2026-06-23,6,33029934,Articol_in_Milanes,3292,106,3398,0.0312,211933
tcywiki,tawiki,2026-06-23,7,15271863,தமிழ்த்_திரைப்பட_நடிகர்கள்,887,9,896,0.01,181434
tcywiki,tawiki,2026-06-23,8,7146096,தமிழ்நாடு,470,22,492,0.0447,171453
tcywiki,tawiki,2026-06-23,9,7192108,Páginas_con_errores_en_secuencias_de_órdenes,1883,171,2054,0.0833,157319
tcywiki,tawiki,2026-06-23,10,5668044,இந்தியத்_திரைப்படங்கள்,2272,7,2279,0.0031,153742
tcywiki,tawiki,2026-06-23,11,3919792,நடிகர்கள்,2156,151,2307,0.0655,145963
tcywiki,tawiki,2026-06-23,12,1458083,அறிவியல்,2136,133,2269,0.0586,145381
tcywiki,tawiki,2026-06-23,13,15264151,Indian_male_film_actors,959,30,989,0.0303,145070
tcywiki,tawiki,2026-06-23,14,5897849,Wikipedia:Beleg_fehlet,1994,92,2086,0.0441,144306
tcywiki,tawiki,2026-06-23,15,1457673,புவியியல்,2591,122,2713,0.045,142424
tcywiki,tawiki,2026-06-23,16,1457595,வரலாறு,2017,67,2084,0.0321,139215
tcywiki,tawiki,2026-06-23,17,1457402,உயிரியல்,2089,134,2223,0.0603,138977
tcywiki,tawiki,2026-06-23,18,2944929,பண்பாடு,1583,147,1730,0.085,137630
tcywiki,tawiki,2026-06-23,19,7234405,தமிழ்நாட்டினர்,303,17,320,0.0531,135814
tcywiki,tawiki,2026-06-23,20,9700201,Articllo_en_arpetan_supradialèctâl_/_ORB,1351,111,1462,0.0759,135378
tcywiki,tawiki,2026-06-23,21,7030483,இந்திய_அரசியல்வாதிகள்,1800,75,1875,0.04,133611
tcywiki,tawiki,2026-06-23,22,106843442,To_be_checked,554,113,667,0.1694,126111
tcywiki,tawiki,2026-06-23,23,7021473,தமிழக_அரசு_திரைப்பட_விருது_வெற்றியாளர்கள்,218,18,236,0.0763,126066
tcywiki,tawiki,2026-06-23,24,19549556,தென்னிந்திய_பிலிம்பேர்_விருதுகளை_வென்றவர்கள்,425,57,482,0.1183,122235
tcywiki,tawiki,2026-06-23,25,15136459,20th-century_Indian_male_actors,571,16,587,0.0273,121383
tcywiki,tawiki,2026-06-23,26,9729671,Gesjreve_in_'t_Mestreechs,1357,104,1461,0.0712,120044
tcywiki,tawiki,2026-06-23,27,4630,இந்திய_வரலாறு,1489,61,1550,0.0394,118512
tcywiki,tawiki,2026-06-23,28,8544606,இந்தியத்_தமிழர்,218,6,224,0.0268,114546
tcywiki,tawiki,2026-06-23,29,8829132,தமிழக_அரசியல்வாதிகள்,400,6,406,0.0148,112748
tcywiki,tawiki,2026-06-23,30,15208831,தமிழ்_நடிகர்கள்,296,0,296,0.0,108563
tcywiki,tawiki,2026-06-23,31,8829239,தமிழ்த்_திரைப்பட_இயக்குநர்கள்,479,4,483,0.0083,105457
tcywiki,tawiki,2026-06-23,32,9795474,جميع_مقالات_البذور,1362,108,1470,0.0735,105144
tcywiki,tawiki,2026-06-23,33,8955996,தமிழர்,251,19,270,0.0704,104429
tcywiki,tawiki,2026-06-23,34,4095812,மருத்துவம்,1606,56,1662,0.0337,103201
tcywiki,tawiki,2026-06-23,35,6375729,தமிழ்_இலக்கியம்,263,1,264,0.0038,100916
tcywiki,tawiki,2026-06-23,36,8829234,தமிழ்த்_திரைப்பட_நடிகைகள்,922,113,1035,0.1092,100826
tcywiki,tawiki,2026-06-23,37,8545100,இந்தியத்_திரைப்பட_நடிகைகள்,1210,189,1399,0.1351,100312
tcywiki,tawiki,2026-06-23,38,1457903,சமயம்,1140,74,1214,0.061,100042
tcywiki,tawiki,2026-06-23,39,9715949,Vikipedya:AY,444,41,485,0.0845,99672
tcywiki,tawiki,2026-06-23,40,32589508,ويکيډاټا_سرچينې_لرونکي_مخونه,1144,110,1254,0.0877,98328
tcywiki,tawiki,2026-06-23,41,8205334,20th-century_Indian_people,850,87,937,0.0928,98119
tcywiki,tawiki,2026-06-23,42,8544982,இந்திய_நாடகத்_திரைப்படங்கள்,1144,4,1148,0.0035,97904
tcywiki,tawiki,2026-06-23,43,9426612,Алфавит_буйынса_актёрҙар,1115,41,1156,0.0355,96899
tcywiki,tawiki,2026-06-23,44,6508,வானியல்,839,28,867,0.0323,96526
tcywiki,tawiki,2026-06-23,45,7146290,இந்தியத்_திரைப்பட_இயக்குநர்கள்,471,12,483,0.0248,94932
tcywiki,tawiki,2026-06-23,46,9852995,مبانى_عباده,923,12,935,0.0128,94162
tcywiki,tawiki,2026-06-23,47,15308664,21st-century_Indian_people,818,62,880,0.0705,93970
tcywiki,tawiki,2026-06-23,48,25351284,कायमचे_मृत_बाह्य_दुवे_असणारे_लेख,989,97,1086,0.0893,91775
tcywiki,tawiki,2026-06-23,49,7711756,அறிமுக_இயக்குநர்_திரைப்படங்கள்,685,0,685,0.0,91736
tcywiki,tawiki,2026-06-23,50,33044957,ಮೈಸೂರು_ವಿಶ್ವವಿದ್ಯಾನಿಲಯ_ವಿಶ್ವಕೋಶ,1287,120,1407,0.0853,91210
tewiki,enwiki,2026-06-23,1,1410960,United_States,210241,1592,211833,0.0075,844043262
tewiki,enwiki,2026-06-23,2,3919762,American_people,121953,1509,123462,0.0122,766661925
tewiki,enwiki,2026-06-23,3,5479723,Film_actors,35748,1030,36778,0.028,516514697
tewiki,enwiki,2026-06-23,4,3919792,Actors,53529,3082,56611,0.0544,441626225
tewiki,enwiki,2026-06-23,5,9698417,American_actors,23508,426,23934,0.0178,431660872
tewiki,enwiki,2026-06-23,6,5479560,Television_actors,29559,1443,31002,0.0465,400814664
tewiki,enwiki,2026-06-23,7,5837414,American_film_actors,12092,310,12402,0.025,359188798
tewiki,enwiki,2026-06-23,8,5461159,American_television_actors,12319,266,12585,0.0211,358289662
tewiki,enwiki,2026-06-23,9,8206360,21st-century_American_actors,11072,299,11371,0.0263,348168543
tewiki,enwiki,2026-06-23,10,9426612,Алфавит_буйынса_актёрҙар,12786,753,13539,0.0556,324178775
tewiki,enwiki,2026-06-23,11,6840573,English-language_films,61954,222,62176,0.0036,314849127
tewiki,enwiki,2026-06-23,12,3919868,American_films,33583,151,33734,0.0045,278385478
tewiki,enwiki,2026-06-23,13,7835232,Əlifba_sırasına_görə_filmlər,34800,403,35203,0.0114,273175603
tewiki,enwiki,2026-06-23,14,1411125,United_Kingdom,73980,766,74746,0.0102,264903445
tewiki,enwiki,2026-06-23,15,7269712,20th-century_American_actors,11888,240,12128,0.0198,261784471
tewiki,enwiki,2026-06-23,16,5611338,Association_football,144155,117,144272,0.0008,247649264
tewiki,enwiki,2026-06-23,17,8246543,American_male_film_actors,14152,137,14289,0.0096,245336544
tewiki,enwiki,2026-06-23,18,3919830,British_people,43992,545,44537,0.0122,241817495
tewiki,enwiki,2026-06-23,19,1457982,Sports,131054,1461,132515,0.011,241478244
tewiki,enwiki,2026-06-23,20,9703480,Biôgrafia,24192,843,25035,0.0337,232091824
tewiki,enwiki,2026-06-23,21,6508,Astronomy,5148,313,5461,0.0573,231078218
tewiki,enwiki,2026-06-23,22,9228737,Кандык_айдыҥ_21_кӱнинде_чыккандар,1675,25,1700,0.0147,226620553
tewiki,enwiki,2026-06-23,23,9220893,Кӱӱк_айдыҥ_28_кӱнинде_божогондор,679,11,690,0.0159,223553416
tewiki,enwiki,2026-06-23,24,9865921,Wikipedia:Wiphalakunap_Plantillankukuna,853,35,888,0.0394,221694927
tewiki,enwiki,2026-06-23,25,9636824,Əlifba_sırasına_görə_musiqiçilər,24271,301,24572,0.0122,219357457
tewiki,enwiki,2026-06-23,26,6397842,American_male_actors,9648,127,9775,0.013,219268777
tewiki,enwiki,2026-06-23,27,9715949,Vikipedya:AY,980,298,1278,0.2332,218561767
tewiki,enwiki,2026-06-23,28,33079992,Gamba_Peuniléh,23,1,24,0.0417,215076069
tewiki,enwiki,2026-06-23,29,129212025,Tuveli:Izvopa,422,31,453,0.0684,214541747
tewiki,enwiki,2026-06-23,30,8246554,American_male_television_actors,11546,80,11626,0.0069,210424697
tewiki,enwiki,2026-06-23,31,9426286,Алфавит_буйынса_актрисалар,10517,759,11276,0.0673,206387575
tewiki,enwiki,2026-06-23,32,6740310,American_voice_actors,4262,140,4402,0.0318,199529960
tewiki,enwiki,2026-06-23,33,9715644,Wp/srn,416,81,497,0.163,199020494
tewiki,enwiki,2026-06-23,34,10074376,Pobo_sakizaya,6,1,7,0.1429,192330935
tewiki,enwiki,2026-06-23,35,140310923,Actors_estatunidencs_nascuts_al_segle_XX,3134,207,3341,0.062,191594542
tewiki,enwiki,2026-06-23,36,8245580,American_film_actresses,10950,316,11266,0.028,191284002
tewiki,enwiki,2026-06-23,37,7063228,American_singers,7905,152,8057,0.0189,184915065
tewiki,enwiki,2026-06-23,38,14914955,21st-century_American_male_actors,7343,71,7414,0.0096,184819524
tewiki,enwiki,2026-06-23,39,6426972,American_television_actresses,9120,268,9388,0.0285,184691403
tewiki,enwiki,2026-06-23,40,6645404,American_actresses,7844,292,8136,0.0359,181863099
tewiki,enwiki,2026-06-23,41,6408784,21st-century_actors,6578,209,6787,0.0308,181823144
tewiki,enwiki,2026-06-23,42,33029934,Articol_in_Milanes,31160,1920,33080,0.058,175485470
tewiki,enwiki,2026-06-23,43,4966679,Wikipedia,352,124,476,0.2605,172229955
tewiki,enwiki,2026-06-23,44,9280440,20th-century_American_people,22228,385,22613,0.017,171793392
tewiki,enwiki,2026-06-23,45,9711126,Miranduléś,3987,379,4366,0.0868,170356160
tewiki,enwiki,2026-06-23,46,7031042,American_people_of_Irish_descent,6279,213,6492,0.0328,169317180
tewiki,enwiki,2026-06-23,47,8206361,21st-century_American_actresses,7103,263,7366,0.0357,167671461
tewiki,enwiki,2026-06-23,48,97269191,Pàgine_in_Zeneise-Grafia_unitäia,69,25,94,0.266,167233765
tewiki,enwiki,2026-06-23,49,7217320,Singers,15133,341,15474,0.022,166621278
tewiki,enwiki,2026-06-23,50,14914736,20th-century_American_male_actors,10653,76,10729,0.0071,166308660
tewiki,bnwiki,2026-06-23,1,5611338,ফুটবল,3525,117,3642,0.0321,347167
tewiki,bnwiki,2026-06-23,2,1455458,বাংলাদেশ,1297,205,1502,0.1365,345184
tewiki,bnwiki,2026-06-23,3,7192108,Páginas_con_errores_en_secuencias_de_órdenes,1226,1311,2537,0.5168,284719
tewiki,bnwiki,2026-06-23,4,33029934,Articol_in_Milanes,3303,1920,5223,0.3676,265229
tewiki,bnwiki,2026-06-23,5,1984000,ইসলাম,2651,297,2948,0.1007,256052
tewiki,bnwiki,2026-06-23,6,9729671,Gesjreve_in_'t_Mestreechs,723,831,1554,0.5347,236625
tewiki,bnwiki,2026-06-23,7,10095516,ঢাকা_বিশ্ববিদ্যালয়ের_প্রাক্তন_শিক্ষার্থী,1543,24,1567,0.0153,197210
tewiki,bnwiki,2026-06-23,8,1457673,ভূগোল,1237,1127,2364,0.4767,193269
tewiki,bnwiki,2026-06-23,9,8297418,বাঙালি_ব্যক্তি,445,415,860,0.4826,179296
tewiki,bnwiki,2026-06-23,10,23706330,Bu_dem_liwot,836,526,1362,0.3862,178452
tewiki,bnwiki,2026-06-23,11,1457595,ইতিহাস,1305,944,2249,0.4197,177150
tewiki,bnwiki,2026-06-23,12,8297423,বাঙালি_লেখক,1207,134,1341,0.0999,173862
tewiki,bnwiki,2026-06-23,13,9711126,Miranduléś,684,379,1063,0.3565,170260
tewiki,bnwiki,2026-06-23,14,8950510,কলকাতা_বিশ্ববিদ্যালয়ের_প্রাক্তন_শিক্ষার্থী,907,493,1400,0.3521,168275
tewiki,bnwiki,2026-06-23,15,8297364,বাঙালি_হিন্দু,611,296,907,0.3264,167539
tewiki,bnwiki,2026-06-23,16,32589508,ويکيډاټا_سرچينې_لرونکي_مخونه,872,750,1622,0.4624,167126
tewiki,bnwiki,2026-06-23,17,8437937,ফিফা_বিশ্বকাপ,98,12,110,0.1091,164438
tewiki,bnwiki,2026-06-23,18,1410960,মার্কিন_যুক্তরাষ্ট্র,3209,1592,4801,0.3316,161034
tewiki,bnwiki,2026-06-23,19,6312404,ফিফা,86,9,95,0.0947,160736
tewiki,bnwiki,2026-06-23,20,2944929,সংস্কৃতি,1020,854,1874,0.4557,155292
tewiki,bnwiki,2026-06-23,21,8287974,বাংলাদেশ_জাতীয়তাবাদী_দলের_রাজনীতিবিদ,913,3,916,0.0033,152868
tewiki,bnwiki,2026-06-23,22,9703480,Biôgrafia,2011,843,2854,0.2954,152759
tewiki,bnwiki,2026-06-23,23,1457903,ধর্ম,1053,461,1514,0.3045,151624
tewiki,bnwiki,2026-06-23,24,1457982,ক্রীড়া,1434,1461,2895,0.5047,150246
tewiki,bnwiki,2026-06-23,25,6301435,২০শ_শতাব্দীর_রাজনীতিবিদ,1208,388,1596,0.2431,147077
tewiki,bnwiki,2026-06-23,26,5753390,রাজনীতিবিদ,1840,603,2443,0.2468,144234
tewiki,bnwiki,2026-06-23,27,6456601,বাংলাদেশী_ব্যক্তি,455,71,526,0.135,143846
tewiki,bnwiki,2026-06-23,28,7460289,ইসলামি_পরিভাষা,871,122,993,0.1229,131990
tewiki,bnwiki,2026-06-23,29,8436106,বর্তমান_ফুটবল_মৌসুম,40,3,43,0.0698,131638
tewiki,bnwiki,2026-06-23,30,7015591,ফুটবল_প্রতিযোগিতা,147,9,156,0.0577,128901
tewiki,bnwiki,2026-06-23,31,7068600,বাংলাদেশী_রাজনীতিবিদ,438,8,446,0.0179,128880
tewiki,bnwiki,2026-06-23,32,4325,বাংলাদেশের_ইতিহাস,337,91,428,0.2126,128811
tewiki,bnwiki,2026-06-23,33,138208396,ত্রয়োদশ_জাতীয়_সংসদ_সদস্য,312,1,313,0.0032,127088
tewiki,bnwiki,2026-06-23,34,9715949,Vikipedya:AY,212,298,510,0.5843,126317
tewiki,bnwiki,2026-06-23,35,8297344,বাংলা_ভাষার_চলচ্চিত্র,2104,53,2157,0.0246,124864
tewiki,bnwiki,2026-06-23,36,8204863,২০২৬_ফিফা_বিশ্বকাপ,51,1,52,0.0192,124529
tewiki,bnwiki,2026-06-23,37,7130623,বাংলা_ভাষার_লেখক,391,86,477,0.1803,124156
tewiki,bnwiki,2026-06-23,38,101008311,Wikipedia:Páxines_con_tables_frañíes,198,40,238,0.1681,122712
tewiki,bnwiki,2026-06-23,39,8303056,যৌনতা,351,88,439,0.2005,121371
tewiki,bnwiki,2026-06-23,40,5650379,Association_football_competitions_for_national_teams,72,4,76,0.0526,121105
tewiki,bnwiki,2026-06-23,41,1458083,বিজ্ঞান,1116,1203,2319,0.5188,119918
tewiki,bnwiki,2026-06-23,42,9714104,Fering_Artiikel,672,389,1061,0.3666,119092
tewiki,bnwiki,2026-06-23,43,8967563,Football,196,20,216,0.0926,117173
tewiki,bnwiki,2026-06-23,44,6015449,বাংলা_সাহিত্য,231,31,262,0.1183,115305
tewiki,bnwiki,2026-06-23,45,1457402,জীববিজ্ঞান,1158,1000,2158,0.4634,115218
tewiki,bnwiki,2026-06-23,46,9712313,Limba_Sarda_Comuna,614,718,1332,0.539,113262
tewiki,bnwiki,2026-06-23,47,105499440,২০শ_শতাব্দীর_বাঙালি,598,125,723,0.1729,110931
tewiki,bnwiki,2026-06-23,48,6177550,পূর্ব_নির্ধারিত_ফুটবল_প্রতিযোগিতা,100,2,102,0.0196,110129
tewiki,bnwiki,2026-06-23,49,7130256,ইসলামের_ইতিহাস,1002,110,1112,0.0989,109876
tewiki,bnwiki,2026-06-23,50,6156696,মৃত_ব্যক্তি,541,900,1441,0.6246,109594
tewiki,hiwiki,2026-06-23,1,1457595,इतिहास,1312,944,2256,0.4184,450869
tewiki,hiwiki,2026-06-23,2,4630,भारत_का_इतिहास,567,1032,1599,0.6454,379715
tewiki,hiwiki,2026-06-23,3,33029934,Articol_in_Milanes,2803,1920,4723,0.4065,369780
tewiki,hiwiki,2026-06-23,4,7192108,Páginas_con_errores_en_secuencias_de_órdenes,1038,1311,2349,0.5581,365986
tewiki,hiwiki,2026-06-23,5,1457673,भूगोल,1783,1127,2910,0.3873,361253
tewiki,hiwiki,2026-06-23,6,2944929,संस्कृति,1001,854,1855,0.4604,330635
tewiki,hiwiki,2026-06-23,7,1457903,धर्म,738,461,1199,0.3845,317255
tewiki,hiwiki,2026-06-23,8,9848152,हिन्दी_फ़िल्में,2722,645,3367,0.1916,294198
tewiki,hiwiki,2026-06-23,9,32589508,ويکيډاټا_سرچينې_لرونکي_مخونه,549,750,1299,0.5774,293870
tewiki,hiwiki,2026-06-23,10,4103183,राजनीति,962,494,1456,0.3393,289755
tewiki,hiwiki,2026-06-23,11,9705320,Endrika_ampiasaina_amin'ny_jeografia,1704,878,2582,0.34,280059
tewiki,hiwiki,2026-06-23,12,1458083,विज्ञान,1379,1203,2582,0.4659,262985
tewiki,hiwiki,2026-06-23,13,7023926,संस्कृत_शब्द,391,459,850,0.54,259867
tewiki,hiwiki,2026-06-23,14,7214658,भारत_के_नगर,1035,927,1962,0.4725,244636
tewiki,hiwiki,2026-06-23,15,9714104,Fering_Artiikel,1079,389,1468,0.265,234854
tewiki,hiwiki,2026-06-23,16,5668044,भारतीय_फ़िल्में,1998,2462,4460,0.552,233265
tewiki,hiwiki,2026-06-23,17,9795474,جميع_مقالات_البذور,801,834,1635,0.5101,210675
tewiki,hiwiki,2026-06-23,18,9703480,Biôgrafia,774,843,1617,0.5213,210471
tewiki,hiwiki,2026-06-23,19,23706330,Bu_dem_liwot,857,526,1383,0.3803,206023
tewiki,hiwiki,2026-06-23,20,1457402,जीव_विज्ञान,1085,1000,2085,0.4796,204907
tewiki,hiwiki,2026-06-23,21,7291943,भारतीय_संस्कृति,347,434,781,0.5557,198794
tewiki,hiwiki,2026-06-23,22,6508,खगोलशास्त्र,742,313,1055,0.2967,197476
tewiki,hiwiki,2026-06-23,23,1983674,दर्शन,846,332,1178,0.2818,195160
tewiki,hiwiki,2026-06-23,24,33017565,مشہور_لوک,471,329,800,0.4113,193089
tewiki,hiwiki,2026-06-23,25,9729671,Gesjreve_in_'t_Mestreechs,645,831,1476,0.563,193064
tewiki,hiwiki,2026-06-23,26,7019973,Postage_stamps_featuring_people,321,516,837,0.6165,191965
tewiki,hiwiki,2026-06-23,27,1984000,इस्लाम,980,297,1277,0.2326,189209
tewiki,hiwiki,2026-06-23,28,8514332,हिन्दी_साहित्य,540,51,591,0.0863,187483
tewiki,hiwiki,2026-06-23,29,28582468,चित्र_के_साथ_ज्ञानसन्दूक_अवस्थापन_प्रयोग_करने_वाले_लेख,1159,681,1840,0.3701,187375
tewiki,hiwiki,2026-06-23,30,9727294,ಕಡತ_ಕೊಂಡಿಗಳು_ಮುರಿದಿರುವ_ಪುಟಗಳು,332,680,1012,0.6719,183040
tewiki,hiwiki,2026-06-23,31,8259,साहित्य,753,378,1131,0.3342,182473
tewiki,hiwiki,2026-06-23,32,25351284,कायमचे_मृत_बाह्य_दुवे_असणारे_लेख,373,902,1275,0.7075,181119
tewiki,hiwiki,2026-06-23,33,6483339,भारतीय_साहित्य,209,244,453,0.5386,177548
tewiki,hiwiki,2026-06-23,34,5753390,राजनीतिज्ञ,591,603,1194,0.505,174822
tewiki,hiwiki,2026-06-23,35,8134731,उत्तराखण्ड,10644,118,10762,0.011,174692
tewiki,hiwiki,2026-06-23,36,8514335,हिन्दी_कवि,226,82,308,0.2662,169967
tewiki,hiwiki,2026-06-23,37,7146649,उत्तर_प्रदेश,297,229,526,0.4354,169621
tewiki,hiwiki,2026-06-23,38,5849863,लेखक,640,548,1188,0.4613,169111
tewiki,hiwiki,2026-06-23,39,6944392,भारतीय_राजनीति,115,288,403,0.7146,161669
tewiki,hiwiki,2026-06-23,40,5610083,एशिया,308,307,615,0.4992,160481
tewiki,hiwiki,2026-06-23,41,8703545,संस्कृत,276,185,461,0.4013,160223
tewiki,hiwiki,2026-06-23,42,1457756,समाज,583,446,1029,0.4334,160047
tewiki,hiwiki,2026-06-23,43,1983832,बौद्ध_धर्म,440,307,747,0.411,157952
tewiki,hiwiki,2026-06-23,44,8514724,हिन्दू_ग्रन्थ,207,143,350,0.4086,157710
tewiki,hiwiki,2026-06-23,45,5897849,स्रोतहीन_लेख,521,1728,2249,0.7683,155595
tewiki,hiwiki,2026-06-23,46,7477590,Статии_с_невалиден_параметър_за_дата_в_шаблона,483,596,1079,0.5524,154441
tewiki,hiwiki,2026-06-23,47,8299881,बिहार,532,189,721,0.2621,153775
tewiki,hiwiki,2026-06-23,48,6301435,20th-century_politicians,673,388,1061,0.3657,152719
tewiki,hiwiki,2026-06-23,49,33044957,ಮೈಸೂರು_ವಿಶ್ವವಿದ್ಯಾನಿಲಯ_ವಿಶ್ವಕೋಶ,682,823,1505,0.5468,151180
tewiki,hiwiki,2026-06-23,50,7210139,संस्कृत_ग्रन्थ,303,155,458,0.3384,149582
tewiki,tawiki,2026-06-23,1,125498801,இந்தியத்_தமிழ்த்_திரைப்படங்கள்,4787,854,5641,0.1514,386852
tewiki,tawiki,2026-06-23,2,8828978,தமிழ்த்_திரைப்படங்கள்,1726,519,2245,0.2312,208975
tewiki,tawiki,2026-06-23,3,33029934,Articol_in_Milanes,1478,1920,3398,0.565,95151
tewiki,tawiki,2026-06-23,4,6375729,தமிழ்_இலக்கியம்,231,33,264,0.125,88637
tewiki,tawiki,2026-06-23,5,1457673,புவியியல்,1586,1127,2713,0.4154,87180
tewiki,tawiki,2026-06-23,6,1457402,உயிரியல்,1223,1000,2223,0.4498,81363
tewiki,tawiki,2026-06-23,7,1457595,வரலாறு,1140,944,2084,0.453,78684
tewiki,tawiki,2026-06-23,8,2944929,பண்பாடு,876,854,1730,0.4936,76161
tewiki,tawiki,2026-06-23,9,1458083,அறிவியல்,1066,1203,2269,0.5302,72554
tewiki,tawiki,2026-06-23,10,7705588,தமிழ்நாடு_மாநிலத்திலுள்ள_ஊர்களும்_நகரங்களும்,869,87,956,0.091,72462
tewiki,tawiki,2026-06-23,11,7711756,அறிமுக_இயக்குநர்_திரைப்படங்கள்,539,146,685,0.2131,72183
tewiki,tawiki,2026-06-23,12,45360258,Populated_places_in_Tamil_Nadu,872,81,953,0.085,71283
tewiki,tawiki,2026-06-23,13,7146096,தமிழ்நாடு,188,304,492,0.6179,68581
tewiki,tawiki,2026-06-23,14,8389687,திராவிட_முன்னேற்றக்_கழக_அரசியல்வாதிகள்,538,156,694,0.2248,67192
tewiki,tawiki,2026-06-23,15,1457903,சமயம்,753,461,1214,0.3797,66081
tewiki,tawiki,2026-06-23,16,6508,வானியல்,554,313,867,0.361,63737
tewiki,tawiki,2026-06-23,17,7192108,Páginas_con_errores_en_secuencias_de_órdenes,743,1311,2054,0.6383,62075
tewiki,tawiki,2026-06-23,18,16816615,இளையராஜா_இசையமைத்த_திரைப்படங்கள்,493,183,676,0.2707,61918
tewiki,tawiki,2026-06-23,19,16806549,மறு_ஆக்கம்_செய்யப்பட்ட_தமிழ்த்_திரைப்படங்கள்,422,112,534,0.2097,60652
tewiki,tawiki,2026-06-23,20,4678533,Əlifba_sırasına_görə_heyvanlar,2419,359,2778,0.1292,59188
tewiki,tawiki,2026-06-23,21,25220062,தமிழக_எழுத்தாளர்கள்,733,55,788,0.0698,58928
tewiki,tawiki,2026-06-23,22,8829239,தமிழ்த்_திரைப்பட_இயக்குநர்கள்,258,225,483,0.4658,56801
tewiki,tawiki,2026-06-23,23,15271863,தமிழ்த்_திரைப்பட_நடிகர்கள்,277,619,896,0.6908,56659
tewiki,tawiki,2026-06-23,24,8829471,தமிழ்க்_கவிஞர்கள்,162,44,206,0.2136,55881
tewiki,tawiki,2026-06-23,25,9729671,Gesjreve_in_'t_Mestreechs,630,831,1461,0.5688,55731
tewiki,tawiki,2026-06-23,26,8544606,இந்தியத்_தமிழர்,101,123,224,0.5491,53069
tewiki,tawiki,2026-06-23,27,8235571,அனைத்திந்திய_அண்ணா_திராவிட_முன்னேற்றக்_கழக_அரசியல்வாதிகள்,603,109,712,0.1531,50747
tewiki,tawiki,2026-06-23,28,10134118,விக்கிப்படுத்தப்பட_வேண்டிய_கட்டுரைகள்,509,123,632,0.1946,49478
tewiki,tawiki,2026-06-23,29,9795474,جميع_مقالات_البذور,636,834,1470,0.5673,49098
tewiki,tawiki,2026-06-23,30,32910847,நாட்டுடைமை_நூல்களின்_ஆசிரியர்கள்,165,12,177,0.0678,47331
tewiki,tawiki,2026-06-23,31,7234405,தமிழ்நாட்டினர்,105,215,320,0.6719,47064
tewiki,tawiki,2026-06-23,32,9714104,Fering_Artiikel,755,389,1144,0.34,46490
tewiki,tawiki,2026-06-23,33,30513052,14_ஆவது_தமிழ்நாடு_சட்டமன்ற_உறுப்பினர்கள்,194,51,245,0.2082,45344
tewiki,tawiki,2026-06-23,34,4103183,அரசியல்,619,494,1113,0.4438,45140
tewiki,tawiki,2026-06-23,35,65717567,Awareness_activism,1,0,1,0.0,44631
tewiki,tawiki,2026-06-23,36,15918083,Taxa_named_by_Carl_Linnaeus,593,417,1010,0.4129,44432
tewiki,tawiki,2026-06-23,37,9703480,Biôgrafia,977,843,1820,0.4632,44422
tewiki,tawiki,2026-06-23,38,1983910,இந்து_சமயம்,338,2243,2581,0.869,44006
tewiki,tawiki,2026-06-23,39,16790110,தமிழ்நாட்டு_நடிகர்கள்,101,75,176,0.4261,43409
tewiki,tawiki,2026-06-23,40,32589508,ويکيډاټا_سرچينې_لرونکي_مخونه,504,750,1254,0.5981,43319
tewiki,tawiki,2026-06-23,41,33079992,Gamba_Peuniléh,3,1,4,0.25,43227
tewiki,tawiki,2026-06-23,42,1457474,வேதியியல்,2414,831,3245,0.2561,42740
tewiki,tawiki,2026-06-23,43,9715949,Vikipedya:AY,187,298,485,0.6144,41979
tewiki,tawiki,2026-06-23,44,8703369,சங்க_இலக்கியம்,96,6,102,0.0588,41713
tewiki,tawiki,2026-06-23,45,9712313,Limba_Sarda_Comuna,580,718,1298,0.5532,41450
tewiki,tawiki,2026-06-23,46,33044957,ಮೈಸೂರು_ವಿಶ್ವವಿದ್ಯಾನಿಲಯ_ವಿಶ್ವಕೋಶ,584,823,1407,0.5849,41388
tewiki,tawiki,2026-06-23,47,8829414,தமிழ்,90,22,112,0.1964,41338
tewiki,tawiki,2026-06-23,48,4630,இந்திய_வரலாறு,518,1032,1550,0.6658,41228
tewiki,tawiki,2026-06-23,49,23706330,Bu_dem_liwot,814,526,1340,0.3925,41097
tewiki,tawiki,2026-06-23,50,9700201,Articllo_en_arpetan_supradialèctâl_/_ORB,401,1061,1462,0.7257,40182
tewiki,mlwiki,2026-06-23,1,8601100,മലയാളം_എഴുത്തുകാർ,341,127,468,0.2714,94567
tewiki,mlwiki,2026-06-23,2,8601086,മലയാളകവികൾ,221,52,273,0.1905,86670
tewiki,mlwiki,2026-06-23,3,8891990,ഔഷധസസ്യങ്ങൾ,1107,480,1587,0.3025,64549
tewiki,mlwiki,2026-06-23,4,1457673,ഭൂമിശാസ്ത്രം,1340,1127,2467,0.4568,63337
tewiki,mlwiki,2026-06-23,5,8637632,കേരള_സാഹിത്യ_അക്കാദമി_പുരസ്കാരം_ലഭിച്ചവർ,276,74,350,0.2114,60235
tewiki,mlwiki,2026-06-23,6,28399465,Poets_from_Kerala,97,49,146,0.3356,60072
tewiki,mlwiki,2026-06-23,7,14513212,കേരളത്തിലെ_സസ്യജാലം,1004,255,1259,0.2025,59032
tewiki,mlwiki,2026-06-23,8,1457109,സസ്യങ്ങൾ,1124,713,1837,0.3881,58898
tewiki,mlwiki,2026-06-23,9,4678533,Əlifba_sırasına_görə_heyvanlar,1936,359,2295,0.1564,57527
tewiki,mlwiki,2026-06-23,10,7192108,Páginas_con_errores_en_secuencias_de_órdenes,605,1311,1916,0.6842,49406
tewiki,mlwiki,2026-06-23,11,1457402,ജീവശാസ്ത്രം,866,1000,1866,0.5359,49332
tewiki,mlwiki,2026-06-23,12,9729671,Gesjreve_in_'t_Mestreechs,490,831,1321,0.6291,48065
tewiki,mlwiki,2026-06-23,13,9703480,Biôgrafia,1067,843,1910,0.4414,47884
tewiki,mlwiki,2026-06-23,14,7051430,മലയാളികൾ,335,384,719,0.5341,47872
tewiki,mlwiki,2026-06-23,15,15918083,കാൾ_ലിനേയസ്_നാമകരണം_ചെയ്തവ,833,417,1250,0.3336,47435
tewiki,mlwiki,2026-06-23,16,6262773,കേരളം,271,251,522,0.4808,45415
tewiki,mlwiki,2026-06-23,17,6641172,വൃക്ഷങ്ങൾ,771,298,1069,0.2788,40265
tewiki,mlwiki,2026-06-23,18,6508,ജ്യോതിശാസ്ത്രം,429,313,742,0.4218,40238
tewiki,mlwiki,2026-06-23,19,1457595,ചരിത്രം,613,944,1557,0.6063,38413
tewiki,mlwiki,2026-06-23,20,5611338,ഫുട്ബോൾ,271,117,388,0.3015,38132
tewiki,mlwiki,2026-06-23,21,1457903,മതം,518,461,979,0.4709,38099
tewiki,mlwiki,2026-06-23,22,1458083,ശാസ്ത്രം,651,1203,1854,0.6489,37208
tewiki,mlwiki,2026-06-23,23,32589508,ويکيډاټا_سرچينې_لرونکي_مخونه,441,750,1191,0.6297,36969
tewiki,mlwiki,2026-06-23,24,33029934,Articol_in_Milanes,657,1920,2577,0.7451,36032
tewiki,mlwiki,2026-06-23,25,8601060,മലയാളം,63,13,76,0.1711,35689
tewiki,mlwiki,2026-06-23,26,8601011,മലയാളചലച്ചിത്രങ്ങൾ,785,93,878,0.1059,35298
tewiki,mlwiki,2026-06-23,27,8954432,Writers_from_Kerala,138,75,213,0.3521,35123
tewiki,mlwiki,2026-06-23,28,1410960,അമേരിക്കൻ_ഐക്യനാടുകൾ,2425,1592,4017,0.3963,32962
tewiki,mlwiki,2026-06-23,29,2944929,സംസ്കാരം,447,854,1301,0.6564,32961
tewiki,mlwiki,2026-06-23,30,7116687,കേരളീയർ,139,244,383,0.6371,32915
tewiki,mlwiki,2026-06-23,31,1983866,ക്രൈസ്തവം,649,192,841,0.2283,32135
tewiki,mlwiki,2026-06-23,32,10101436,മലയാളം_നോവലെഴുത്തുകാർ,126,43,169,0.2544,31972
tewiki,mlwiki,2026-06-23,33,8638955,കേന്ദ്ര_സാഹിത്യ_അക്കാദമി_പുരസ്കാരം_ലഭിച്ച_മലയാളികൾ,55,32,87,0.3678,31829
tewiki,mlwiki,2026-06-23,34,21979429,Botanical_taxa_named_by_Carl_Linnaeus,473,284,757,0.3752,31618
tewiki,mlwiki,2026-06-23,35,9715949,Vikipedya:AY,128,298,426,0.6995,30895
tewiki,mlwiki,2026-06-23,36,9701158,Autor,995,702,1697,0.4137,30547
tewiki,mlwiki,2026-06-23,37,8765143,أنواع_نباتية,422,214,636,0.3365,30480
tewiki,mlwiki,2026-06-23,38,9711126,Miranduléś,429,379,808,0.4691,30449
tewiki,mlwiki,2026-06-23,39,7139274,ഏഷ്യയിലെ_സസ്യജാലം,425,233,658,0.3541,30292
tewiki,mlwiki,2026-06-23,40,7157113,ഓഷധികൾ,309,296,605,0.4893,30248
tewiki,mlwiki,2026-06-23,41,6178282,പുഷ്പിക്കുന്ന_സസ്യങ്ങൾ,874,285,1159,0.2459,29785
tewiki,mlwiki,2026-06-23,42,33079992,Gamba_Peuniléh,2,1,3,0.3333,29612
tewiki,mlwiki,2026-06-23,43,10099449,മലയാള_കഥാകൃത്തുക്കൾ,122,29,151,0.1921,29469
tewiki,mlwiki,2026-06-23,44,129212025,Tuveli:Izvopa,46,31,77,0.4026,29321
tewiki,mlwiki,2026-06-23,45,7477590,Статии_с_невалиден_параметър_за_дата_в_шаблона,429,596,1025,0.5815,29248
tewiki,mlwiki,2026-06-23,46,10022040,मलयालम_साहित्यकार,17,19,36,0.5278,28758
tewiki,mlwiki,2026-06-23,47,9464335,Təhlükədə_olmayan_növlər,900,155,1055,0.1469,28631
tewiki,mlwiki,2026-06-23,48,23706330,Bu_dem_liwot,399,526,925,0.5686,28203
tewiki,mlwiki,2026-06-23,49,9938067,കവിതക്കുള്ള_കേരള_സാഹിത്യ_അക്കാദമി_പുരസ്കാരം_ലഭിച്ചവർ,47,15,62,0.2419,28133
tewiki,mlwiki,2026-06-23,50,9714104,Fering_Artiikel,440,389,829,0.4692,28061
tewiki,mrwiki,2026-06-23,1,25351284,कायमचे_मृत_बाह्य_दुवे_असणारे_लेख,2032,902,2934,0.3074,152824
tewiki,mrwiki,2026-06-23,2,8607853,मराठी_लेखक,1094,106,1200,0.0883,80782
tewiki,mrwiki,2026-06-23,3,7238246,महाराष्ट्र,316,291,607,0.4794,79844
tewiki,mrwiki,2026-06-23,4,8607868,मराठी_व्यक्ती,271,379,650,0.5831,66867
tewiki,mrwiki,2026-06-23,5,33029934,Articol_in_Milanes,2410,1920,4330,0.4434,66108
tewiki,mrwiki,2026-06-23,6,7476999,मराठा_साम्राज्य,134,69,203,0.3399,57541
tewiki,mrwiki,2026-06-23,7,7019973,पोस्टाचे_तिकीट_असलेल्या_व्यक्ती,366,516,882,0.585,46302
tewiki,mrwiki,2026-06-23,8,59771339,एक_ही_संदर्भ_नसलेले_लेख,679,199,878,0.2267,45921
tewiki,mrwiki,2026-06-23,9,1457673,भूगोल,848,1127,1975,0.5706,41884
tewiki,mrwiki,2026-06-23,10,8607871,मराठी_कवी,241,25,266,0.094,38296
tewiki,mrwiki,2026-06-23,11,9703480,Biôgrafia,1465,843,2308,0.3653,36628
tewiki,mrwiki,2026-06-23,12,9714104,Fering_Artiikel,1170,389,1559,0.2495,36597
tewiki,mrwiki,2026-06-23,13,7705378,महाराष्ट्र_राज्यातील_शहरे_व_गावे,1740,49,1789,0.0274,35076
tewiki,mrwiki,2026-06-23,14,9715644,Wp/srn,278,81,359,0.2256,33737
tewiki,mrwiki,2026-06-23,15,4966070,Calendars,1631,911,2542,0.3584,30767
tewiki,mrwiki,2026-06-23,16,9729671,Gesjreve_in_'t_Mestreechs,574,831,1405,0.5915,30210
tewiki,mrwiki,2026-06-23,17,9056575,महाराष्ट्रातील_शहरे,256,68,324,0.2099,30153
tewiki,mrwiki,2026-06-23,18,8828704,महाराष्ट्रातील_तालुके,435,29,464,0.0625,28510
tewiki,mrwiki,2026-06-23,19,32589508,ويکيډاټا_سرچينې_لرونکي_مخونه,451,750,1201,0.6245,28254
tewiki,mrwiki,2026-06-23,20,9487411,Усе_храналагічныя_пералікі,2132,834,2966,0.2812,27974
tewiki,mrwiki,2026-06-23,21,9836602,Egin_calendr,2089,812,2901,0.2799,27886
tewiki,mrwiki,2026-06-23,22,10009098,मराठी_संत,52,14,66,0.2121,27363
tewiki,mrwiki,2026-06-23,23,8739664,शिवाजी_महाराज,27,16,43,0.3721,27276
tewiki,mrwiki,2026-06-23,24,8987877,Aggiungere_sezioni,1636,851,2487,0.3422,27137
tewiki,mrwiki,2026-06-23,25,8518612,महाराष्ट्राचा_इतिहास,84,96,180,0.5333,26942
tewiki,mrwiki,2026-06-23,26,8808054,पुणे_जिल्हा,117,33,150,0.22,26848
tewiki,mrwiki,2026-06-23,27,9715949,Vikipedya:AY,206,298,504,0.5913,26150
tewiki,mrwiki,2026-06-23,28,15272044,मराठी_दूरचित्रवाहिनी_मालिका,234,0,234,0.0,25595
tewiki,mrwiki,2026-06-23,29,10123650,Populated_places_in_Maharashtra,212,58,270,0.2148,25469
tewiki,mrwiki,2026-06-23,30,8468896,महाराष्ट्रातील_किल्ले,262,19,281,0.0676,24961
tewiki,mrwiki,2026-06-23,31,7192108,Páginas_con_errores_en_secuencias_de_órdenes,364,1311,1675,0.7827,24639
tewiki,mrwiki,2026-06-23,32,9700201,Articllo_en_arpetan_supradialèctâl_/_ORB,426,1061,1487,0.7135,24492
tewiki,mrwiki,2026-06-23,33,10045628,विकिकरण_करण्याजोगे_लेख,339,97,436,0.2225,24366
tewiki,mrwiki,2026-06-23,34,9798400,লইনাসে,1605,790,2395,0.3299,23651
tewiki,mrwiki,2026-06-23,35,1457595,इतिहास,272,944,1216,0.7763,23564
tewiki,mrwiki,2026-06-23,36,9705320,Endrika_ampiasaina_amin'ny_jeografia,736,878,1614,0.544,23465
tewiki,mrwiki,2026-06-23,37,7336700,पुणे,250,42,292,0.1438,23427
tewiki,mrwiki,2026-06-23,38,129212025,Tuveli:Izvopa,51,31,82,0.378,23055
tewiki,mrwiki,2026-06-23,39,9846108,ऐतिहासिक_व्यक्ती,44,26,70,0.3714,22927
tewiki,mrwiki,2026-06-23,40,2945300,वर्षे,2111,458,2569,0.1783,22696
tewiki,mrwiki,2026-06-23,41,9126476,शहरे,1268,285,1553,0.1835,22615
tewiki,mrwiki,2026-06-23,42,9707270,Artikel_auf_Westmittelbairisch,942,555,1497,0.3707,22613
tewiki,mrwiki,2026-06-23,43,9729231,Vikipedya:Artikolos_kon_grafia_ladina,355,367,722,0.5083,21997
tewiki,mrwiki,2026-06-23,44,9712313,Limba_Sarda_Comuna,559,718,1277,0.5623,21932
tewiki,mrwiki,2026-06-23,45,9711284,Mudnés,1548,521,2069,0.2518,20696
tewiki,mrwiki,2026-06-23,46,54059,राजे,441,143,584,0.2449,20683
tewiki,mrwiki,2026-06-23,47,7030483,भारतीय_राजकारणी,370,1589,1959,0.8111,20366
tewiki,mrwiki,2026-06-23,48,9860934,किल्ले,243,27,270,0.1,20259
tewiki,mrwiki,2026-06-23,49,23706330,Bu_dem_liwot,450,526,976,0.5389,20196
tewiki,mrwiki,2026-06-23,50,8480318,Gambling_in_India,1,0,1,0.0,19603
tewiki,knwiki,2026-06-23,1,8570349,ಕನ್ನಡ_ಸಾಹಿತ್ಯ,561,65,626,0.1038,68182
tewiki,knwiki,2026-06-23,2,9844264,ಸಾಹಿತಿಗಳು,749,109,858,0.127,64192
tewiki,knwiki,2026-06-23,3,33044957,ಮೈಸೂರು_ವಿಶ್ವವಿದ್ಯಾನಿಲಯ_ವಿಶ್ವಕೋಶ,2388,823,3211,0.2563,63982
tewiki,knwiki,2026-06-23,4,33079992,Gamba_Peuniléh,2,1,3,0.3333,58630
tewiki,knwiki,2026-06-23,5,8570357,ಕನ್ನಡ_ಸಾಹಿತಿಗಳು,186,63,249,0.253,58591
tewiki,knwiki,2026-06-23,6,8570356,ಕನ್ನಡ_ಕವಿಗಳು,98,69,167,0.4132,55330
tewiki,knwiki,2026-06-23,7,9727294,ಕಡತ_ಕೊಂಡಿಗಳು_ಮುರಿದಿರುವ_ಪುಟಗಳು,894,680,1574,0.432,43715
tewiki,knwiki,2026-06-23,8,7145985,ಕರ್ನಾಟಕ,159,345,504,0.6845,34733
tewiki,knwiki,2026-06-23,9,9056439,ಕರ್ನಾಟಕದ_ನಗರ_ಮತ್ತು_ಪಟ್ಟಣಗಳು,193,135,328,0.4116,33520
tewiki,knwiki,2026-06-23,10,8638952,Recipients_of_the_Sahitya_Akademi_Award_in_Kannada,41,21,62,0.3387,27178
tewiki,knwiki,2026-06-23,11,9760560,ಚುಟುಕು,1115,389,1504,0.2586,26786
tewiki,knwiki,2026-06-23,12,28399467,Poets_from_Karnataka,43,28,71,0.3944,25680
tewiki,knwiki,2026-06-23,13,8204202,ಕರ್ನಾಟಕ_ರಾಜ್ಯದ_ಗ್ರಾಮಗಳು,97,46,143,0.3217,23793
tewiki,knwiki,2026-06-23,14,8570347,ಕನ್ನಡ,96,16,112,0.1429,22063
tewiki,knwiki,2026-06-23,15,9740956,ಕವಿಗಳು,230,77,307,0.2508,21587
tewiki,knwiki,2026-06-23,16,9744792,ಕೇಂದ್ರ_ಸಾಹಿತ್ಯ_ಅಕಾಡೆಮಿ_ಪ್ರಶಸ್ತಿ_ಪುರಸ್ಕೃತರು,39,28,67,0.4179,17823
tewiki,knwiki,2026-06-23,17,8570330,ಕನ್ನಡ_ಚಲನಚಿತ್ರಗಳು,808,88,896,0.0982,17218
tewiki,knwiki,2026-06-23,18,10123254,Populated_places_in_Karnataka,187,100,287,0.3484,16788
tewiki,knwiki,2026-06-23,19,33044714,ಪಂಪ_ಪ್ರಶಸ್ತಿ_ಪುರಸ್ಕೃತರು,16,9,25,0.36,15969
tewiki,knwiki,2026-06-23,20,9731652,ಕನ್ನಡ_ವ್ಯಾಕರಣ,61,5,66,0.0758,15688
tewiki,knwiki,2026-06-23,21,8518422,ಕರ್ನಾಟಕದ_ಇತಿಹಾಸ,59,212,271,0.7823,15664
tewiki,knwiki,2026-06-23,22,8571051,Society_of_Karnataka,31,34,65,0.5231,15648
tewiki,knwiki,2026-06-23,23,33045230,ಉಲ್ಲೇಖವಿಲ್ಲದ_ಲೇಖನಗಳು,300,96,396,0.2424,15576
tewiki,knwiki,2026-06-23,24,8156046,Waterfalls_of_Karnataka,29,33,62,0.5323,15434
tewiki,knwiki,2026-06-23,25,9824273,ಲೇಖಕರು,235,53,288,0.184,14955
tewiki,knwiki,2026-06-23,26,9832977,ವಿಕೀಕರಣ_ಮಾಡಬೇಕಿರುವ_ಲೇಖನಗಳು,324,80,404,0.198,14458
tewiki,knwiki,2026-06-23,27,129212025,Tuveli:Izvopa,5,31,36,0.8611,12734
tewiki,knwiki,2026-06-23,28,8259,ಸಾಹಿತ್ಯ,153,378,531,0.7119,12241
tewiki,knwiki,2026-06-23,29,9824307,ಲೇಖಕಿಯರು,243,48,291,0.1649,11366
tewiki,knwiki,2026-06-23,30,4026633,Economics,187,266,453,0.5872,11189
tewiki,knwiki,2026-06-23,31,1457756,ಸಮಾಜ,151,446,597,0.7471,11150
tewiki,knwiki,2026-06-23,32,33097446,ವ್ಯಕ್ತಿಲು,34,138,172,0.8023,10800
tewiki,knwiki,2026-06-23,33,9724347,Paggene_scritte_int''e_dialette_d''o_Lazzio_Meridiunale,8,61,69,0.8841,10601
tewiki,knwiki,2026-06-23,34,5324335,Articles_to_be_merged,167,154,321,0.4798,10484
tewiki,knwiki,2026-06-23,35,9840024,কর্ণাটকের_শহর_সংক্রান্ত_অসম্পূর্ণ_নিবন্ধ,128,62,190,0.3263,10442
tewiki,knwiki,2026-06-23,36,1458484,ಭಾಷೆ,97,191,288,0.6632,10115
tewiki,knwiki,2026-06-23,37,33044729,ವ್ಯಾಕರಣ,32,6,38,0.1579,9848
tewiki,knwiki,2026-06-23,38,9997929,কর্ণাটকের_শহর,133,59,192,0.3073,9758
tewiki,knwiki,2026-06-23,39,7217198,ದ್ರಾವಿಡ_ಭಾಷೆಗಳು,70,33,103,0.3204,9568
tewiki,knwiki,2026-06-23,40,2944929,ಸಂಸ್ಕೃತಿ,125,854,979,0.8723,9541
tewiki,knwiki,2026-06-23,41,1983674,Philosophy,126,332,458,0.7249,9240
tewiki,knwiki,2026-06-23,42,1983760,ಮನೋವಿಜ್ಞಾನ,168,252,420,0.6,9034
tewiki,knwiki,2026-06-23,43,1457402,ಜೀವಶಾಸ್ತ್ರ,166,1000,1166,0.8576,8789
tewiki,knwiki,2026-06-23,44,9763802,ಜಾನಪದ,185,26,211,0.1232,8676
tewiki,knwiki,2026-06-23,45,4960490,ಭಾಷೆಗಳು,116,252,368,0.6848,8636
tewiki,knwiki,2026-06-23,46,33045176,ಲಿಂಗಾಯತ,35,11,46,0.2391,8481
tewiki,knwiki,2026-06-23,47,9715089,Economy,156,194,350,0.5543,8443
tewiki,knwiki,2026-06-23,48,9721953,ಉಲ್ಲೇಖಗಳ_ಅಗತ್ಯ_ಇರುವ_ಲೇಖನಗಳು,201,155,356,0.4354,8110
tewiki,knwiki,2026-06-23,49,33097447,ವ್ಯಕ್ತಿಲು/ಕವಿಕುಲು,4,3,7,0.4286,7733
tewiki,knwiki,2026-06-23,50,7023926,Sanskrit_words_and_phrases,95,459,554,0.8285,7695
tewiki,urwiki,2026-06-23,1,1984000,اسلام,2883,297,3180,0.0934,249322
tewiki,urwiki,2026-06-23,2,7130256,تاریخ_اسلام,1239,110,1349,0.0815,177833
tewiki,urwiki,2026-06-23,3,7935248,Алфавит_буйынса_ислам_шәхестәре,1145,52,1197,0.0434,128497
tewiki,urwiki,2026-06-23,4,1457673,جغرافیہ,51434,1127,52561,0.0214,120728
tewiki,urwiki,2026-06-23,5,1457595,تاریخ,1998,944,2942,0.3209,105243
tewiki,urwiki,2026-06-23,6,18640871,ساتویں_صدی_کی_عرب_شخصیات,710,13,723,0.018,101966
tewiki,urwiki,2026-06-23,7,1457903,مذہب,1321,461,1782,0.2587,100713
tewiki,urwiki,2026-06-23,8,6819512,عرب_شخصیات,629,45,674,0.0668,98303
tewiki,urwiki,2026-06-23,9,33029934,Articol_in_Milanes,7097,1920,9017,0.2129,98269
tewiki,urwiki,2026-06-23,10,7460289,اسلامی_اصطلاحات,1054,122,1176,0.1037,96404
tewiki,urwiki,2026-06-23,11,7217395,صحابہ_و_صحابیات,929,21,950,0.0221,94935
tewiki,urwiki,2026-06-23,12,8555432,Islam_saadjies,771,99,870,0.1138,93276
tewiki,urwiki,2026-06-23,13,7237892,مسلم_شخصیات,671,145,816,0.1777,91775
tewiki,urwiki,2026-06-23,14,1410960,ریاستہائے_متحدہ,44721,1592,46313,0.0344,88885
tewiki,urwiki,2026-06-23,15,6434591,شیعیت,418,25,443,0.0564,78582
tewiki,urwiki,2026-06-23,16,7129271,ساتویں_صدی_کی_شخصیات,294,22,316,0.0696,77348
tewiki,urwiki,2026-06-23,17,7144995,محمد_بن_عبد_اللہ,317,37,354,0.1045,71185
tewiki,urwiki,2026-06-23,18,6620777,Əlifba_sırasına_görə_alimlər,2697,581,3278,0.1772,68161
tewiki,urwiki,2026-06-23,19,23706330,Bu_dem_liwot,4365,526,4891,0.1075,66466
tewiki,urwiki,2026-06-23,20,9703480,Biôgrafia,3113,843,3956,0.2131,62592
tewiki,urwiki,2026-06-23,21,9126476,شہر,19259,285,19544,0.0146,62132
tewiki,urwiki,2026-06-23,22,9705320,Endrika_ampiasaina_amin'ny_jeografia,20842,878,21720,0.0404,62018
tewiki,urwiki,2026-06-23,23,7116163,مدنی_شخصیات,255,11,266,0.0414,61884
tewiki,urwiki,2026-06-23,24,7463616,اہل_سنت,278,44,322,0.1366,61673
tewiki,urwiki,2026-06-23,25,6426358,اہل_بیت,319,13,332,0.0392,61619
tewiki,urwiki,2026-06-23,26,8063242,مکہ_میں_پیدا_ہونے_والی_شخصیات,347,14,361,0.0388,60099
tewiki,urwiki,2026-06-23,27,7192108,Páginas_con_errores_en_secuencias_de_órdenes,2573,1311,3884,0.3375,58831
tewiki,urwiki,2026-06-23,28,32589508,ويکيډاټا_سرچينې_لرونکي_مخونه,1596,750,2346,0.3197,58828
tewiki,urwiki,2026-06-23,29,8602383,صحابہ,504,7,511,0.0137,58676
tewiki,urwiki,2026-06-23,30,7035269,Hahakeno_mihcaan_a_masofoc,2160,225,2385,0.0943,57461
tewiki,urwiki,2026-06-23,31,30307162,Иртә_ислам_тарихында_шәхестәр,239,9,248,0.0363,57174
tewiki,urwiki,2026-06-23,32,6826214,مکی_شخصیات,245,12,257,0.0467,56510
tewiki,urwiki,2026-06-23,33,9715949,Vikipedya:AY,544,298,842,0.3539,56009
tewiki,urwiki,2026-06-23,34,6958407,قریش,172,11,183,0.0601,55686
tewiki,urwiki,2026-06-23,35,69378717,TDVİA_شناسه‌سی‌له_مقاله‌لر,294,77,371,0.2075,54872
tewiki,urwiki,2026-06-23,36,1455849,پاکستان,765,215,980,0.2194,53030
tewiki,urwiki,2026-06-23,37,9729671,Gesjreve_in_'t_Mestreechs,1725,831,2556,0.3251,50556
tewiki,urwiki,2026-06-23,38,1411712,ایران,48308,83,48391,0.0017,49972
tewiki,urwiki,2026-06-23,39,9219064,مدینہ_منورہ_میں_وفات_پانے_والی_شخصیات,350,9,359,0.0251,48455
tewiki,urwiki,2026-06-23,40,7313171,قرآن_میں_مذکور_شخصیات,211,36,247,0.1457,47879
tewiki,urwiki,2026-06-23,41,138412008,2026_Wiki_Loves_Ramadan_contributions,153,38,191,0.199,47850
tewiki,urwiki,2026-06-23,42,7848912,علی_ابن_ابی_طالب,127,8,135,0.0593,46459
tewiki,urwiki,2026-06-23,43,7215263,قرآن,472,45,517,0.087,45810
tewiki,urwiki,2026-06-23,44,5753390,سیاست_دان,3077,603,3680,0.1639,45654
tewiki,urwiki,2026-06-23,45,7216315,خلفا,150,12,162,0.0741,44664
tewiki,urwiki,2026-06-23,46,6466283,مسلم_الٰہیات_دان,712,29,741,0.0391,44602
tewiki,urwiki,2026-06-23,47,9220893,28_مئی_کی_وفیات,108,11,119,0.0924,44124
tewiki,urwiki,2026-06-23,48,9715644,Wp/srn,298,81,379,0.2137,43817
tewiki,urwiki,2026-06-23,49,8289239,بنو_ہاشم,122,7,129,0.0543,43541
tewiki,urwiki,2026-06-23,50,9228737,21_اپریل_کی_پیدائشیں,258,25,283,0.0883,43279
urwiki,enwiki,2026-06-23,1,1410960,United_States,165520,46313,211833,0.2186,664504262
urwiki,enwiki,2026-06-23,2,3919762,American_people,100987,22475,123462,0.182,634858411
urwiki,enwiki,2026-06-23,3,3919792,Actors,35988,20623,56611,0.3643,296909051
urwiki,enwiki,2026-06-23,4,5479723,Film_actors,20281,16497,36778,0.4486,293035542
urwiki,enwiki,2026-06-23,5,6840573,English-language_films,55163,7013,62176,0.1128,280337386
urwiki,enwiki,2026-06-23,6,5611338,Association_football,141801,2471,144272,0.0171,243605239
urwiki,enwiki,2026-06-23,7,1457982,Sports,130153,2362,132515,0.0178,239818074
urwiki,enwiki,2026-06-23,8,3919868,American_films,28155,5579,33734,0.1654,233390201
urwiki,enwiki,2026-06-23,9,1411125,United_Kingdom,63390,11356,74746,0.1519,226983365
urwiki,enwiki,2026-06-23,10,5479560,Television_actors,16553,14449,31002,0.4661,224455669
urwiki,enwiki,2026-06-23,11,7835232,Əlifba_sırasına_görə_filmlər,28519,6684,35203,0.1899,223870547
urwiki,enwiki,2026-06-23,12,3919830,British_people,39348,5189,44537,0.1165,216290117
urwiki,enwiki,2026-06-23,13,9865921,Wikipedia:Wiphalakunap_Plantillankukuna,818,70,888,0.0788,212598418
urwiki,enwiki,2026-06-23,14,6508,Astronomy,4704,757,5461,0.1386,211148395
urwiki,enwiki,2026-06-23,15,33079992,Gamba_Peuniléh,22,2,24,0.0833,205724936
urwiki,enwiki,2026-06-23,16,9703480,Biôgrafia,21079,3956,25035,0.158,202226503
urwiki,enwiki,2026-06-23,17,9636824,Əlifba_sırasına_görə_musiqiçilər,21846,2726,24572,0.1109,197440691
urwiki,enwiki,2026-06-23,18,10074376,Pobo_sakizaya,6,1,7,0.1429,192330935
urwiki,enwiki,2026-06-23,19,9228737,Кандык_айдыҥ_21_кӱнинде_чыккандар,1417,283,1700,0.1665,191714223
urwiki,enwiki,2026-06-23,20,9220893,Кӱӱк_айдыҥ_28_кӱнинде_божогондор,571,119,690,0.1725,187995583
urwiki,enwiki,2026-06-23,21,129212025,Tuveli:Izvopa,356,97,453,0.2141,180987824
urwiki,enwiki,2026-06-23,22,9426612,Алфавит_буйынса_актёрҙар,7105,6434,13539,0.4752,180141576
urwiki,enwiki,2026-06-23,23,9280440,20th-century_American_people,19421,3192,22613,0.1412,150098950
urwiki,enwiki,2026-06-23,24,7220786,Selected_anniversaries,4,2,6,0.3333,149615104
urwiki,enwiki,2026-06-23,25,101008615,Wikipedia:Llistes_basaes_en_Wikidata,2,1,3,0.3333,149590053
urwiki,enwiki,2026-06-23,26,7217320,Singers,13457,2017,15474,0.1303,148167748
urwiki,enwiki,2026-06-23,27,6606401,Musicians,10953,1323,12276,0.1078,142528769
urwiki,enwiki,2026-06-23,28,9887283,موسيقى,19769,2550,22319,0.1143,141766217
urwiki,enwiki,2026-06-23,29,33029934,Articol_in_Milanes,24063,9017,33080,0.2726,135516908
urwiki,enwiki,2026-06-23,30,8206389,21st-century_American_people,9748,2319,12067,0.1922,134514043
urwiki,enwiki,2026-06-23,31,9724347,Paggene_scritte_int''e_dialette_d''o_Lazzio_Meridiunale,111,77,188,0.4096,134006767
urwiki,enwiki,2026-06-23,32,7140139,Drama_films,30630,4572,35202,0.1299,133967292
urwiki,enwiki,2026-06-23,33,6489138,English_people,14955,2283,17238,0.1324,133917650
urwiki,enwiki,2026-06-23,34,7063228,American_singers,5653,2404,8057,0.2984,132235909
urwiki,enwiki,2026-06-23,35,3919913,American_musicians,9701,1739,11440,0.152,130701461
urwiki,enwiki,2026-06-23,36,4966679,Wikipedia,261,215,476,0.4517,127704597
urwiki,enwiki,2026-06-23,37,7217464,Association_football_players,24655,523,25178,0.0208,126217057
urwiki,enwiki,2026-06-23,38,97269191,Pàgine_in_Zeneise-Grafia_unitäia,52,42,94,0.4468,126031243
urwiki,enwiki,2026-06-23,39,9698417,American_actors,6738,17196,23934,0.7185,123725155
urwiki,enwiki,2026-06-23,40,6836730,American_drama_films,15819,2887,18706,0.1543,123146754
urwiki,enwiki,2026-06-23,41,7192108,Pages_with_script_errors,7090,3884,10974,0.3539,113691558
urwiki,enwiki,2026-06-23,42,9759398,Беларуская_Вікіпедыя,1,1,2,0.5,112191794
urwiki,enwiki,2026-06-23,43,9687736,Алфавит_буйынса_йырсылар,5808,1704,7512,0.2268,110511816
urwiki,enwiki,2026-06-23,44,21770004,English-language_television_series,6473,284,6757,0.042,108663002
urwiki,enwiki,2026-06-23,45,6408784,21st-century_actors,3882,2905,6787,0.428,107302743
urwiki,enwiki,2026-06-23,46,9711126,Miranduléś,2466,1900,4366,0.4352,105367015
urwiki,enwiki,2026-06-23,47,7031042,American_people_of_Irish_descent,3859,2633,6492,0.4056,104060359
urwiki,enwiki,2026-06-23,48,9086578,Cantanti_in_attività,8496,1074,9570,0.1122,103982165
urwiki,enwiki,2026-06-23,49,1828849,American_people_of_German_descent,3755,2314,6069,0.3813,102060346
urwiki,enwiki,2026-06-23,50,7463286,مواليد_في_الولايات_المتحدة_الأمريكية,4764,2394,7158,0.3345,101905702
urwiki,bnwiki,2026-06-23,1,1455458,বাংলাদেশ,848,654,1502,0.4354,225687
urwiki,bnwiki,2026-06-23,2,1983910,হিন্দুধর্ম,1165,1105,2270,0.4868,196667
urwiki,bnwiki,2026-06-23,3,8950510,কলকাতা_বিশ্ববিদ্যালয়ের_প্রাক্তন_শিক্ষার্থী,877,523,1400,0.3736,162709
urwiki,bnwiki,2026-06-23,4,8297364,বাঙালি_হিন্দু,586,321,907,0.3539,160684
urwiki,bnwiki,2026-06-23,5,8297423,বাঙালি_লেখক,1064,277,1341,0.2066,153263
urwiki,bnwiki,2026-06-23,6,7116681,পশ্চিমবঙ্গের_ব্যক্তি,354,250,604,0.4139,136964
urwiki,bnwiki,2026-06-23,7,10095516,ঢাকা_বিশ্ববিদ্যালয়ের_প্রাক্তন_শিক্ষার্থী,1011,556,1567,0.3548,129215
urwiki,bnwiki,2026-06-23,8,8297418,বাঙালি_ব্যক্তি,318,542,860,0.6302,128126
urwiki,bnwiki,2026-06-23,9,8436106,বর্তমান_ফুটবল_মৌসুম,38,5,43,0.1163,125056
urwiki,bnwiki,2026-06-23,10,8297344,বাংলা_ভাষার_চলচ্চিত্র,2066,91,2157,0.0422,122609
urwiki,bnwiki,2026-06-23,11,8204863,২০২৬_ফিফা_বিশ্বকাপ,50,2,52,0.0385,122087
urwiki,bnwiki,2026-06-23,12,7015591,ফুটবল_প্রতিযোগিতা,133,23,156,0.1474,116624
urwiki,bnwiki,2026-06-23,13,5611338,ফুটবল,1171,2471,3642,0.6785,115328
urwiki,bnwiki,2026-06-23,14,6312404,ফিফা,61,34,95,0.3579,114010
urwiki,bnwiki,2026-06-23,15,15136349,২০২৬-এ_ফুটবল,29,1,30,0.0333,109141
urwiki,bnwiki,2026-06-23,16,6177550,পূর্ব_নির্ধারিত_ফুটবল_প্রতিযোগিতা,97,5,102,0.049,106825
urwiki,bnwiki,2026-06-23,17,7130623,বাংলা_ভাষার_লেখক,330,147,477,0.3082,104787
urwiki,bnwiki,2026-06-23,18,6015449,বাংলা_সাহিত্য,209,53,262,0.2023,104323
urwiki,bnwiki,2026-06-23,19,5650379,Association_football_competitions_for_national_teams,60,16,76,0.2105,100921
urwiki,bnwiki,2026-06-23,20,113522523,Fußballveranstaltung_2026,8,1,9,0.1111,96161
urwiki,bnwiki,2026-06-23,21,140053382,Sports_events_affected_by_the_2026_Iran_war,8,1,9,0.1111,90000
urwiki,bnwiki,2026-06-23,22,8437937,ফিফা_বিশ্বকাপ,53,57,110,0.5182,88931
urwiki,bnwiki,2026-06-23,23,6941044,মার্কিন_যুক্তরাষ্ট্রের_ফুটবল_প্রতিযোগিতা,12,2,14,0.1429,88326
urwiki,bnwiki,2026-06-23,24,6940876,স্বাগতিক_মার্কিন_যুক্তরাষ্ট্রে_আন্তর্জাতিক_ফুটবল_প্রতিযোগিতা,12,2,14,0.1429,88003
urwiki,bnwiki,2026-06-23,25,9573039,Competicions_esportivas_mundials_celebradas_en_Estaus_Unius,5,1,6,0.1667,84349
urwiki,bnwiki,2026-06-23,26,4325,বাংলাদেশের_ইতিহাস,220,208,428,0.486,84090
urwiki,bnwiki,2026-06-23,27,6961740,মার্কিন_যুক্তরাষ্ট্রে_ফুটবল,27,7,34,0.2059,82699
urwiki,bnwiki,2026-06-23,28,7146693,পশ্চিমবঙ্গ,192,165,357,0.4622,81139
urwiki,bnwiki,2026-06-23,29,8912251,পশ্চিমবঙ্গের_রাজনীতিবিদ,227,76,303,0.2508,80791
urwiki,bnwiki,2026-06-23,30,134688305,2026_in_men's_association_football,4,1,5,0.2,80787
urwiki,bnwiki,2026-06-23,31,10127562,Vykstantys_futbolo_įvykiai,4,1,5,0.2,80643
urwiki,bnwiki,2026-06-23,32,15270160,পশ্চিমবঙ্গের_লোকসভা_সদস্য,248,62,310,0.2,79948
urwiki,bnwiki,2026-06-23,33,8790664,"প্রেসিডেন্সি_বিশ্ববিদ্যালয়,_কলকাতার_প্রাক্তন_শিক্ষার্থী",152,92,244,0.377,79509
urwiki,bnwiki,2026-06-23,34,7023926,সংস্কৃত_শব্দ_ও_বাক্যাংশ,681,352,1033,0.3408,79375
urwiki,bnwiki,2026-06-23,35,7058427,Football_in_Mexico,15,5,20,0.25,77612
urwiki,bnwiki,2026-06-23,36,8882831,কলকাতা_বিশ্ববিদ্যালয়ের_শিক্ষক,183,75,258,0.2907,77519
urwiki,bnwiki,2026-06-23,37,6456601,বাংলাদেশী_ব্যক্তি,241,285,526,0.5418,76191
urwiki,bnwiki,2026-06-23,38,125068152,Mexico–United_States_sports_relations,3,1,4,0.25,75849
urwiki,bnwiki,2026-06-23,39,132475993,2025–26_in_Mexican_football,3,1,4,0.25,75673
urwiki,bnwiki,2026-06-23,40,28400393,পশ্চিমবঙ্গের_ভারতীয়_জাতীয়_কংগ্রেসের_রাজনীতিবিদ,253,60,313,0.1917,75623
urwiki,bnwiki,2026-06-23,41,65790822,Mistrovství_světa_v_roce_2026,3,1,4,0.25,75620
urwiki,bnwiki,2026-06-23,42,6372411,স্বাগতিক_কানাডায়_আন্তর্জাতিক_ফুটবল_প্রতিযোগিতা,3,1,4,0.25,75615
urwiki,bnwiki,2026-06-23,43,7217464,ফুটবলার,1299,523,1822,0.287,75602
urwiki,bnwiki,2026-06-23,44,55079764,2026_in_the_United_States,18,7,25,0.28,74047
urwiki,bnwiki,2026-06-23,45,28429228,কলকাতার_লেখক,192,131,323,0.4056,73498
urwiki,bnwiki,2026-06-23,46,7051864,বাঙালি_কবি,223,42,265,0.1585,73205
urwiki,bnwiki,2026-06-23,47,7777923,বাংলার_ইতিহাস,206,170,376,0.4521,72801
urwiki,bnwiki,2026-06-23,48,8055972,مواليد_في_كلكتا,309,428,737,0.5807,71100
urwiki,bnwiki,2026-06-23,49,6963127,কানাডায়_ফুটবল,7,3,10,0.3,70856
urwiki,bnwiki,2026-06-23,50,138208396,ত্রয়োদশ_জাতীয়_সংসদ_সদস্য,169,144,313,0.4601,68839
urwiki,hiwiki,2026-06-23,1,1983910,हिन्दू_धर्म,1308,1105,2413,0.4579,878741
urwiki,hiwiki,2026-06-23,2,7023926,संस्कृत_शब्द,498,352,850,0.4141,330981
urwiki,hiwiki,2026-06-23,3,7030483,भारतीय_राजनीतिज्ञ,640,919,1559,0.5895,327027
urwiki,hiwiki,2026-06-23,4,4630,भारत_का_इतिहास,411,1188,1599,0.743,275243
urwiki,hiwiki,2026-06-23,5,6944392,भारतीय_राजनीति,171,232,403,0.5757,240395
urwiki,hiwiki,2026-06-23,6,6884057,हिन्दू_पौराणिक_कथाएँ,343,226,569,0.3972,235211
urwiki,hiwiki,2026-06-23,7,7479566,हिन्दू_मन्दिर,255,132,387,0.3411,217151
urwiki,hiwiki,2026-06-23,8,8514724,हिन्दू_ग्रन्थ,269,81,350,0.2314,204947
urwiki,hiwiki,2026-06-23,9,7368887,वैष्णव_सम्प्रदाय,167,129,296,0.4358,203876
urwiki,hiwiki,2026-06-23,10,7291943,भारतीय_संस्कृति,341,440,781,0.5634,195357
urwiki,hiwiki,2026-06-23,11,7467137,भारत_सरकार,237,156,393,0.3969,194774
urwiki,hiwiki,2026-06-23,12,8514373,हिन्दू_देवी-देवता,220,161,381,0.4226,194620
urwiki,hiwiki,2026-06-23,13,6483339,भारतीय_साहित्य,223,230,453,0.5077,189441
urwiki,hiwiki,2026-06-23,14,7210139,संस्कृत_ग्रन्थ,382,76,458,0.1659,188582
urwiki,hiwiki,2026-06-23,15,8514332,हिन्दी_साहित्य,515,76,591,0.1286,178803
urwiki,hiwiki,2026-06-23,16,8703545,संस्कृत,307,154,461,0.3341,178219
urwiki,hiwiki,2026-06-23,17,8134731,उत्तराखण्ड,10649,113,10762,0.0105,174774
urwiki,hiwiki,2026-06-23,18,7469660,महाभारत,185,94,279,0.3369,164931
urwiki,hiwiki,2026-06-23,19,8299881,बिहार,561,160,721,0.2219,162157
urwiki,hiwiki,2026-06-23,20,8298820,भारतीय_जनता_पार्टी_के_राजनीतिज्ञ,410,388,798,0.4862,159452
urwiki,hiwiki,2026-06-23,21,8514335,हिन्दी_कवि,202,106,308,0.3442,151917
urwiki,hiwiki,2026-06-23,22,16889330,१६वीं_लोक_सभा_के_सदस्य,447,129,576,0.224,148150
urwiki,hiwiki,2026-06-23,23,7216403,योग,233,90,323,0.2786,146351
urwiki,hiwiki,2026-06-23,24,6994462,भारत_के_लोग,288,2830,3118,0.9076,144982
urwiki,hiwiki,2026-06-23,25,6018382,संस्कृत_साहित्य,225,93,318,0.2925,144273
urwiki,hiwiki,2026-06-23,26,7214270,हिन्दू_देवता,125,137,262,0.5229,143495
urwiki,hiwiki,2026-06-23,27,6935497,भारतीय_दर्शन,264,159,423,0.3759,142738
urwiki,hiwiki,2026-06-23,28,7468907,रामायण,132,67,199,0.3367,137693
urwiki,hiwiki,2026-06-23,29,1983832,बौद्ध_धर्म,380,367,747,0.4913,136413
urwiki,hiwiki,2026-06-23,30,8620267,राज्यसभा_सदस्य,287,272,559,0.4866,135140
urwiki,hiwiki,2026-06-23,31,6315948,शैव,114,97,211,0.4597,134143
urwiki,hiwiki,2026-06-23,32,7146649,उत्तर_प्रदेश,232,294,526,0.5589,132498
urwiki,hiwiki,2026-06-23,33,8545244,भारतीय_स्वतंत्रता_सेनानी,313,333,646,0.5155,131956
urwiki,hiwiki,2026-06-23,34,9207466,Characters_in_the_Mahabharata,193,88,281,0.3132,131531
urwiki,hiwiki,2026-06-23,35,7229535,पद्म_भूषण_सम्मान_प्राप्तकर्ता,503,324,827,0.3918,131486
urwiki,hiwiki,2026-06-23,36,90838429,हिंदी_भाषा_की_फिल्में,4,0,4,0.0,130089
urwiki,hiwiki,2026-06-23,37,8514384,हिन्दू_देवियाँ,156,105,261,0.4023,129098
urwiki,hiwiki,2026-06-23,38,6958819,भारतीय_दार्शनिक,144,169,313,0.5399,124475
urwiki,hiwiki,2026-06-23,39,8514545,भारत_में_हिन्दू_मंदिर,106,69,175,0.3943,123109
urwiki,hiwiki,2026-06-23,40,8619678,लोक_सभा_सदस्य,176,315,491,0.6415,122020
urwiki,hiwiki,2026-06-23,41,8842210,भारत_में_मंदिर,145,64,209,0.3062,121360
urwiki,hiwiki,2026-06-23,42,8545259,भारतीय_स्वतन्त्रता_संग्राम,163,324,487,0.6653,120604
urwiki,hiwiki,2026-06-23,43,8514418,हिन्दू_तीर्थ_स्थल,92,132,224,0.5893,120514
urwiki,hiwiki,2026-06-23,44,7142652,हिन्दी,401,92,493,0.1866,118739
urwiki,hiwiki,2026-06-23,45,9727294,ಕಡತ_ಕೊಂಡಿಗಳು_ಮುರಿದಿರುವ_ಪುಟಗಳು,213,799,1012,0.7895,117432
urwiki,hiwiki,2026-06-23,46,82515714,People_from_India,142,744,886,0.8397,117069
urwiki,hiwiki,2026-06-23,47,7146502,राजस्थान,178,203,381,0.5328,116314
urwiki,hiwiki,2026-06-23,48,7006468,भारतीय_सम्राट,203,257,460,0.5587,114027
urwiki,hiwiki,2026-06-23,49,28582468,चित्र_के_साथ_ज्ञानसन्दूक_अवस्थापन_प्रयोग_करने_वाले_लेख,700,1140,1840,0.6196,113168
urwiki,hiwiki,2026-06-23,50,1458083,विज्ञान,591,1991,2582,0.7711,112708
urwiki,tawiki,2026-06-23,1,125498801,இந்தியத்_தமிழ்த்_திரைப்படங்கள்,5435,206,5641,0.0365,439219
urwiki,tawiki,2026-06-23,2,8828978,தமிழ்த்_திரைப்படங்கள்,2066,179,2245,0.0797,250141
urwiki,tawiki,2026-06-23,3,1983910,இந்து_சமயம்,1476,1105,2581,0.4281,192172
urwiki,tawiki,2026-06-23,4,7146096,தமிழ்நாடு,299,193,492,0.3923,109073
urwiki,tawiki,2026-06-23,5,8829132,தமிழக_அரசியல்வாதிகள்,356,50,406,0.1232,100346
urwiki,tawiki,2026-06-23,6,6375729,தமிழ்_இலக்கியம்,238,26,264,0.0985,91323
urwiki,tawiki,2026-06-23,7,8773403,தமிழக_அரசியல்,332,11,343,0.0321,88187
urwiki,tawiki,2026-06-23,8,8389687,திராவிட_முன்னேற்றக்_கழக_அரசியல்வாதிகள்,666,28,694,0.0403,83178
urwiki,tawiki,2026-06-23,9,16816615,இளையராஜா_இசையமைத்த_திரைப்படங்கள்,633,43,676,0.0636,79501
urwiki,tawiki,2026-06-23,10,7234405,தமிழ்நாட்டினர்,175,145,320,0.4531,78440
urwiki,tawiki,2026-06-23,11,16806549,மறு_ஆக்கம்_செய்யப்பட்ட_தமிழ்த்_திரைப்படங்கள்,504,30,534,0.0562,72438
urwiki,tawiki,2026-06-23,12,32910244,தேவாரம்_பாடல்_பெற்ற_சிவன்_கோயில்கள்,286,6,292,0.0205,71313
urwiki,tawiki,2026-06-23,13,7030483,இந்திய_அரசியல்வாதிகள்,956,919,1875,0.4901,70962
urwiki,tawiki,2026-06-23,14,8544606,இந்தியத்_தமிழர்,134,90,224,0.4018,70409
urwiki,tawiki,2026-06-23,15,10082887,பாடல்_பெற்ற_தலங்கள்,269,6,275,0.0218,65856
urwiki,tawiki,2026-06-23,16,8829471,தமிழ்க்_கவிஞர்கள்,190,16,206,0.0777,65539
urwiki,tawiki,2026-06-23,17,25220062,தமிழக_எழுத்தாளர்கள்,774,14,788,0.0178,62224
urwiki,tawiki,2026-06-23,18,7705588,தமிழ்நாடு_மாநிலத்திலுள்ள_ஊர்களும்_நகரங்களும்,734,222,956,0.2322,61205
urwiki,tawiki,2026-06-23,19,45360258,Populated_places_in_Tamil_Nadu,746,207,953,0.2172,60983
urwiki,tawiki,2026-06-23,20,8829239,தமிழ்த்_திரைப்பட_இயக்குநர்கள்,274,209,483,0.4327,60324
urwiki,tawiki,2026-06-23,21,28461189,Films_shot_in_Chennai,418,65,483,0.1346,57693
urwiki,tawiki,2026-06-23,22,8235571,அனைத்திந்திய_அண்ணா_திராவிட_முன்னேற்றக்_கழக_அரசியல்வாதிகள்,673,39,712,0.0548,56638
urwiki,tawiki,2026-06-23,23,106748938,16_ஆவது_தமிழ்நாடு_சட்டமன்ற_உறுப்பினர்கள்,240,10,250,0.04,55788
urwiki,tawiki,2026-06-23,24,1457109,தாவரங்கள்,668,503,1171,0.4295,55631
urwiki,tawiki,2026-06-23,25,8955996,தமிழர்,132,138,270,0.5111,54919
urwiki,tawiki,2026-06-23,26,4678533,Əlifba_sırasına_görə_heyvanlar,2218,560,2778,0.2016,54270
urwiki,tawiki,2026-06-23,27,6301201,21-ஆம்_நூற்றாண்டு_இந்திய_அரசியல்வாதிகள்,814,609,1423,0.428,53071
urwiki,tawiki,2026-06-23,28,5610882,«نوع»_میکروفورماتلاری_اولان_مقاله‌لر,531,475,1006,0.4722,52837
urwiki,tawiki,2026-06-23,29,30513052,14_ஆவது_தமிழ்நாடு_சட்டமன்ற_உறுப்பினர்கள்,226,19,245,0.0776,52824
urwiki,tawiki,2026-06-23,30,30513027,15_ஆவது_தமிழ்நாடு_சட்டமன்ற_உறுப்பினர்கள்,227,11,238,0.0462,51282
urwiki,tawiki,2026-06-23,31,7479561,தமிழ்நாட்டு_இந்துக்_கோயில்கள்,173,9,182,0.0495,49438
urwiki,tawiki,2026-06-23,32,32910847,நாட்டுடைமை_நூல்களின்_ஆசிரியர்கள்,172,5,177,0.0282,49339
urwiki,tawiki,2026-06-23,33,8637627,கலைமாமணி_விருது_பெற்றவர்கள்,199,125,324,0.3858,49312
urwiki,tawiki,2026-06-23,34,86524968,తమిళనాడు_వ్యక్తులు,215,39,254,0.1535,49229
urwiki,tawiki,2026-06-23,35,139672559,17_ஆவது_தமிழ்நாடு_சட்டமன்ற_உறுப்பினர்கள்,55,12,67,0.1791,49229
urwiki,tawiki,2026-06-23,36,15271863,தமிழ்த்_திரைப்பட_நடிகர்கள்,237,659,896,0.7355,48477
urwiki,tawiki,2026-06-23,37,9136489,Tamile,83,63,146,0.4315,47979
urwiki,tawiki,2026-06-23,38,6315948,சைவ_சமயம்,253,97,350,0.2771,47757
urwiki,tawiki,2026-06-23,39,6884057,இந்து_தொன்மவியல்,341,226,567,0.3986,47685
urwiki,tawiki,2026-06-23,40,8891990,மருத்துவத்_தாவரங்கள்,472,333,805,0.4137,47464
urwiki,tawiki,2026-06-23,41,8829016,Tamil-language_writers,142,22,164,0.1341,47239
urwiki,tawiki,2026-06-23,42,15918083,Taxa_named_by_Carl_Linnaeus,626,384,1010,0.3802,46905
urwiki,tawiki,2026-06-23,43,7021473,தமிழக_அரசு_திரைப்பட_விருது_வெற்றியாளர்கள்,81,155,236,0.6568,46841
urwiki,tawiki,2026-06-23,44,15354487,தேனி_மாவட்ட_மக்கள்,58,9,67,0.1343,46813
urwiki,tawiki,2026-06-23,45,10134118,விக்கிப்படுத்தப்பட_வேண்டிய_கட்டுரைகள்,481,151,632,0.2389,46756
urwiki,tawiki,2026-06-23,46,6301200,இருபதாம்_நூற்றாண்டு_இந்திய_அரசியல்வாதிகள்,717,496,1213,0.4089,46554
urwiki,tawiki,2026-06-23,47,8457607,Films_set_in_Chennai,293,45,338,0.1331,46202
urwiki,tawiki,2026-06-23,48,61379777,2018_தமிழ்த்_திரைப்படங்கள்,109,14,123,0.1138,46107
urwiki,tawiki,2026-06-23,49,30819078,13_ஆவது_தமிழ்நாடு_சட்டமன்ற_உறுப்பினர்கள்,184,8,192,0.0417,45329
urwiki,tawiki,2026-06-23,50,1457402,உயிரியல்,673,1550,2223,0.6973,44773
urwiki,tewiki,2026-06-23,1,1983910,హిందూమతం,1138,1105,2243,0.4926,126681
urwiki,tewiki,2026-06-23,2,8838328,తెలుగు_సినిమాలు,681,136,817,0.1665,82307
urwiki,tewiki,2026-06-23,3,8838402,తెలుగువారు,487,293,780,0.3756,67835
urwiki,tewiki,2026-06-23,4,7238283,ఆంధ్రప్రదేశ్,2727,331,3058,0.1082,66964
urwiki,tewiki,2026-06-23,5,8838408,Telugu_politicians,496,56,552,0.1014,48032
urwiki,tewiki,2026-06-23,6,8838360,తెలుగుదేశం_పార్టీ_రాజకీయ_నాయకులు,437,40,477,0.0839,43152
urwiki,tewiki,2026-06-23,7,8838370,తెలుగు_సినిమా_నటులు,314,395,709,0.5571,41881
urwiki,tewiki,2026-06-23,8,8544525,భారత_జాతీయ_కాంగ్రెస్_నాయకులు,1115,508,1623,0.313,40680
urwiki,tewiki,2026-06-23,9,8838415,తెలుగు_కవులు,725,30,755,0.0397,40225
urwiki,tewiki,2026-06-23,10,32990022,బ్రహ్మానందం_నటించిన_సినిమాలు,718,37,755,0.049,38509
urwiki,tewiki,2026-06-23,11,7030483,భారత_రాజకీయ_నాయకులు,670,919,1589,0.5784,38025
urwiki,tewiki,2026-06-23,12,9914779,హిందూమత_మూసలు,139,65,204,0.3186,37241
urwiki,tewiki,2026-06-23,13,9898839,విస్తరించవలసిన_వ్యాసాలు,574,542,1116,0.4857,37205
urwiki,tewiki,2026-06-23,14,19359093,"Films_shot_in_Hyderabad,_India",449,118,567,0.2081,36833
urwiki,tewiki,2026-06-23,15,8838381,తెలుగు_సినిమా_దర్శకులు,254,195,449,0.4343,36450
urwiki,tewiki,2026-06-23,16,5610882,Articles_with_'species'_microformats,644,475,1119,0.4245,33866
urwiki,tewiki,2026-06-23,17,138797084,2026_తెలుగు_సినిమాలు,45,8,53,0.1509,33348
urwiki,tewiki,2026-06-23,18,7116650,ఆంధ్రప్రదేశ్_వ్యక్తులు,245,135,380,0.3553,33183
urwiki,tewiki,2026-06-23,19,8833948,తెలంగాణ,220,84,304,0.2763,32910
urwiki,tewiki,2026-06-23,20,15280486,Nandi_Award_winners,118,240,358,0.6704,32790
urwiki,tewiki,2026-06-23,21,16808048,Telugu_films_remade_in_other_languages,365,33,398,0.0829,31681
urwiki,tewiki,2026-06-23,22,6884057,Hindu_mythology,156,226,382,0.5916,30632
urwiki,tewiki,2026-06-23,23,7479566,Hindu_temples,333,132,465,0.2839,30088
urwiki,tewiki,2026-06-23,24,32990197,సత్యనారాయణ_నటించిన_సినిమాలు,503,7,510,0.0137,29214
urwiki,tewiki,2026-06-23,25,9822362,తెలుగు_సినిమా,100,19,119,0.1597,29010
urwiki,tewiki,2026-06-23,26,125498801,Tamil-language_Indian_films,648,206,854,0.2412,28838
urwiki,tewiki,2026-06-23,27,32990031,చంద్రమోహన్_నటించిన_సినిమాలు,518,10,528,0.0189,28734
urwiki,tewiki,2026-06-23,28,9821166,తెలుగు_రచయితలు,838,17,855,0.0199,28569
urwiki,tewiki,2026-06-23,29,32985146,హిందూ_దేవాలయాలు,507,42,549,0.0765,27619
urwiki,tewiki,2026-06-23,30,32986647,తెలుగు_కుటుంబకథా_సినిమాలు,551,17,568,0.0299,27560
urwiki,tewiki,2026-06-23,31,8596009,సంవత్సరం_వారీగా_తెలుగు_సినిమాల_జాబితాలు,100,0,100,0.0,26844
urwiki,tewiki,2026-06-23,32,7230830,పద్మశ్రీ_పురస్కార_గ్రహీతలు,747,632,1379,0.4583,26577
urwiki,tewiki,2026-06-23,33,8838407,Telugu_poets,129,15,144,0.1042,25457
urwiki,tewiki,2026-06-23,34,8514373,హిందూ_దేవతలు,155,161,316,0.5095,24143
urwiki,tewiki,2026-06-23,35,32990106,అల్లు_రామలింగయ్య_నటించిన_సినిమాలు,409,4,413,0.0097,24045
urwiki,tewiki,2026-06-23,36,25076423,Indian_National_Congress_politicians_from_Andhra_Pradesh,292,43,335,0.1284,23988
urwiki,tewiki,2026-06-23,37,8251814,ఆంధ్రప్రదేశ్_రాజకీయ_నాయకులు,190,37,227,0.163,23400
urwiki,tewiki,2026-06-23,38,32990033,కోట_శ్రీనివాసరావు_నటించిన_సినిమాలు,386,16,402,0.0398,23062
urwiki,tewiki,2026-06-23,39,19549556,Filmfare_Awards_South_winners,114,421,535,0.7869,22977
urwiki,tewiki,2026-06-23,40,9747012,తెలుగు_కళాకారులు,175,49,224,0.2188,22418
urwiki,tewiki,2026-06-23,41,16799223,తెలంగాణ_రాజకీయ_నాయకులు,233,34,267,0.1273,22272
urwiki,tewiki,2026-06-23,42,8458026,Films_shot_in_Andhra_Pradesh,200,38,238,0.1597,21947
urwiki,tewiki,2026-06-23,43,8298820,భారతీయ_జనతా_పార్టీ_రాజకీయ_నాయకులు,1234,388,1622,0.2392,21622
urwiki,tewiki,2026-06-23,44,9822824,తెలుగు_సినిమా_నిర్మాతలు,173,56,229,0.2445,21542
urwiki,tewiki,2026-06-23,45,7211829,All_articles_covered_by_WikiProject_Wikify,918,320,1238,0.2585,20488
urwiki,tewiki,2026-06-23,46,9829327,నంది_పురస్కారాలు,182,62,244,0.2541,19847
urwiki,tewiki,2026-06-23,47,6994462,భారతీయులు,316,2830,3146,0.8996,19691
urwiki,tewiki,2026-06-23,48,8838391,తెలుగు,53,14,67,0.209,19680
urwiki,tewiki,2026-06-23,49,15095479,Wikipedia_articles_with_MusicBrainz_identifiers,167,349,516,0.6764,19627
urwiki,tewiki,2026-06-23,50,9207466,మహాభారతంలోని_పాత్రలు,134,88,222,0.3964,19582
urwiki,mlwiki,2026-06-23,1,8601100,മലയാളം_എഴുത്തുകാർ,392,76,468,0.1624,108710
urwiki,mlwiki,2026-06-23,2,8601086,മലയാളകവികൾ,240,33,273,0.1209,94122
urwiki,mlwiki,2026-06-23,3,28399465,Poets_from_Kerala,126,20,146,0.137,78032
urwiki,mlwiki,2026-06-23,4,8891990,ഔഷധസസ്യങ്ങൾ,1254,333,1587,0.2098,73120
urwiki,mlwiki,2026-06-23,5,1457109,സസ്യങ്ങൾ,1334,503,1837,0.2738,69903
urwiki,mlwiki,2026-06-23,6,14513212,കേരളത്തിലെ_സസ്യജാലം,1150,109,1259,0.0866,67617
urwiki,mlwiki,2026-06-23,7,7051430,മലയാളികൾ,471,248,719,0.3449,67307
urwiki,mlwiki,2026-06-23,8,8637632,കേരള_സാഹിത്യ_അക്കാദമി_പുരസ്കാരം_ലഭിച്ചവർ,303,47,350,0.1343,66128
urwiki,mlwiki,2026-06-23,9,6262773,കേരളം,332,190,522,0.364,55637
urwiki,mlwiki,2026-06-23,10,5610882,«نوع»_میکروفورماتلاری_اولان_مقاله‌لر,575,475,1050,0.4524,52375
urwiki,mlwiki,2026-06-23,11,4678533,Əlifba_sırasına_görə_heyvanlar,1735,560,2295,0.244,51554
urwiki,mlwiki,2026-06-23,12,15918083,കാൾ_ലിനേയസ്_നാമകരണം_ചെയ്തവ,866,384,1250,0.3072,49314
urwiki,mlwiki,2026-06-23,13,6641172,വൃക്ഷങ്ങൾ,873,196,1069,0.1833,45592
urwiki,mlwiki,2026-06-23,14,8638955,കേന്ദ്ര_സാഹിത്യ_അക്കാദമി_പുരസ്കാരം_ലഭിച്ച_മലയാളികൾ,75,12,87,0.1379,43404
urwiki,mlwiki,2026-06-23,15,10022040,मलयालम_साहित्यकार,25,11,36,0.3056,42292
urwiki,mlwiki,2026-06-23,16,8954432,Writers_from_Kerala,165,48,213,0.2254,41995
urwiki,mlwiki,2026-06-23,17,10101436,മലയാളം_നോവലെഴുത്തുകാർ,147,22,169,0.1302,37301
urwiki,mlwiki,2026-06-23,18,21979429,Botanical_taxa_named_by_Carl_Linnaeus,554,203,757,0.2682,37033
urwiki,mlwiki,2026-06-23,19,8601060,മലയാളം,65,11,76,0.1447,36822
urwiki,mlwiki,2026-06-23,20,8601011,മലയാളചലച്ചിത്രങ്ങൾ,811,67,878,0.0763,36467
urwiki,mlwiki,2026-06-23,21,7157113,ഓഷധികൾ,369,236,605,0.3901,36121
urwiki,mlwiki,2026-06-23,22,6178282,പുഷ്പിക്കുന്ന_സസ്യങ്ങൾ,1011,148,1159,0.1277,34454
urwiki,mlwiki,2026-06-23,23,7116687,കേരളീയർ,143,240,383,0.6266,33862
urwiki,mlwiki,2026-06-23,24,25039335,Lists_of_plant_species,791,152,943,0.1612,33783
urwiki,mlwiki,2026-06-23,25,7139274,ഏഷ്യയിലെ_സസ്യജാലം,473,185,658,0.2812,33713
urwiki,mlwiki,2026-06-23,26,8324919,കേരളചരിത്രം,256,56,312,0.1795,33122
urwiki,mlwiki,2026-06-23,27,8725723,ആലപ്പുഴ_ജില്ലയിൽ_ജനിച്ചവർ,148,43,191,0.2251,32938
urwiki,mlwiki,2026-06-23,28,9938067,കവിതക്കുള്ള_കേരള_സാഹിത്യ_അക്കാദമി_പുരസ്കാരം_ലഭിച്ചവർ,55,7,62,0.1129,32921
urwiki,mlwiki,2026-06-23,29,7223431,ഇന്ത്യയിലെ_സസ്യജാലം,480,108,588,0.1837,32285
urwiki,mlwiki,2026-06-23,30,4056905,സസ്യശാസ്ത്രം,462,386,848,0.4552,32171
urwiki,mlwiki,2026-06-23,31,8765143,أنواع_نباتية,443,193,636,0.3035,31996
urwiki,mlwiki,2026-06-23,32,8601112,രാഷ്ട്രീയക്കാരായ_മലയാളികൾ,230,30,260,0.1154,31929
urwiki,mlwiki,2026-06-23,33,10099449,മലയാള_കഥാകൃത്തുക്കൾ,132,19,151,0.1258,31884
urwiki,mlwiki,2026-06-23,34,9757156,Plants_described_in_1753,464,217,681,0.3186,31780
urwiki,mlwiki,2026-06-23,35,9204480,അലങ്കാരസസ്യങ്ങൾ,631,138,769,0.1795,30654
urwiki,mlwiki,2026-06-23,36,8544526,കേരളത്തിലെ_ഇന്ത്യൻ_നാഷണൽ_കോൺഗ്രസ്_പ്രവർത്തകർ,322,22,344,0.064,30589
urwiki,mlwiki,2026-06-23,37,1983910,ഹൈന്ദവം,316,1105,1421,0.7776,30265
urwiki,mlwiki,2026-06-23,38,14512596,Flora_of_Tamil_Nadu,298,69,367,0.188,30107
urwiki,mlwiki,2026-06-23,39,43193677,Novelists_from_Kerala,114,28,142,0.1972,29350
urwiki,mlwiki,2026-06-23,40,10011866,भारतीय_साहित्यकार,20,22,42,0.5238,28948
urwiki,mlwiki,2026-06-23,41,10135401,വയലാർ_പുരസ്കാരം_ലഭിച്ചവർ,35,5,40,0.125,28889
urwiki,mlwiki,2026-06-23,42,9963711,കേരളത്തിലെ_വൃക്ഷങ്ങൾ,625,44,669,0.0658,28496
urwiki,mlwiki,2026-06-23,43,8572908,കേരളത്തിലെ_രാഷ്ട്രീയപ്രവർത്തകർ,189,22,211,0.1043,28397
urwiki,mlwiki,2026-06-23,44,15291341,മലപ്പുറം_ജില്ലയിൽ_ജനിച്ചവർ,142,31,173,0.1792,28185
urwiki,mlwiki,2026-06-23,45,6518894,പുഷ്പങ്ങൾ,549,121,670,0.1806,26378
urwiki,mlwiki,2026-06-23,46,9464335,Təhlükədə_olmayan_növlər,825,230,1055,0.218,26245
urwiki,mlwiki,2026-06-23,47,32986849,కేరళ_వ్యక్తులు,97,66,163,0.4049,26010
urwiki,mlwiki,2026-06-23,48,9925787,ഓടക്കുഴൽ_പുരസ്കാരജേതാക്കൾ,35,8,43,0.186,25942
urwiki,mlwiki,2026-06-23,49,139672698,പതിനാറാം_കേരള_നിയമസഭാംഗങ്ങൾ,110,11,121,0.0909,25519
urwiki,mlwiki,2026-06-23,50,7021413,Kerala_State_Film_Award_winners,101,190,291,0.6529,25128
urwiki,mrwiki,2026-06-23,1,25351284,कायमचे_मृत_बाह्य_दुवे_असणारे_लेख,1714,1220,2934,0.4158,128908
urwiki,mrwiki,2026-06-23,2,8607868,मराठी_व्यक्ती,347,303,650,0.4662,85620
urwiki,mrwiki,2026-06-23,3,8607853,मराठी_लेखक,1108,92,1200,0.0767,81816
urwiki,mrwiki,2026-06-23,4,7234470,महाराष्ट्रातील_व्यक्ती,367,375,742,0.5054,80767
urwiki,mrwiki,2026-06-23,5,8595825,महाराष्ट्रामधील_राजकारणी,495,88,583,0.1509,79946
urwiki,mrwiki,2026-06-23,6,7238246,महाराष्ट्र,315,292,607,0.4811,79591
urwiki,mrwiki,2026-06-23,7,10007867,मराठी_राजकारणी,400,77,477,0.1614,60075
urwiki,mrwiki,2026-06-23,8,7030483,भारतीय_राजकारणी,1040,919,1959,0.4691,57245
urwiki,mrwiki,2026-06-23,9,7476999,मराठा_साम्राज्य,103,100,203,0.4926,44229
urwiki,mrwiki,2026-06-23,10,59771339,एक_ही_संदर्भ_नसलेले_लेख,621,257,878,0.2927,41998
urwiki,mrwiki,2026-06-23,11,8607871,मराठी_कवी,243,23,266,0.0865,38614
urwiki,mrwiki,2026-06-23,12,7705378,महाराष्ट्र_राज्यातील_शहरे_व_गावे,1612,177,1789,0.0989,32495
urwiki,mrwiki,2026-06-23,13,10009098,मराठी_संत,54,12,66,0.1818,28415
urwiki,mrwiki,2026-06-23,14,15270147,महाराष्ट्रातील_लोकसभा_सदस्य,206,39,245,0.1592,26994
urwiki,mrwiki,2026-06-23,15,15272044,मराठी_दूरचित्रवाहिनी_मालिका,234,0,234,0.0,25595
urwiki,mrwiki,2026-06-23,16,1983910,हिंदू_धर्म,181,1105,1286,0.8593,24923
urwiki,mrwiki,2026-06-23,17,10013031,महाराष्ट्रातील_आमदार,255,22,277,0.0794,24908
urwiki,mrwiki,2026-06-23,18,86271658,महाराष्ट्राच्या_१४_व्या_विधानसभेचे_सदस्य,248,18,266,0.0677,24722
urwiki,mrwiki,2026-06-23,19,8468896,महाराष्ट्रातील_किल्ले,258,23,281,0.0819,24580
urwiki,mrwiki,2026-06-23,20,8739664,शिवाजी_महाराज,24,19,43,0.4419,24245
urwiki,mrwiki,2026-06-23,21,10045628,विकिकरण_करण्याजोगे_लेख,331,105,436,0.2408,23791
urwiki,mrwiki,2026-06-23,22,8518612,महाराष्ट्राचा_इतिहास,73,107,180,0.5944,23413
urwiki,mrwiki,2026-06-23,23,8271769,महाराष्ट्रामधील_विधानसभा_मतदारसंघ,290,0,290,0.0,23353
urwiki,mrwiki,2026-06-23,24,8739657,शिवसेनेतील_राजकारणी,150,28,178,0.1573,23175
urwiki,mrwiki,2026-06-23,25,7336700,पुणे,239,53,292,0.1815,22396
urwiki,mrwiki,2026-06-23,26,8808054,पुणे_जिल्हा,94,56,150,0.3733,21570
urwiki,mrwiki,2026-06-23,27,8544525,भारतीय_राष्ट्रीय_काँग्रेस_पक्षातील_राजकारणी,453,508,961,0.5286,21555
urwiki,mrwiki,2026-06-23,28,9846108,ऐतिहासिक_व्यक्ती,40,30,70,0.4286,20842
urwiki,mrwiki,2026-06-23,29,8772931,महाराष्ट्रातील_राजकारण,184,5,189,0.0265,20707
urwiki,mrwiki,2026-06-23,30,10009264,मराठी_समाजसुधारक,23,13,36,0.3611,20498
urwiki,mrwiki,2026-06-23,31,9761993,हिंदू_पंचांग,444,29,473,0.0613,20393
urwiki,mrwiki,2026-06-23,32,9860934,किल्ले,241,29,270,0.1074,20093
urwiki,mrwiki,2026-06-23,33,7479555,महाराष्ट्रातील_हिंदू_मंदिरे,62,10,72,0.1389,19905
urwiki,mrwiki,2026-06-23,34,24967046,Maharashtra_MLAs_2014–2019,154,15,169,0.0888,19804
urwiki,mrwiki,2026-06-23,35,8496382,महाराष्ट्र_शासन,61,4,65,0.0615,19793
urwiki,mrwiki,2026-06-23,36,8480318,Gambling_in_India,1,0,1,0.0,19603
urwiki,mrwiki,2026-06-23,37,105697862,झी_मराठी_दूरचित्रवाहिनी_मालिका,144,0,144,0.0,19537
urwiki,mrwiki,2026-06-23,38,61377276,महाराष्ट्राच्या_१३_व्या_विधानसभेचे_सदस्य,139,12,151,0.0795,19376
urwiki,mrwiki,2026-06-23,39,30818382,महाराष्ट्रातील_राष्ट्रवादी_काँग्रेस_पक्षाचे_राजकारणी,94,19,113,0.1681,19167
urwiki,mrwiki,2026-06-23,40,131354728,महाराष्ट्राच्या_१५_व्या_विधानसभेचे_सदस्य,182,13,195,0.0667,18884
urwiki,mrwiki,2026-06-23,41,8284798,डॉ._बाबासाहेब_आंबेडकर,109,36,145,0.2483,18345
urwiki,mrwiki,2026-06-23,42,8595796,Maharashtra_MLAs_2009–2014,105,13,118,0.1102,17543
urwiki,mrwiki,2026-06-23,43,8298820,भारतीय_जनता_पक्षातील_राजकारणी,472,388,860,0.4512,16981
urwiki,mrwiki,2026-06-23,44,24890304,Bharatiya_Janata_Party_politicians_from_Maharashtra,199,41,240,0.1708,16801
urwiki,mrwiki,2026-06-23,45,8828704,महाराष्ट्रातील_तालुके,255,209,464,0.4504,16712
urwiki,mrwiki,2026-06-23,46,8607866,मराठी_साहित्य,82,17,99,0.1717,16477
urwiki,mrwiki,2026-06-23,47,8514373,हिंदू_दैवते,113,161,274,0.5876,16415
urwiki,mrwiki,2026-06-23,48,86272334,महाराष्ट्राच्या_१२_व्या_विधानसभेचे_सदस्य,117,12,129,0.093,16393
urwiki,mrwiki,2026-06-23,49,10047639,विकिप्रकल्प_दिनविशेष,1,1,2,0.5,16375
urwiki,mrwiki,2026-06-23,50,10009283,मराठी_समाजसेवक,68,11,79,0.1392,15985
urwiki,knwiki,2026-06-23,1,8570349,ಕನ್ನಡ_ಸಾಹಿತ್ಯ,603,23,626,0.0367,73286
urwiki,knwiki,2026-06-23,2,8570356,ಕನ್ನಡ_ಕವಿಗಳು,121,46,167,0.2754,68315
urwiki,knwiki,2026-06-23,3,8570357,ಕನ್ನಡ_ಸಾಹಿತಿಗಳು,215,34,249,0.1365,67726
urwiki,knwiki,2026-06-23,4,9844264,ಸಾಹಿತಿಗಳು,772,86,858,0.1002,66163
urwiki,knwiki,2026-06-23,5,7145985,ಕರ್ನಾಟಕ,291,213,504,0.4226,63569
urwiki,knwiki,2026-06-23,6,33044957,ಮೈಸೂರು_ವಿಶ್ವವಿದ್ಯಾನಿಲಯ_ವಿಶ್ವಕೋಶ,2038,1173,3211,0.3653,54605
urwiki,knwiki,2026-06-23,7,8518422,ಕರ್ನಾಟಕದ_ಇತಿಹಾಸ,163,108,271,0.3985,43276
urwiki,knwiki,2026-06-23,8,9727294,ಕಡತ_ಕೊಂಡಿಗಳು_ಮುರಿದಿರುವ_ಪುಟಗಳು,775,799,1574,0.5076,37896
urwiki,knwiki,2026-06-23,9,8638952,Recipients_of_the_Sahitya_Akademi_Award_in_Kannada,55,7,62,0.1129,36458
urwiki,knwiki,2026-06-23,10,28399467,Poets_from_Karnataka,52,19,71,0.2676,31054
urwiki,knwiki,2026-06-23,11,1983910,ಹಿಂದೂ_ಧರ್ಮ,369,1105,1474,0.7497,31003
urwiki,knwiki,2026-06-23,12,33079992,Gamba_Peuniléh,1,2,3,0.6667,29315
urwiki,knwiki,2026-06-23,13,9744792,ಕೇಂದ್ರ_ಸಾಹಿತ್ಯ_ಅಕಾಡೆಮಿ_ಪ್ರಶಸ್ತಿ_ಪುರಸ್ಕೃತರು,55,12,67,0.1791,25135
urwiki,knwiki,2026-06-23,14,8570352,Kannada_people,101,110,211,0.5213,24765
urwiki,knwiki,2026-06-23,15,9760560,ಚುಟುಕು,1021,483,1504,0.3211,24528
urwiki,knwiki,2026-06-23,16,8570347,ಕನ್ನಡ,105,7,112,0.0625,24132
urwiki,knwiki,2026-06-23,17,9056439,ಕರ್ನಾಟಕದ_ನಗರ_ಮತ್ತು_ಪಟ್ಟಣಗಳು,138,190,328,0.5793,23968
urwiki,knwiki,2026-06-23,18,33097364,ಕನ್ನಡ_ಕವಿ,11,1,12,0.0833,21565
urwiki,knwiki,2026-06-23,19,33044714,ಪಂಪ_ಪ್ರಶಸ್ತಿ_ಪುರಸ್ಕೃತರು,21,4,25,0.16,20959
urwiki,knwiki,2026-06-23,20,9740956,ಕವಿಗಳು,210,97,307,0.316,19709
urwiki,knwiki,2026-06-23,21,6884057,Hindu_mythology,233,226,459,0.4924,19351
urwiki,knwiki,2026-06-23,22,33097446,ವ್ಯಕ್ತಿಲು,58,114,172,0.6628,18425
urwiki,knwiki,2026-06-23,23,8570330,ಕನ್ನಡ_ಚಲನಚಿತ್ರಗಳು,860,36,896,0.0402,18326
urwiki,knwiki,2026-06-23,24,7116201,People_from_Karnataka,82,211,293,0.7201,17986
urwiki,knwiki,2026-06-23,25,1457109,ಸಸ್ಯಗಳು,359,503,862,0.5835,16788
urwiki,knwiki,2026-06-23,26,7023926,Sanskrit_words_and_phrases,202,352,554,0.6354,16362
urwiki,knwiki,2026-06-23,27,9854038,कन्नड_साहित्यिक,8,5,13,0.3846,16328
urwiki,knwiki,2026-06-23,28,8571051,Society_of_Karnataka,32,33,65,0.5077,16153
urwiki,knwiki,2026-06-23,29,33045230,ಉಲ್ಲೇಖವಿಲ್ಲದ_ಲೇಖನಗಳು,302,94,396,0.2374,15680
urwiki,knwiki,2026-06-23,30,9731652,ಕನ್ನಡ_ವ್ಯಾಕರಣ,59,7,66,0.1061,15173
urwiki,knwiki,2026-06-23,31,9824273,ಲೇಖಕರು,232,56,288,0.1944,14764
urwiki,knwiki,2026-06-23,32,7021484,ಜ್ಞಾನಪೀಠ_ಪ್ರಶಸ್ತಿ_ಪುರಸ್ಕೃತರು,41,28,69,0.4058,14732
urwiki,knwiki,2026-06-23,33,9811667,జ్ఞానపీఠ_అవార్డు_గ్రహీతలు,34,22,56,0.3929,14433
urwiki,knwiki,2026-06-23,34,10014169,ജ്ഞാനപീഠം_നേടിയ_കന്നഡ_സാഹിത്യകാരന്മാർ,5,1,6,0.1667,14265
urwiki,knwiki,2026-06-23,35,33097365,ಕವಿ,10,1,11,0.0909,14235
urwiki,knwiki,2026-06-23,36,14513212,Flora_of_Kerala,220,109,329,0.3313,14168
urwiki,knwiki,2026-06-23,37,8891990,ಔಷಧೀಯ_ಸಸ್ಯಗಳು,265,333,598,0.5569,14002
urwiki,knwiki,2026-06-23,38,9832977,ವಿಕೀಕರಣ_ಮಾಡಬೇಕಿರುವ_ಲೇಖನಗಳು,306,98,404,0.2426,13655
urwiki,knwiki,2026-06-23,39,9207466,Characters_in_the_Mahabharata,163,88,251,0.3506,13619
urwiki,knwiki,2026-06-23,40,32985797,కన్నడ_కవులు,14,5,19,0.2632,13415
urwiki,knwiki,2026-06-23,41,8571048,ಕರ್ನಾಟಕ_ರಾಜಕಾರಣಿಗಳು,123,49,172,0.2849,13156
urwiki,knwiki,2026-06-23,42,32985461,కన్నడ_రచయితలు,14,5,19,0.2632,12409
urwiki,knwiki,2026-06-23,43,8468865,Forts_in_Karnataka,28,49,77,0.6364,12355
urwiki,knwiki,2026-06-23,44,33097381,ಜ್ಞಾನಪೀಠೊ_ಪ್ರಶಸ್ತಿಲು,5,1,6,0.1667,11979
urwiki,knwiki,2026-06-23,45,9824307,ಲೇಖಕಿಯರು,252,39,291,0.134,11787
urwiki,knwiki,2026-06-23,46,49797067,Novelists_from_Karnataka,28,14,42,0.3333,11192
urwiki,knwiki,2026-06-23,47,8514373,Hindu_deities,146,161,307,0.5244,11157
urwiki,knwiki,2026-06-23,48,7217198,ದ್ರಾವಿಡ_ಭಾಷೆಗಳು,78,25,103,0.2427,10662
urwiki,knwiki,2026-06-23,49,15305593,"Maharaja's_College,_Mysore_alumni",13,5,18,0.2778,10259
urwiki,knwiki,2026-06-23,50,8156046,Waterfalls_of_Karnataka,19,43,62,0.6935,10111
