domain,month,desktop,mobile_web,mobile_app,total
anp.wikipedia.org,2023-03,16124,3842,6,19972
anp.wikipedia.org,2023-04,47050,20394,173,67617
anp.wikipedia.org,2023-05,50936,23050,292,74278
anp.wikipedia.org,2023-06,68664,44518,289,113471
anp.wikipedia.org,2023-07,61891,34790,355,97036
anp.wikipedia.org,2023-08,53954,40053,388,94395
anp.wikipedia.org,2023-09,57856,29165,400,87421
anp.wikipedia.org,2023-10,58975,55035,412,114422
anp.wikipedia.org,2023-11,68088,45674,359,114121
anp.wikipedia.org,2023-12,86048,66278,379,152705
anp.wikipedia.org,2024-01,49109,59185,488,108782
anp.wikipedia.org,2024-02,53056,74485,413,127954
anp.wikipedia.org,2024-03,60646,125916,396,186958
anp.wikipedia.org,2024-04,57525,193834,485,251844
anp.wikipedia.org,2024-05,50320,129120,533,179973
anp.wikipedia.org,2024-06,57641,103624,454,161719
anp.wikipedia.org,2024-07,30433,89457,433,120323
anp.wikipedia.org,2024-08,26218,73835,481,100534
anp.wikipedia.org,2024-09,19172,65105,414,84691
anp.wikipedia.org,2024-10,20866,60918,370,82154
anp.wikipedia.org,2024-11,24964,63221,329,88514
anp.wikipedia.org,2024-12,31737,51500,381,83618
anp.wikipedia.org,2025-01,45926,68026,538,114490
anp.wikipedia.org,2025-02,41128,53322,522,94972
anp.wikipedia.org,2025-03,21589,38817,288,60694
anp.wikipedia.org,2025-04,31652,42368,248,74268
anp.wikipedia.org,2025-05,26735,46149,267,73151
anp.wikipedia.org,2025-06,29095,44979,272,74346
anp.wikipedia.org,2025-07,95491,44023,262,139776
anp.wikipedia.org,2025-08,60789,44221,196,105206
anp.wikipedia.org,2025-09,57971,55311,153,113435
anp.wikipedia.org,2025-10,77794,60691,193,138678
anp.wikipedia.org,2025-11,63053,27096,153,90302
anp.wikipedia.org,2025-12,44807,40339,171,85317
anp.wikipedia.org,2026-01,36925,23983,227,61135
anp.wikipedia.org,2026-02,40909,23688,162,64759
anp.wikipedia.org,2026-03,39310,27274,317,66901
anp.wikipedia.org,2026-04,77517,21355,182,99054
anp.wikipedia.org,2026-05,95211,24250,184,119645
anp.wikipedia.org,2026-06,83156,24660,213,108029
anp.wikipedia.org,2026-07,72204,36723,238,109165
as.wikipedia.org,2015-07,268515,67975,1173,337663
as.wikipedia.org,2015-08,319934,64958,2726,387618
as.wikipedia.org,2015-09,267788,60751,2404,330943
as.wikipedia.org,2015-10,262783,60628,1419,324830
as.wikipedia.org,2015-11,202370,66154,3436,271960
as.wikipedia.org,2015-12,142876,51440,2630,196946
as.wikipedia.org,2016-01,231145,66757,2045,299947
as.wikipedia.org,2016-02,126432,53355,1884,181671
as.wikipedia.org,2016-03,135967,58539,1727,196233
as.wikipedia.org,2016-04,202139,66722,1252,270113
as.wikipedia.org,2016-05,489398,72119,1953,563470
as.wikipedia.org,2016-06,206429,63495,2167,272091
as.wikipedia.org,2016-07,125784,66386,1876,194046
as.wikipedia.org,2016-08,151670,83911,2173,237754
as.wikipedia.org,2016-09,793376,85214,2522,881112
as.wikipedia.org,2016-10,365587,80504,2915,449006
as.wikipedia.org,2016-11,207982,94321,3162,305465
as.wikipedia.org,2016-12,203490,80605,2480,286575
as.wikipedia.org,2017-01,171323,87261,2216,260800
as.wikipedia.org,2017-02,3343693,102619,3111,3449423
as.wikipedia.org,2017-03,204125,156527,3773,364425
as.wikipedia.org,2017-04,187913,152036,3978,343927
as.wikipedia.org,2017-05,184105,150322,5092,339519
as.wikipedia.org,2017-06,167601,151712,3594,322907
as.wikipedia.org,2017-07,169030,156315,3837,329182
as.wikipedia.org,2017-08,223732,224550,4940,453222
as.wikipedia.org,2017-09,284602,237379,5591,527572
as.wikipedia.org,2017-10,179774,284417,6957,471148
as.wikipedia.org,2017-11,197897,297476,6694,502067
as.wikipedia.org,2017-12,258217,243685,5137,507039
as.wikipedia.org,2018-01,184111,212193,4471,400775
as.wikipedia.org,2018-02,194772,224104,4226,423102
as.wikipedia.org,2018-03,159419,284497,5103,449019
as.wikipedia.org,2018-04,127837,268252,4462,400551
as.wikipedia.org,2018-05,169215,287782,7282,464279
as.wikipedia.org,2018-06,206435,332291,5098,543824
as.wikipedia.org,2018-07,292974,336054,6717,635745
as.wikipedia.org,2018-08,232060,415601,6326,653987
as.wikipedia.org,2018-09,190290,349937,6462,546689
as.wikipedia.org,2018-10,194795,348119,5650,548564
as.wikipedia.org,2018-11,362105,370959,6418,739482
as.wikipedia.org,2018-12,268149,280615,5493,554257
as.wikipedia.org,2019-01,275763,254812,5048,535623
as.wikipedia.org,2019-02,262350,259352,4111,525813
as.wikipedia.org,2019-03,258685,337331,5305,601321
as.wikipedia.org,2019-04,325715,302224,6391,634330
as.wikipedia.org,2019-05,224919,327280,5167,557366
as.wikipedia.org,2019-06,242622,341953,5066,589641
as.wikipedia.org,2019-07,287776,303651,5421,596848
as.wikipedia.org,2019-08,334897,379559,6356,720812
as.wikipedia.org,2019-09,271215,544108,9211,824534
as.wikipedia.org,2019-10,244657,600655,8507,853819
as.wikipedia.org,2019-11,255442,719835,9224,984501
as.wikipedia.org,2019-12,135790,347495,5216,488501
as.wikipedia.org,2020-01,179013,406452,8079,593544
as.wikipedia.org,2020-02,194776,385955,6461,587192
as.wikipedia.org,2020-03,195030,360641,5806,561477
as.wikipedia.org,2020-04,343648,465719,7137,816504
as.wikipedia.org,2020-05,221775,430994,7177,659946
as.wikipedia.org,2020-06,162376,360861,2738,525975
as.wikipedia.org,2020-07,154479,428826,6888,590193
as.wikipedia.org,2020-08,155176,515390,5897,676463
as.wikipedia.org,2020-09,177592,427048,17583,622223
as.wikipedia.org,2020-10,160659,440044,13604,614307
as.wikipedia.org,2020-11,119583,402280,11184,533047
as.wikipedia.org,2020-12,144154,483872,10196,638222
as.wikipedia.org,2021-01,132386,582414,10782,725582
as.wikipedia.org,2021-02,163296,634071,11092,808459
as.wikipedia.org,2021-03,163373,606139,9590,779102
as.wikipedia.org,2021-04,157026,411198,8328,576552
as.wikipedia.org,2021-05,155695,474210,9653,639558
as.wikipedia.org,2021-06,169766,594712,11114,775592
as.wikipedia.org,2021-07,146592,645197,10263,802052
as.wikipedia.org,2021-08,216369,1205963,14093,1436425
as.wikipedia.org,2021-09,173619,1122701,13772,1310092
as.wikipedia.org,2021-10,132329,915219,12431,1059979
as.wikipedia.org,2021-11,137252,881931,9797,1028980
as.wikipedia.org,2021-12,138280,1038960,11679,1188919
as.wikipedia.org,2022-01,190853,795834,10575,997262
as.wikipedia.org,2022-02,202605,915156,10774,1128535
as.wikipedia.org,2022-03,180246,792730,8909,981885
as.wikipedia.org,2022-04,165438,598848,8298,772584
as.wikipedia.org,2022-05,174304,860212,10848,1045364
as.wikipedia.org,2022-06,212537,935574,9346,1157457
as.wikipedia.org,2022-07,178375,957500,9639,1145514
as.wikipedia.org,2022-08,165793,1166962,10636,1343391
as.wikipedia.org,2022-09,205854,994609,9675,1210138
as.wikipedia.org,2022-10,179262,973180,10316,1162758
as.wikipedia.org,2022-11,190870,2193225,14706,2398801
as.wikipedia.org,2022-12,167685,1035076,8965,1211726
as.wikipedia.org,2023-01,204854,1055936,9733,1270523
as.wikipedia.org,2023-02,174179,1065446,7849,1247474
as.wikipedia.org,2023-03,222661,948780,7100,1178541
as.wikipedia.org,2023-04,179106,777053,6418,962577
as.wikipedia.org,2023-05,184188,964885,7909,1156982
as.wikipedia.org,2023-06,273344,1106702,7959,1388005
as.wikipedia.org,2023-07,242433,1186903,8488,1437824
as.wikipedia.org,2023-08,212289,1224671,7887,1444847
as.wikipedia.org,2023-09,201470,1204433,7875,1413778
as.wikipedia.org,2023-10,217493,1496052,8248,1721793
as.wikipedia.org,2023-11,264460,1453550,9247,1727257
as.wikipedia.org,2023-12,254953,1691780,10587,1957320
as.wikipedia.org,2024-01,254185,1294501,10226,1558912
as.wikipedia.org,2024-02,185884,1278897,8908,1473689
as.wikipedia.org,2024-03,206298,1073745,8814,1288857
as.wikipedia.org,2024-04,188648,1138330,8912,1335890
as.wikipedia.org,2024-05,201250,1169737,8559,1379546
as.wikipedia.org,2024-06,189545,1340848,7466,1537859
as.wikipedia.org,2024-07,121814,1167049,8062,1296925
as.wikipedia.org,2024-08,156916,1337699,8828,1503443
as.wikipedia.org,2024-09,142874,1605066,9666,1757606
as.wikipedia.org,2024-10,134472,1546629,10577,1691678
as.wikipedia.org,2024-11,199706,1664132,8799,1872637
as.wikipedia.org,2024-12,215023,1667346,9868,1892237
as.wikipedia.org,2025-01,415769,1423194,9682,1848645
as.wikipedia.org,2025-02,394159,1111988,7425,1513572
as.wikipedia.org,2025-03,235053,1053660,6851,1295564
as.wikipedia.org,2025-04,201730,826099,6194,1034023
as.wikipedia.org,2025-05,209245,969279,6784,1185308
as.wikipedia.org,2025-06,177675,954694,7589,1139958
as.wikipedia.org,2025-07,544526,840651,7191,1392368
as.wikipedia.org,2025-08,249144,974062,6273,1229479
as.wikipedia.org,2025-09,296011,1021294,6517,1323822
as.wikipedia.org,2025-10,279287,1009227,6562,1295076
as.wikipedia.org,2025-11,648835,935055,6687,1590577
as.wikipedia.org,2025-12,225802,728673,5231,959706
as.wikipedia.org,2026-01,281260,605157,5485,891902
as.wikipedia.org,2026-02,282766,575824,4452,863042
as.wikipedia.org,2026-03,179972,464936,4525,649433
as.wikipedia.org,2026-04,252269,386111,3958,642338
as.wikipedia.org,2026-05,381824,478067,4126,864017
as.wikipedia.org,2026-06,283285,528811,4974,817070
as.wikipedia.org,2026-07,258461,465747,5113,729321
as.wikisource.org,2015-07,4935,3123,,8058
as.wikisource.org,2015-08,4819,1817,,6636
as.wikisource.org,2015-09,9963,3175,,13138
as.wikisource.org,2015-10,11807,2634,,14441
as.wikisource.org,2015-11,7593,1959,,9552
as.wikisource.org,2015-12,4860,1962,,6822
as.wikisource.org,2016-01,8536,2218,,10754
as.wikisource.org,2016-02,4417,2499,,6916
as.wikisource.org,2016-03,3351,2232,,5583
as.wikisource.org,2016-04,8961,19769,,28730
as.wikisource.org,2016-05,46401,4748,,51149
as.wikisource.org,2016-06,51965,2858,,54823
as.wikisource.org,2016-07,3135,3503,,6638
as.wikisource.org,2016-08,4057,5603,1,9661
as.wikisource.org,2016-09,3859,5626,,9485
as.wikisource.org,2016-10,4306,5404,,9710
as.wikisource.org,2016-11,2503,4824,,7327
as.wikisource.org,2016-12,6601,5969,1,12571
as.wikisource.org,2017-01,466652,7304,,473956
as.wikisource.org,2017-02,6042,6474,,12516
as.wikisource.org,2017-03,3159,7296,,10455
as.wikisource.org,2017-04,4958,6316,,11274
as.wikisource.org,2017-05,10363,7861,,18224
as.wikisource.org,2017-06,3950,9882,,13832
as.wikisource.org,2017-07,4252,8650,,12902
as.wikisource.org,2017-08,37681,18633,,56314
as.wikisource.org,2017-09,8544,14006,6,22556
as.wikisource.org,2017-10,3483,14075,,17558
as.wikisource.org,2017-11,5579,13620,,19199
as.wikisource.org,2017-12,5017,10496,,15513
as.wikisource.org,2018-01,4173,16145,,20318
as.wikisource.org,2018-02,5879,12497,,18376
as.wikisource.org,2018-03,8424,15359,,23783
as.wikisource.org,2018-04,6108,13156,,19264
as.wikisource.org,2018-05,7293,17703,1,24997
as.wikisource.org,2018-06,6508,22075,,28583
as.wikisource.org,2018-07,6679,21105,,27784
as.wikisource.org,2018-08,8850,28808,,37658
as.wikisource.org,2018-09,7378,27731,,35109
as.wikisource.org,2018-10,5950,21690,,27640
as.wikisource.org,2018-11,8647,22115,,30762
as.wikisource.org,2018-12,8527,21702,,30229
as.wikisource.org,2019-01,29558,32991,,62549
as.wikisource.org,2019-02,19761,31988,,51749
as.wikisource.org,2019-03,18681,32114,,50795
as.wikisource.org,2019-04,25662,33321,,58983
as.wikisource.org,2019-05,45222,42831,,88053
as.wikisource.org,2019-06,30503,45671,,76174
as.wikisource.org,2019-07,27662,46686,,74348
as.wikisource.org,2019-08,242846,71609,,314455
as.wikisource.org,2019-09,23515,84677,,108192
as.wikisource.org,2019-10,19670,95693,7,115370
as.wikisource.org,2019-11,9689,110218,,119907
as.wikisource.org,2019-12,7346,74102,,81448
as.wikisource.org,2020-01,7614,87458,,95072
as.wikisource.org,2020-02,7768,82934,,90702
as.wikisource.org,2020-03,11373,90508,,101881
as.wikisource.org,2020-04,36019,102802,,138821
as.wikisource.org,2020-05,69621,64271,,133892
as.wikisource.org,2020-06,25987,45086,,71073
as.wikisource.org,2020-07,35573,52768,,88341
as.wikisource.org,2020-08,32897,61560,,94457
as.wikisource.org,2020-09,27953,65296,,93249
as.wikisource.org,2020-10,38544,64605,,103149
as.wikisource.org,2020-11,74936,51649,,126585
as.wikisource.org,2020-12,38326,61151,,99477
as.wikisource.org,2021-01,19471,75687,,95158
as.wikisource.org,2021-02,31794,72244,,104038
as.wikisource.org,2021-03,28945,68032,,96977
as.wikisource.org,2021-04,25011,62892,,87903
as.wikisource.org,2021-05,37558,84391,,121949
as.wikisource.org,2021-06,55987,87878,,143865
as.wikisource.org,2021-07,56642,94647,,151289
as.wikisource.org,2021-08,197258,144265,,341523
as.wikisource.org,2021-09,37422,131454,,168876
as.wikisource.org,2021-10,20955,119432,,140387
as.wikisource.org,2021-11,25845,100546,,126391
as.wikisource.org,2021-12,28507,98405,,126912
as.wikisource.org,2022-01,17361,96716,,114077
as.wikisource.org,2022-02,30696,88273,,118969
as.wikisource.org,2022-03,86623,95797,,182420
as.wikisource.org,2022-04,19011,85838,,104849
as.wikisource.org,2022-05,36021,121802,,157823
as.wikisource.org,2022-06,52366,132354,,184720
as.wikisource.org,2022-07,45323,126176,,171499
as.wikisource.org,2022-08,48386,165960,,214346
as.wikisource.org,2022-09,34034,162577,,196611
as.wikisource.org,2022-10,33509,151960,,185469
as.wikisource.org,2022-11,66431,143352,,209783
as.wikisource.org,2022-12,53326,127929,,181255
as.wikisource.org,2023-01,13480,108167,,121647
as.wikisource.org,2023-02,34555,105545,,140100
as.wikisource.org,2023-03,52615,126312,,178927
as.wikisource.org,2023-04,18628,95656,,114284
as.wikisource.org,2023-05,41469,175864,,217333
as.wikisource.org,2023-06,49183,193104,,242287
as.wikisource.org,2023-07,60279,196409,,256688
as.wikisource.org,2023-08,31784,161212,,192996
as.wikisource.org,2023-09,28129,161464,,189593
as.wikisource.org,2023-10,31943,144696,,176639
as.wikisource.org,2023-11,42067,130445,,172512
as.wikisource.org,2023-12,32726,126606,,159332
as.wikisource.org,2024-01,51215,127356,,178571
as.wikisource.org,2024-02,21693,118943,,140636
as.wikisource.org,2024-03,32114,136163,,168277
as.wikisource.org,2024-04,44721,158202,,202923
as.wikisource.org,2024-05,26545,178649,,205194
as.wikisource.org,2024-06,101809,249297,,351106
as.wikisource.org,2024-07,45941,187572,,233513
as.wikisource.org,2024-08,146043,257049,,403092
as.wikisource.org,2024-09,116480,236195,,352675
as.wikisource.org,2024-10,105256,215626,,320882
as.wikisource.org,2024-11,38703,134533,,173236
as.wikisource.org,2024-12,74049,132208,,206257
as.wikisource.org,2025-01,81939,133102,,215041
as.wikisource.org,2025-02,68895,164306,,233201
as.wikisource.org,2025-03,109272,210814,,320086
as.wikisource.org,2025-04,58968,133515,,192483
as.wikisource.org,2025-05,129114,196819,,325933
as.wikisource.org,2025-06,73699,176540,,250239
as.wikisource.org,2025-07,50433,250016,,300449
as.wikisource.org,2025-08,96699,171148,,267847
as.wikisource.org,2025-09,164329,174303,,338632
as.wikisource.org,2025-10,129933,91131,,221064
as.wikisource.org,2025-11,236120,81847,,317967
as.wikisource.org,2025-12,66498,56983,,123481
as.wikisource.org,2026-01,75108,58790,,133898
as.wikisource.org,2026-02,58647,50306,,108953
as.wikisource.org,2026-03,89836,56604,,146440
as.wikisource.org,2026-04,184588,60274,,244862
as.wikisource.org,2026-05,208657,88094,,296751
as.wikisource.org,2026-06,247123,68531,,315654
as.wikisource.org,2026-07,237902,65238,,303140
as.wikiquote.org,2023-01,8072,2961,,11033
as.wikiquote.org,2023-02,5261,2056,,7317
as.wikiquote.org,2023-03,7554,4418,,11972
as.wikiquote.org,2023-04,9582,6121,,15703
as.wikiquote.org,2023-05,10273,7779,,18052
as.wikiquote.org,2023-06,11032,9264,,20296
as.wikiquote.org,2023-07,12879,8887,,21766
as.wikiquote.org,2023-08,11324,6907,,18231
as.wikiquote.org,2023-09,12718,6244,,18962
as.wikiquote.org,2023-10,10740,9799,,20539
as.wikiquote.org,2023-11,12949,8705,,21654
as.wikiquote.org,2023-12,16480,13462,,29942
as.wikiquote.org,2024-01,11227,7470,,18697
as.wikiquote.org,2024-02,8803,7062,,15865
as.wikiquote.org,2024-03,10350,6300,,16650
as.wikiquote.org,2024-04,14411,8536,,22947
as.wikiquote.org,2024-05,16517,13508,,30025
as.wikiquote.org,2024-06,22379,28560,,50939
as.wikiquote.org,2024-07,6624,13584,,20208
as.wikiquote.org,2024-08,14119,12688,,26807
as.wikiquote.org,2024-09,12913,19280,,32193
as.wikiquote.org,2024-10,10922,35700,,46622
as.wikiquote.org,2024-11,8165,19877,,28042
as.wikiquote.org,2024-12,28367,14952,,43319
as.wikiquote.org,2025-01,18922,12771,,31693
as.wikiquote.org,2025-02,22260,11848,,34108
as.wikiquote.org,2025-03,16511,12992,,29503
as.wikiquote.org,2025-04,12076,30568,,42644
as.wikiquote.org,2025-05,40074,31205,,71279
as.wikiquote.org,2025-06,85599,67787,,153386
as.wikiquote.org,2025-07,15130,265575,,280705
as.wikiquote.org,2025-08,23368,29473,,52841
as.wikiquote.org,2025-09,27894,33762,,61656
as.wikiquote.org,2025-10,13665,36794,,50459
as.wikiquote.org,2025-11,12707,10803,,23510
as.wikiquote.org,2025-12,17646,6544,,24190
as.wikiquote.org,2026-01,14201,6278,,20479
as.wikiquote.org,2026-02,53253,7044,,60297
as.wikiquote.org,2026-03,41253,7915,,49168
as.wikiquote.org,2026-04,41249,10871,,52120
as.wikiquote.org,2026-05,39066,6421,,45487
as.wikiquote.org,2026-06,30770,8045,,38815
as.wikiquote.org,2026-07,55076,14846,,69922
awa.wikipedia.org,2020-05,3866,584,3,4453
awa.wikipedia.org,2020-06,28142,3696,28,31866
awa.wikipedia.org,2020-07,44507,3412,94,48013
awa.wikipedia.org,2020-08,35987,7076,111,43174
awa.wikipedia.org,2020-09,60164,10872,2528,73564
awa.wikipedia.org,2020-10,33986,4807,1584,40377
awa.wikipedia.org,2020-11,26570,4561,797,31928
awa.wikipedia.org,2020-12,25103,13582,748,39433
awa.wikipedia.org,2021-01,31119,7513,647,39279
awa.wikipedia.org,2021-02,34841,7794,563,43198
awa.wikipedia.org,2021-03,32402,4548,502,37452
awa.wikipedia.org,2021-04,30891,4999,506,36396
awa.wikipedia.org,2021-05,23544,8428,441,32413
awa.wikipedia.org,2021-06,27677,4830,441,32948
awa.wikipedia.org,2021-07,27279,39098,548,66925
awa.wikipedia.org,2021-08,33458,8364,465,42287
awa.wikipedia.org,2021-09,20922,72188,502,93612
awa.wikipedia.org,2021-10,23059,9586,410,33055
awa.wikipedia.org,2021-11,23565,6749,345,30659
awa.wikipedia.org,2021-12,24582,6480,404,31466
awa.wikipedia.org,2022-01,30167,6994,488,37649
awa.wikipedia.org,2022-02,27737,8906,348,36991
awa.wikipedia.org,2022-03,25815,8958,324,35097
awa.wikipedia.org,2022-04,22977,7064,278,30319
awa.wikipedia.org,2022-05,28060,8339,277,36676
awa.wikipedia.org,2022-06,32766,10943,299,44008
awa.wikipedia.org,2022-07,23466,12690,279,36435
awa.wikipedia.org,2022-08,27647,15192,262,43101
awa.wikipedia.org,2022-09,29994,10717,421,41132
awa.wikipedia.org,2022-10,31900,18322,158,50380
awa.wikipedia.org,2022-11,29589,15882,145,45616
awa.wikipedia.org,2022-12,36498,20012,180,56690
awa.wikipedia.org,2023-01,36002,22344,212,58558
awa.wikipedia.org,2023-02,34471,19180,163,53814
awa.wikipedia.org,2023-03,58553,23569,163,82285
awa.wikipedia.org,2023-04,30159,20515,113,50787
awa.wikipedia.org,2023-05,33415,27421,122,60958
awa.wikipedia.org,2023-06,37990,36839,130,74959
awa.wikipedia.org,2023-07,37797,40338,137,78272
awa.wikipedia.org,2023-08,34846,33667,126,68639
awa.wikipedia.org,2023-09,36391,30962,178,67531
awa.wikipedia.org,2023-10,41557,49759,168,91484
awa.wikipedia.org,2023-11,43172,35615,170,78957
awa.wikipedia.org,2023-12,54323,43406,226,97955
awa.wikipedia.org,2024-01,33838,33654,175,67667
awa.wikipedia.org,2024-02,28837,29590,143,58570
awa.wikipedia.org,2024-03,59708,43433,263,103404
awa.wikipedia.org,2024-04,44397,50863,224,95484
awa.wikipedia.org,2024-05,42593,50796,239,93628
awa.wikipedia.org,2024-06,40394,64024,255,104673
awa.wikipedia.org,2024-07,25725,56003,203,81931
awa.wikipedia.org,2024-08,29299,42267,206,71772
awa.wikipedia.org,2024-09,20793,42387,175,63355
awa.wikipedia.org,2024-10,19327,45276,197,64800
awa.wikipedia.org,2024-11,23118,41232,184,64534
awa.wikipedia.org,2024-12,33195,34055,327,67577
awa.wikipedia.org,2025-01,46352,73821,197,120370
awa.wikipedia.org,2025-02,54527,62619,206,117352
awa.wikipedia.org,2025-03,29832,66668,237,96737
awa.wikipedia.org,2025-04,30250,64595,192,95037
awa.wikipedia.org,2025-05,34573,112357,256,147186
awa.wikipedia.org,2025-06,41777,103640,260,145677
awa.wikipedia.org,2025-07,117255,165509,253,283017
awa.wikipedia.org,2025-08,72967,278251,328,351546
awa.wikipedia.org,2025-09,88676,232254,286,321216
awa.wikipedia.org,2025-10,98791,277925,310,377026
awa.wikipedia.org,2025-11,65699,160205,268,226172
awa.wikipedia.org,2025-12,75159,198277,305,273741
awa.wikipedia.org,2026-01,46105,119340,271,165716
awa.wikipedia.org,2026-02,48029,135240,277,183546
awa.wikipedia.org,2026-03,42804,133571,273,176648
awa.wikipedia.org,2026-04,74588,167836,248,242672
awa.wikipedia.org,2026-05,90426,169802,250,260478
awa.wikipedia.org,2026-06,83106,197037,283,280426
awa.wikipedia.org,2026-07,89525,191264,1127,281916
bh.wikipedia.org,2015-07,106177,30583,556,137316
bh.wikipedia.org,2015-08,99673,26912,513,127098
bh.wikipedia.org,2015-09,130790,23520,540,154850
bh.wikipedia.org,2015-10,101780,23320,531,125631
bh.wikipedia.org,2015-11,90206,23416,552,114174
bh.wikipedia.org,2015-12,102188,22159,644,124991
bh.wikipedia.org,2016-01,151334,27444,568,179346
bh.wikipedia.org,2016-02,97521,20925,482,118928
bh.wikipedia.org,2016-03,113921,19742,446,134109
bh.wikipedia.org,2016-04,154067,35349,395,189811
bh.wikipedia.org,2016-05,203373,24166,602,228141
bh.wikipedia.org,2016-06,221004,22714,669,244387
bh.wikipedia.org,2016-07,117191,24760,657,142608
bh.wikipedia.org,2016-08,148934,26355,693,175982
bh.wikipedia.org,2016-09,752325,28497,655,781477
bh.wikipedia.org,2016-10,275422,28239,856,304517
bh.wikipedia.org,2016-11,218144,32048,848,251040
bh.wikipedia.org,2016-12,218586,34690,1151,254427
bh.wikipedia.org,2017-01,182318,40459,1313,224090
bh.wikipedia.org,2017-02,190899,48129,1076,240104
bh.wikipedia.org,2017-03,183879,54269,1060,239208
bh.wikipedia.org,2017-04,155706,49565,819,206090
bh.wikipedia.org,2017-05,169337,50436,1355,221128
bh.wikipedia.org,2017-06,155473,50801,1187,207461
bh.wikipedia.org,2017-07,202387,68806,1531,272724
bh.wikipedia.org,2017-08,252592,80373,1530,334495
bh.wikipedia.org,2017-09,309766,99312,1765,410843
bh.wikipedia.org,2017-10,190966,111507,1556,304029
bh.wikipedia.org,2017-11,208435,129962,1737,340134
bh.wikipedia.org,2017-12,202132,149953,1743,353828
bh.wikipedia.org,2018-01,203546,182458,2043,388047
bh.wikipedia.org,2018-02,169195,176344,1839,347378
bh.wikipedia.org,2018-03,171511,204403,2240,378154
bh.wikipedia.org,2018-04,137283,175389,2142,314814
bh.wikipedia.org,2018-05,191360,178895,1785,372040
bh.wikipedia.org,2018-06,261349,193441,1649,456439
bh.wikipedia.org,2018-07,201417,261156,1871,464444
bh.wikipedia.org,2018-08,185329,343911,1885,531125
bh.wikipedia.org,2018-09,175010,335119,2121,512250
bh.wikipedia.org,2018-10,219409,407807,2053,629269
bh.wikipedia.org,2018-11,299158,379061,1812,680031
bh.wikipedia.org,2018-12,232521,395989,2062,630572
bh.wikipedia.org,2019-01,296596,424098,1906,722600
bh.wikipedia.org,2019-02,250813,371120,1493,623426
bh.wikipedia.org,2019-03,251872,450076,1921,703869
bh.wikipedia.org,2019-04,275278,444780,1935,721993
bh.wikipedia.org,2019-05,231498,461657,2069,695224
bh.wikipedia.org,2019-06,237754,431135,1780,670669
bh.wikipedia.org,2019-07,324851,549826,2079,876756
bh.wikipedia.org,2019-08,354017,609538,2339,965894
bh.wikipedia.org,2019-09,254467,685034,2619,942120
bh.wikipedia.org,2019-10,243471,700776,2538,946785
bh.wikipedia.org,2019-11,240990,860888,2499,1104377
bh.wikipedia.org,2019-12,163958,747184,2821,913963
bh.wikipedia.org,2020-01,218533,850838,2746,1072117
bh.wikipedia.org,2020-02,172683,772826,2284,947793
bh.wikipedia.org,2020-03,147474,686435,2496,836405
bh.wikipedia.org,2020-04,211504,778109,2640,992253
bh.wikipedia.org,2020-05,193910,492575,1977,688462
bh.wikipedia.org,2020-06,171727,387129,768,559624
bh.wikipedia.org,2020-07,164217,410580,2509,577306
bh.wikipedia.org,2020-08,152519,436663,1993,591175
bh.wikipedia.org,2020-09,194551,438754,8661,641966
bh.wikipedia.org,2020-10,142773,390966,5749,539488
bh.wikipedia.org,2020-11,127452,328515,3611,459578
bh.wikipedia.org,2020-12,129868,431604,3336,564808
bh.wikipedia.org,2021-01,122704,316854,3369,442927
bh.wikipedia.org,2021-02,132144,284489,3185,419818
bh.wikipedia.org,2021-03,142728,284888,2726,430342
bh.wikipedia.org,2021-04,146759,193696,2174,342629
bh.wikipedia.org,2021-05,122190,199218,2532,323940
bh.wikipedia.org,2021-06,133985,216021,2514,352520
bh.wikipedia.org,2021-07,123122,314164,2390,439676
bh.wikipedia.org,2021-08,209192,312148,2700,524040
bh.wikipedia.org,2021-09,117500,336070,2365,455935
bh.wikipedia.org,2021-10,117747,308814,2475,429036
bh.wikipedia.org,2021-11,122599,270386,1999,394984
bh.wikipedia.org,2021-12,126078,346192,2459,474729
bh.wikipedia.org,2022-01,160011,317470,2548,480029
bh.wikipedia.org,2022-02,234799,301945,2069,538813
bh.wikipedia.org,2022-03,249541,415887,2030,667458
bh.wikipedia.org,2022-04,189022,334095,1898,525015
bh.wikipedia.org,2022-05,205246,335851,2131,543228
bh.wikipedia.org,2022-06,266583,366017,1917,634517
bh.wikipedia.org,2022-07,158746,461833,2138,622717
bh.wikipedia.org,2022-08,153188,520107,2047,675342
bh.wikipedia.org,2022-09,174678,553794,2355,730827
bh.wikipedia.org,2022-10,171761,535356,1875,708992
bh.wikipedia.org,2022-11,161004,684333,1927,847264
bh.wikipedia.org,2022-12,149198,575866,1872,726936
bh.wikipedia.org,2023-01,180988,641944,2140,825072
bh.wikipedia.org,2023-02,170390,653197,1559,825146
bh.wikipedia.org,2023-03,218873,694998,1590,915461
bh.wikipedia.org,2023-04,154657,500863,1438,656958
bh.wikipedia.org,2023-05,172856,672056,1756,846668
bh.wikipedia.org,2023-06,260190,832658,1535,1094383
bh.wikipedia.org,2023-07,231404,851346,1678,1084428
bh.wikipedia.org,2023-08,201401,814638,1603,1017642
bh.wikipedia.org,2023-09,185502,684851,1425,871778
bh.wikipedia.org,2023-10,197493,756381,1354,955228
bh.wikipedia.org,2023-11,194596,685626,1283,881505
bh.wikipedia.org,2023-12,193687,797214,1373,992274
bh.wikipedia.org,2024-01,282287,798164,1702,1082153
bh.wikipedia.org,2024-02,138329,740433,1348,880110
bh.wikipedia.org,2024-03,144870,770551,1217,916638
bh.wikipedia.org,2024-04,136617,798400,1238,936255
bh.wikipedia.org,2024-05,162109,540172,1259,703540
bh.wikipedia.org,2024-06,153763,553745,1361,708869
bh.wikipedia.org,2024-07,85004,471888,1255,558147
bh.wikipedia.org,2024-08,109241,451833,1214,562288
bh.wikipedia.org,2024-09,73625,354812,1130,429567
bh.wikipedia.org,2024-10,61745,294761,1080,357586
bh.wikipedia.org,2024-11,112532,340459,986,453977
bh.wikipedia.org,2024-12,103337,319843,1388,424568
bh.wikipedia.org,2025-01,249082,374615,1189,624886
bh.wikipedia.org,2025-02,220256,354402,823,575481
bh.wikipedia.org,2025-03,106584,350650,943,458177
bh.wikipedia.org,2025-04,118843,304803,784,424430
bh.wikipedia.org,2025-05,150305,345682,891,496878
bh.wikipedia.org,2025-06,153792,404250,806,558848
bh.wikipedia.org,2025-07,621798,484357,690,1106845
bh.wikipedia.org,2025-08,183423,399648,795,583866
bh.wikipedia.org,2025-09,164390,318765,1174,484329
bh.wikipedia.org,2025-10,179180,260936,698,440814
bh.wikipedia.org,2025-11,246841,269144,520,516505
bh.wikipedia.org,2025-12,153970,182208,548,336726
bh.wikipedia.org,2026-01,172318,201171,697,374186
bh.wikipedia.org,2026-02,159657,160685,557,320899
bh.wikipedia.org,2026-03,183073,153444,567,337084
bh.wikipedia.org,2026-04,232350,159611,568,392529
bh.wikipedia.org,2026-05,348928,260328,658,609914
bh.wikipedia.org,2026-06,294220,250133,749,545102
bh.wikipedia.org,2026-07,358275,303417,517,662209
bn.wikipedia.org,2015-07,1386079,3792018,85324,5263421
bn.wikipedia.org,2015-08,2400455,3604638,103603,6108696
bn.wikipedia.org,2015-09,2203007,4977375,98801,7279183
bn.wikipedia.org,2015-10,1506172,3571915,98606,5176693
bn.wikipedia.org,2015-11,1405814,2939171,119067,4464052
bn.wikipedia.org,2015-12,1373475,3071727,112981,4558183
bn.wikipedia.org,2016-01,1468075,3437382,106686,5012143
bn.wikipedia.org,2016-02,1332386,3248173,101601,4682160
bn.wikipedia.org,2016-03,1453637,3294199,117620,4865456
bn.wikipedia.org,2016-04,1733263,3436069,83957,5253289
bn.wikipedia.org,2016-05,2200770,3757689,119913,6078372
bn.wikipedia.org,2016-06,1555121,4150294,130028,5835443
bn.wikipedia.org,2016-07,1286506,4465442,123695,5875643
bn.wikipedia.org,2016-08,1575617,5385671,151643,7112931
bn.wikipedia.org,2016-09,1959936,5101414,136467,7197817
bn.wikipedia.org,2016-10,1997383,6133176,146615,8277174
bn.wikipedia.org,2016-11,1798739,5901830,141654,7842223
bn.wikipedia.org,2016-12,1780444,5572348,151131,7503923
bn.wikipedia.org,2017-01,1621742,5658947,165293,7445982
bn.wikipedia.org,2017-02,1813122,6414099,156427,8383648
bn.wikipedia.org,2017-03,2016443,7016885,174647,9207975
bn.wikipedia.org,2017-04,1484476,7180233,122052,8786761
bn.wikipedia.org,2017-05,1465701,7242241,107939,8815881
bn.wikipedia.org,2017-06,1283100,6679355,107136,8069591
bn.wikipedia.org,2017-07,1636806,7747289,121914,9506009
bn.wikipedia.org,2017-08,1765149,8647215,130291,10542655
bn.wikipedia.org,2017-09,1928171,8350211,118106,10396488
bn.wikipedia.org,2017-10,1673798,9879028,131403,11684229
bn.wikipedia.org,2017-11,1820580,10587340,124991,12532911
bn.wikipedia.org,2017-12,1820179,9909682,122080,11851941
bn.wikipedia.org,2018-01,22007457,10017628,106265,32131350
bn.wikipedia.org,2018-02,1706456,11157493,100865,12964814
bn.wikipedia.org,2018-03,1591535,11647145,116562,13355242
bn.wikipedia.org,2018-04,1377906,10846639,97248,12321793
bn.wikipedia.org,2018-05,1564437,12188189,108797,13861423
bn.wikipedia.org,2018-06,1696128,10974062,93440,12763630
bn.wikipedia.org,2018-07,1962526,12779445,126525,14868496
bn.wikipedia.org,2018-08,1632934,13110484,141668,14885086
bn.wikipedia.org,2018-09,1819243,13704799,148630,15672672
bn.wikipedia.org,2018-10,1909218,13230643,159158,15299019
bn.wikipedia.org,2018-11,2413717,13035723,163340,15612780
bn.wikipedia.org,2018-12,2071745,11537911,146482,13756138
bn.wikipedia.org,2019-01,2400987,12364998,162722,14928707
bn.wikipedia.org,2019-02,1993575,11457323,146881,13597779
bn.wikipedia.org,2019-03,2127068,13174798,165728,15467594
bn.wikipedia.org,2019-04,2027666,12855333,168796,15051795
bn.wikipedia.org,2019-05,1798059,12543254,166227,14507540
bn.wikipedia.org,2019-06,1733595,11829686,147328,13710609
bn.wikipedia.org,2019-07,2158106,14931119,187374,17276599
bn.wikipedia.org,2019-08,2075488,15129038,214418,17418944
bn.wikipedia.org,2019-09,2375940,17477051,252072,20105063
bn.wikipedia.org,2019-10,2485590,18555624,227966,21269180
bn.wikipedia.org,2019-11,2408966,19109173,225654,21743793
bn.wikipedia.org,2019-12,2110303,16048089,215943,18374335
bn.wikipedia.org,2020-01,2485295,16553938,228596,19267829
bn.wikipedia.org,2020-02,2614443,16258408,209060,19081911
bn.wikipedia.org,2020-03,4257332,16629680,235509,21122521
bn.wikipedia.org,2020-04,2052004,19764088,295445,22111537
bn.wikipedia.org,2020-05,1764894,16724375,216598,18705867
bn.wikipedia.org,2020-06,1638991,14656808,76768,16372567
bn.wikipedia.org,2020-07,1637722,14207035,232169,16076926
bn.wikipedia.org,2020-08,1767801,13905216,231940,15904957
bn.wikipedia.org,2020-09,1936523,13587696,356048,15880267
bn.wikipedia.org,2020-10,3452967,14347442,356410,18156819
bn.wikipedia.org,2020-11,2608760,16875779,345533,19830072
bn.wikipedia.org,2020-12,2502786,16282062,317617,19102465
bn.wikipedia.org,2021-01,2355111,14847674,300166,17502951
bn.wikipedia.org,2021-02,2993312,13831978,272363,17097653
bn.wikipedia.org,2021-03,2477244,16480798,313998,19272040
bn.wikipedia.org,2021-04,2134343,12581097,288862,15004302
bn.wikipedia.org,2021-05,2037720,12852518,290268,15180506
bn.wikipedia.org,2021-06,2011535,15239014,281504,17532053
bn.wikipedia.org,2021-07,2393366,17690987,297125,20381478
bn.wikipedia.org,2021-08,2870262,19273616,304749,22448627
bn.wikipedia.org,2021-09,2257114,18113038,279310,20649462
bn.wikipedia.org,2021-10,2524605,17097500,262458,19884563
bn.wikipedia.org,2021-11,2178816,15646094,238665,18063575
bn.wikipedia.org,2021-12,2800072,18106311,268822,21175205
bn.wikipedia.org,2022-01,2920779,17244745,285141,20450665
bn.wikipedia.org,2022-02,2883369,16094549,270888,19248806
bn.wikipedia.org,2022-03,2421335,17738000,293088,20452423
bn.wikipedia.org,2022-04,1967430,15022942,262172,17252544
bn.wikipedia.org,2022-05,1914691,15547202,259716,17721609
bn.wikipedia.org,2022-06,2170163,18679402,275206,21124771
bn.wikipedia.org,2022-07,1873773,17932466,265499,20071738
bn.wikipedia.org,2022-08,2044958,19885300,285127,22215385
bn.wikipedia.org,2022-09,2118801,19567386,274050,21960237
bn.wikipedia.org,2022-10,2061398,18600226,265148,20926772
bn.wikipedia.org,2022-11,2145840,22485078,254151,24885069
bn.wikipedia.org,2022-12,2146732,19447092,249788,21843612
bn.wikipedia.org,2023-01,2188741,18167414,253440,20609595
bn.wikipedia.org,2023-02,2080055,19671880,234808,21986743
bn.wikipedia.org,2023-03,2342300,21684508,246162,24272970
bn.wikipedia.org,2023-04,1866735,15814020,212053,17892808
bn.wikipedia.org,2023-05,2286700,23868770,251854,26407324
bn.wikipedia.org,2023-06,2652503,23532016,234023,26418542
bn.wikipedia.org,2023-07,2644804,21819812,221461,24686077
bn.wikipedia.org,2023-08,2729975,25410770,245097,28385842
bn.wikipedia.org,2023-09,2341801,24739723,223695,27305219
bn.wikipedia.org,2023-10,2542772,27052383,227318,29822473
bn.wikipedia.org,2023-11,2643382,27748477,216197,30608056
bn.wikipedia.org,2023-12,2723437,24369072,208673,27301182
bn.wikipedia.org,2024-01,3947601,27487132,241711,31676444
bn.wikipedia.org,2024-02,2474453,25251659,223111,27949223
bn.wikipedia.org,2024-03,2509817,25243931,216599,27970347
bn.wikipedia.org,2024-04,2010814,20716554,176432,22903800
bn.wikipedia.org,2024-05,2638749,22037428,207053,24883230
bn.wikipedia.org,2024-06,2152605,18131796,182004,20466405
bn.wikipedia.org,2024-07,1861418,16112413,173968,18147799
bn.wikipedia.org,2024-08,3061413,24032289,262136,27355838
bn.wikipedia.org,2024-09,2362696,20155788,219748,22738232
bn.wikipedia.org,2024-10,2077273,18836063,211714,21125050
bn.wikipedia.org,2024-11,2300147,18755564,187716,21243427
bn.wikipedia.org,2024-12,2764571,17567523,173741,20505835
bn.wikipedia.org,2025-01,3772077,17781460,170471,21724008
bn.wikipedia.org,2025-02,4194860,15500255,142049,19837164
bn.wikipedia.org,2025-03,2785786,14647897,141793,17575476
bn.wikipedia.org,2025-04,2953800,14899882,126448,17980130
bn.wikipedia.org,2025-05,1967418,13071945,103005,15142368
bn.wikipedia.org,2025-06,1699179,9345907,96738,11141824
bn.wikipedia.org,2025-07,3236468,12396782,106346,15739596
bn.wikipedia.org,2025-08,2762334,12815245,118336,15695915
bn.wikipedia.org,2025-09,2387927,10485465,91449,12964841
bn.wikipedia.org,2025-10,2059576,10213635,95290,12368501
bn.wikipedia.org,2025-11,4117223,9290401,72865,13480489
bn.wikipedia.org,2025-12,2557267,8468940,76754,11102961
bn.wikipedia.org,2026-01,2979768,7728047,71835,10779650
bn.wikipedia.org,2026-02,2182983,7663023,61787,9907793
bn.wikipedia.org,2026-03,1738650,5588832,60220,7387702
bn.wikipedia.org,2026-04,2284162,6604182,71612,8959956
bn.wikipedia.org,2026-05,3179551,6186751,64203,9430505
bn.wikipedia.org,2026-06,1974059,5797443,57817,7829319
bn.wikipedia.org,2026-07,2164860,6391324,55210,8611394
bn.wiktionary.org,2015-07,7776,4853,,12629
bn.wiktionary.org,2015-08,13008,5616,,18624
bn.wiktionary.org,2015-09,8927,4858,,13785
bn.wiktionary.org,2015-10,12935,5256,,18191
bn.wiktionary.org,2015-11,11655,5274,,16929
bn.wiktionary.org,2015-12,9930,5338,,15268
bn.wiktionary.org,2016-01,10867,5759,,16626
bn.wiktionary.org,2016-02,10276,5285,,15561
bn.wiktionary.org,2016-03,8343,5304,,13647
bn.wiktionary.org,2016-04,18117,18524,,36641
bn.wiktionary.org,2016-05,12856,8005,,20861
bn.wiktionary.org,2016-06,27887,5344,,33231
bn.wiktionary.org,2016-07,7562,6188,,13750
bn.wiktionary.org,2016-08,10023,7447,,17470
bn.wiktionary.org,2016-09,8589,7481,,16070
bn.wiktionary.org,2016-10,11831,8960,1,20792
bn.wiktionary.org,2016-11,8358,8575,,16933
bn.wiktionary.org,2016-12,15723,9052,,24775
bn.wiktionary.org,2017-01,13833,7762,,21595
bn.wiktionary.org,2017-02,8486,9794,1,18281
bn.wiktionary.org,2017-03,17487,11524,,29011
bn.wiktionary.org,2017-04,6419,10314,,16733
bn.wiktionary.org,2017-05,6499,10013,,16512
bn.wiktionary.org,2017-06,10205,10172,,20377
bn.wiktionary.org,2017-07,13706,13202,,26908
bn.wiktionary.org,2017-08,12374,15069,,27443
bn.wiktionary.org,2017-09,11490,14872,,26362
bn.wiktionary.org,2017-10,9430,18717,,28147
bn.wiktionary.org,2017-11,13523,22685,2,36210
bn.wiktionary.org,2017-12,9084,18378,2,27464
bn.wiktionary.org,2018-01,15423,19310,,34733
bn.wiktionary.org,2018-02,12970,19798,,32768
bn.wiktionary.org,2018-03,13931,24013,,37944
bn.wiktionary.org,2018-04,23127,23433,,46560
bn.wiktionary.org,2018-05,72683,23793,,96476
bn.wiktionary.org,2018-06,84345,22735,,107080
bn.wiktionary.org,2018-07,14673,29869,,44542
bn.wiktionary.org,2018-08,15433,32362,,47795
bn.wiktionary.org,2018-09,14992,34061,,49053
bn.wiktionary.org,2018-10,15470,40821,,56291
bn.wiktionary.org,2018-11,15155,41390,,56545
bn.wiktionary.org,2018-12,11301,37182,,48483
bn.wiktionary.org,2019-01,32090,42749,,74839
bn.wiktionary.org,2019-02,17425,43147,,60572
bn.wiktionary.org,2019-03,18205,46859,,65064
bn.wiktionary.org,2019-04,21351,46199,8,67558
bn.wiktionary.org,2019-05,23471,36214,,59685
bn.wiktionary.org,2019-06,16635,41941,,58576
bn.wiktionary.org,2019-07,47978,56163,,104141
bn.wiktionary.org,2019-08,77044,59675,,136719
bn.wiktionary.org,2019-09,58741,77475,,136216
bn.wiktionary.org,2019-10,19421,71913,,91334
bn.wiktionary.org,2019-11,20477,69671,,90148
bn.wiktionary.org,2019-12,10577,55180,9,65766
bn.wiktionary.org,2020-01,11210,61642,1,72853
bn.wiktionary.org,2020-02,11231,66299,5,77535
bn.wiktionary.org,2020-03,15156,67424,1,82581
bn.wiktionary.org,2020-04,16002,75356,,91358
bn.wiktionary.org,2020-05,21117,47410,6,68533
bn.wiktionary.org,2020-06,15183,45510,9,60702
bn.wiktionary.org,2020-07,32417,53823,11,86251
bn.wiktionary.org,2020-08,23690,57643,1,81334
bn.wiktionary.org,2020-09,26154,61804,,87958
bn.wiktionary.org,2020-10,29631,57436,,87067
bn.wiktionary.org,2020-11,15674,65908,,81582
bn.wiktionary.org,2020-12,17678,86141,,103819
bn.wiktionary.org,2021-01,19514,74463,,93977
bn.wiktionary.org,2021-02,20387,75331,,95718
bn.wiktionary.org,2021-03,24148,78394,,102542
bn.wiktionary.org,2021-04,23287,73368,,96655
bn.wiktionary.org,2021-05,23411,73655,,97066
bn.wiktionary.org,2021-06,24590,90478,,115068
bn.wiktionary.org,2021-07,29129,70664,,99793
bn.wiktionary.org,2021-08,45295,82587,,127882
bn.wiktionary.org,2021-09,23466,80492,,103958
bn.wiktionary.org,2021-10,23492,75443,,98935
bn.wiktionary.org,2021-11,26131,76960,,103091
bn.wiktionary.org,2021-12,26637,62069,,88706
bn.wiktionary.org,2022-01,24327,64140,,88467
bn.wiktionary.org,2022-02,40907,58733,,99640
bn.wiktionary.org,2022-03,73800,74982,,148782
bn.wiktionary.org,2022-04,39160,64336,,103496
bn.wiktionary.org,2022-05,42084,72669,,114753
bn.wiktionary.org,2022-06,46989,81875,,128864
bn.wiktionary.org,2022-07,40523,98637,,139160
bn.wiktionary.org,2022-08,55980,155056,,211036
bn.wiktionary.org,2022-09,44684,193328,,238012
bn.wiktionary.org,2022-10,48364,192511,,240875
bn.wiktionary.org,2022-11,56123,259741,,315864
bn.wiktionary.org,2022-12,63536,144374,,207910
bn.wiktionary.org,2023-01,32650,187238,,219888
bn.wiktionary.org,2023-02,49856,283622,,333478
bn.wiktionary.org,2023-03,58224,318499,,376723
bn.wiktionary.org,2023-04,25926,145422,,171348
bn.wiktionary.org,2023-05,33776,283194,,316970
bn.wiktionary.org,2023-06,52127,277727,,329854
bn.wiktionary.org,2023-07,48279,278647,,326926
bn.wiktionary.org,2023-08,63376,316669,,380045
bn.wiktionary.org,2023-09,49144,321367,,370511
bn.wiktionary.org,2023-10,63366,414484,,477850
bn.wiktionary.org,2023-11,45232,414022,,459254
bn.wiktionary.org,2023-12,58649,377774,,436423
bn.wiktionary.org,2024-01,130015,447540,,577555
bn.wiktionary.org,2024-02,36264,499463,,535727
bn.wiktionary.org,2024-03,48432,518662,,567094
bn.wiktionary.org,2024-04,75005,443094,,518099
bn.wiktionary.org,2024-05,58752,286081,,344833
bn.wiktionary.org,2024-06,69379,180136,,249515
bn.wiktionary.org,2024-07,103321,374334,,477655
bn.wiktionary.org,2024-08,96413,264486,,360899
bn.wiktionary.org,2024-09,52577,247466,,300043
bn.wiktionary.org,2024-10,48925,265631,,314556
bn.wiktionary.org,2024-11,130729,308493,,439222
bn.wiktionary.org,2024-12,258264,365945,,624209
bn.wiktionary.org,2025-01,333928,364905,,698833
bn.wiktionary.org,2025-02,262263,282015,,544278
bn.wiktionary.org,2025-03,304013,243678,,547691
bn.wiktionary.org,2025-04,88172,198926,,287098
bn.wiktionary.org,2025-05,133702,254323,,388025
bn.wiktionary.org,2025-06,68913,223198,,292111
bn.wiktionary.org,2025-07,80454,429166,,509620
bn.wiktionary.org,2025-08,219715,185671,,405386
bn.wiktionary.org,2025-09,278990,200520,,479510
bn.wiktionary.org,2025-10,301959,241938,,543897
bn.wiktionary.org,2025-11,278264,136815,,415079
bn.wiktionary.org,2025-12,223942,100410,,324352
bn.wiktionary.org,2026-01,170768,108644,,279412
bn.wiktionary.org,2026-02,247547,91052,,338599
bn.wiktionary.org,2026-03,208837,82425,,291262
bn.wiktionary.org,2026-04,178598,91016,,269614
bn.wiktionary.org,2026-05,488942,180574,,669516
bn.wiktionary.org,2026-06,476132,225830,,701962
bn.wiktionary.org,2026-07,278417,85807,,364224
bn.wikisource.org,2015-07,28573,38292,,66865
bn.wikisource.org,2015-08,35999,50388,,86387
bn.wikisource.org,2015-09,43950,39376,,83326
bn.wikisource.org,2015-10,42058,39078,,81136
bn.wikisource.org,2015-11,42270,38149,,80419
bn.wikisource.org,2015-12,36032,36268,,72300
bn.wikisource.org,2016-01,52445,38597,,91042
bn.wikisource.org,2016-02,64567,44769,,109336
bn.wikisource.org,2016-03,49505,56964,,106469
bn.wikisource.org,2016-04,58055,58739,,116794
bn.wikisource.org,2016-05,55092,74170,,129262
bn.wikisource.org,2016-06,93429,65476,,158905
bn.wikisource.org,2016-07,84150,69249,3,153402
bn.wikisource.org,2016-08,60632,78458,27,139117
bn.wikisource.org,2016-09,58316,76559,1,134876
bn.wikisource.org,2016-10,59041,82035,23,141099
bn.wikisource.org,2016-11,51430,86951,4,138385
bn.wikisource.org,2016-12,137819,105586,1,243406
bn.wikisource.org,2017-01,94637,102106,,196743
bn.wikisource.org,2017-02,97037,114626,227,211890
bn.wikisource.org,2017-03,74241,136798,58,211097
bn.wikisource.org,2017-04,65499,129181,16,194696
bn.wikisource.org,2017-05,75436,141258,7,216701
bn.wikisource.org,2017-06,75003,122035,24,197062
bn.wikisource.org,2017-07,75915,133022,25,208962
bn.wikisource.org,2017-08,76966,142605,5,219576
bn.wikisource.org,2017-09,62976,126789,6,189771
bn.wikisource.org,2017-10,59754,154397,99,214250
bn.wikisource.org,2017-11,72058,159814,3,231875
bn.wikisource.org,2017-12,86065,147909,17,233991
bn.wikisource.org,2018-01,56963,145225,32,202220
bn.wikisource.org,2018-02,60728,143724,5,204457
bn.wikisource.org,2018-03,68330,184977,2,253309
bn.wikisource.org,2018-04,66981,183768,,250749
bn.wikisource.org,2018-05,78170,204715,,282885
bn.wikisource.org,2018-06,81245,181902,,263147
bn.wikisource.org,2018-07,95799,232657,5,328461
bn.wikisource.org,2018-08,86279,267015,,353294
bn.wikisource.org,2018-09,81178,250547,,331725
bn.wikisource.org,2018-10,78701,282846,,361547
bn.wikisource.org,2018-11,86967,439750,,526717
bn.wikisource.org,2018-12,82595,359102,,441697
bn.wikisource.org,2019-01,88382,403635,2,492019
bn.wikisource.org,2019-02,80786,410530,,491316
bn.wikisource.org,2019-03,100603,513927,3,614533
bn.wikisource.org,2019-04,105882,518984,,624866
bn.wikisource.org,2019-05,89105,531113,,620218
bn.wikisource.org,2019-06,97401,573514,,670915
bn.wikisource.org,2019-07,219675,765853,,985528
bn.wikisource.org,2019-08,462448,830801,,1293249
bn.wikisource.org,2019-09,125448,1075270,,1200718
bn.wikisource.org,2019-10,114006,1170742,,1284748
bn.wikisource.org,2019-11,95571,1170164,4,1265739
bn.wikisource.org,2019-12,86244,999238,,1085482
bn.wikisource.org,2020-01,90732,1062954,3,1153689
bn.wikisource.org,2020-02,86743,1108518,,1195261
bn.wikisource.org,2020-03,102419,1189840,,1292259
bn.wikisource.org,2020-04,125041,1322453,173,1447667
bn.wikisource.org,2020-05,143504,659456,74,803034
bn.wikisource.org,2020-06,112163,444294,62,556519
bn.wikisource.org,2020-07,139797,473619,50,613466
bn.wikisource.org,2020-08,124774,546594,,671368
bn.wikisource.org,2020-09,131893,531444,,663337
bn.wikisource.org,2020-10,122965,515737,,638702
bn.wikisource.org,2020-11,147367,526953,,674320
bn.wikisource.org,2020-12,150519,802291,,952810
bn.wikisource.org,2021-01,181231,870295,,1051526
bn.wikisource.org,2021-02,134853,772931,,907784
bn.wikisource.org,2021-03,164383,944202,,1108585
bn.wikisource.org,2021-04,168560,746246,,914806
bn.wikisource.org,2021-05,183439,857137,,1040576
bn.wikisource.org,2021-06,185620,878741,,1064361
bn.wikisource.org,2021-07,165465,826953,,992418
bn.wikisource.org,2021-08,217212,752762,,969974
bn.wikisource.org,2021-09,135210,670673,,805883
bn.wikisource.org,2021-10,129293,569855,,699148
bn.wikisource.org,2021-11,134678,521369,,656047
bn.wikisource.org,2021-12,130381,519976,,650357
bn.wikisource.org,2022-01,112603,567122,,679725
bn.wikisource.org,2022-02,101638,539392,,641030
bn.wikisource.org,2022-03,111402,520041,,631443
bn.wikisource.org,2022-04,103737,477784,,581521
bn.wikisource.org,2022-05,120450,588290,,708740
bn.wikisource.org,2022-06,140634,580484,,721118
bn.wikisource.org,2022-07,139761,643796,,783557
bn.wikisource.org,2022-08,155517,639744,,795261
bn.wikisource.org,2022-09,111510,590124,,701634
bn.wikisource.org,2022-10,105593,533185,,638778
bn.wikisource.org,2022-11,106433,427585,,534018
bn.wikisource.org,2022-12,118821,362447,,481268
bn.wikisource.org,2023-01,73026,384532,,457558
bn.wikisource.org,2023-02,89523,440241,,529764
bn.wikisource.org,2023-03,98942,453847,,552789
bn.wikisource.org,2023-04,87846,369703,,457549
bn.wikisource.org,2023-05,124469,644295,,768764
bn.wikisource.org,2023-06,123253,525154,,648407
bn.wikisource.org,2023-07,135377,513542,,648919
bn.wikisource.org,2023-08,95604,494601,,590205
bn.wikisource.org,2023-09,78582,430637,,509219
bn.wikisource.org,2023-10,94214,472632,,566846
bn.wikisource.org,2023-11,78236,481622,,559858
bn.wikisource.org,2023-12,98560,469245,,567805
bn.wikisource.org,2024-01,388064,653762,,1041826
bn.wikisource.org,2024-02,129517,535352,,664869
bn.wikisource.org,2024-03,175710,544066,,719776
bn.wikisource.org,2024-04,172238,471598,,643836
bn.wikisource.org,2024-05,111537,476856,,588393
bn.wikisource.org,2024-06,307991,870883,,1178874
bn.wikisource.org,2024-07,226425,642094,,868519
bn.wikisource.org,2024-08,246221,611316,,857537
bn.wikisource.org,2024-09,279588,525541,,805129
bn.wikisource.org,2024-10,192603,480016,,672619
bn.wikisource.org,2024-11,112327,364663,,476990
bn.wikisource.org,2024-12,173180,352669,,525849
bn.wikisource.org,2025-01,302521,390967,,693488
bn.wikisource.org,2025-02,348088,419177,,767265
bn.wikisource.org,2025-03,425441,490717,,916158
bn.wikisource.org,2025-04,292504,368455,,660959
bn.wikisource.org,2025-05,253742,512454,,766196
bn.wikisource.org,2025-06,156246,351563,,507809
bn.wikisource.org,2025-07,655359,878233,,1533592
bn.wikisource.org,2025-08,218219,416190,,634409
bn.wikisource.org,2025-09,301283,358519,,659802
bn.wikisource.org,2025-10,345018,348372,,693390
bn.wikisource.org,2025-11,581972,349163,,931135
bn.wikisource.org,2025-12,294777,255474,,550251
bn.wikisource.org,2026-01,355999,249543,,605542
bn.wikisource.org,2026-02,275003,195006,,470009
bn.wikisource.org,2026-03,364620,213115,,577735
bn.wikisource.org,2026-04,438169,233851,,672020
bn.wikisource.org,2026-05,625763,258597,,884360
bn.wikisource.org,2026-06,1259400,273249,,1532649
bn.wikisource.org,2026-07,790982,357077,,1148059
bn.wikiquote.org,2021-12,6,,,6
bn.wikiquote.org,2022-10,12917,27825,,40742
bn.wikiquote.org,2022-11,22489,60267,,82756
bn.wikiquote.org,2022-12,17423,8429,,25852
bn.wikiquote.org,2023-01,15406,6306,,21712
bn.wikiquote.org,2023-02,13149,6091,,19240
bn.wikiquote.org,2023-03,17467,8475,,25942
bn.wikiquote.org,2023-04,17962,9584,,27546
bn.wikiquote.org,2023-05,18992,14200,,33192
bn.wikiquote.org,2023-06,22867,22338,,45205
bn.wikiquote.org,2023-07,20261,18352,,38613
bn.wikiquote.org,2023-08,19688,14932,,34620
bn.wikiquote.org,2023-09,16679,9234,,25913
bn.wikiquote.org,2023-10,15792,15734,,31526
bn.wikiquote.org,2023-11,17757,16211,,33968
bn.wikiquote.org,2023-12,25040,22074,,47114
bn.wikiquote.org,2024-01,15591,21751,,37342
bn.wikiquote.org,2024-02,13335,25695,,39030
bn.wikiquote.org,2024-03,16313,33934,,50247
bn.wikiquote.org,2024-04,82603,285173,,367776
bn.wikiquote.org,2024-05,23982,49628,,73610
bn.wikiquote.org,2024-06,33454,56048,,89502
bn.wikiquote.org,2024-07,14298,39621,,53919
bn.wikiquote.org,2024-08,30780,48572,,79352
bn.wikiquote.org,2024-09,25809,54087,,79896
bn.wikiquote.org,2024-10,18585,89433,,108018
bn.wikiquote.org,2024-11,22391,47201,,69592
bn.wikiquote.org,2024-12,45987,39655,,85642
bn.wikiquote.org,2025-01,43869,46807,,90676
bn.wikiquote.org,2025-02,55412,68710,,124122
bn.wikiquote.org,2025-03,64701,53244,,117945
bn.wikiquote.org,2025-04,80245,167016,,247261
bn.wikiquote.org,2025-05,76222,126978,,203200
bn.wikiquote.org,2025-06,39796,43149,,82945
bn.wikiquote.org,2025-07,27066,39455,,66521
bn.wikiquote.org,2025-08,60223,73042,,133265
bn.wikiquote.org,2025-09,60552,63893,,124445
bn.wikiquote.org,2025-10,65014,42733,,107747
bn.wikiquote.org,2025-11,53949,27351,,81300
bn.wikiquote.org,2025-12,47063,17659,,64722
bn.wikiquote.org,2026-01,49578,14943,,64521
bn.wikiquote.org,2026-02,98702,26289,,124991
bn.wikiquote.org,2026-03,95970,15271,,111241
bn.wikiquote.org,2026-04,148674,197218,,345892
bn.wikiquote.org,2026-05,87810,19221,,107031
bn.wikiquote.org,2026-06,192232,85090,,277322
bn.wikiquote.org,2026-07,569520,98936,,668456
bn.wikibooks.org,2015-07,18228,6304,,24532
bn.wikibooks.org,2015-08,12930,9593,,22523
bn.wikibooks.org,2015-09,11670,7193,,18863
bn.wikibooks.org,2015-10,11084,7239,,18323
bn.wikibooks.org,2015-11,13027,7312,,20339
bn.wikibooks.org,2015-12,7817,6816,,14633
bn.wikibooks.org,2016-01,8750,7512,,16262
bn.wikibooks.org,2016-02,11486,7030,,18516
bn.wikibooks.org,2016-03,9443,8695,10,18148
bn.wikibooks.org,2016-04,14136,19311,,33447
bn.wikibooks.org,2016-05,12132,10400,,22532
bn.wikibooks.org,2016-06,44816,8636,,53452
bn.wikibooks.org,2016-07,13399,9137,,22536
bn.wikibooks.org,2016-08,23529,10820,4,34353
bn.wikibooks.org,2016-09,12155,10526,2,22683
bn.wikibooks.org,2016-10,21669,9219,,30888
bn.wikibooks.org,2016-11,16311,9221,11,25543
bn.wikibooks.org,2016-12,28639,10662,4,39305
bn.wikibooks.org,2017-01,10766,11473,,22239
bn.wikibooks.org,2017-02,12509,14504,3,27016
bn.wikibooks.org,2017-03,9947,15900,6,25853
bn.wikibooks.org,2017-04,8836,12256,2,21094
bn.wikibooks.org,2017-05,8497,12528,,21025
bn.wikibooks.org,2017-06,7582,11617,20,19219
bn.wikibooks.org,2017-07,9434,14615,,24049
bn.wikibooks.org,2017-08,12757,15947,5,28709
bn.wikibooks.org,2017-09,10541,15050,,25591
bn.wikibooks.org,2017-10,10254,16285,,26539
bn.wikibooks.org,2017-11,13885,18922,,32807
bn.wikibooks.org,2017-12,8715,15948,7,24670
bn.wikibooks.org,2018-01,8063,17550,3,25616
bn.wikibooks.org,2018-02,11546,18878,2,30426
bn.wikibooks.org,2018-03,11660,21221,,32881
bn.wikibooks.org,2018-04,9849,20445,4,30298
bn.wikibooks.org,2018-05,12205,21078,,33283
bn.wikibooks.org,2018-06,14142,18337,,32479
bn.wikibooks.org,2018-07,14200,25273,,39473
bn.wikibooks.org,2018-08,15749,26479,,42228
bn.wikibooks.org,2018-09,18367,28880,,47247
bn.wikibooks.org,2018-10,14861,29954,,44815
bn.wikibooks.org,2018-11,16442,32208,,48650
bn.wikibooks.org,2018-12,15014,32051,,47065
bn.wikibooks.org,2019-01,23741,37086,,60827
bn.wikibooks.org,2019-02,18499,38700,,57199
bn.wikibooks.org,2019-03,19208,40714,,59922
bn.wikibooks.org,2019-04,31340,42144,,73484
bn.wikibooks.org,2019-05,29343,40766,,70109
bn.wikibooks.org,2019-06,20423,47340,4,67767
bn.wikibooks.org,2019-07,50444,64875,,115319
bn.wikibooks.org,2019-08,46643,66711,1,113355
bn.wikibooks.org,2019-09,28254,85186,,113440
bn.wikibooks.org,2019-10,28113,84009,,112122
bn.wikibooks.org,2019-11,22086,98739,,120825
bn.wikibooks.org,2019-12,18893,82066,2,100961
bn.wikibooks.org,2020-01,16787,91146,6,107939
bn.wikibooks.org,2020-02,14801,90301,,105102
bn.wikibooks.org,2020-03,18746,83585,,102331
bn.wikibooks.org,2020-04,22774,89135,,111909
bn.wikibooks.org,2020-05,17218,49845,2,67065
bn.wikibooks.org,2020-06,15950,41694,,57644
bn.wikibooks.org,2020-07,27647,47500,,75147
bn.wikibooks.org,2020-08,41092,53508,,94600
bn.wikibooks.org,2020-09,41214,55242,,96456
bn.wikibooks.org,2020-10,32767,49501,,82268
bn.wikibooks.org,2020-11,18928,56849,,75777
bn.wikibooks.org,2020-12,16701,64690,,81391
bn.wikibooks.org,2021-01,21328,68654,,89982
bn.wikibooks.org,2021-02,23209,62792,,86001
bn.wikibooks.org,2021-03,28198,66391,,94589
bn.wikibooks.org,2021-04,24841,56427,,81268
bn.wikibooks.org,2021-05,19996,53794,,73790
bn.wikibooks.org,2021-06,20581,54372,,74953
bn.wikibooks.org,2021-07,23224,43044,,66268
bn.wikibooks.org,2021-08,33037,44331,,77368
bn.wikibooks.org,2021-09,16925,44957,,61882
bn.wikibooks.org,2021-10,28339,48379,,76718
bn.wikibooks.org,2021-11,21205,40527,,61732
bn.wikibooks.org,2021-12,24306,47112,,71418
bn.wikibooks.org,2022-01,18549,40662,,59211
bn.wikibooks.org,2022-02,28705,37085,,65790
bn.wikibooks.org,2022-03,54054,41899,,95953
bn.wikibooks.org,2022-04,21767,40957,,62724
bn.wikibooks.org,2022-05,24110,41673,,65783
bn.wikibooks.org,2022-06,21879,50478,,72357
bn.wikibooks.org,2022-07,20597,58239,,78836
bn.wikibooks.org,2022-08,30894,79783,,110677
bn.wikibooks.org,2022-09,20224,78565,,98789
bn.wikibooks.org,2022-10,39013,86729,,125742
bn.wikibooks.org,2022-11,27899,92349,,120248
bn.wikibooks.org,2022-12,44748,65464,,110212
bn.wikibooks.org,2023-01,19706,73782,,93488
bn.wikibooks.org,2023-02,35633,100529,,136162
bn.wikibooks.org,2023-03,46431,105108,,151539
bn.wikibooks.org,2023-04,22216,66041,,88257
bn.wikibooks.org,2023-05,27757,106254,,134011
bn.wikibooks.org,2023-06,36329,111157,,147486
bn.wikibooks.org,2023-07,32535,105149,,137684
bn.wikibooks.org,2023-08,32727,115281,,148008
bn.wikibooks.org,2023-09,30262,109419,,139681
bn.wikibooks.org,2023-10,30934,135344,,166278
bn.wikibooks.org,2023-11,30671,136714,,167385
bn.wikibooks.org,2023-12,30524,129695,,160219
bn.wikibooks.org,2024-01,33938,162647,,196585
bn.wikibooks.org,2024-02,42362,187919,,230281
bn.wikibooks.org,2024-03,44859,197487,,242346
bn.wikibooks.org,2024-04,39241,231910,,271151
bn.wikibooks.org,2024-05,41697,151997,,193694
bn.wikibooks.org,2024-06,119515,367084,,486599
bn.wikibooks.org,2024-07,28045,117509,,145554
bn.wikibooks.org,2024-08,52623,146165,,198788
bn.wikibooks.org,2024-09,39898,125157,,165055
bn.wikibooks.org,2024-10,34078,139064,,173142
bn.wikibooks.org,2024-11,52816,124466,,177282
bn.wikibooks.org,2024-12,95106,134510,,229616
bn.wikibooks.org,2025-01,71626,105684,,177310
bn.wikibooks.org,2025-02,77657,106272,,183929
bn.wikibooks.org,2025-03,103399,87282,,190681
bn.wikibooks.org,2025-04,65560,69965,,135525
bn.wikibooks.org,2025-05,78852,209457,,288309
bn.wikibooks.org,2025-06,53095,73701,,126796
bn.wikibooks.org,2025-07,62402,89912,,152314
bn.wikibooks.org,2025-08,72878,118473,,191351
bn.wikibooks.org,2025-09,82480,95853,,178333
bn.wikibooks.org,2025-10,103231,86670,,189901
bn.wikibooks.org,2025-11,77910,52060,,129970
bn.wikibooks.org,2025-12,60050,32604,,92654
bn.wikibooks.org,2026-01,65028,40426,,105454
bn.wikibooks.org,2026-02,83814,29401,,113215
bn.wikibooks.org,2026-03,114385,35016,,149401
bn.wikibooks.org,2026-04,146393,27630,,174023
bn.wikibooks.org,2026-05,335070,122291,,457361
bn.wikibooks.org,2026-06,218419,95799,,314218
bn.wikibooks.org,2026-07,174528,82474,,257002
bn.wikivoyage.org,2018-06,21491,2958,,24449
bn.wikivoyage.org,2018-07,26083,4585,,30668
bn.wikivoyage.org,2018-08,27552,5901,,33453
bn.wikivoyage.org,2018-09,7225,6272,,13497
bn.wikivoyage.org,2018-10,7451,7977,,15428
bn.wikivoyage.org,2018-11,10262,8826,,19088
bn.wikivoyage.org,2018-12,8031,8360,,16391
bn.wikivoyage.org,2019-01,9509,10344,,19853
bn.wikivoyage.org,2019-02,9347,12010,,21357
bn.wikivoyage.org,2019-03,8725,14610,,23335
bn.wikivoyage.org,2019-04,9752,16534,,26286
bn.wikivoyage.org,2019-05,9811,16452,,26263
bn.wikivoyage.org,2019-06,9813,26603,,36416
bn.wikivoyage.org,2019-07,16864,33484,,50348
bn.wikivoyage.org,2019-08,33592,39993,,73585
bn.wikivoyage.org,2019-09,22773,54573,,77346
bn.wikivoyage.org,2019-10,21497,70899,,92396
bn.wikivoyage.org,2019-11,13310,80412,,93722
bn.wikivoyage.org,2019-12,13177,63000,,76177
bn.wikivoyage.org,2020-01,12323,58768,,71091
bn.wikivoyage.org,2020-02,15361,61117,,76478
bn.wikivoyage.org,2020-03,10967,53548,,64515
bn.wikivoyage.org,2020-04,14364,53181,,67545
bn.wikivoyage.org,2020-05,17613,25208,,42821
bn.wikivoyage.org,2020-06,11893,14973,,26866
bn.wikivoyage.org,2020-07,21414,15872,4,37290
bn.wikivoyage.org,2020-08,37102,22661,,59763
bn.wikivoyage.org,2020-09,35744,22811,,58555
bn.wikivoyage.org,2020-10,25928,24288,,50216
bn.wikivoyage.org,2020-11,10763,30317,,41080
bn.wikivoyage.org,2020-12,10612,33372,,43984
bn.wikivoyage.org,2021-01,14092,32469,,46561
bn.wikivoyage.org,2021-02,16264,29471,,45735
bn.wikivoyage.org,2021-03,21479,30819,,52298
bn.wikivoyage.org,2021-04,21312,23377,,44689
bn.wikivoyage.org,2021-05,12813,32779,,45592
bn.wikivoyage.org,2021-06,12666,27635,,40301
bn.wikivoyage.org,2021-07,18011,20521,,38532
bn.wikivoyage.org,2021-08,29879,28132,,58011
bn.wikivoyage.org,2021-09,14844,33612,,48456
bn.wikivoyage.org,2021-10,20373,29429,,49802
bn.wikivoyage.org,2021-11,26551,28705,,55256
bn.wikivoyage.org,2021-12,13732,32069,,45801
bn.wikivoyage.org,2022-01,13901,27084,,40985
bn.wikivoyage.org,2022-02,15252,28445,,43697
bn.wikivoyage.org,2022-03,18483,33448,,51931
bn.wikivoyage.org,2022-04,15174,25251,,40425
bn.wikivoyage.org,2022-05,20803,36836,,57639
bn.wikivoyage.org,2022-06,20396,44574,,64970
bn.wikivoyage.org,2022-07,22249,55214,,77463
bn.wikivoyage.org,2022-08,21943,77485,,99428
bn.wikivoyage.org,2022-09,15020,72663,,87683
bn.wikivoyage.org,2022-10,23260,71949,,95209
bn.wikivoyage.org,2022-11,25019,88644,,113663
bn.wikivoyage.org,2022-12,32936,59966,,92902
bn.wikivoyage.org,2023-01,23099,62048,,85147
bn.wikivoyage.org,2023-02,25096,92943,,118039
bn.wikivoyage.org,2023-03,30852,87461,,118313
bn.wikivoyage.org,2023-04,16852,55614,,72466
bn.wikivoyage.org,2023-05,26371,101246,,127617
bn.wikivoyage.org,2023-06,30493,92273,,122766
bn.wikivoyage.org,2023-07,25572,92260,,117832
bn.wikivoyage.org,2023-08,27161,102420,,129581
bn.wikivoyage.org,2023-09,28514,79578,,108092
bn.wikivoyage.org,2023-10,27286,102767,,130053
bn.wikivoyage.org,2023-11,24384,86677,,111061
bn.wikivoyage.org,2023-12,30329,97209,,127538
bn.wikivoyage.org,2024-01,29478,93672,,123150
bn.wikivoyage.org,2024-02,21689,106137,,127826
bn.wikivoyage.org,2024-03,22066,100308,,122374
bn.wikivoyage.org,2024-04,23453,90645,,114098
bn.wikivoyage.org,2024-05,20550,74827,,95377
bn.wikivoyage.org,2024-06,36299,81346,,117645
bn.wikivoyage.org,2024-07,17725,50950,,68675
bn.wikivoyage.org,2024-08,21584,57603,,79187
bn.wikivoyage.org,2024-09,108943,169787,,278730
bn.wikivoyage.org,2024-10,83335,354394,,437729
bn.wikivoyage.org,2024-11,27298,85433,,112731
bn.wikivoyage.org,2024-12,74243,74940,,149183
bn.wikivoyage.org,2025-01,104052,75861,,179913
bn.wikivoyage.org,2025-02,86007,107388,,193395
bn.wikivoyage.org,2025-03,92975,88102,,181077
bn.wikivoyage.org,2025-04,84645,90040,,174685
bn.wikivoyage.org,2025-05,46476,105014,,151490
bn.wikivoyage.org,2025-06,39978,59140,,99118
bn.wikivoyage.org,2025-07,34580,44429,,79009
bn.wikivoyage.org,2025-08,45302,60220,,105522
bn.wikivoyage.org,2025-09,82880,170011,,252891
bn.wikivoyage.org,2025-10,76593,61750,,138343
bn.wikivoyage.org,2025-11,56187,37219,,93406
bn.wikivoyage.org,2025-12,53413,23941,,77354
bn.wikivoyage.org,2026-01,44751,24378,,69129
bn.wikivoyage.org,2026-02,89412,21084,,110496
bn.wikivoyage.org,2026-03,105537,26559,,132096
bn.wikivoyage.org,2026-04,83339,24531,,107870
bn.wikivoyage.org,2026-05,102164,20689,,122853
bn.wikivoyage.org,2026-06,88606,26327,,114933
bn.wikivoyage.org,2026-07,182115,61087,,243202
bpy.wikipedia.org,2015-07,219795,40714,183,260692
bpy.wikipedia.org,2015-08,238459,28083,209,266751
bpy.wikipedia.org,2015-09,286735,22909,191,309835
bpy.wikipedia.org,2015-10,220021,20217,166,240404
bpy.wikipedia.org,2015-11,120177,22529,266,142972
bpy.wikipedia.org,2015-12,89098,23254,195,112547
bpy.wikipedia.org,2016-01,178336,30438,227,209001
bpy.wikipedia.org,2016-02,98294,16154,180,114628
bpy.wikipedia.org,2016-03,102379,23087,193,125659
bpy.wikipedia.org,2016-04,104497,18918,125,123540
bpy.wikipedia.org,2016-05,92165,17870,197,110232
bpy.wikipedia.org,2016-06,106573,16111,131,122815
bpy.wikipedia.org,2016-07,83722,18210,121,102053
bpy.wikipedia.org,2016-08,117004,17219,144,134367
bpy.wikipedia.org,2016-09,103787,16683,156,120626
bpy.wikipedia.org,2016-10,164855,18894,182,183931
bpy.wikipedia.org,2016-11,167313,16799,172,184284
bpy.wikipedia.org,2016-12,156399,16075,239,172713
bpy.wikipedia.org,2017-01,119477,16721,172,136370
bpy.wikipedia.org,2017-02,130579,21497,167,152243
bpy.wikipedia.org,2017-03,128685,23677,225,152587
bpy.wikipedia.org,2017-04,98949,18563,147,117659
bpy.wikipedia.org,2017-05,109906,15871,141,125918
bpy.wikipedia.org,2017-06,105114,15186,115,120415
bpy.wikipedia.org,2017-07,130754,20489,168,151411
bpy.wikipedia.org,2017-08,194523,20415,135,215073
bpy.wikipedia.org,2017-09,286770,19512,166,306448
bpy.wikipedia.org,2017-10,126045,20623,150,146818
bpy.wikipedia.org,2017-11,140750,24307,176,165233
bpy.wikipedia.org,2017-12,146242,19693,177,166112
bpy.wikipedia.org,2018-01,113699,18409,185,132293
bpy.wikipedia.org,2018-02,129127,17970,146,147243
bpy.wikipedia.org,2018-03,101186,21435,177,122798
bpy.wikipedia.org,2018-04,100394,21441,193,122028
bpy.wikipedia.org,2018-05,123750,20585,177,144512
bpy.wikipedia.org,2018-06,150657,22077,137,172871
bpy.wikipedia.org,2018-07,131422,46931,229,178582
bpy.wikipedia.org,2018-08,156965,61239,194,218398
bpy.wikipedia.org,2018-09,118962,47686,155,166803
bpy.wikipedia.org,2018-10,184703,55611,203,240517
bpy.wikipedia.org,2018-11,202307,31059,225,233591
bpy.wikipedia.org,2018-12,128937,35677,230,164844
bpy.wikipedia.org,2019-01,190437,30045,171,220653
bpy.wikipedia.org,2019-02,173161,32138,164,205463
bpy.wikipedia.org,2019-03,138053,46366,150,184569
bpy.wikipedia.org,2019-04,163075,34558,141,197774
bpy.wikipedia.org,2019-05,124606,27575,107,152288
bpy.wikipedia.org,2019-06,141786,31151,150,173087
bpy.wikipedia.org,2019-07,191135,38241,182,229558
bpy.wikipedia.org,2019-08,258999,46805,215,306019
bpy.wikipedia.org,2019-09,145281,60061,237,205579
bpy.wikipedia.org,2019-10,149245,68985,288,218518
bpy.wikipedia.org,2019-11,132303,60167,214,192684
bpy.wikipedia.org,2019-12,92818,60027,257,153102
bpy.wikipedia.org,2020-01,137256,60582,266,198104
bpy.wikipedia.org,2020-02,153754,60984,215,214953
bpy.wikipedia.org,2020-03,129236,59532,226,188994
bpy.wikipedia.org,2020-04,185193,97918,264,283375
bpy.wikipedia.org,2020-05,114996,44021,376,159393
bpy.wikipedia.org,2020-06,88160,28510,103,116773
bpy.wikipedia.org,2020-07,86329,29472,212,116013
bpy.wikipedia.org,2020-08,78332,29604,221,108157
bpy.wikipedia.org,2020-09,151509,31587,328,183424
bpy.wikipedia.org,2020-10,92499,29993,272,122764
bpy.wikipedia.org,2020-11,83190,30672,280,114142
bpy.wikipedia.org,2020-12,74184,33482,228,107894
bpy.wikipedia.org,2021-01,75530,38429,271,114230
bpy.wikipedia.org,2021-02,86551,37370,274,124195
bpy.wikipedia.org,2021-03,82577,36343,253,119173
bpy.wikipedia.org,2021-04,88427,31049,189,119665
bpy.wikipedia.org,2021-05,65840,33920,215,99975
bpy.wikipedia.org,2021-06,79538,30869,217,110624
bpy.wikipedia.org,2021-07,77191,39338,202,116731
bpy.wikipedia.org,2021-08,143547,42311,213,186071
bpy.wikipedia.org,2021-09,73222,41282,199,114703
bpy.wikipedia.org,2021-10,74631,49587,263,124481
bpy.wikipedia.org,2021-11,80861,43406,222,124489
bpy.wikipedia.org,2021-12,76474,39358,262,116094
bpy.wikipedia.org,2022-01,96447,44613,303,141363
bpy.wikipedia.org,2022-02,96074,40176,282,136532
bpy.wikipedia.org,2022-03,94084,44669,314,139067
bpy.wikipedia.org,2022-04,77534,47612,245,125391
bpy.wikipedia.org,2022-05,78690,43089,293,122072
bpy.wikipedia.org,2022-06,133985,53721,205,187911
bpy.wikipedia.org,2022-07,70163,67103,214,137480
bpy.wikipedia.org,2022-08,89305,91457,200,180962
bpy.wikipedia.org,2022-09,124147,73631,194,197972
bpy.wikipedia.org,2022-10,101464,80343,233,182040
bpy.wikipedia.org,2022-11,89438,147249,315,237002
bpy.wikipedia.org,2022-12,91948,121458,345,213751
bpy.wikipedia.org,2023-01,107172,91073,328,198573
bpy.wikipedia.org,2023-02,84245,124324,246,208815
bpy.wikipedia.org,2023-03,108923,159898,271,269092
bpy.wikipedia.org,2023-04,76298,77667,212,154177
bpy.wikipedia.org,2023-05,94267,138648,243,233158
bpy.wikipedia.org,2023-06,146220,199566,277,346063
bpy.wikipedia.org,2023-07,132557,181908,299,314764
bpy.wikipedia.org,2023-08,116278,202285,263,318826
bpy.wikipedia.org,2023-09,97760,158652,295,256707
bpy.wikipedia.org,2023-10,116633,195108,319,312060
bpy.wikipedia.org,2023-11,108611,152253,278,261142
bpy.wikipedia.org,2023-12,104165,159461,294,263920
bpy.wikipedia.org,2024-01,166359,157035,307,323701
bpy.wikipedia.org,2024-02,81104,146184,293,227581
bpy.wikipedia.org,2024-03,81915,182792,352,265059
bpy.wikipedia.org,2024-04,89939,189227,256,279422
bpy.wikipedia.org,2024-05,155888,133638,289,289815
bpy.wikipedia.org,2024-06,79209,118008,308,197525
bpy.wikipedia.org,2024-07,55296,102381,257,157934
bpy.wikipedia.org,2024-08,69942,76558,265,146765
bpy.wikipedia.org,2024-09,44305,75195,258,119758
bpy.wikipedia.org,2024-10,34818,75410,261,110489
bpy.wikipedia.org,2024-11,42274,76724,268,119266
bpy.wikipedia.org,2024-12,100898,64141,195,165234
bpy.wikipedia.org,2025-01,212849,112331,186,325366
bpy.wikipedia.org,2025-02,181523,104611,180,286314
bpy.wikipedia.org,2025-03,105963,74083,163,180209
bpy.wikipedia.org,2025-04,111727,70769,245,182741
bpy.wikipedia.org,2025-05,100767,87752,119,188638
bpy.wikipedia.org,2025-06,80326,106393,268,186987
bpy.wikipedia.org,2025-07,382425,161493,109,544027
bpy.wikipedia.org,2025-08,116745,153076,80,269901
bpy.wikipedia.org,2025-09,152288,157142,132,309562
bpy.wikipedia.org,2025-10,167886,81044,104,249034
bpy.wikipedia.org,2025-11,217890,63283,70,281243
bpy.wikipedia.org,2025-12,108289,34538,62,142889
bpy.wikipedia.org,2026-01,201181,53974,115,255270
bpy.wikipedia.org,2026-02,95307,55309,68,150684
bpy.wikipedia.org,2026-03,85674,47674,103,133451
bpy.wikipedia.org,2026-04,157229,47489,45,204763
bpy.wikipedia.org,2026-05,190015,64241,59,254315
bpy.wikipedia.org,2026-06,127312,99957,99,227368
bpy.wikipedia.org,2026-07,182006,120740,50,302796
dty.wikipedia.org,2017-04,6760,713,27,7500
dty.wikipedia.org,2017-05,40204,1946,369,42519
dty.wikipedia.org,2017-06,40735,1925,552,43212
dty.wikipedia.org,2017-07,56576,2464,775,59815
dty.wikipedia.org,2017-08,109923,2838,742,113503
dty.wikipedia.org,2017-09,173582,3353,674,177609
dty.wikipedia.org,2017-10,67520,3434,701,71655
dty.wikipedia.org,2017-11,83126,4154,401,87681
dty.wikipedia.org,2017-12,77770,4066,273,82109
dty.wikipedia.org,2018-01,69439,3807,294,73540
dty.wikipedia.org,2018-02,53669,3673,243,57585
dty.wikipedia.org,2018-03,51529,7309,225,59063
dty.wikipedia.org,2018-04,42008,3856,258,46122
dty.wikipedia.org,2018-05,50108,4570,326,55004
dty.wikipedia.org,2018-06,60883,6230,218,67331
dty.wikipedia.org,2018-07,56956,10033,221,67210
dty.wikipedia.org,2018-08,65615,12210,148,77973
dty.wikipedia.org,2018-09,61525,10825,110,72460
dty.wikipedia.org,2018-10,81544,12153,102,93799
dty.wikipedia.org,2018-11,127754,33288,105,161147
dty.wikipedia.org,2018-12,64265,11607,84,75956
dty.wikipedia.org,2019-01,76661,9664,117,86442
dty.wikipedia.org,2019-02,65940,7414,91,73445
dty.wikipedia.org,2019-03,72253,9561,71,81885
dty.wikipedia.org,2019-04,95373,8755,86,104214
dty.wikipedia.org,2019-05,78972,9736,81,88789
dty.wikipedia.org,2019-06,78555,9712,111,88378
dty.wikipedia.org,2019-07,123290,12769,101,136160
dty.wikipedia.org,2019-08,129132,14570,77,143779
dty.wikipedia.org,2019-09,78609,18156,124,96889
dty.wikipedia.org,2019-10,78531,26166,129,104826
dty.wikipedia.org,2019-11,63736,18153,72,81961
dty.wikipedia.org,2019-12,42756,16401,124,59281
dty.wikipedia.org,2020-01,55675,15230,113,71018
dty.wikipedia.org,2020-02,42204,12778,153,55135
dty.wikipedia.org,2020-03,38881,10420,98,49399
dty.wikipedia.org,2020-04,69539,42669,145,112353
dty.wikipedia.org,2020-05,72330,19964,77,92371
dty.wikipedia.org,2020-06,48301,10625,30,58956
dty.wikipedia.org,2020-07,64531,10908,100,75539
dty.wikipedia.org,2020-08,50378,9663,100,60141
dty.wikipedia.org,2020-09,72370,10641,325,83336
dty.wikipedia.org,2020-10,51889,9872,243,62004
dty.wikipedia.org,2020-11,42845,8574,177,51596
dty.wikipedia.org,2020-12,43742,12808,171,56721
dty.wikipedia.org,2021-01,45306,13635,146,59087
dty.wikipedia.org,2021-02,50609,13417,111,64137
dty.wikipedia.org,2021-03,51295,14431,312,66038
dty.wikipedia.org,2021-04,57287,12113,128,69528
dty.wikipedia.org,2021-05,42903,14963,152,58018
dty.wikipedia.org,2021-06,49400,17138,127,66665
dty.wikipedia.org,2021-07,45824,19974,148,65946
dty.wikipedia.org,2021-08,57848,16565,131,74544
dty.wikipedia.org,2021-09,40842,14232,118,55192
dty.wikipedia.org,2021-10,40415,13268,83,53766
dty.wikipedia.org,2021-11,46169,15362,122,61653
dty.wikipedia.org,2021-12,44053,22979,166,67198
dty.wikipedia.org,2022-01,56391,23674,169,80234
dty.wikipedia.org,2022-02,50593,22787,202,73582
dty.wikipedia.org,2022-03,46889,30155,234,77278
dty.wikipedia.org,2022-04,39037,24047,149,63233
dty.wikipedia.org,2022-05,45632,24152,190,69974
dty.wikipedia.org,2022-06,68801,29247,101,98149
dty.wikipedia.org,2022-07,42096,28486,168,70750
dty.wikipedia.org,2022-08,51147,38891,130,90168
dty.wikipedia.org,2022-09,59329,34719,166,94214
dty.wikipedia.org,2022-10,50264,33663,110,84037
dty.wikipedia.org,2022-11,48590,40636,120,89346
dty.wikipedia.org,2022-12,61802,42406,143,104351
dty.wikipedia.org,2023-01,46368,36258,153,82779
dty.wikipedia.org,2023-02,58282,45709,173,104164
dty.wikipedia.org,2023-03,86780,63377,174,150331
dty.wikipedia.org,2023-04,40628,32989,150,73767
dty.wikipedia.org,2023-05,44606,51134,126,95866
dty.wikipedia.org,2023-06,56977,63547,214,120738
dty.wikipedia.org,2023-07,59255,65289,126,124670
dty.wikipedia.org,2023-08,61443,65234,169,126846
dty.wikipedia.org,2023-09,47239,46597,135,93971
dty.wikipedia.org,2023-10,50493,56017,124,106634
dty.wikipedia.org,2023-11,51794,44590,91,96475
dty.wikipedia.org,2023-12,59001,50701,190,109892
dty.wikipedia.org,2024-01,47555,80756,154,128465
dty.wikipedia.org,2024-02,37467,48955,157,86579
dty.wikipedia.org,2024-03,82621,64301,187,147109
dty.wikipedia.org,2024-04,62422,57232,120,119774
dty.wikipedia.org,2024-05,45988,47953,182,94123
dty.wikipedia.org,2024-06,47383,63398,212,110993
dty.wikipedia.org,2024-07,25017,53453,172,78642
dty.wikipedia.org,2024-08,36835,51653,171,88659
dty.wikipedia.org,2024-09,21964,34951,126,57041
dty.wikipedia.org,2024-10,23686,27352,119,51157
dty.wikipedia.org,2024-11,24131,34114,99,58344
dty.wikipedia.org,2024-12,35236,28031,112,63379
dty.wikipedia.org,2025-01,85837,48178,153,134168
dty.wikipedia.org,2025-02,130395,52393,93,182881
dty.wikipedia.org,2025-03,33651,36866,104,70621
dty.wikipedia.org,2025-04,32855,23598,79,56532
dty.wikipedia.org,2025-05,38024,34886,77,72987
dty.wikipedia.org,2025-06,42617,42473,65,85155
dty.wikipedia.org,2025-07,164401,67751,80,232232
dty.wikipedia.org,2025-08,57478,48531,70,106079
dty.wikipedia.org,2025-09,62856,71912,109,134877
dty.wikipedia.org,2025-10,137634,52927,67,190628
dty.wikipedia.org,2025-11,81397,26235,38,107670
dty.wikipedia.org,2025-12,51950,14229,60,66239
dty.wikipedia.org,2026-01,37614,12991,93,50698
dty.wikipedia.org,2026-02,35414,16186,74,51674
dty.wikipedia.org,2026-03,40017,18448,137,58602
dty.wikipedia.org,2026-04,86654,12683,91,99428
dty.wikipedia.org,2026-05,98370,11411,105,109886
dty.wikipedia.org,2026-06,81490,13976,67,95533
dty.wikipedia.org,2026-07,72569,54062,82,126713
dv.wikipedia.org,2015-07,79169,10991,150,90310
dv.wikipedia.org,2015-08,89431,9560,107,99098
dv.wikipedia.org,2015-09,101267,8346,133,109746
dv.wikipedia.org,2015-10,77753,7181,142,85076
dv.wikipedia.org,2015-11,76377,7822,128,84327
dv.wikipedia.org,2015-12,64044,7143,88,71275
dv.wikipedia.org,2016-01,90313,9914,104,100331
dv.wikipedia.org,2016-02,69248,7301,81,76630
dv.wikipedia.org,2016-03,77754,7248,113,85115
dv.wikipedia.org,2016-04,95834,9765,86,105685
dv.wikipedia.org,2016-05,108433,10184,110,118727
dv.wikipedia.org,2016-06,85710,5715,102,91527
dv.wikipedia.org,2016-07,62673,6955,124,69752
dv.wikipedia.org,2016-08,93391,7369,137,100897
dv.wikipedia.org,2016-09,83034,8292,68,91394
dv.wikipedia.org,2016-10,107951,6696,162,114809
dv.wikipedia.org,2016-11,116761,5904,158,122823
dv.wikipedia.org,2016-12,93399,4308,121,97828
dv.wikipedia.org,2017-01,90292,5459,112,95863
dv.wikipedia.org,2017-02,108999,10344,144,119487
dv.wikipedia.org,2017-03,106563,6043,162,112768
dv.wikipedia.org,2017-04,92582,6671,116,99369
dv.wikipedia.org,2017-05,105856,4497,129,110482
dv.wikipedia.org,2017-06,77690,4491,152,82333
dv.wikipedia.org,2017-07,89620,4968,153,94741
dv.wikipedia.org,2017-08,150741,5570,142,156453
dv.wikipedia.org,2017-09,236566,5274,222,242062
dv.wikipedia.org,2017-10,105834,4445,173,110452
dv.wikipedia.org,2017-11,109971,4173,168,114312
dv.wikipedia.org,2017-12,92181,5027,190,97398
dv.wikipedia.org,2018-01,81662,4712,197,86571
dv.wikipedia.org,2018-02,73787,4866,183,78836
dv.wikipedia.org,2018-03,75148,7075,243,82466
dv.wikipedia.org,2018-04,68100,6701,205,75006
dv.wikipedia.org,2018-05,76623,5218,151,81992
dv.wikipedia.org,2018-06,91480,5920,163,97563
dv.wikipedia.org,2018-07,90971,13124,107,104202
dv.wikipedia.org,2018-08,87024,15204,121,102349
dv.wikipedia.org,2018-09,84667,12294,182,97143
dv.wikipedia.org,2018-10,82794,14345,101,97240
dv.wikipedia.org,2018-11,228091,6755,238,235084
dv.wikipedia.org,2018-12,87388,14187,151,101726
dv.wikipedia.org,2019-01,104443,8523,157,113123
dv.wikipedia.org,2019-02,92812,8544,111,101467
dv.wikipedia.org,2019-03,98188,13062,140,111390
dv.wikipedia.org,2019-04,119980,10707,124,130811
dv.wikipedia.org,2019-05,97900,7186,132,105218
dv.wikipedia.org,2019-06,95702,7308,134,103144
dv.wikipedia.org,2019-07,143007,8936,97,152040
dv.wikipedia.org,2019-08,153783,9213,156,163152
dv.wikipedia.org,2019-09,104795,10661,152,115608
dv.wikipedia.org,2019-10,105504,13643,174,119321
dv.wikipedia.org,2019-11,82412,8463,208,91083
dv.wikipedia.org,2019-12,52113,12533,203,64849
dv.wikipedia.org,2020-01,75369,8450,419,84238
dv.wikipedia.org,2020-02,88978,10648,192,99818
dv.wikipedia.org,2020-03,56036,9304,268,65608
dv.wikipedia.org,2020-04,136457,38009,254,174720
dv.wikipedia.org,2020-05,78333,15683,198,94214
dv.wikipedia.org,2020-06,63103,12426,61,75590
dv.wikipedia.org,2020-07,74332,11495,215,86042
dv.wikipedia.org,2020-08,66326,10386,277,76989
dv.wikipedia.org,2020-09,133883,22601,183,156667
dv.wikipedia.org,2020-10,89548,9258,261,99067
dv.wikipedia.org,2020-11,63552,8261,238,72051
dv.wikipedia.org,2020-12,57105,9165,210,66480
dv.wikipedia.org,2021-01,60989,9719,293,71001
dv.wikipedia.org,2021-02,78769,10818,278,89865
dv.wikipedia.org,2021-03,70182,8655,165,79002
dv.wikipedia.org,2021-04,74576,9123,208,83907
dv.wikipedia.org,2021-05,60109,9537,187,69833
dv.wikipedia.org,2021-06,69996,9487,169,79652
dv.wikipedia.org,2021-07,62896,8593,162,71651
dv.wikipedia.org,2021-08,101473,8779,167,110419
dv.wikipedia.org,2021-09,57693,12263,142,70098
dv.wikipedia.org,2021-10,63448,14374,242,78064
dv.wikipedia.org,2021-11,63976,20022,162,84160
dv.wikipedia.org,2021-12,59685,10084,181,69950
dv.wikipedia.org,2022-01,70382,12341,206,82929
dv.wikipedia.org,2022-02,72987,17697,171,90855
dv.wikipedia.org,2022-03,73929,14554,178,88661
dv.wikipedia.org,2022-04,60641,13200,204,74045
dv.wikipedia.org,2022-05,75973,24147,298,100418
dv.wikipedia.org,2022-06,96288,17650,281,114219
dv.wikipedia.org,2022-07,53366,16017,194,69577
dv.wikipedia.org,2022-08,56923,24935,251,82109
dv.wikipedia.org,2022-09,78237,18832,363,97432
dv.wikipedia.org,2022-10,72560,29376,524,102460
dv.wikipedia.org,2022-11,67108,23976,197,91281
dv.wikipedia.org,2022-12,66607,27149,256,94012
dv.wikipedia.org,2023-01,59605,23110,175,82890
dv.wikipedia.org,2023-02,74001,22522,244,96767
dv.wikipedia.org,2023-03,103102,30890,189,134181
dv.wikipedia.org,2023-04,53482,22029,177,75688
dv.wikipedia.org,2023-05,55320,26069,251,81640
dv.wikipedia.org,2023-06,76249,50493,140,126882
dv.wikipedia.org,2023-07,74878,47393,171,122442
dv.wikipedia.org,2023-08,62023,50234,173,112430
dv.wikipedia.org,2023-09,57426,26627,219,84272
dv.wikipedia.org,2023-10,66400,41682,275,108357
dv.wikipedia.org,2023-11,71421,31982,385,103788
dv.wikipedia.org,2023-12,81150,31155,291,112596
dv.wikipedia.org,2024-01,52449,18560,194,71203
dv.wikipedia.org,2024-02,46183,17349,381,63913
dv.wikipedia.org,2024-03,112513,35496,269,148278
dv.wikipedia.org,2024-04,73213,34181,348,107742
dv.wikipedia.org,2024-05,52353,26061,260,78674
dv.wikipedia.org,2024-06,60691,30591,222,91504
dv.wikipedia.org,2024-07,31827,30815,435,63077
dv.wikipedia.org,2024-08,62563,42230,465,105258
dv.wikipedia.org,2024-09,26392,15051,239,41682
dv.wikipedia.org,2024-10,30763,17447,170,48380
dv.wikipedia.org,2024-11,276897,177454,203,454554
dv.wikipedia.org,2024-12,44232,13884,422,58538
dv.wikipedia.org,2025-01,183765,138613,272,322650
dv.wikipedia.org,2025-02,75921,38519,242,114682
dv.wikipedia.org,2025-03,31012,32130,202,63344
dv.wikipedia.org,2025-04,42980,28416,188,71584
dv.wikipedia.org,2025-05,56531,53331,179,110041
dv.wikipedia.org,2025-06,45284,38831,185,84300
dv.wikipedia.org,2025-07,152538,39102,136,191776
dv.wikipedia.org,2025-08,178367,39790,229,218386
dv.wikipedia.org,2025-09,178708,72010,188,250906
dv.wikipedia.org,2025-10,76077,66056,211,142344
dv.wikipedia.org,2025-11,628379,31291,143,659813
dv.wikipedia.org,2025-12,978216,26147,135,1004498
dv.wikipedia.org,2026-01,73950,10763,131,84844
dv.wikipedia.org,2026-02,65375,21055,142,86572
dv.wikipedia.org,2026-03,90757,23557,114,114428
dv.wikipedia.org,2026-04,125560,18056,166,143782
dv.wikipedia.org,2026-05,450255,19666,451,470372
dv.wikipedia.org,2026-06,393958,17554,151,411663
dv.wikipedia.org,2026-07,168279,108612,144,277035
dv.wiktionary.org,2015-07,2833,500,,3333
dv.wiktionary.org,2015-08,2014,217,,2231
dv.wiktionary.org,2015-09,5673,232,,5905
dv.wiktionary.org,2015-10,3329,217,,3546
dv.wiktionary.org,2015-11,2432,330,,2762
dv.wiktionary.org,2015-12,3410,402,,3812
dv.wiktionary.org,2016-01,3962,392,,4354
dv.wiktionary.org,2016-02,3811,558,,4369
dv.wiktionary.org,2016-03,2858,387,,3245
dv.wiktionary.org,2016-04,9657,12271,,21928
dv.wiktionary.org,2016-05,7379,927,,8306
dv.wiktionary.org,2016-06,50572,497,,51069
dv.wiktionary.org,2016-07,2784,692,,3476
dv.wiktionary.org,2016-08,4144,944,,5088
dv.wiktionary.org,2016-09,3119,534,,3653
dv.wiktionary.org,2016-10,5662,828,,6490
dv.wiktionary.org,2016-11,2495,648,,3143
dv.wiktionary.org,2016-12,3388,608,,3996
dv.wiktionary.org,2017-01,3874,513,,4387
dv.wiktionary.org,2017-02,2590,380,,2970
dv.wiktionary.org,2017-03,4427,336,,4763
dv.wiktionary.org,2017-04,3056,345,,3401
dv.wiktionary.org,2017-05,2545,298,,2843
dv.wiktionary.org,2017-06,2865,313,,3178
dv.wiktionary.org,2017-07,4441,247,,4688
dv.wiktionary.org,2017-08,6942,365,,7307
dv.wiktionary.org,2017-09,12643,546,,13189
dv.wiktionary.org,2017-10,4632,344,,4976
dv.wiktionary.org,2017-11,4979,271,,5250
dv.wiktionary.org,2017-12,3777,335,,4112
dv.wiktionary.org,2018-01,6834,485,,7319
dv.wiktionary.org,2018-02,4802,178,,4980
dv.wiktionary.org,2018-03,4773,247,,5020
dv.wiktionary.org,2018-04,5477,250,,5727
dv.wiktionary.org,2018-05,9214,630,,9844
dv.wiktionary.org,2018-06,8792,184,,8976
dv.wiktionary.org,2018-07,6743,361,,7104
dv.wiktionary.org,2018-08,8077,543,,8620
dv.wiktionary.org,2018-09,8563,1297,,9860
dv.wiktionary.org,2018-10,6444,2482,,8926
dv.wiktionary.org,2018-11,9835,8092,,17927
dv.wiktionary.org,2018-12,6008,2673,,8681
dv.wiktionary.org,2019-01,14877,6788,,21665
dv.wiktionary.org,2019-02,10329,7672,,18001
dv.wiktionary.org,2019-03,11488,11019,,22507
dv.wiktionary.org,2019-04,15317,7848,,23165
dv.wiktionary.org,2019-05,14903,855,,15758
dv.wiktionary.org,2019-06,7412,584,,7996
dv.wiktionary.org,2019-07,22854,811,,23665
dv.wiktionary.org,2019-08,40688,1309,,41997
dv.wiktionary.org,2019-09,16602,582,,17184
dv.wiktionary.org,2019-10,7206,640,,7846
dv.wiktionary.org,2019-11,5290,528,,5818
dv.wiktionary.org,2019-12,3995,566,,4561
dv.wiktionary.org,2020-01,4080,389,,4469
dv.wiktionary.org,2020-02,3635,416,,4051
dv.wiktionary.org,2020-03,5838,559,,6397
dv.wiktionary.org,2020-04,5808,488,,6296
dv.wiktionary.org,2020-05,6072,704,,6776
dv.wiktionary.org,2020-06,4267,651,,4918
dv.wiktionary.org,2020-07,11778,1145,,12923
dv.wiktionary.org,2020-08,9024,832,,9856
dv.wiktionary.org,2020-09,15819,1016,,16835
dv.wiktionary.org,2020-10,20481,689,,21170
dv.wiktionary.org,2020-11,5774,510,,6284
dv.wiktionary.org,2020-12,4840,510,,5350
dv.wiktionary.org,2021-01,7153,494,,7647
dv.wiktionary.org,2021-02,10146,1262,,11408
dv.wiktionary.org,2021-03,8272,488,,8760
dv.wiktionary.org,2021-04,8202,795,,8997
dv.wiktionary.org,2021-05,6630,529,,7159
dv.wiktionary.org,2021-06,6350,402,,6752
dv.wiktionary.org,2021-07,9041,1086,,10127
dv.wiktionary.org,2021-08,12927,896,,13823
dv.wiktionary.org,2021-09,5636,836,,6472
dv.wiktionary.org,2021-10,8361,2694,,11055
dv.wiktionary.org,2021-11,4326,2286,,6612
dv.wiktionary.org,2021-12,3775,741,,4516
dv.wiktionary.org,2022-01,4971,831,,5802
dv.wiktionary.org,2022-02,7242,670,,7912
dv.wiktionary.org,2022-03,9907,1092,,10999
dv.wiktionary.org,2022-04,8357,1033,,9390
dv.wiktionary.org,2022-05,9681,1539,,11220
dv.wiktionary.org,2022-06,7462,3333,,10795
dv.wiktionary.org,2022-07,8776,3701,,12477
dv.wiktionary.org,2022-08,6779,3472,,10251
dv.wiktionary.org,2022-09,6571,1052,,7623
dv.wiktionary.org,2022-10,9034,2283,,11317
dv.wiktionary.org,2022-11,4830,1270,,6100
dv.wiktionary.org,2022-12,6775,1590,,8365
dv.wiktionary.org,2023-01,3731,849,,4580
dv.wiktionary.org,2023-02,5489,1154,,6643
dv.wiktionary.org,2023-03,7237,1452,,8689
dv.wiktionary.org,2023-04,5009,1434,,6443
dv.wiktionary.org,2023-05,6064,1250,,7314
dv.wiktionary.org,2023-06,5213,1927,,7140
dv.wiktionary.org,2023-07,5816,3919,,9735
dv.wiktionary.org,2023-08,5647,3902,,9549
dv.wiktionary.org,2023-09,5563,880,,6443
dv.wiktionary.org,2023-10,11873,3220,,15093
dv.wiktionary.org,2023-11,6888,3431,,10319
dv.wiktionary.org,2023-12,11839,2787,,14626
dv.wiktionary.org,2024-01,5723,1453,,7176
dv.wiktionary.org,2024-02,3618,914,,4532
dv.wiktionary.org,2024-03,5558,1655,,7213
dv.wiktionary.org,2024-04,14986,2924,,17910
dv.wiktionary.org,2024-05,15509,4389,,19898
dv.wiktionary.org,2024-06,23947,18300,,42247
dv.wiktionary.org,2024-07,4320,2785,,7105
dv.wiktionary.org,2024-08,6032,1356,,7388
dv.wiktionary.org,2024-09,5272,3377,,8649
dv.wiktionary.org,2024-10,9061,3556,,12617
dv.wiktionary.org,2024-11,7167,2333,,9500
dv.wiktionary.org,2024-12,17542,2612,,20154
dv.wiktionary.org,2025-01,16417,3357,,19774
dv.wiktionary.org,2025-02,17402,6198,,23600
dv.wiktionary.org,2025-03,10704,5373,,16077
dv.wiktionary.org,2025-04,5531,2984,,8515
dv.wiktionary.org,2025-05,16502,2571,,19073
dv.wiktionary.org,2025-06,26551,8919,,35470
dv.wiktionary.org,2025-07,134941,22376,,157317
dv.wiktionary.org,2025-08,24237,7514,,31751
dv.wiktionary.org,2025-09,83572,75792,,159364
dv.wiktionary.org,2025-10,56494,40594,,97088
dv.wiktionary.org,2025-11,20741,7656,,28397
dv.wiktionary.org,2025-12,22115,1172,,23287
dv.wiktionary.org,2026-01,41335,1354,,42689
dv.wiktionary.org,2026-02,24893,5480,,30373
dv.wiktionary.org,2026-03,20821,4611,,25432
dv.wiktionary.org,2026-04,34447,7066,,41513
dv.wiktionary.org,2026-05,33699,2664,,36363
dv.wiktionary.org,2026-06,91438,5660,,97098
dv.wiktionary.org,2026-07,13524,2461,,15985
gom.wikipedia.org,2015-07,32748,4339,143,37230
gom.wikipedia.org,2015-08,45853,8588,184,54625
gom.wikipedia.org,2015-09,39723,6945,226,46894
gom.wikipedia.org,2015-10,35666,5119,247,41032
gom.wikipedia.org,2015-11,22403,4578,229,27210
gom.wikipedia.org,2015-12,32148,8622,248,41018
gom.wikipedia.org,2016-01,48476,5964,192,54632
gom.wikipedia.org,2016-02,44779,5831,147,50757
gom.wikipedia.org,2016-03,55560,5357,119,61036
gom.wikipedia.org,2016-04,100565,7381,98,108044
gom.wikipedia.org,2016-05,192006,32552,77,224635
gom.wikipedia.org,2016-06,93048,4408,200,97656
gom.wikipedia.org,2016-07,46956,5359,141,52456
gom.wikipedia.org,2016-08,52343,6208,68,58619
gom.wikipedia.org,2016-09,43985,7979,348,52312
gom.wikipedia.org,2016-10,66582,5856,156,72594
gom.wikipedia.org,2016-11,63523,9537,115,73175
gom.wikipedia.org,2016-12,61567,6369,123,68059
gom.wikipedia.org,2017-01,61231,8536,157,69924
gom.wikipedia.org,2017-02,79958,10169,227,90354
gom.wikipedia.org,2017-03,60637,9565,251,70453
gom.wikipedia.org,2017-04,49689,5706,116,55511
gom.wikipedia.org,2017-05,183110,6576,91,189777
gom.wikipedia.org,2017-06,52551,8046,159,60756
gom.wikipedia.org,2017-07,59243,7124,92,66459
gom.wikipedia.org,2017-08,114627,9652,229,124508
gom.wikipedia.org,2017-09,184510,12607,254,197371
gom.wikipedia.org,2017-10,70367,7926,209,78502
gom.wikipedia.org,2017-11,79342,9344,201,88887
gom.wikipedia.org,2017-12,82825,8298,108,91231
gom.wikipedia.org,2018-01,66409,11419,82,77910
gom.wikipedia.org,2018-02,59044,13808,137,72989
gom.wikipedia.org,2018-03,49633,16541,166,66340
gom.wikipedia.org,2018-04,45490,21388,98,66976
gom.wikipedia.org,2018-05,46475,24628,58,71161
gom.wikipedia.org,2018-06,59247,19582,66,78895
gom.wikipedia.org,2018-07,120644,28729,114,149487
gom.wikipedia.org,2018-08,61945,32375,331,94651
gom.wikipedia.org,2018-09,50224,33074,320,83618
gom.wikipedia.org,2018-10,59786,36343,265,96394
gom.wikipedia.org,2018-11,107721,27801,174,135696
gom.wikipedia.org,2018-12,58928,26154,133,85215
gom.wikipedia.org,2019-01,76979,28631,311,105921
gom.wikipedia.org,2019-02,62496,32100,175,94771
gom.wikipedia.org,2019-03,70106,45307,174,115587
gom.wikipedia.org,2019-04,83500,20699,77,104276
gom.wikipedia.org,2019-05,68770,15260,82,84112
gom.wikipedia.org,2019-06,58320,19438,102,77860
gom.wikipedia.org,2019-07,108564,31619,126,140309
gom.wikipedia.org,2019-08,114808,38251,297,153356
gom.wikipedia.org,2019-09,115050,55255,554,170859
gom.wikipedia.org,2019-10,74115,51288,159,125562
gom.wikipedia.org,2019-11,66741,58123,341,125205
gom.wikipedia.org,2019-12,38352,52449,200,91001
gom.wikipedia.org,2020-01,55651,57805,251,113707
gom.wikipedia.org,2020-02,48719,64950,287,113956
gom.wikipedia.org,2020-03,44403,55284,163,99850
gom.wikipedia.org,2020-04,60740,66857,201,127798
gom.wikipedia.org,2020-05,51818,27331,103,79252
gom.wikipedia.org,2020-06,42503,17123,27,59653
gom.wikipedia.org,2020-07,59784,19310,139,79233
gom.wikipedia.org,2020-08,44969,20915,148,66032
gom.wikipedia.org,2020-09,83147,26019,413,109579
gom.wikipedia.org,2020-10,54987,34156,436,89579
gom.wikipedia.org,2020-11,43421,28663,381,72465
gom.wikipedia.org,2020-12,45516,26362,342,72220
gom.wikipedia.org,2021-01,49499,28784,486,78769
gom.wikipedia.org,2021-02,131346,25574,272,157192
gom.wikipedia.org,2021-03,83585,38898,318,122801
gom.wikipedia.org,2021-04,47276,30743,275,78294
gom.wikipedia.org,2021-05,40472,23371,184,64027
gom.wikipedia.org,2021-06,45318,28444,157,73919
gom.wikipedia.org,2021-07,40356,36354,287,76997
gom.wikipedia.org,2021-08,51435,58451,367,110253
gom.wikipedia.org,2021-09,39392,42991,475,82858
gom.wikipedia.org,2021-10,37817,41069,502,79388
gom.wikipedia.org,2021-11,39692,37330,517,77539
gom.wikipedia.org,2021-12,45092,44570,951,90613
gom.wikipedia.org,2022-01,44442,45234,725,90401
gom.wikipedia.org,2022-02,49132,47290,672,97094
gom.wikipedia.org,2022-03,52281,48453,812,101546
gom.wikipedia.org,2022-04,37927,40953,290,79170
gom.wikipedia.org,2022-05,44849,24664,228,69741
gom.wikipedia.org,2022-06,53416,26035,460,79911
gom.wikipedia.org,2022-07,36599,28998,346,65943
gom.wikipedia.org,2022-08,43391,36542,192,80125
gom.wikipedia.org,2022-09,48728,41558,409,90695
gom.wikipedia.org,2022-10,57898,40292,372,98562
gom.wikipedia.org,2022-11,39917,38412,268,78597
gom.wikipedia.org,2022-12,56462,53541,227,110230
gom.wikipedia.org,2023-01,44103,37852,203,82158
gom.wikipedia.org,2023-02,59480,43372,251,103103
gom.wikipedia.org,2023-03,78172,50872,192,129236
gom.wikipedia.org,2023-04,35365,26448,154,61967
gom.wikipedia.org,2023-05,43194,30762,95,74051
gom.wikipedia.org,2023-06,50923,48745,122,99790
gom.wikipedia.org,2023-07,47260,52780,129,100169
gom.wikipedia.org,2023-08,44623,53275,152,98050
gom.wikipedia.org,2023-09,42750,40534,206,83490
gom.wikipedia.org,2023-10,47124,49164,86,96374
gom.wikipedia.org,2023-11,44420,33677,127,78224
gom.wikipedia.org,2023-12,47290,34155,160,81605
gom.wikipedia.org,2024-01,39570,32563,115,72248
gom.wikipedia.org,2024-02,33493,33740,109,67342
gom.wikipedia.org,2024-03,44350,33562,145,78057
gom.wikipedia.org,2024-04,39111,31351,112,70574
gom.wikipedia.org,2024-05,33862,22375,85,56322
gom.wikipedia.org,2024-06,42938,40022,138,83098
gom.wikipedia.org,2024-07,18985,39557,93,58635
gom.wikipedia.org,2024-08,40893,42384,136,83413
gom.wikipedia.org,2024-09,20217,40806,284,61307
gom.wikipedia.org,2024-10,21408,32639,140,54187
gom.wikipedia.org,2024-11,295172,194291,148,489611
gom.wikipedia.org,2024-12,30701,21141,206,52048
gom.wikipedia.org,2025-01,168162,142124,78,310364
gom.wikipedia.org,2025-02,50762,38584,150,89496
gom.wikipedia.org,2025-03,22837,36305,158,59300
gom.wikipedia.org,2025-04,22739,25850,94,48683
gom.wikipedia.org,2025-05,37514,29216,125,66855
gom.wikipedia.org,2025-06,35584,36157,86,71827
gom.wikipedia.org,2025-07,135105,44040,162,179307
gom.wikipedia.org,2025-08,49519,44991,85,94595
gom.wikipedia.org,2025-09,49562,56848,63,106473
gom.wikipedia.org,2025-10,121410,64398,148,185956
gom.wikipedia.org,2025-11,90000,29839,80,119919
gom.wikipedia.org,2025-12,50035,16796,135,66966
gom.wikipedia.org,2026-01,29245,17546,157,46948
gom.wikipedia.org,2026-02,34814,18978,93,53885
gom.wikipedia.org,2026-03,29503,19623,77,49203
gom.wikipedia.org,2026-04,72222,14423,33,86678
gom.wikipedia.org,2026-05,77710,14773,130,92613
gom.wikipedia.org,2026-06,42763,20789,151,63703
gom.wikipedia.org,2026-07,45665,31297,25,76987
gom.wiktionary.org,2020-05,1671,192,,1863
gom.wiktionary.org,2020-06,5932,392,,6324
gom.wiktionary.org,2020-07,10957,578,,11535
gom.wiktionary.org,2020-08,8291,646,,8937
gom.wiktionary.org,2020-09,8694,689,,9383
gom.wiktionary.org,2020-10,11515,471,,11986
gom.wiktionary.org,2020-11,4549,992,,5541
gom.wiktionary.org,2020-12,5176,768,,5944
gom.wiktionary.org,2021-01,7538,672,,8210
gom.wiktionary.org,2021-02,11245,735,,11980
gom.wiktionary.org,2021-03,9021,493,,9514
gom.wiktionary.org,2021-04,6191,679,,6870
gom.wiktionary.org,2021-05,6207,780,,6987
gom.wiktionary.org,2021-06,6605,366,,6971
gom.wiktionary.org,2021-07,10444,554,,10998
gom.wiktionary.org,2021-08,15335,462,,15797
gom.wiktionary.org,2021-09,4810,1193,,6003
gom.wiktionary.org,2021-10,4137,1021,,5158
gom.wiktionary.org,2021-11,4688,2006,,6694
gom.wiktionary.org,2021-12,3191,1152,,4343
gom.wiktionary.org,2022-01,6295,889,,7184
gom.wiktionary.org,2022-02,6848,673,,7521
gom.wiktionary.org,2022-03,5676,976,,6652
gom.wiktionary.org,2022-04,5172,924,,6096
gom.wiktionary.org,2022-05,7918,1791,,9709
gom.wiktionary.org,2022-06,5115,1864,,6979
gom.wiktionary.org,2022-07,6057,3467,,9524
gom.wiktionary.org,2022-08,5003,2718,,7721
gom.wiktionary.org,2022-09,4640,1027,,5667
gom.wiktionary.org,2022-10,10308,2397,,12705
gom.wiktionary.org,2022-11,8365,5266,,13631
gom.wiktionary.org,2022-12,15098,9763,,24861
gom.wiktionary.org,2023-01,3192,1095,,4287
gom.wiktionary.org,2023-02,12017,6792,,18809
gom.wiktionary.org,2023-03,18314,12532,,30846
gom.wiktionary.org,2023-04,6174,2899,,9073
gom.wiktionary.org,2023-05,6565,3257,,9822
gom.wiktionary.org,2023-06,4306,1508,,5814
gom.wiktionary.org,2023-07,6042,7597,,13639
gom.wiktionary.org,2023-08,4670,7117,,11787
gom.wiktionary.org,2023-09,6595,1491,,8086
gom.wiktionary.org,2023-10,6192,2144,,8336
gom.wiktionary.org,2023-11,4335,1140,,5475
gom.wiktionary.org,2023-12,7156,963,,8119
gom.wiktionary.org,2024-01,4060,3432,,7492
gom.wiktionary.org,2024-02,3313,684,,3997
gom.wiktionary.org,2024-03,4327,2968,,7295
gom.wiktionary.org,2024-04,11659,5647,,17306
gom.wiktionary.org,2024-05,9031,2301,,11332
gom.wiktionary.org,2024-06,14427,10467,,24894
gom.wiktionary.org,2024-07,4664,6102,,10766
gom.wiktionary.org,2024-08,3904,1460,,5364
gom.wiktionary.org,2024-09,7971,3495,,11466
gom.wiktionary.org,2024-10,30113,5592,,35705
gom.wiktionary.org,2024-11,6924,2258,,9182
gom.wiktionary.org,2024-12,17543,3285,,20828
gom.wiktionary.org,2025-01,8701,3165,,11866
gom.wiktionary.org,2025-02,18376,5635,,24011
gom.wiktionary.org,2025-03,12524,3953,,16477
gom.wiktionary.org,2025-04,7991,2132,,10123
gom.wiktionary.org,2025-05,10601,4390,,14991
gom.wiktionary.org,2025-06,18827,7597,,26424
gom.wiktionary.org,2025-07,84932,11088,,96020
gom.wiktionary.org,2025-08,19953,4821,,24774
gom.wiktionary.org,2025-09,50296,30909,,81205
gom.wiktionary.org,2025-10,12194,6438,,18632
gom.wiktionary.org,2025-11,6959,2124,,9083
gom.wiktionary.org,2025-12,7197,735,,7932
gom.wiktionary.org,2026-01,14886,1244,,16130
gom.wiktionary.org,2026-02,9225,1148,,10373
gom.wiktionary.org,2026-03,17680,2585,,20265
gom.wiktionary.org,2026-04,11422,895,,12317
gom.wiktionary.org,2026-05,12884,1534,,14418
gom.wiktionary.org,2026-06,10280,5129,,15409
gom.wiktionary.org,2026-07,6556,2901,,9457
gu.wikipedia.org,2015-07,522956,205797,14113,742866
gu.wikipedia.org,2015-08,577225,181129,11766,770120
gu.wikipedia.org,2015-09,525511,184631,13653,723795
gu.wikipedia.org,2015-10,379678,130444,12255,522377
gu.wikipedia.org,2015-11,346107,160838,15234,522179
gu.wikipedia.org,2015-12,319160,161731,14973,495864
gu.wikipedia.org,2016-01,414488,184373,15923,614784
gu.wikipedia.org,2016-02,277029,163824,14032,454885
gu.wikipedia.org,2016-03,337025,145682,13113,495820
gu.wikipedia.org,2016-04,933494,149727,8516,1091737
gu.wikipedia.org,2016-05,334723,125372,12110,472205
gu.wikipedia.org,2016-06,414301,161188,13155,588644
gu.wikipedia.org,2016-07,364370,284968,19337,668675
gu.wikipedia.org,2016-08,433305,341404,22799,797508
gu.wikipedia.org,2016-09,346694,253555,16845,617094
gu.wikipedia.org,2016-10,322497,243404,15314,581215
gu.wikipedia.org,2016-11,383576,333980,18545,736101
gu.wikipedia.org,2016-12,356011,348643,20792,725446
gu.wikipedia.org,2017-01,332914,382963,20533,736410
gu.wikipedia.org,2017-02,321306,387347,26043,734696
gu.wikipedia.org,2017-03,345900,379630,22277,747807
gu.wikipedia.org,2017-04,245950,268398,19450,533798
gu.wikipedia.org,2017-05,268043,230603,18291,516937
gu.wikipedia.org,2017-06,281335,370628,22050,674013
gu.wikipedia.org,2017-07,449143,826798,31335,1307276
gu.wikipedia.org,2017-08,455399,865618,34507,1355524
gu.wikipedia.org,2017-09,439870,669880,35278,1145028
gu.wikipedia.org,2017-10,296369,548500,28054,872923
gu.wikipedia.org,2017-11,343565,778201,34816,1156582
gu.wikipedia.org,2017-12,317710,775387,33517,1126614
gu.wikipedia.org,2018-01,288872,862333,36476,1187681
gu.wikipedia.org,2018-02,278855,727624,29106,1035585
gu.wikipedia.org,2018-03,227535,802034,27011,1056580
gu.wikipedia.org,2018-04,190909,520974,22653,734536
gu.wikipedia.org,2018-05,207823,470381,23194,701398
gu.wikipedia.org,2018-06,264269,703618,27601,995488
gu.wikipedia.org,2018-07,340470,1148525,45718,1534713
gu.wikipedia.org,2018-08,336587,1403393,49793,1789773
gu.wikipedia.org,2018-09,284960,1073451,44782,1403193
gu.wikipedia.org,2018-10,329893,897883,41390,1269166
gu.wikipedia.org,2018-11,472574,940563,32020,1445157
gu.wikipedia.org,2018-12,290943,944749,33796,1269488
gu.wikipedia.org,2019-01,322388,909182,27018,1258588
gu.wikipedia.org,2019-02,261549,778849,21866,1062264
gu.wikipedia.org,2019-03,263193,766693,25710,1055596
gu.wikipedia.org,2019-04,281819,589967,23701,895487
gu.wikipedia.org,2019-05,247681,545469,20254,813404
gu.wikipedia.org,2019-06,266460,702182,23920,992562
gu.wikipedia.org,2019-07,366145,1195846,33199,1595190
gu.wikipedia.org,2019-08,450504,1306888,36939,1794331
gu.wikipedia.org,2019-09,285832,1435445,37957,1759234
gu.wikipedia.org,2019-10,273284,1083133,27635,1384052
gu.wikipedia.org,2019-11,366664,1411011,28172,1805847
gu.wikipedia.org,2019-12,292390,1393016,29212,1714618
gu.wikipedia.org,2020-01,348447,1517184,29793,1895424
gu.wikipedia.org,2020-02,370548,1420441,23531,1814520
gu.wikipedia.org,2020-03,292198,1193482,19831,1505511
gu.wikipedia.org,2020-04,258950,1343570,29188,1631708
gu.wikipedia.org,2020-05,212825,1023988,20464,1257277
gu.wikipedia.org,2020-06,169478,680920,4144,854542
gu.wikipedia.org,2020-07,180400,845831,21738,1047969
gu.wikipedia.org,2020-08,189286,995922,18280,1203488
gu.wikipedia.org,2020-09,228370,902233,67265,1197868
gu.wikipedia.org,2020-10,181951,929070,43748,1154769
gu.wikipedia.org,2020-11,162475,804576,28151,995202
gu.wikipedia.org,2020-12,173420,847771,27940,1049131
gu.wikipedia.org,2021-01,198854,998573,25583,1223010
gu.wikipedia.org,2021-02,236843,958002,23577,1218422
gu.wikipedia.org,2021-03,185699,1202171,26043,1413913
gu.wikipedia.org,2021-04,182566,872762,22072,1077400
gu.wikipedia.org,2021-05,160559,713628,21495,895682
gu.wikipedia.org,2021-06,191264,1300903,20032,1512199
gu.wikipedia.org,2021-07,226498,3309922,27420,3563840
gu.wikipedia.org,2021-08,255236,1415055,26609,1696900
gu.wikipedia.org,2021-09,190511,1690620,29091,1910222
gu.wikipedia.org,2021-10,211075,1539799,24452,1775326
gu.wikipedia.org,2021-11,199625,1253603,21731,1474959
gu.wikipedia.org,2021-12,186155,1647700,25758,1859613
gu.wikipedia.org,2022-01,221391,1711866,30008,1963265
gu.wikipedia.org,2022-02,220443,1676826,26737,1924006
gu.wikipedia.org,2022-03,210183,2842672,32147,3085002
gu.wikipedia.org,2022-04,161173,1535944,21638,1718755
gu.wikipedia.org,2022-05,155917,794025,14431,964373
gu.wikipedia.org,2022-06,230130,1019489,16823,1266442
gu.wikipedia.org,2022-07,178728,1559612,21203,1759543
gu.wikipedia.org,2022-08,195059,1639376,22432,1856867
gu.wikipedia.org,2022-09,229086,1582287,20799,1832172
gu.wikipedia.org,2022-10,177875,1210500,16228,1404603
gu.wikipedia.org,2022-11,186367,1535100,17931,1739398
gu.wikipedia.org,2022-12,192376,1432803,18585,1643764
gu.wikipedia.org,2023-01,198552,1363729,16758,1579039
gu.wikipedia.org,2023-02,187908,1371406,14643,1573957
gu.wikipedia.org,2023-03,224222,1437730,15828,1677780
gu.wikipedia.org,2023-04,164175,1120198,13560,1297933
gu.wikipedia.org,2023-05,178012,901073,9908,1088993
gu.wikipedia.org,2023-06,240373,1226710,11210,1478293
gu.wikipedia.org,2023-07,241955,1571523,13854,1827332
gu.wikipedia.org,2023-08,238947,1716091,15635,1970673
gu.wikipedia.org,2023-09,207432,1605739,14323,1827494
gu.wikipedia.org,2023-10,199011,1563190,11443,1773644
gu.wikipedia.org,2023-11,197543,1328311,9335,1535189
gu.wikipedia.org,2023-12,207357,1547447,11637,1766441
gu.wikipedia.org,2024-01,337698,1715461,11858,2065017
gu.wikipedia.org,2024-02,184513,1681924,12624,1879061
gu.wikipedia.org,2024-03,216705,1619029,10524,1846258
gu.wikipedia.org,2024-04,186741,1391501,9012,1587254
gu.wikipedia.org,2024-05,198307,931838,8633,1138778
gu.wikipedia.org,2024-06,181379,1310014,9585,1500978
gu.wikipedia.org,2024-07,159493,1750578,11504,1921575
gu.wikipedia.org,2024-08,218841,2069942,13673,2302456
gu.wikipedia.org,2024-09,148730,1566228,13743,1728701
gu.wikipedia.org,2024-10,142476,1088032,9539,1240047
gu.wikipedia.org,2024-11,150834,1145337,9102,1305273
gu.wikipedia.org,2024-12,186001,1165733,9531,1361265
gu.wikipedia.org,2025-01,337405,1276206,10334,1623945
gu.wikipedia.org,2025-02,310955,1184028,9447,1504430
gu.wikipedia.org,2025-03,254004,1195691,9145,1458840
gu.wikipedia.org,2025-04,195411,864390,7358,1067159
gu.wikipedia.org,2025-05,193874,743194,6431,943499
gu.wikipedia.org,2025-06,174427,837342,6272,1018041
gu.wikipedia.org,2025-07,500910,958572,6515,1465997
gu.wikipedia.org,2025-08,256765,1030532,7416,1294713
gu.wikipedia.org,2025-09,224328,1046127,6898,1277353
gu.wikipedia.org,2025-10,261847,768956,5328,1036131
gu.wikipedia.org,2025-11,323317,816861,5327,1145505
gu.wikipedia.org,2025-12,271403,698314,5211,974928
gu.wikipedia.org,2026-01,349256,666597,4794,1020647
gu.wikipedia.org,2026-02,242190,498728,4200,745118
gu.wikipedia.org,2026-03,276026,447128,5018,728172
gu.wikipedia.org,2026-04,274673,397342,3681,675696
gu.wikipedia.org,2026-05,450008,339915,4180,794103
gu.wikipedia.org,2026-06,287158,357445,4305,648908
gu.wikipedia.org,2026-07,239307,514529,5203,759039
gu.wiktionary.org,2015-07,4319,1696,,6015
gu.wiktionary.org,2015-08,5492,1243,,6735
gu.wiktionary.org,2015-09,5821,890,,6711
gu.wiktionary.org,2015-10,4742,794,,5536
gu.wiktionary.org,2015-11,3268,798,,4066
gu.wiktionary.org,2015-12,4945,1260,,6205
gu.wiktionary.org,2016-01,5525,1510,,7035
gu.wiktionary.org,2016-02,5175,1666,,6841
gu.wiktionary.org,2016-03,8208,1209,,9417
gu.wiktionary.org,2016-04,10354,7641,,17995
gu.wiktionary.org,2016-05,9953,1467,,11420
gu.wiktionary.org,2016-06,4519,1265,,5784
gu.wiktionary.org,2016-07,5001,1637,,6638
gu.wiktionary.org,2016-08,5447,1918,,7365
gu.wiktionary.org,2016-09,3619,1433,,5052
gu.wiktionary.org,2016-10,7318,1438,,8756
gu.wiktionary.org,2016-11,3174,1634,,4808
gu.wiktionary.org,2016-12,36410,3074,,39484
gu.wiktionary.org,2017-01,4526,2445,,6971
gu.wiktionary.org,2017-02,4219,3935,,8154
gu.wiktionary.org,2017-03,6806,4231,,11037
gu.wiktionary.org,2017-04,3824,4846,,8670
gu.wiktionary.org,2017-05,3895,4222,,8117
gu.wiktionary.org,2017-06,4512,6693,,11205
gu.wiktionary.org,2017-07,6259,6887,,13146
gu.wiktionary.org,2017-08,8284,6165,,14449
gu.wiktionary.org,2017-09,8367,5364,,13731
gu.wiktionary.org,2017-10,4853,3489,,8342
gu.wiktionary.org,2017-11,6849,4570,,11419
gu.wiktionary.org,2017-12,5264,4469,,9733
gu.wiktionary.org,2018-01,9443,4704,,14147
gu.wiktionary.org,2018-02,6069,4681,,10750
gu.wiktionary.org,2018-03,6200,6856,,13056
gu.wiktionary.org,2018-04,6522,5752,,12274
gu.wiktionary.org,2018-05,10898,5329,,16227
gu.wiktionary.org,2018-06,10594,7146,,17740
gu.wiktionary.org,2018-07,8217,9478,,17695
gu.wiktionary.org,2018-08,9116,9594,,18710
gu.wiktionary.org,2018-09,8300,8610,,16910
gu.wiktionary.org,2018-10,7521,8862,,16383
gu.wiktionary.org,2018-11,37747,11139,,48886
gu.wiktionary.org,2018-12,6234,10453,,16687
gu.wiktionary.org,2019-01,9903,13001,,22904
gu.wiktionary.org,2019-02,8948,11371,,20319
gu.wiktionary.org,2019-03,10385,13699,,24084
gu.wiktionary.org,2019-04,13020,10243,,23263
gu.wiktionary.org,2019-05,9196,6120,,15316
gu.wiktionary.org,2019-06,7057,8283,,15340
gu.wiktionary.org,2019-07,31786,11268,,43054
gu.wiktionary.org,2019-08,50327,11146,,61473
gu.wiktionary.org,2019-09,22741,12510,,35251
gu.wiktionary.org,2019-10,9661,10706,,20367
gu.wiktionary.org,2019-11,7792,12492,,20284
gu.wiktionary.org,2019-12,11516,9504,,21020
gu.wiktionary.org,2020-01,8143,9079,5,17227
gu.wiktionary.org,2020-02,6704,8754,2,15460
gu.wiktionary.org,2020-03,8960,10824,,19784
gu.wiktionary.org,2020-04,8898,13012,,21910
gu.wiktionary.org,2020-05,10879,6891,,17770
gu.wiktionary.org,2020-06,8483,5080,,13563
gu.wiktionary.org,2020-07,15339,6110,,21449
gu.wiktionary.org,2020-08,12127,5494,,17621
gu.wiktionary.org,2020-09,20582,5740,,26322
gu.wiktionary.org,2020-10,18757,6093,,24850
gu.wiktionary.org,2020-11,6619,4360,,10979
gu.wiktionary.org,2020-12,7133,5648,,12781
gu.wiktionary.org,2021-01,9837,6452,,16289
gu.wiktionary.org,2021-02,11788,6104,,17892
gu.wiktionary.org,2021-03,11014,7636,,18650
gu.wiktionary.org,2021-04,10207,5455,,15662
gu.wiktionary.org,2021-05,7948,4923,,12871
gu.wiktionary.org,2021-06,7361,4708,,12069
gu.wiktionary.org,2021-07,11744,4780,,16524
gu.wiktionary.org,2021-08,16792,3852,,20644
gu.wiktionary.org,2021-09,5405,3736,,9141
gu.wiktionary.org,2021-10,7841,5916,,13757
gu.wiktionary.org,2021-11,7028,4729,,11757
gu.wiktionary.org,2021-12,5895,3184,,9079
gu.wiktionary.org,2022-01,7425,3901,,11326
gu.wiktionary.org,2022-02,8975,3511,,12486
gu.wiktionary.org,2022-03,9385,3723,,13108
gu.wiktionary.org,2022-04,7480,3605,,11085
gu.wiktionary.org,2022-05,10423,5125,,15548
gu.wiktionary.org,2022-06,7977,5631,,13608
gu.wiktionary.org,2022-07,8428,6061,,14489
gu.wiktionary.org,2022-08,11516,8534,,20050
gu.wiktionary.org,2022-09,8530,5188,,13718
gu.wiktionary.org,2022-10,19041,7845,,26886
gu.wiktionary.org,2022-11,7321,6135,,13456
gu.wiktionary.org,2022-12,17761,7885,,25646
gu.wiktionary.org,2023-01,7422,4739,,12161
gu.wiktionary.org,2023-02,9114,6126,,15240
gu.wiktionary.org,2023-03,13168,8667,,21835
gu.wiktionary.org,2023-04,9071,4954,,14025
gu.wiktionary.org,2023-05,8465,6304,,14769
gu.wiktionary.org,2023-06,6280,6020,,12300
gu.wiktionary.org,2023-07,8496,10700,,19196
gu.wiktionary.org,2023-08,8305,9821,,18126
gu.wiktionary.org,2023-09,6575,6096,,12671
gu.wiktionary.org,2023-10,7994,8077,,16071
gu.wiktionary.org,2023-11,7194,6443,,13637
gu.wiktionary.org,2023-12,16484,9981,,26465
gu.wiktionary.org,2024-01,6186,7406,,13592
gu.wiktionary.org,2024-02,3810,13889,,17699
gu.wiktionary.org,2024-03,20339,12266,,32605
gu.wiktionary.org,2024-04,18550,13008,,31558
gu.wiktionary.org,2024-05,16213,7263,,23476
gu.wiktionary.org,2024-06,26787,18746,,45533
gu.wiktionary.org,2024-07,6355,12881,,19236
gu.wiktionary.org,2024-08,9410,10090,,19500
gu.wiktionary.org,2024-09,8514,13889,,22403
gu.wiktionary.org,2024-10,6000,9334,,15334
gu.wiktionary.org,2024-11,13010,11625,,24635
gu.wiktionary.org,2024-12,51639,26073,,77712
gu.wiktionary.org,2025-01,29109,7130,,36239
gu.wiktionary.org,2025-02,25519,11332,,36851
gu.wiktionary.org,2025-03,23555,12284,,35839
gu.wiktionary.org,2025-04,5952,3668,,9620
gu.wiktionary.org,2025-05,15288,8488,,23776
gu.wiktionary.org,2025-06,33646,13709,,47355
gu.wiktionary.org,2025-07,154610,35371,,189981
gu.wiktionary.org,2025-08,16689,7916,,24605
gu.wiktionary.org,2025-09,66938,68968,,135906
gu.wiktionary.org,2025-10,48350,57825,,106175
gu.wiktionary.org,2025-11,70670,8033,,78703
gu.wiktionary.org,2025-12,117515,3869,,121384
gu.wiktionary.org,2026-01,36881,4465,,41346
gu.wiktionary.org,2026-02,59276,5547,,64823
gu.wiktionary.org,2026-03,27304,5221,,32525
gu.wiktionary.org,2026-04,27105,4492,,31597
gu.wiktionary.org,2026-05,27046,3241,,30287
gu.wiktionary.org,2026-06,17355,7742,,25097
gu.wiktionary.org,2026-07,14890,2506,,17396
gu.wikisource.org,2015-07,16892,10226,,27118
gu.wikisource.org,2015-08,18597,7415,,26012
gu.wikisource.org,2015-09,18624,8886,,27510
gu.wikisource.org,2015-10,34939,10015,,44954
gu.wikisource.org,2015-11,22183,7895,,30078
gu.wikisource.org,2015-12,24212,7929,,32141
gu.wikisource.org,2016-01,26653,10325,,36978
gu.wikisource.org,2016-02,21127,11601,,32728
gu.wikisource.org,2016-03,18587,7755,9,26351
gu.wikisource.org,2016-04,67336,12287,14,79637
gu.wikisource.org,2016-05,23471,8566,5,32042
gu.wikisource.org,2016-06,18588,10292,,28880
gu.wikisource.org,2016-07,21038,12224,,33262
gu.wikisource.org,2016-08,21105,14729,,35834
gu.wikisource.org,2016-09,16423,16067,58,32548
gu.wikisource.org,2016-10,16530,15871,62,32463
gu.wikisource.org,2016-11,14608,12469,62,27139
gu.wikisource.org,2016-12,26792,13521,2,40315
gu.wikisource.org,2017-01,514834,15585,10,530429
gu.wikisource.org,2017-02,21949,16328,,38277
gu.wikisource.org,2017-03,17543,18421,3,35967
gu.wikisource.org,2017-04,16595,21913,12,38520
gu.wikisource.org,2017-05,21708,18999,2,40709
gu.wikisource.org,2017-06,12693,24470,,37163
gu.wikisource.org,2017-07,14895,34847,2,49744
gu.wikisource.org,2017-08,19749,38675,1,58425
gu.wikisource.org,2017-09,18907,35159,23,54089
gu.wikisource.org,2017-10,13951,29725,21,43697
gu.wikisource.org,2017-11,15265,29260,5,44530
gu.wikisource.org,2017-12,15349,29214,1,44564
gu.wikisource.org,2018-01,15499,39364,2,54865
gu.wikisource.org,2018-02,17985,33917,49,51951
gu.wikisource.org,2018-03,20477,39120,,59597
gu.wikisource.org,2018-04,21706,30519,,52225
gu.wikisource.org,2018-05,18691,28748,,47439
gu.wikisource.org,2018-06,20534,39628,,60162
gu.wikisource.org,2018-07,28319,55478,,83797
gu.wikisource.org,2018-08,22068,53345,,75413
gu.wikisource.org,2018-09,21775,39404,,61179
gu.wikisource.org,2018-10,15677,40484,,56161
gu.wikisource.org,2018-11,103761,37872,,141633
gu.wikisource.org,2018-12,19119,48141,,67260
gu.wikisource.org,2019-01,27814,49918,,77732
gu.wikisource.org,2019-02,29132,44745,6,73883
gu.wikisource.org,2019-03,34604,47099,,81703
gu.wikisource.org,2019-04,42688,43092,1,85781
gu.wikisource.org,2019-05,32229,41235,,73464
gu.wikisource.org,2019-06,21901,51889,2,73792
gu.wikisource.org,2019-07,40784,72779,1,113564
gu.wikisource.org,2019-08,111691,89129,,200820
gu.wikisource.org,2019-09,32057,115568,,147625
gu.wikisource.org,2019-10,26396,110557,,136953
gu.wikisource.org,2019-11,18192,117383,,135575
gu.wikisource.org,2019-12,20496,140142,,160638
gu.wikisource.org,2020-01,22238,147988,,170226
gu.wikisource.org,2020-02,29358,140731,,170089
gu.wikisource.org,2020-03,25860,172217,5,198082
gu.wikisource.org,2020-04,34432,375056,,409488
gu.wikisource.org,2020-05,43042,103418,219,146679
gu.wikisource.org,2020-06,23812,61727,60,85599
gu.wikisource.org,2020-07,26614,109675,,136289
gu.wikisource.org,2020-08,34478,122806,,157284
gu.wikisource.org,2020-09,33881,123959,,157840
gu.wikisource.org,2020-10,39223,285003,,324226
gu.wikisource.org,2020-11,30677,90706,,121383
gu.wikisource.org,2020-12,32054,94486,,126540
gu.wikisource.org,2021-01,44870,354179,,399049
gu.wikisource.org,2021-02,50464,300048,,350512
gu.wikisource.org,2021-03,43183,194420,,237603
gu.wikisource.org,2021-04,52525,279945,,332470
gu.wikisource.org,2021-05,47057,360006,,407063
gu.wikisource.org,2021-06,40227,222204,,262431
gu.wikisource.org,2021-07,33475,162862,,196337
gu.wikisource.org,2021-08,56349,143964,,200313
gu.wikisource.org,2021-09,29438,118860,,148298
gu.wikisource.org,2021-10,32333,111034,,143367
gu.wikisource.org,2021-11,30512,76977,,107489
gu.wikisource.org,2021-12,27351,86653,,114004
gu.wikisource.org,2022-01,24873,93779,,118652
gu.wikisource.org,2022-02,24276,150096,,174372
gu.wikisource.org,2022-03,47773,98383,,146156
gu.wikisource.org,2022-04,29499,100656,,130155
gu.wikisource.org,2022-05,31815,71676,,103491
gu.wikisource.org,2022-06,29525,78573,,108098
gu.wikisource.org,2022-07,35260,179570,,214830
gu.wikisource.org,2022-08,48602,151961,,200563
gu.wikisource.org,2022-09,38233,114886,,153119
gu.wikisource.org,2022-10,55151,87282,,142433
gu.wikisource.org,2022-11,42015,87204,,129219
gu.wikisource.org,2022-12,61004,90793,,151797
gu.wikisource.org,2023-01,24457,115090,,139547
gu.wikisource.org,2023-02,40255,102048,,142303
gu.wikisource.org,2023-03,57154,136768,,193922
gu.wikisource.org,2023-04,26447,118059,,144506
gu.wikisource.org,2023-05,23429,98795,,122224
gu.wikisource.org,2023-06,37740,118547,,156287
gu.wikisource.org,2023-07,40444,136304,,176748
gu.wikisource.org,2023-08,30528,127941,,158469
gu.wikisource.org,2023-09,32411,126919,,159330
gu.wikisource.org,2023-10,26150,142728,,168878
gu.wikisource.org,2023-11,27509,95774,,123283
gu.wikisource.org,2023-12,25820,122031,,147851
gu.wikisource.org,2024-01,29705,125610,,155315
gu.wikisource.org,2024-02,20070,135355,,155425
gu.wikisource.org,2024-03,44012,182004,,226016
gu.wikisource.org,2024-04,46996,184616,,231612
gu.wikisource.org,2024-05,28032,166849,,194881
gu.wikisource.org,2024-06,87191,257908,,345099
gu.wikisource.org,2024-07,54919,210317,,265236
gu.wikisource.org,2024-08,89960,258160,,348120
gu.wikisource.org,2024-09,68306,211717,,280023
gu.wikisource.org,2024-10,53152,248346,,301498
gu.wikisource.org,2024-11,30572,134155,,164727
gu.wikisource.org,2024-12,50928,184451,,235379
gu.wikisource.org,2025-01,40518,186169,,226687
gu.wikisource.org,2025-02,57656,226298,,283954
gu.wikisource.org,2025-03,53272,201075,,254347
gu.wikisource.org,2025-04,33100,199684,,232784
gu.wikisource.org,2025-05,100043,224101,,324144
gu.wikisource.org,2025-06,92727,241530,,334257
gu.wikisource.org,2025-07,120488,367186,,487674
gu.wikisource.org,2025-08,71844,273140,,344984
gu.wikisource.org,2025-09,98809,346873,,445682
gu.wikisource.org,2025-10,117886,199498,,317384
gu.wikisource.org,2025-11,185648,182571,,368219
gu.wikisource.org,2025-12,55057,175502,,230559
gu.wikisource.org,2026-01,69427,166902,,236329
gu.wikisource.org,2026-02,141915,147382,,289297
gu.wikisource.org,2026-03,59296,167745,,227041
gu.wikisource.org,2026-04,175509,159203,,334712
gu.wikisource.org,2026-05,94534,153605,,248139
gu.wikisource.org,2026-06,213853,173612,,387465
gu.wikisource.org,2026-07,117883,203478,,321361
gu.wikiquote.org,2015-07,5636,2259,,7895
gu.wikiquote.org,2015-08,5714,1621,,7335
gu.wikiquote.org,2015-09,8563,1787,,10350
gu.wikiquote.org,2015-10,4283,1732,,6015
gu.wikiquote.org,2015-11,3618,1501,,5119
gu.wikiquote.org,2015-12,5174,1904,,7078
gu.wikiquote.org,2016-01,6271,2205,,8476
gu.wikiquote.org,2016-02,4790,1849,,6639
gu.wikiquote.org,2016-03,23535,1652,,25187
gu.wikiquote.org,2016-04,21050,18781,,39831
gu.wikiquote.org,2016-05,13906,3217,,17123
gu.wikiquote.org,2016-06,7718,1675,,9393
gu.wikiquote.org,2016-07,4199,1942,,6141
gu.wikiquote.org,2016-08,4910,2232,,7142
gu.wikiquote.org,2016-09,4836,1825,1,6662
gu.wikiquote.org,2016-10,3847,1719,,5566
gu.wikiquote.org,2016-11,151120,2033,,153153
gu.wikiquote.org,2016-12,8704,3100,,11804
gu.wikiquote.org,2017-01,3258,3419,,6677
gu.wikiquote.org,2017-02,6046,3160,,9206
gu.wikiquote.org,2017-03,6279,2936,,9215
gu.wikiquote.org,2017-04,4409,2870,,7279
gu.wikiquote.org,2017-05,4318,2098,,6416
gu.wikiquote.org,2017-06,4040,2707,,6747
gu.wikiquote.org,2017-07,4418,4719,,9137
gu.wikiquote.org,2017-08,6814,4148,,10962
gu.wikiquote.org,2017-09,6284,3555,,9839
gu.wikiquote.org,2017-10,4502,3050,,7552
gu.wikiquote.org,2017-11,5554,3590,,9144
gu.wikiquote.org,2017-12,5376,3032,,8408
gu.wikiquote.org,2018-01,3709,3589,,7298
gu.wikiquote.org,2018-02,5636,4248,,9884
gu.wikiquote.org,2018-03,6663,4979,,11642
gu.wikiquote.org,2018-04,6219,3873,,10092
gu.wikiquote.org,2018-05,5562,3222,,8784
gu.wikiquote.org,2018-06,5411,4706,,10117
gu.wikiquote.org,2018-07,6181,6640,,12821
gu.wikiquote.org,2018-08,7776,7692,,15468
gu.wikiquote.org,2018-09,6331,6502,,12833
gu.wikiquote.org,2018-10,5939,7045,,12984
gu.wikiquote.org,2018-11,17036,5963,,22999
gu.wikiquote.org,2018-12,6423,8666,,15089
gu.wikiquote.org,2019-01,11180,8367,,19547
gu.wikiquote.org,2019-02,9752,9483,,19235
gu.wikiquote.org,2019-03,11795,10896,,22691
gu.wikiquote.org,2019-04,14491,8624,,23115
gu.wikiquote.org,2019-05,12183,3875,,16058
gu.wikiquote.org,2019-06,8563,5165,,13728
gu.wikiquote.org,2019-07,19382,6988,,26370
gu.wikiquote.org,2019-08,33622,11376,,44998
gu.wikiquote.org,2019-09,13915,11311,,25226
gu.wikiquote.org,2019-10,12811,10106,,22917
gu.wikiquote.org,2019-11,5276,11069,,16345
gu.wikiquote.org,2019-12,4517,10686,,15203
gu.wikiquote.org,2020-01,4030,11826,,15856
gu.wikiquote.org,2020-02,4533,11193,,15726
gu.wikiquote.org,2020-03,5843,11318,,17161
gu.wikiquote.org,2020-04,8496,21033,,29529
gu.wikiquote.org,2020-05,6885,7731,,14616
gu.wikiquote.org,2020-06,5115,4101,,9216
gu.wikiquote.org,2020-07,8261,4333,,12594
gu.wikiquote.org,2020-08,22727,5819,,28546
gu.wikiquote.org,2020-09,21178,4784,,25962
gu.wikiquote.org,2020-10,15979,4123,,20102
gu.wikiquote.org,2020-11,5580,3928,,9508
gu.wikiquote.org,2020-12,5955,4925,,10880
gu.wikiquote.org,2021-01,8466,5939,,14405
gu.wikiquote.org,2021-02,10657,6255,,16912
gu.wikiquote.org,2021-03,10189,8450,,18639
gu.wikiquote.org,2021-04,7797,8929,,16726
gu.wikiquote.org,2021-05,8791,9783,,18574
gu.wikiquote.org,2021-06,9240,5174,,14414
gu.wikiquote.org,2021-07,10552,4228,,14780
gu.wikiquote.org,2021-08,14759,3650,,18409
gu.wikiquote.org,2021-09,7096,4046,,11142
gu.wikiquote.org,2021-10,6988,4775,,11763
gu.wikiquote.org,2021-11,4820,3182,,8002
gu.wikiquote.org,2021-12,3505,3118,,6623
gu.wikiquote.org,2022-01,3784,3049,,6833
gu.wikiquote.org,2022-02,3192,3165,,6357
gu.wikiquote.org,2022-03,6902,3367,,10269
gu.wikiquote.org,2022-04,6308,2681,,8989
gu.wikiquote.org,2022-05,10735,3703,,14438
gu.wikiquote.org,2022-06,10678,4139,,14817
gu.wikiquote.org,2022-07,12506,5505,,18011
gu.wikiquote.org,2022-08,8464,5266,,13730
gu.wikiquote.org,2022-09,5615,3404,,9019
gu.wikiquote.org,2022-10,9182,3932,,13114
gu.wikiquote.org,2022-11,6006,3841,,9847
gu.wikiquote.org,2022-12,8096,4510,,12606
gu.wikiquote.org,2023-01,3785,3003,,6788
gu.wikiquote.org,2023-02,3971,4250,,8221
gu.wikiquote.org,2023-03,6729,5900,,12629
gu.wikiquote.org,2023-04,4723,4663,,9386
gu.wikiquote.org,2023-05,6684,6724,,13408
gu.wikiquote.org,2023-06,3598,5609,,9207
gu.wikiquote.org,2023-07,5816,8077,,13893
gu.wikiquote.org,2023-08,5542,4870,,10412
gu.wikiquote.org,2023-09,6727,4282,,11009
gu.wikiquote.org,2023-10,4125,5054,,9179
gu.wikiquote.org,2023-11,4875,4714,,9589
gu.wikiquote.org,2023-12,30100,5717,,35817
gu.wikiquote.org,2024-01,20477,4978,,25455
gu.wikiquote.org,2024-02,9725,5823,,15548
gu.wikiquote.org,2024-03,10947,18089,,29036
gu.wikiquote.org,2024-04,16626,7901,,24527
gu.wikiquote.org,2024-05,5824,5290,,11114
gu.wikiquote.org,2024-06,12311,15636,,27947
gu.wikiquote.org,2024-07,3476,7268,,10744
gu.wikiquote.org,2024-08,3716,5941,,9657
gu.wikiquote.org,2024-09,6691,10532,,17223
gu.wikiquote.org,2024-10,5050,9201,,14251
gu.wikiquote.org,2024-11,5338,5370,,10708
gu.wikiquote.org,2024-12,30039,7401,,37440
gu.wikiquote.org,2025-01,17668,7577,,25245
gu.wikiquote.org,2025-02,21841,11281,,33122
gu.wikiquote.org,2025-03,11654,6782,,18436
gu.wikiquote.org,2025-04,6398,6227,,12625
gu.wikiquote.org,2025-05,23508,25712,,49220
gu.wikiquote.org,2025-06,70656,48651,,119307
gu.wikiquote.org,2025-07,82307,264151,,346458
gu.wikiquote.org,2025-08,10613,9222,,19835
gu.wikiquote.org,2025-09,29752,45672,,75424
gu.wikiquote.org,2025-10,15665,42299,,57964
gu.wikiquote.org,2025-11,11898,10314,,22212
gu.wikiquote.org,2025-12,9785,2405,,12190
gu.wikiquote.org,2026-01,9026,2382,,11408
gu.wikiquote.org,2026-02,8518,4665,,13183
gu.wikiquote.org,2026-03,18031,4548,,22579
gu.wikiquote.org,2026-04,40385,4252,,44637
gu.wikiquote.org,2026-05,41911,3301,,45212
gu.wikiquote.org,2026-06,27851,9193,,37044
gu.wikiquote.org,2026-07,226999,55931,,282930
hi.wikipedia.org,2015-07,4639404,5988950,267839,10896193
hi.wikipedia.org,2015-08,5105166,6643363,295212,12043741
hi.wikipedia.org,2015-09,4374960,6377076,323556,11075592
hi.wikipedia.org,2015-10,4817322,6915114,329694,12062130
hi.wikipedia.org,2015-11,3970407,6236364,339087,10545858
hi.wikipedia.org,2015-12,4874317,6887508,374181,12136006
hi.wikipedia.org,2016-01,4683918,8137787,376183,13197888
hi.wikipedia.org,2016-02,3451272,6802296,305674,10559242
hi.wikipedia.org,2016-03,3002369,6532091,289274,9823734
hi.wikipedia.org,2016-04,3230113,6312362,203539,9746014
hi.wikipedia.org,2016-05,4545717,7816058,283669,12645444
hi.wikipedia.org,2016-06,5212753,10815311,285885,16313949
hi.wikipedia.org,2016-07,4741733,11754855,293116,16789704
hi.wikipedia.org,2016-08,5186617,12618163,293395,18098175
hi.wikipedia.org,2016-09,4450237,12855329,293243,17598809
hi.wikipedia.org,2016-10,4702553,14030749,265426,18998728
hi.wikipedia.org,2016-11,4876307,16573992,322857,21773156
hi.wikipedia.org,2016-12,4892075,19260035,388745,24540855
hi.wikipedia.org,2017-01,4842317,21039676,390246,26272239
hi.wikipedia.org,2017-02,4038067,20886841,308989,25233897
hi.wikipedia.org,2017-03,3817723,25974628,351124,30143475
hi.wikipedia.org,2017-04,3235305,22544906,292470,26072681
hi.wikipedia.org,2017-05,3670013,24666587,304806,28641406
hi.wikipedia.org,2017-06,4009798,26156086,309528,30475412
hi.wikipedia.org,2017-07,4480522,31579303,384398,36444223
hi.wikipedia.org,2017-08,4441981,32349537,408142,37199660
hi.wikipedia.org,2017-09,4935830,35327342,459093,40722265
hi.wikipedia.org,2017-10,3835186,34116011,438666,38389863
hi.wikipedia.org,2017-11,4442760,36042465,454360,40939585
hi.wikipedia.org,2017-12,4627917,38396998,460392,43485307
hi.wikipedia.org,2018-01,4042780,40354662,461239,44858681
hi.wikipedia.org,2018-02,3521354,37698043,382596,41601993
hi.wikipedia.org,2018-03,3503265,40922838,398083,44824186
hi.wikipedia.org,2018-04,3002237,36302066,360356,39664659
hi.wikipedia.org,2018-05,3256991,40587400,366217,44210608
hi.wikipedia.org,2018-06,4895335,43824018,357558,49076911
hi.wikipedia.org,2018-07,4178013,48734053,387681,53299747
hi.wikipedia.org,2018-08,4368038,54825295,412749,59606082
hi.wikipedia.org,2018-09,4114277,55746066,448134,60308477
hi.wikipedia.org,2018-10,4434126,57796607,410787,62641520
hi.wikipedia.org,2018-11,4745800,51186956,352578,56285334
hi.wikipedia.org,2018-12,3955122,55875863,371012,60201997
hi.wikipedia.org,2019-01,6423078,55430997,364786,62218861
hi.wikipedia.org,2019-02,3688137,49024399,291914,53004450
hi.wikipedia.org,2019-03,3487072,52171925,358401,56017398
hi.wikipedia.org,2019-04,3603333,47622135,337225,51562693
hi.wikipedia.org,2019-05,3708365,50116043,351272,54175680
hi.wikipedia.org,2019-06,3254307,45259849,330240,48844396
hi.wikipedia.org,2019-07,3762350,52074407,348756,56185513
hi.wikipedia.org,2019-08,4176462,60942105,423195,65541762
hi.wikipedia.org,2019-09,4135138,68780827,448664,73364629
hi.wikipedia.org,2019-10,3858955,65048896,458210,69366061
hi.wikipedia.org,2019-11,4431628,72317690,408296,77157614
hi.wikipedia.org,2019-12,4082807,61979952,481147,66543906
hi.wikipedia.org,2020-01,5590861,66591284,460266,72642411
hi.wikipedia.org,2020-02,5635710,59403057,409242,65448009
hi.wikipedia.org,2020-03,11946659,51534491,386000,63867150
hi.wikipedia.org,2020-04,2995622,60237021,483266,63715909
hi.wikipedia.org,2020-05,2586408,47580438,346692,50513538
hi.wikipedia.org,2020-06,2288691,36300102,100349,38689142
hi.wikipedia.org,2020-07,2405487,40291853,317835,43015175
hi.wikipedia.org,2020-08,2709819,47496913,335930,50542662
hi.wikipedia.org,2020-09,2828119,55070270,1071793,58970182
hi.wikipedia.org,2020-10,4379568,50481527,776529,55637624
hi.wikipedia.org,2020-11,2796913,42601073,514735,45912721
hi.wikipedia.org,2020-12,3294859,55665752,542059,59502670
hi.wikipedia.org,2021-01,3556036,61641531,587680,65785247
hi.wikipedia.org,2021-02,3326463,58718358,517798,62562619
hi.wikipedia.org,2021-03,3131728,63363434,496660,66991822
hi.wikipedia.org,2021-04,2521155,43009789,399806,45930750
hi.wikipedia.org,2021-05,2613813,43129768,454125,46197706
hi.wikipedia.org,2021-06,2852114,54464552,411163,57727829
hi.wikipedia.org,2021-07,3303394,69493920,436522,73233836
hi.wikipedia.org,2021-08,3387330,67191793,457760,71036883
hi.wikipedia.org,2021-09,3102314,68605844,446150,72154308
hi.wikipedia.org,2021-10,2880313,59286922,414856,62582091
hi.wikipedia.org,2021-11,2577191,47862009,351100,50790300
hi.wikipedia.org,2021-12,3387397,59958249,415352,63760998
hi.wikipedia.org,2022-01,3520933,54953696,441747,58916376
hi.wikipedia.org,2022-02,3281778,51608350,383434,55273562
hi.wikipedia.org,2022-03,2846551,54289965,394131,57530647
hi.wikipedia.org,2022-04,2330251,43842739,330716,46503706
hi.wikipedia.org,2022-05,2390805,43317092,329862,46037759
hi.wikipedia.org,2022-06,2676247,46277943,332888,49287078
hi.wikipedia.org,2022-07,2651121,53196337,346967,56194425
hi.wikipedia.org,2022-08,2633254,55531582,351506,58516342
hi.wikipedia.org,2022-09,2877205,59868472,357906,63103583
hi.wikipedia.org,2022-10,3655133,57456511,325408,61437052
hi.wikipedia.org,2022-11,3300790,59284084,311330,62896204
hi.wikipedia.org,2022-12,3124560,52847827,329351,56301738
hi.wikipedia.org,2023-01,3177320,56039142,341249,59557711
hi.wikipedia.org,2023-02,2755274,55496851,285643,58537768
hi.wikipedia.org,2023-03,3204942,59320228,289038,62814208
hi.wikipedia.org,2023-04,2958395,47883986,251945,51094326
hi.wikipedia.org,2023-05,2969671,56262841,244463,59476975
hi.wikipedia.org,2023-06,3527118,58901966,236720,62665804
hi.wikipedia.org,2023-07,3337372,63091813,235159,66664344
hi.wikipedia.org,2023-08,3269028,66087457,234764,69591249
hi.wikipedia.org,2023-09,2927938,60764596,217358,63909892
hi.wikipedia.org,2023-10,3046583,64364303,205608,67616494
hi.wikipedia.org,2023-11,2678261,58694426,183132,61555819
hi.wikipedia.org,2023-12,3383811,70651216,219021,74254048
hi.wikipedia.org,2024-01,6255329,70901348,257631,77414308
hi.wikipedia.org,2024-02,3446113,62496253,215546,66157912
hi.wikipedia.org,2024-03,3305169,56659523,206789,60171481
hi.wikipedia.org,2024-04,2977239,53564674,186405,56728318
hi.wikipedia.org,2024-05,3423333,44652710,195828,48271871
hi.wikipedia.org,2024-06,3284634,39442099,189241,42915974
hi.wikipedia.org,2024-07,2919071,36340505,186660,39446236
hi.wikipedia.org,2024-08,3426473,35817571,189742,39433786
hi.wikipedia.org,2024-09,2601204,33589796,187618,36378618
hi.wikipedia.org,2024-10,2418302,30630266,182692,33231260
hi.wikipedia.org,2024-11,2579949,28254606,163245,30997800
hi.wikipedia.org,2024-12,2781305,32447227,165519,35394051
hi.wikipedia.org,2025-01,3701539,33333219,163812,37198570
hi.wikipedia.org,2025-02,3902124,26179129,133525,30214778
hi.wikipedia.org,2025-03,2927846,24879571,140279,27947696
hi.wikipedia.org,2025-04,2193483,19853682,115313,22162478
hi.wikipedia.org,2025-05,2499295,19381135,117192,21997622
hi.wikipedia.org,2025-06,1991382,17949072,106064,20046518
hi.wikipedia.org,2025-07,3200986,19148366,103461,22452813
hi.wikipedia.org,2025-08,2179821,19078556,104368,21362745
hi.wikipedia.org,2025-09,2010385,18307885,93584,20411854
hi.wikipedia.org,2025-10,2050715,16192671,85420,18328806
hi.wikipedia.org,2025-11,3367768,17501695,77791,20947254
hi.wikipedia.org,2025-12,2446285,14092077,79386,16617748
hi.wikipedia.org,2026-01,3001468,14924728,84554,18010750
hi.wikipedia.org,2026-02,1822606,11008007,66021,12896634
hi.wikipedia.org,2026-03,2036233,10833251,76759,12946243
hi.wikipedia.org,2026-04,2027545,10650587,68821,12746953
hi.wikipedia.org,2026-05,2942318,10807533,83282,13833133
hi.wikipedia.org,2026-06,3115401,11213584,83263,14412248
hi.wikipedia.org,2026-07,3041293,13232439,78248,16351980
hi.wiktionary.org,2015-07,45789,74587,,120376
hi.wiktionary.org,2015-08,42147,67934,,110081
hi.wiktionary.org,2015-09,59205,69382,,128587
hi.wiktionary.org,2015-10,42415,64150,,106565
hi.wiktionary.org,2015-11,34367,58676,,93043
hi.wiktionary.org,2015-12,52507,65092,,117599
hi.wiktionary.org,2016-01,47217,76405,,123622
hi.wiktionary.org,2016-02,41920,71038,,112958
hi.wiktionary.org,2016-03,55879,77137,,133016
hi.wiktionary.org,2016-04,205448,72420,,277868
hi.wiktionary.org,2016-05,200196,82547,,282743
hi.wiktionary.org,2016-06,101620,119244,,220864
hi.wiktionary.org,2016-07,55495,134273,,189768
hi.wiktionary.org,2016-08,63365,141183,,204548
hi.wiktionary.org,2016-09,71418,153874,,225292
hi.wiktionary.org,2016-10,87967,143911,,231878
hi.wiktionary.org,2016-11,75559,169297,1,244857
hi.wiktionary.org,2016-12,58607,200390,,258997
hi.wiktionary.org,2017-01,94491,214649,,309140
hi.wiktionary.org,2017-02,105703,205280,,310983
hi.wiktionary.org,2017-03,107424,236930,,344354
hi.wiktionary.org,2017-04,52423,213371,,265794
hi.wiktionary.org,2017-05,60300,265278,,325578
hi.wiktionary.org,2017-06,72445,375132,47,447624
hi.wiktionary.org,2017-07,78777,418237,4,497018
hi.wiktionary.org,2017-08,413846,280191,34,694071
hi.wiktionary.org,2017-09,98888,250715,45,349648
hi.wiktionary.org,2017-10,46129,176594,14,222737
hi.wiktionary.org,2017-11,49363,183488,3,232854
hi.wiktionary.org,2017-12,43402,172908,,216310
hi.wiktionary.org,2018-01,50425,181314,,231739
hi.wiktionary.org,2018-02,42963,167679,,210642
hi.wiktionary.org,2018-03,44411,249631,,294042
hi.wiktionary.org,2018-04,58085,228819,,286904
hi.wiktionary.org,2018-05,122296,276124,,398420
hi.wiktionary.org,2018-06,91129,304900,,396029
hi.wiktionary.org,2018-07,63816,317916,,381732
hi.wiktionary.org,2018-08,103041,360627,,463668
hi.wiktionary.org,2018-09,65524,349616,,415140
hi.wiktionary.org,2018-10,120412,359341,,479753
hi.wiktionary.org,2018-11,109297,314075,,423372
hi.wiktionary.org,2018-12,54285,329122,,383407
hi.wiktionary.org,2019-01,68862,341781,,410643
hi.wiktionary.org,2019-02,55845,351185,,407030
hi.wiktionary.org,2019-03,64499,360707,,425206
hi.wiktionary.org,2019-04,63136,319780,,382916
hi.wiktionary.org,2019-05,79118,323502,1,402621
hi.wiktionary.org,2019-06,68003,385595,3,453601
hi.wiktionary.org,2019-07,112423,468573,1,580997
hi.wiktionary.org,2019-08,153418,523129,1,676548
hi.wiktionary.org,2019-09,90591,590514,9,681114
hi.wiktionary.org,2019-10,57079,529464,1,586544
hi.wiktionary.org,2019-11,62888,624658,4,687550
hi.wiktionary.org,2019-12,43456,474831,12,518299
hi.wiktionary.org,2020-01,217976,575504,46,793526
hi.wiktionary.org,2020-02,44601,648105,29,692735
hi.wiktionary.org,2020-03,44979,621645,89,666713
hi.wiktionary.org,2020-04,53861,739775,112,793748
hi.wiktionary.org,2020-05,79671,370177,153,450001
hi.wiktionary.org,2020-06,41711,273815,369,315895
hi.wiktionary.org,2020-07,59641,304914,246,364801
hi.wiktionary.org,2020-08,51929,338418,,390347
hi.wiktionary.org,2020-09,75544,376014,,451558
hi.wiktionary.org,2020-10,67251,361686,,428937
hi.wiktionary.org,2020-11,40296,289251,,329547
hi.wiktionary.org,2020-12,41655,275415,,317070
hi.wiktionary.org,2021-01,44749,279533,,324282
hi.wiktionary.org,2021-02,50063,259477,,309540
hi.wiktionary.org,2021-03,48175,312645,,360820
hi.wiktionary.org,2021-04,50262,213746,,264008
hi.wiktionary.org,2021-05,36673,228357,,265030
hi.wiktionary.org,2021-06,48534,227928,,276462
hi.wiktionary.org,2021-07,51856,270787,,322643
hi.wiktionary.org,2021-08,116615,247787,,364402
hi.wiktionary.org,2021-09,47273,273658,,320931
hi.wiktionary.org,2021-10,47607,256603,,304210
hi.wiktionary.org,2021-11,42140,210917,,253057
hi.wiktionary.org,2021-12,35500,266044,,301544
hi.wiktionary.org,2022-01,45758,285990,,331748
hi.wiktionary.org,2022-02,53577,270472,,324049
hi.wiktionary.org,2022-03,73210,320106,,393316
hi.wiktionary.org,2022-04,49754,263832,,313586
hi.wiktionary.org,2022-05,54681,321745,,376426
hi.wiktionary.org,2022-06,61694,373660,,435354
hi.wiktionary.org,2022-07,61394,490109,,551503
hi.wiktionary.org,2022-08,73409,577111,,650520
hi.wiktionary.org,2022-09,55247,815585,,870832
hi.wiktionary.org,2022-10,64422,891774,,956196
hi.wiktionary.org,2022-11,71285,1052365,,1123650
hi.wiktionary.org,2022-12,82686,690016,,772702
hi.wiktionary.org,2023-01,52830,840202,,893032
hi.wiktionary.org,2023-02,72318,1076457,,1148775
hi.wiktionary.org,2023-03,86415,1093489,,1179904
hi.wiktionary.org,2023-04,44310,627075,,671385
hi.wiktionary.org,2023-05,48018,1000202,,1048220
hi.wiktionary.org,2023-06,79938,1080397,,1160335
hi.wiktionary.org,2023-07,85108,1150569,,1235677
hi.wiktionary.org,2023-08,76074,1040435,,1116509
hi.wiktionary.org,2023-09,63470,1341099,,1404569
hi.wiktionary.org,2023-10,78140,1711913,,1790053
hi.wiktionary.org,2023-11,59249,1447095,,1506344
hi.wiktionary.org,2023-12,85961,1728179,,1814140
hi.wiktionary.org,2024-01,251200,1935401,,2186601
hi.wiktionary.org,2024-02,87822,2199092,,2286914
hi.wiktionary.org,2024-03,91485,2117655,,2209140
hi.wiktionary.org,2024-04,132605,1947323,,2079928
hi.wiktionary.org,2024-05,113457,994078,,1107535
hi.wiktionary.org,2024-06,124780,549181,,673961
hi.wiktionary.org,2024-07,73553,519059,,592612
hi.wiktionary.org,2024-08,106112,543048,,649160
hi.wiktionary.org,2024-09,75326,566703,,642029
hi.wiktionary.org,2024-10,67069,529622,,596691
hi.wiktionary.org,2024-11,119508,488354,,607862
hi.wiktionary.org,2024-12,221422,585734,,807156
hi.wiktionary.org,2025-01,179656,519920,,699576
hi.wiktionary.org,2025-02,177825,420106,,597931
hi.wiktionary.org,2025-03,219309,399481,,618790
hi.wiktionary.org,2025-04,57286,325161,,382447
hi.wiktionary.org,2025-05,109413,383019,,492432
hi.wiktionary.org,2025-06,140693,398818,,539511
hi.wiktionary.org,2025-07,141287,454790,,596077
hi.wiktionary.org,2025-08,278780,243982,,522762
hi.wiktionary.org,2025-09,360176,453530,,813706
hi.wiktionary.org,2025-10,409153,260186,,669339
hi.wiktionary.org,2025-11,170555,203000,,373555
hi.wiktionary.org,2025-12,194665,190891,,385556
hi.wiktionary.org,2026-01,168490,194938,,363428
hi.wiktionary.org,2026-02,267282,160390,,427672
hi.wiktionary.org,2026-03,146323,121807,,268130
hi.wiktionary.org,2026-04,140750,106084,,246834
hi.wiktionary.org,2026-05,228415,116404,,344819
hi.wiktionary.org,2026-06,238332,173499,,411831
hi.wiktionary.org,2026-07,186064,118818,,304882
hi.wikisource.org,2019-09,3656,276,,3932
hi.wikisource.org,2019-10,64987,6855,,71842
hi.wikisource.org,2019-11,60890,31065,,91955
hi.wikisource.org,2019-12,42782,158582,2,201366
hi.wikisource.org,2020-01,67356,332163,2,399521
hi.wikisource.org,2020-02,88385,376469,,464854
hi.wikisource.org,2020-03,79437,335216,,414653
hi.wikisource.org,2020-04,83584,296235,5,379824
hi.wikisource.org,2020-05,109166,46205,7,155378
hi.wikisource.org,2020-06,110435,21630,50,132115
hi.wikisource.org,2020-07,162995,27611,,190606
hi.wikisource.org,2020-08,115880,38169,,154049
hi.wikisource.org,2020-09,91488,53640,,145128
hi.wikisource.org,2020-10,66268,46148,,112416
hi.wikisource.org,2020-11,135966,35711,,171677
hi.wikisource.org,2020-12,86181,60195,,146376
hi.wikisource.org,2021-01,108204,68239,,176443
hi.wikisource.org,2021-02,92272,69531,,161803
hi.wikisource.org,2021-03,86766,79763,,166529
hi.wikisource.org,2021-04,82790,55760,,138550
hi.wikisource.org,2021-05,156100,63333,,219433
hi.wikisource.org,2021-06,127497,88783,,216280
hi.wikisource.org,2021-07,112790,107400,,220190
hi.wikisource.org,2021-08,252931,89715,,342646
hi.wikisource.org,2021-09,161772,85926,,247698
hi.wikisource.org,2021-10,85775,80984,,166759
hi.wikisource.org,2021-11,99758,78792,,178550
hi.wikisource.org,2021-12,65937,77821,,143758
hi.wikisource.org,2022-01,66981,74744,,141725
hi.wikisource.org,2022-02,70288,75083,,145371
hi.wikisource.org,2022-03,125481,79640,,205121
hi.wikisource.org,2022-04,55156,68552,,123708
hi.wikisource.org,2022-05,59636,92426,,152062
hi.wikisource.org,2022-06,47148,88215,,135363
hi.wikisource.org,2022-07,50322,104903,,155225
hi.wikisource.org,2022-08,58835,126964,,185799
hi.wikisource.org,2022-09,48668,120018,,168686
hi.wikisource.org,2022-10,68793,97560,,166353
hi.wikisource.org,2022-11,89863,74792,,164655
hi.wikisource.org,2022-12,81303,84623,,165926
hi.wikisource.org,2023-01,39368,65804,,105172
hi.wikisource.org,2023-02,64541,91099,,155640
hi.wikisource.org,2023-03,84963,106785,,191748
hi.wikisource.org,2023-04,124754,212482,,337236
hi.wikisource.org,2023-05,70617,149215,,219832
hi.wikisource.org,2023-06,71853,190412,,262265
hi.wikisource.org,2023-07,116772,224432,,341204
hi.wikisource.org,2023-08,65340,127698,,193038
hi.wikisource.org,2023-09,48494,97324,,145818
hi.wikisource.org,2023-10,53961,99853,,153814
hi.wikisource.org,2023-11,50400,81212,,131612
hi.wikisource.org,2023-12,45356,106116,,151472
hi.wikisource.org,2024-01,32722,114081,,146803
hi.wikisource.org,2024-02,50275,130850,,181125
hi.wikisource.org,2024-03,136036,127225,,263261
hi.wikisource.org,2024-04,93525,135802,,229327
hi.wikisource.org,2024-05,41398,128327,,169725
hi.wikisource.org,2024-06,134544,247226,,381770
hi.wikisource.org,2024-07,83045,203847,,286892
hi.wikisource.org,2024-08,164489,208152,,372641
hi.wikisource.org,2024-09,102093,112366,,214459
hi.wikisource.org,2024-10,94164,117139,,211303
hi.wikisource.org,2024-11,43298,73947,,117245
hi.wikisource.org,2024-12,78723,97888,,176611
hi.wikisource.org,2025-01,65018,106142,,171160
hi.wikisource.org,2025-02,113602,155968,,269570
hi.wikisource.org,2025-03,140620,141947,,282567
hi.wikisource.org,2025-04,94426,87426,,181852
hi.wikisource.org,2025-05,202977,326348,,529325
hi.wikisource.org,2025-06,76495,85469,,161964
hi.wikisource.org,2025-07,238357,228895,,467252
hi.wikisource.org,2025-08,91585,114617,,206202
hi.wikisource.org,2025-09,99811,99155,,198966
hi.wikisource.org,2025-10,137171,93571,,230742
hi.wikisource.org,2025-11,293027,98133,,391160
hi.wikisource.org,2025-12,86305,65080,,151385
hi.wikisource.org,2026-01,104475,60904,,165379
hi.wikisource.org,2026-02,131607,56120,,187727
hi.wikisource.org,2026-03,139737,71976,,211713
hi.wikisource.org,2026-04,155850,58157,,214007
hi.wikisource.org,2026-05,228400,66752,,295152
hi.wikisource.org,2026-06,408528,75403,,483931
hi.wikisource.org,2026-07,190767,90275,,281042
hi.wikiquote.org,2015-07,16469,15352,,31821
hi.wikiquote.org,2015-08,13141,13165,,26306
hi.wikiquote.org,2015-09,14330,12227,,26557
hi.wikiquote.org,2015-10,10831,11934,,22765
hi.wikiquote.org,2015-11,9105,10418,,19523
hi.wikiquote.org,2015-12,8189,11594,,19783
hi.wikiquote.org,2016-01,13276,15808,,29084
hi.wikiquote.org,2016-02,9608,11403,,21011
hi.wikiquote.org,2016-03,15579,11986,,27565
hi.wikiquote.org,2016-04,11109,24816,,35925
hi.wikiquote.org,2016-05,16456,16009,,32465
hi.wikiquote.org,2016-06,65996,21095,,87091
hi.wikiquote.org,2016-07,11314,22041,,33355
hi.wikiquote.org,2016-08,9377,20229,,29606
hi.wikiquote.org,2016-09,9365,19260,,28625
hi.wikiquote.org,2016-10,8335,17957,,26292
hi.wikiquote.org,2016-11,380274,22682,,402956
hi.wikiquote.org,2016-12,12940,26138,,39078
hi.wikiquote.org,2017-01,9949,29974,3,39926
hi.wikiquote.org,2017-02,12191,32659,2,44852
hi.wikiquote.org,2017-03,11294,31230,2,42526
hi.wikiquote.org,2017-04,8612,26350,4,34966
hi.wikiquote.org,2017-05,10089,39795,,49884
hi.wikiquote.org,2017-06,12984,64196,,77180
hi.wikiquote.org,2017-07,12926,74635,,87561
hi.wikiquote.org,2017-08,15135,74620,2,89757
hi.wikiquote.org,2017-09,14138,80053,,94191
hi.wikiquote.org,2017-10,9128,47094,,56222
hi.wikiquote.org,2017-11,11085,43898,,54983
hi.wikiquote.org,2017-12,10579,45656,,56235
hi.wikiquote.org,2018-01,10316,49066,,59382
hi.wikiquote.org,2018-02,9979,40277,,50256
hi.wikiquote.org,2018-03,11463,39043,,50506
hi.wikiquote.org,2018-04,9499,29378,,38877
hi.wikiquote.org,2018-05,9859,35863,,45722
hi.wikiquote.org,2018-06,10268,48040,,58308
hi.wikiquote.org,2018-07,10497,45103,,55600
hi.wikiquote.org,2018-08,14803,61219,,76022
hi.wikiquote.org,2018-09,11356,53494,,64850
hi.wikiquote.org,2018-10,11079,46521,,57600
hi.wikiquote.org,2018-11,15087,39687,,54774
hi.wikiquote.org,2018-12,12998,41419,,54417
hi.wikiquote.org,2019-01,16103,45689,,61792
hi.wikiquote.org,2019-02,14036,42224,,56260
hi.wikiquote.org,2019-03,16940,44282,,61222
hi.wikiquote.org,2019-04,19447,35714,,55161
hi.wikiquote.org,2019-05,18917,33219,,52136
hi.wikiquote.org,2019-06,13664,42278,,55942
hi.wikiquote.org,2019-07,26907,50032,,76939
hi.wikiquote.org,2019-08,37343,58317,,95660
hi.wikiquote.org,2019-09,22100,71314,,93414
hi.wikiquote.org,2019-10,19973,50559,,70532
hi.wikiquote.org,2019-11,12644,74805,,87449
hi.wikiquote.org,2019-12,11442,53206,,64648
hi.wikiquote.org,2020-01,10312,57158,,67470
hi.wikiquote.org,2020-02,9749,49334,,59083
hi.wikiquote.org,2020-03,12352,44177,,56529
hi.wikiquote.org,2020-04,13595,51370,,64965
hi.wikiquote.org,2020-05,13689,32144,,45833
hi.wikiquote.org,2020-06,10770,25601,,36371
hi.wikiquote.org,2020-07,18401,22085,,40486
hi.wikiquote.org,2020-08,30174,27489,,57663
hi.wikiquote.org,2020-09,20818,25550,,46368
hi.wikiquote.org,2020-10,22860,22262,,45122
hi.wikiquote.org,2020-11,11167,19289,,30456
hi.wikiquote.org,2020-12,10274,30932,,41206
hi.wikiquote.org,2021-01,16017,34782,,50799
hi.wikiquote.org,2021-02,17162,33374,,50536
hi.wikiquote.org,2021-03,17140,35617,,52757
hi.wikiquote.org,2021-04,13704,22829,,36533
hi.wikiquote.org,2021-05,13300,25819,,39119
hi.wikiquote.org,2021-06,15814,26915,,42729
hi.wikiquote.org,2021-07,21514,25961,,47475
hi.wikiquote.org,2021-08,32509,26610,,59119
hi.wikiquote.org,2021-09,15100,23218,,38318
hi.wikiquote.org,2021-10,12491,23300,,35791
hi.wikiquote.org,2021-11,12690,20081,,32771
hi.wikiquote.org,2021-12,9066,19843,,28909
hi.wikiquote.org,2022-01,10620,20229,,30849
hi.wikiquote.org,2022-02,9750,19525,,29275
hi.wikiquote.org,2022-03,17382,19084,,36466
hi.wikiquote.org,2022-04,12808,16537,,29345
hi.wikiquote.org,2022-05,22517,21298,,43815
hi.wikiquote.org,2022-06,21885,26425,,48310
hi.wikiquote.org,2022-07,26869,38777,,65646
hi.wikiquote.org,2022-08,16138,36389,,52527
hi.wikiquote.org,2022-09,10577,43382,,53959
hi.wikiquote.org,2022-10,30287,43786,,74073
hi.wikiquote.org,2022-11,32091,43792,,75883
hi.wikiquote.org,2022-12,24846,29489,,54335
hi.wikiquote.org,2023-01,13033,33634,,46667
hi.wikiquote.org,2023-02,13591,36394,,49985
hi.wikiquote.org,2023-03,20873,43657,,64530
hi.wikiquote.org,2023-04,16290,27368,,43658
hi.wikiquote.org,2023-05,19750,42344,,62094
hi.wikiquote.org,2023-06,20337,40601,,60938
hi.wikiquote.org,2023-07,17401,33512,,50913
hi.wikiquote.org,2023-08,17772,27616,,45388
hi.wikiquote.org,2023-09,16680,24954,,41634
hi.wikiquote.org,2023-10,16060,70052,,86112
hi.wikiquote.org,2023-11,13261,32702,,45963
hi.wikiquote.org,2023-12,20270,34491,,54761
hi.wikiquote.org,2024-01,15618,32926,,48544
hi.wikiquote.org,2024-02,10626,29807,,40433
hi.wikiquote.org,2024-03,12729,35612,,48341
hi.wikiquote.org,2024-04,16753,32148,,48901
hi.wikiquote.org,2024-05,15992,29833,,45825
hi.wikiquote.org,2024-06,31462,45795,,77257
hi.wikiquote.org,2024-07,10668,25016,,35684
hi.wikiquote.org,2024-08,18884,22550,,41434
hi.wikiquote.org,2024-09,21415,33816,,55231
hi.wikiquote.org,2024-10,31321,27710,,59031
hi.wikiquote.org,2024-11,27989,20987,,48976
hi.wikiquote.org,2024-12,38563,20511,,59074
hi.wikiquote.org,2025-01,37773,25572,,63345
hi.wikiquote.org,2025-02,46147,28217,,74364
hi.wikiquote.org,2025-03,49648,23996,,73644
hi.wikiquote.org,2025-04,26164,11664,,37828
hi.wikiquote.org,2025-05,41447,55370,,96817
hi.wikiquote.org,2025-06,18249,84731,,102980
hi.wikiquote.org,2025-07,13897,16048,,29945
hi.wikiquote.org,2025-08,17093,20066,,37159
hi.wikiquote.org,2025-09,35675,209164,,244839
hi.wikiquote.org,2025-10,43247,42512,,85759
hi.wikiquote.org,2025-11,28454,15287,,43741
hi.wikiquote.org,2025-12,33161,14363,,47524
hi.wikiquote.org,2026-01,25475,15234,,40709
hi.wikiquote.org,2026-02,29111,14738,,43849
hi.wikiquote.org,2026-03,53615,17016,,70631
hi.wikiquote.org,2026-04,45829,11051,,56880
hi.wikiquote.org,2026-05,59876,11118,,70994
hi.wikiquote.org,2026-06,92342,15130,,107472
hi.wikiquote.org,2026-07,89551,28076,,117627
hi.wikibooks.org,2015-07,19893,40125,,60018
hi.wikibooks.org,2015-08,24375,45285,,69660
hi.wikibooks.org,2015-09,23759,48025,,71784
hi.wikibooks.org,2015-10,19718,45146,,64864
hi.wikibooks.org,2015-11,15354,40069,,55423
hi.wikibooks.org,2015-12,17295,47865,,65160
hi.wikibooks.org,2016-01,20572,62742,,83314
hi.wikibooks.org,2016-02,20494,60141,,80635
hi.wikibooks.org,2016-03,22623,60266,45,82934
hi.wikibooks.org,2016-04,22451,64304,104,86859
hi.wikibooks.org,2016-05,24650,56362,48,81060
hi.wikibooks.org,2016-06,84557,83787,20,168364
hi.wikibooks.org,2016-07,19992,89331,5,109328
hi.wikibooks.org,2016-08,24065,95553,34,119652
hi.wikibooks.org,2016-09,23949,111976,2,135927
hi.wikibooks.org,2016-10,22284,105670,80,128034
hi.wikibooks.org,2016-11,17348,124881,27,142256
hi.wikibooks.org,2016-12,29654,157020,86,186760
hi.wikibooks.org,2017-01,21689,162577,37,184303
hi.wikibooks.org,2017-02,21038,175566,41,196645
hi.wikibooks.org,2017-03,21428,198232,119,219779
hi.wikibooks.org,2017-04,19016,171246,38,190300
hi.wikibooks.org,2017-05,22442,218147,99,240688
hi.wikibooks.org,2017-06,28119,282842,54,311015
hi.wikibooks.org,2017-07,33255,348238,87,381580
hi.wikibooks.org,2017-08,38542,301475,169,340186
hi.wikibooks.org,2017-09,42586,342521,88,385195
hi.wikibooks.org,2017-10,23267,307581,42,330890
hi.wikibooks.org,2017-11,24436,257953,43,282432
hi.wikibooks.org,2017-12,23055,264992,11,288058
hi.wikibooks.org,2018-01,24789,252437,20,277246
hi.wikibooks.org,2018-02,101587,273216,17,374820
hi.wikibooks.org,2018-03,27322,349274,31,376627
hi.wikibooks.org,2018-04,27041,329995,2,357038
hi.wikibooks.org,2018-05,30562,402222,10,432794
hi.wikibooks.org,2018-06,30813,437891,9,468713
hi.wikibooks.org,2018-07,33476,489398,10,522884
hi.wikibooks.org,2018-08,54496,610104,7,664607
hi.wikibooks.org,2018-09,45572,684219,3,729794
hi.wikibooks.org,2018-10,39096,667167,4,706267
hi.wikibooks.org,2018-11,36213,521446,2,557661
hi.wikibooks.org,2018-12,32490,510161,1,542652
hi.wikibooks.org,2019-01,35998,493184,21,529203
hi.wikibooks.org,2019-02,33392,474359,15,507766
hi.wikibooks.org,2019-03,33204,456275,6,489485
hi.wikibooks.org,2019-04,32020,307573,,339593
hi.wikibooks.org,2019-05,29987,317016,,347003
hi.wikibooks.org,2019-06,28114,353290,,381404
hi.wikibooks.org,2019-07,41794,426400,,468194
hi.wikibooks.org,2019-08,55430,465351,2,520783
hi.wikibooks.org,2019-09,46816,591830,,638646
hi.wikibooks.org,2019-10,45227,519643,13,564883
hi.wikibooks.org,2019-11,41240,671307,1,712548
hi.wikibooks.org,2019-12,37722,497693,,535415
hi.wikibooks.org,2020-01,37724,531055,1,568780
hi.wikibooks.org,2020-02,47064,566443,2,613509
hi.wikibooks.org,2020-03,36696,429118,26,465840
hi.wikibooks.org,2020-04,42441,439510,1,481952
hi.wikibooks.org,2020-05,48088,296461,16,344565
hi.wikibooks.org,2020-06,26887,239469,1,266357
hi.wikibooks.org,2020-07,33920,262027,4,295951
hi.wikibooks.org,2020-08,62446,362532,,424978
hi.wikibooks.org,2020-09,89095,585358,,674453
hi.wikibooks.org,2020-10,50524,428976,,479500
hi.wikibooks.org,2020-11,27181,338188,,365369
hi.wikibooks.org,2020-12,30256,423323,,453579
hi.wikibooks.org,2021-01,30754,402621,,433375
hi.wikibooks.org,2021-02,34754,420564,,455318
hi.wikibooks.org,2021-03,38336,468179,,506515
hi.wikibooks.org,2021-04,25511,241506,,267017
hi.wikibooks.org,2021-05,29253,204576,,233829
hi.wikibooks.org,2021-06,36327,352522,,388849
hi.wikibooks.org,2021-07,38906,354789,,393695
hi.wikibooks.org,2021-08,31760,264851,,296611
hi.wikibooks.org,2021-09,23142,265370,,288512
hi.wikibooks.org,2021-10,20982,204179,,225161
hi.wikibooks.org,2021-11,19723,207094,,226817
hi.wikibooks.org,2021-12,24453,312361,,336814
hi.wikibooks.org,2022-01,20135,302216,,322351
hi.wikibooks.org,2022-02,27349,332733,,360082
hi.wikibooks.org,2022-03,46843,336212,,383055
hi.wikibooks.org,2022-04,21431,262051,,283482
hi.wikibooks.org,2022-05,29888,358297,,388185
hi.wikibooks.org,2022-06,24862,293681,,318543
hi.wikibooks.org,2022-07,24717,383951,,408668
hi.wikibooks.org,2022-08,30533,336242,,366775
hi.wikibooks.org,2022-09,30563,398553,,429116
hi.wikibooks.org,2022-10,28243,340085,,368328
hi.wikibooks.org,2022-11,32884,498039,,530923
hi.wikibooks.org,2022-12,49494,499602,,549096
hi.wikibooks.org,2023-01,25784,511886,,537670
hi.wikibooks.org,2023-02,34334,491534,,525868
hi.wikibooks.org,2023-03,48551,536686,,585237
hi.wikibooks.org,2023-04,25808,431692,,457500
hi.wikibooks.org,2023-05,31869,573680,,605549
hi.wikibooks.org,2023-06,34639,440832,,475471
hi.wikibooks.org,2023-07,30964,508164,,539128
hi.wikibooks.org,2023-08,29652,370744,,400396
hi.wikibooks.org,2023-09,30642,420463,,451105
hi.wikibooks.org,2023-10,32648,576292,,608940
hi.wikibooks.org,2023-11,28125,540130,,568255
hi.wikibooks.org,2023-12,54265,788975,,843240
hi.wikibooks.org,2024-01,53069,680171,,733240
hi.wikibooks.org,2024-02,38906,846674,,885580
hi.wikibooks.org,2024-03,36057,625614,,661671
hi.wikibooks.org,2024-04,43050,718309,,761359
hi.wikibooks.org,2024-05,50263,665744,,716007
hi.wikibooks.org,2024-06,59593,461475,,521068
hi.wikibooks.org,2024-07,41628,517766,,559394
hi.wikibooks.org,2024-08,54460,403986,,458446
hi.wikibooks.org,2024-09,49778,445602,,495380
hi.wikibooks.org,2024-10,40113,442726,,482839
hi.wikibooks.org,2024-11,58110,426582,,484692
hi.wikibooks.org,2024-12,101602,503667,,605269
hi.wikibooks.org,2025-01,89058,394088,,483146
hi.wikibooks.org,2025-02,81373,365432,,446805
hi.wikibooks.org,2025-03,78939,291968,,370907
hi.wikibooks.org,2025-04,51861,298225,,350086
hi.wikibooks.org,2025-05,71238,311488,,382726
hi.wikibooks.org,2025-06,35136,305505,,340641
hi.wikibooks.org,2025-07,47571,156405,,203976
hi.wikibooks.org,2025-08,68013,148633,,216646
hi.wikibooks.org,2025-09,64661,184162,,248823
hi.wikibooks.org,2025-10,139314,189279,,328593
hi.wikibooks.org,2025-11,60255,149818,,210073
hi.wikibooks.org,2025-12,69040,128448,,197488
hi.wikibooks.org,2026-01,56078,182920,,238998
hi.wikibooks.org,2026-02,59087,92149,,151236
hi.wikibooks.org,2026-03,107442,109612,,217054
hi.wikibooks.org,2026-04,114089,105602,,219691
hi.wikibooks.org,2026-05,290429,97576,,388005
hi.wikibooks.org,2026-06,167099,135759,,302858
hi.wikibooks.org,2026-07,200749,138932,,339681
hi.wikivoyage.org,2017-09,3340,158,,3498
hi.wikivoyage.org,2017-10,3935,731,,4666
hi.wikivoyage.org,2017-11,2582,1026,,3608
hi.wikivoyage.org,2017-12,2688,1714,,4402
hi.wikivoyage.org,2018-01,5990,3235,2,9227
hi.wikivoyage.org,2018-02,18069,110091,1,128161
hi.wikivoyage.org,2018-03,7534,4640,,12174
hi.wikivoyage.org,2018-04,7620,4503,,12123
hi.wikivoyage.org,2018-05,5449,6793,,12242
hi.wikivoyage.org,2018-06,5464,7461,,12925
hi.wikivoyage.org,2018-07,6681,8266,,14947
hi.wikivoyage.org,2018-08,6446,7076,,13522
hi.wikivoyage.org,2018-09,7255,7028,,14283
hi.wikivoyage.org,2018-10,6783,10110,,16893
hi.wikivoyage.org,2018-11,8983,7168,,16151
hi.wikivoyage.org,2018-12,7304,8115,,15419
hi.wikivoyage.org,2019-01,11986,9418,,21404
hi.wikivoyage.org,2019-02,6371,10782,,17153
hi.wikivoyage.org,2019-03,6079,13631,,19710
hi.wikivoyage.org,2019-04,7978,10406,,18384
hi.wikivoyage.org,2019-05,6264,10484,,16748
hi.wikivoyage.org,2019-06,7198,15240,,22438
hi.wikivoyage.org,2019-07,12869,18087,,30956
hi.wikivoyage.org,2019-08,30331,22756,,53087
hi.wikivoyage.org,2019-09,17216,30594,,47810
hi.wikivoyage.org,2019-10,15374,30925,,46299
hi.wikivoyage.org,2019-11,9128,46066,,55194
hi.wikivoyage.org,2019-12,7683,28021,,35704
hi.wikivoyage.org,2020-01,6829,30381,,37210
hi.wikivoyage.org,2020-02,6847,30072,,36919
hi.wikivoyage.org,2020-03,7914,30825,,38739
hi.wikivoyage.org,2020-04,9516,43990,,53506
hi.wikivoyage.org,2020-05,15994,18215,,34209
hi.wikivoyage.org,2020-06,9185,9060,,18245
hi.wikivoyage.org,2020-07,15715,9384,,25099
hi.wikivoyage.org,2020-08,32269,12245,,44514
hi.wikivoyage.org,2020-09,36320,16303,,52623
hi.wikivoyage.org,2020-10,22701,11428,,34129
hi.wikivoyage.org,2020-11,6447,8499,,14946
hi.wikivoyage.org,2020-12,6641,14481,,21122
hi.wikivoyage.org,2021-01,8999,16793,,25792
hi.wikivoyage.org,2021-02,10125,14545,,24670
hi.wikivoyage.org,2021-03,12511,14626,,27137
hi.wikivoyage.org,2021-04,10679,11222,,21901
hi.wikivoyage.org,2021-05,15296,15577,,30873
hi.wikivoyage.org,2021-06,8860,11083,,19943
hi.wikivoyage.org,2021-07,11149,11758,,22907
hi.wikivoyage.org,2021-08,18780,12218,,30998
hi.wikivoyage.org,2021-09,9881,11832,,21713
hi.wikivoyage.org,2021-10,12644,12232,,24876
hi.wikivoyage.org,2021-11,9580,15830,,25410
hi.wikivoyage.org,2021-12,7114,10268,,17382
hi.wikivoyage.org,2022-01,6978,10537,,17515
hi.wikivoyage.org,2022-02,7612,10458,,18070
hi.wikivoyage.org,2022-03,10104,13063,,23167
hi.wikivoyage.org,2022-04,9360,11392,,20752
hi.wikivoyage.org,2022-05,10855,13292,,24147
hi.wikivoyage.org,2022-06,10781,17066,,27847
hi.wikivoyage.org,2022-07,14973,20903,,35876
hi.wikivoyage.org,2022-08,12037,23521,,35558
hi.wikivoyage.org,2022-09,7211,24102,,31313
hi.wikivoyage.org,2022-10,10319,27327,,37646
hi.wikivoyage.org,2022-11,11614,26514,,38128
hi.wikivoyage.org,2022-12,12150,24764,,36914
hi.wikivoyage.org,2023-01,11349,24943,,36292
hi.wikivoyage.org,2023-02,13658,29404,,43062
hi.wikivoyage.org,2023-03,13108,34400,,47508
hi.wikivoyage.org,2023-04,9392,26869,,36261
hi.wikivoyage.org,2023-05,11237,36788,,48025
hi.wikivoyage.org,2023-06,13929,43140,,57069
hi.wikivoyage.org,2023-07,10296,35075,,45371
hi.wikivoyage.org,2023-08,10095,31752,,41847
hi.wikivoyage.org,2023-09,9581,24682,,34263
hi.wikivoyage.org,2023-10,9905,27745,,37650
hi.wikivoyage.org,2023-11,11702,17775,,29477
hi.wikivoyage.org,2023-12,14845,20563,,35408
hi.wikivoyage.org,2024-01,9909,26609,,36518
hi.wikivoyage.org,2024-02,7914,22460,,30374
hi.wikivoyage.org,2024-03,10010,29035,,39045
hi.wikivoyage.org,2024-04,11427,30485,,41912
hi.wikivoyage.org,2024-05,8962,26919,,35881
hi.wikivoyage.org,2024-06,14184,24780,,38964
hi.wikivoyage.org,2024-07,7316,25083,,32399
hi.wikivoyage.org,2024-08,13722,24142,,37864
hi.wikivoyage.org,2024-09,27221,28897,,56118
hi.wikivoyage.org,2024-10,7974,22856,,30830
hi.wikivoyage.org,2024-11,9453,24796,,34249
hi.wikivoyage.org,2024-12,36883,29276,,66159
hi.wikivoyage.org,2025-01,22965,89188,,112153
hi.wikivoyage.org,2025-02,20485,65591,,86076
hi.wikivoyage.org,2025-03,28391,35915,,64306
hi.wikivoyage.org,2025-04,22790,25895,,48685
hi.wikivoyage.org,2025-05,58497,67487,,125984
hi.wikivoyage.org,2025-06,20196,93201,,113397
hi.wikivoyage.org,2025-07,8943,26350,,35293
hi.wikivoyage.org,2025-08,11758,19907,,31665
hi.wikivoyage.org,2025-09,22593,26599,,49192
hi.wikivoyage.org,2025-10,37787,33899,,71686
hi.wikivoyage.org,2025-11,27120,10694,,37814
hi.wikivoyage.org,2025-12,21918,9164,,31082
hi.wikivoyage.org,2026-01,16907,10328,,27235
hi.wikivoyage.org,2026-02,12252,8412,,20664
hi.wikivoyage.org,2026-03,30765,10910,,41675
hi.wikivoyage.org,2026-04,34271,8986,,43257
hi.wikivoyage.org,2026-05,38928,8035,,46963
hi.wikivoyage.org,2026-06,69073,37875,,106948
hi.wikivoyage.org,2026-07,38928,15072,,54000
hi.wikiversity.org,2017-08,8014,645,,8659
hi.wikiversity.org,2017-09,6517,1341,3,7861
hi.wikiversity.org,2017-10,3300,2121,3,5424
hi.wikiversity.org,2017-11,7655,4812,,12467
hi.wikiversity.org,2017-12,4887,4576,,9463
hi.wikiversity.org,2018-01,4446,5139,,9585
hi.wikiversity.org,2018-02,4430,5101,,9531
hi.wikiversity.org,2018-03,6101,7479,,13580
hi.wikiversity.org,2018-04,6820,8444,,15264
hi.wikiversity.org,2018-05,7030,12992,,20022
hi.wikiversity.org,2018-06,7287,13837,,21124
hi.wikiversity.org,2018-07,7647,17047,,24694
hi.wikiversity.org,2018-08,9064,18025,,27089
hi.wikiversity.org,2018-09,9736,21432,,31168
hi.wikiversity.org,2018-10,11577,22542,,34119
hi.wikiversity.org,2018-11,13336,17139,2,30477
hi.wikiversity.org,2018-12,12765,21401,,34166
hi.wikiversity.org,2019-01,14091,21757,,35848
hi.wikiversity.org,2019-02,12623,19559,,32182
hi.wikiversity.org,2019-03,14283,18784,,33067
hi.wikiversity.org,2019-04,17050,15607,,32657
hi.wikiversity.org,2019-05,14250,16475,,30725
hi.wikiversity.org,2019-06,17165,17543,,34708
hi.wikiversity.org,2019-07,16163,22341,,38504
hi.wikiversity.org,2019-08,24992,21049,5,46046
hi.wikiversity.org,2019-09,14518,25066,,39584
hi.wikiversity.org,2019-10,14000,23586,,37586
hi.wikiversity.org,2019-11,8447,24688,,33135
hi.wikiversity.org,2019-12,8611,20622,,29233
hi.wikiversity.org,2020-01,8043,23352,,31395
hi.wikiversity.org,2020-02,9191,25070,,34261
hi.wikiversity.org,2020-03,8714,18709,,27423
hi.wikiversity.org,2020-04,13754,19957,,33711
hi.wikiversity.org,2020-05,16020,13949,,29969
hi.wikiversity.org,2020-06,10572,10981,,21553
hi.wikiversity.org,2020-07,17959,12660,,30619
hi.wikiversity.org,2020-08,21734,17729,,39463
hi.wikiversity.org,2020-09,24230,27897,,52127
hi.wikiversity.org,2020-10,23094,24955,,48049
hi.wikiversity.org,2020-11,8595,22432,,31027
hi.wikiversity.org,2020-12,6996,26236,,33232
hi.wikiversity.org,2021-01,9046,30371,,39417
hi.wikiversity.org,2021-02,9764,38464,,48228
hi.wikiversity.org,2021-03,17986,34017,,52003
hi.wikiversity.org,2021-04,44591,23823,,68414
hi.wikiversity.org,2021-05,16123,16288,,32411
hi.wikiversity.org,2021-06,15787,23593,,39380
hi.wikiversity.org,2021-07,15261,21202,,36463
hi.wikiversity.org,2021-08,22977,15830,,38807
hi.wikiversity.org,2021-09,12523,14085,,26608
hi.wikiversity.org,2021-10,15366,11075,,26441
hi.wikiversity.org,2021-11,13966,9270,,23236
hi.wikiversity.org,2021-12,8731,12555,,21286
hi.wikiversity.org,2022-01,6597,10902,,17499
hi.wikiversity.org,2022-02,7128,12364,,19492
hi.wikiversity.org,2022-03,9774,11067,,20841
hi.wikiversity.org,2022-04,7826,9582,,17408
hi.wikiversity.org,2022-05,9776,10438,,20214
hi.wikiversity.org,2022-06,8626,13132,,21758
hi.wikiversity.org,2022-07,8660,11988,,20648
hi.wikiversity.org,2022-08,7597,10111,,17708
hi.wikiversity.org,2022-09,4730,7718,,12448
hi.wikiversity.org,2022-10,10131,7735,,17866
hi.wikiversity.org,2022-11,8468,10724,,19192
hi.wikiversity.org,2022-12,12776,12556,,25332
hi.wikiversity.org,2023-01,6143,9345,,15488
hi.wikiversity.org,2023-02,9444,10378,,19822
hi.wikiversity.org,2023-03,12981,13251,,26232
hi.wikiversity.org,2023-04,9141,8696,,17837
hi.wikiversity.org,2023-05,11871,12966,,24837
hi.wikiversity.org,2023-06,12985,15942,,28927
hi.wikiversity.org,2023-07,9959,11259,,21218
hi.wikiversity.org,2023-08,11041,12498,,23539
hi.wikiversity.org,2023-09,8918,8967,,17885
hi.wikiversity.org,2023-10,8008,13403,,21411
hi.wikiversity.org,2023-11,8655,14672,,23327
hi.wikiversity.org,2023-12,16872,22073,,38945
hi.wikiversity.org,2024-01,12655,20939,,33594
hi.wikiversity.org,2024-02,24617,15361,,39978
hi.wikiversity.org,2024-03,19571,16507,,36078
hi.wikiversity.org,2024-04,14919,22318,,37237
hi.wikiversity.org,2024-05,10121,21258,,31379
hi.wikiversity.org,2024-06,20819,33463,,54282
hi.wikiversity.org,2024-07,8003,18168,,26171
hi.wikiversity.org,2024-08,29813,21673,,51486
hi.wikiversity.org,2024-09,47174,48559,,95733
hi.wikiversity.org,2024-10,18573,21500,,40073
hi.wikiversity.org,2024-11,50375,41552,,91927
hi.wikiversity.org,2024-12,74873,46213,,121086
hi.wikiversity.org,2025-01,37992,28783,,66775
hi.wikiversity.org,2025-02,50851,31940,,82791
hi.wikiversity.org,2025-03,49237,30926,,80163
hi.wikiversity.org,2025-04,28860,26209,,55069
hi.wikiversity.org,2025-05,42017,74366,,116383
hi.wikiversity.org,2025-06,16472,59290,,75762
hi.wikiversity.org,2025-07,17130,31726,,48856
hi.wikiversity.org,2025-08,12745,16667,,29412
hi.wikiversity.org,2025-09,36975,52917,,89892
hi.wikiversity.org,2025-10,35895,55786,,91681
hi.wikiversity.org,2025-11,25270,12829,,38099
hi.wikiversity.org,2025-12,20671,12419,,33090
hi.wikiversity.org,2026-01,13532,9425,,22957
hi.wikiversity.org,2026-02,11650,8152,,19802
hi.wikiversity.org,2026-03,34290,11060,,45350
hi.wikiversity.org,2026-04,44880,6986,,51866
hi.wikiversity.org,2026-05,107525,10202,,117727
hi.wikiversity.org,2026-06,95497,16701,,112198
hi.wikiversity.org,2026-07,41449,8832,,50281
kn.wikipedia.org,2015-07,744158,273795,19917,1037870
kn.wikipedia.org,2015-08,793261,309426,21485,1124172
kn.wikipedia.org,2015-09,597302,246571,20610,864483
kn.wikipedia.org,2015-10,625451,260479,21324,907254
kn.wikipedia.org,2015-11,602811,271993,23331,898135
kn.wikipedia.org,2015-12,495373,240765,21846,757984
kn.wikipedia.org,2016-01,637599,284914,23021,945534
kn.wikipedia.org,2016-02,422719,224298,20655,667672
kn.wikipedia.org,2016-03,385337,194329,14854,594520
kn.wikipedia.org,2016-04,1055086,178726,10352,1244164
kn.wikipedia.org,2016-05,668002,207758,14882,890642
kn.wikipedia.org,2016-06,942309,303648,16433,1262390
kn.wikipedia.org,2016-07,2522653,409524,21823,2954000
kn.wikipedia.org,2016-08,790894,483260,23261,1297415
kn.wikipedia.org,2016-09,632575,429828,20363,1082766
kn.wikipedia.org,2016-10,778712,515253,22668,1316633
kn.wikipedia.org,2016-11,767716,593614,28402,1389732
kn.wikipedia.org,2016-12,605911,522962,25756,1154629
kn.wikipedia.org,2017-01,607616,673121,26893,1307630
kn.wikipedia.org,2017-02,530681,624594,26943,1182218
kn.wikipedia.org,2017-03,482594,577093,27970,1087657
kn.wikipedia.org,2017-04,396318,469515,22001,887834
kn.wikipedia.org,2017-05,428008,475999,21548,925555
kn.wikipedia.org,2017-06,529650,765835,27771,1323256
kn.wikipedia.org,2017-07,747848,1181104,35133,1964085
kn.wikipedia.org,2017-08,744809,1374587,37029,2156425
kn.wikipedia.org,2017-09,759972,1388761,38727,2187460
kn.wikipedia.org,2017-10,683204,1538276,44108,2265588
kn.wikipedia.org,2017-11,651787,1447525,42458,2141770
kn.wikipedia.org,2017-12,647533,1241687,34603,1923823
kn.wikipedia.org,2018-01,624799,1492317,39685,2156801
kn.wikipedia.org,2018-02,532226,1286038,33851,1852115
kn.wikipedia.org,2018-03,478369,1169906,30983,1679258
kn.wikipedia.org,2018-04,304243,876605,25123,1205971
kn.wikipedia.org,2018-05,334047,843278,25657,1202982
kn.wikipedia.org,2018-06,539683,1556945,30802,2127430
kn.wikipedia.org,2018-07,653273,2130903,47389,2831565
kn.wikipedia.org,2018-08,659486,2549569,50827,3259882
kn.wikipedia.org,2018-09,562367,2007410,46013,2615790
kn.wikipedia.org,2018-10,631718,2276618,44559,2952895
kn.wikipedia.org,2018-11,701832,2137388,40722,2879942
kn.wikipedia.org,2018-12,536978,1833429,33968,2404375
kn.wikipedia.org,2019-01,633730,2235577,38839,2908146
kn.wikipedia.org,2019-02,490221,1739505,31397,2261123
kn.wikipedia.org,2019-03,499621,1576211,28915,2104747
kn.wikipedia.org,2019-04,469902,1115582,24295,1609779
kn.wikipedia.org,2019-05,406855,1228470,25910,1661235
kn.wikipedia.org,2019-06,486735,2011979,28031,2526745
kn.wikipedia.org,2019-07,658333,2811564,36970,3506867
kn.wikipedia.org,2019-08,771303,2999518,36819,3807640
kn.wikipedia.org,2019-09,557331,3082915,41993,3682239
kn.wikipedia.org,2019-10,625074,3292489,36157,3953720
kn.wikipedia.org,2019-11,714452,3798669,36698,4549819
kn.wikipedia.org,2019-12,475157,3339549,34191,3848897
kn.wikipedia.org,2020-01,542363,4062024,35286,4639673
kn.wikipedia.org,2020-02,464439,3268780,29740,3762959
kn.wikipedia.org,2020-03,355711,2506359,24901,2886971
kn.wikipedia.org,2020-04,395138,2558388,27717,2981243
kn.wikipedia.org,2020-05,303743,1716964,18537,2039244
kn.wikipedia.org,2020-06,283565,1456870,6926,1747361
kn.wikipedia.org,2020-07,286375,1731016,22228,2039619
kn.wikipedia.org,2020-08,307691,2581245,22671,2911607
kn.wikipedia.org,2020-09,379301,3263083,47095,3689479
kn.wikipedia.org,2020-10,337865,2710263,37798,3085926
kn.wikipedia.org,2020-11,305488,2314394,28283,2648165
kn.wikipedia.org,2020-12,302316,2360453,28024,2690793
kn.wikipedia.org,2021-01,352695,3239710,32452,3624857
kn.wikipedia.org,2021-02,418176,3402952,32253,3853381
kn.wikipedia.org,2021-03,333074,3554268,30539,3917881
kn.wikipedia.org,2021-04,285829,1928743,21292,2235864
kn.wikipedia.org,2021-05,234430,1827571,23497,2085498
kn.wikipedia.org,2021-06,298949,2338110,27945,2665004
kn.wikipedia.org,2021-07,327118,4711607,26931,5065656
kn.wikipedia.org,2021-08,424010,4603349,28800,5056159
kn.wikipedia.org,2021-09,355343,4568606,27649,4951598
kn.wikipedia.org,2021-10,435377,6139680,31414,6606471
kn.wikipedia.org,2021-11,398228,4344365,28885,4771478
kn.wikipedia.org,2021-12,362290,4885582,35811,5283683
kn.wikipedia.org,2022-01,407150,5398597,37854,5843601
kn.wikipedia.org,2022-02,404040,4334070,29340,4767450
kn.wikipedia.org,2022-03,315808,3427418,25026,3768252
kn.wikipedia.org,2022-04,244826,2062613,16244,2323683
kn.wikipedia.org,2022-05,267000,21791374,17237,22075611
kn.wikipedia.org,2022-06,426347,84935752,21680,85383779
kn.wikipedia.org,2022-07,339656,4867793,27451,5234900
kn.wikipedia.org,2022-08,371325,4554951,25564,4951840
kn.wikipedia.org,2022-09,369688,4225308,23370,4618366
kn.wikipedia.org,2022-10,397508,3975463,23587,4396558
kn.wikipedia.org,2022-11,382505,4426373,25496,4834374
kn.wikipedia.org,2022-12,348184,3831635,21525,4201344
kn.wikipedia.org,2023-01,379708,3849125,21817,4250650
kn.wikipedia.org,2023-02,312307,3026447,16009,3354763
kn.wikipedia.org,2023-03,345817,2755663,14777,3116257
kn.wikipedia.org,2023-04,263132,1957094,13050,2233276
kn.wikipedia.org,2023-05,281679,2273733,13401,2568813
kn.wikipedia.org,2023-06,429095,3663472,16362,4108929
kn.wikipedia.org,2023-07,426003,4164279,18327,4608609
kn.wikipedia.org,2023-08,427049,4062569,17012,4506630
kn.wikipedia.org,2023-09,366034,3657962,16407,4040403
kn.wikipedia.org,2023-10,466498,5762465,22125,6251088
kn.wikipedia.org,2023-11,498918,6514207,24839,7037964
kn.wikipedia.org,2023-12,431026,5255604,21296,5707926
kn.wikipedia.org,2024-01,677938,4709115,20098,5407151
kn.wikipedia.org,2024-02,320838,3603285,15370,3939493
kn.wikipedia.org,2024-03,342911,2843394,13115,3199420
kn.wikipedia.org,2024-04,300736,2375077,10785,2686598
kn.wikipedia.org,2024-05,352324,2269915,13214,2635453
kn.wikipedia.org,2024-06,354738,2976364,14015,3345117
kn.wikipedia.org,2024-07,318292,3320908,17252,3656452
kn.wikipedia.org,2024-08,409009,3082426,16180,3507615
kn.wikipedia.org,2024-09,289986,2990686,16287,3296959
kn.wikipedia.org,2024-10,351212,4119467,20123,4490802
kn.wikipedia.org,2024-11,489852,5038400,18972,5547224
kn.wikipedia.org,2024-12,446990,4409436,18629,4875055
kn.wikipedia.org,2025-01,702137,3326174,14178,4042489
kn.wikipedia.org,2025-02,569877,2327402,10652,2907931
kn.wikipedia.org,2025-03,379678,2141413,9632,2530723
kn.wikipedia.org,2025-04,303242,2337318,8075,2648635
kn.wikipedia.org,2025-05,330286,3076731,8389,3415406
kn.wikipedia.org,2025-06,297227,1998614,8679,2304520
kn.wikipedia.org,2025-07,838098,1812108,8356,2658562
kn.wikipedia.org,2025-08,406422,1923183,9023,2338628
kn.wikipedia.org,2025-09,331406,2373580,10440,2715426
kn.wikipedia.org,2025-10,474128,2565700,11096,3050924
kn.wikipedia.org,2025-11,617406,3077710,11843,3706959
kn.wikipedia.org,2025-12,460376,1552748,7326,2020450
kn.wikipedia.org,2026-01,498926,1372330,6474,1877730
kn.wikipedia.org,2026-02,301473,922550,5314,1229337
kn.wikipedia.org,2026-03,320725,860707,6339,1187771
kn.wikipedia.org,2026-04,584609,1339002,5109,1928720
kn.wikipedia.org,2026-05,746643,826212,6105,1578960
kn.wikipedia.org,2026-06,586298,945258,6151,1537707
kn.wikipedia.org,2026-07,462037,1119760,5794,1587591
kn.wiktionary.org,2015-07,24052,26798,,50850
kn.wiktionary.org,2015-08,23975,9095,,33070
kn.wiktionary.org,2015-09,32693,9754,,42447
kn.wiktionary.org,2015-10,23915,10162,,34077
kn.wiktionary.org,2015-11,22025,9216,,31241
kn.wiktionary.org,2015-12,41902,16036,,57938
kn.wiktionary.org,2016-01,23511,13959,,37470
kn.wiktionary.org,2016-02,29251,12030,,41281
kn.wiktionary.org,2016-03,102449,16136,,118585
kn.wiktionary.org,2016-04,370489,38097,,408586
kn.wiktionary.org,2016-05,99278,20807,,120085
kn.wiktionary.org,2016-06,68131,11455,,79586
kn.wiktionary.org,2016-07,43501,15995,,59496
kn.wiktionary.org,2016-08,47852,17861,,65713
kn.wiktionary.org,2016-09,30756,17577,,48333
kn.wiktionary.org,2016-10,78754,19401,,98155
kn.wiktionary.org,2016-11,39234,21998,,61232
kn.wiktionary.org,2016-12,51571,21948,,73519
kn.wiktionary.org,2017-01,36455,30685,,67140
kn.wiktionary.org,2017-02,33858,34127,,67985
kn.wiktionary.org,2017-03,63981,35461,,99442
kn.wiktionary.org,2017-04,26650,29876,,56526
kn.wiktionary.org,2017-05,35383,32958,,68341
kn.wiktionary.org,2017-06,31387,41970,,73357
kn.wiktionary.org,2017-07,40075,55390,,95465
kn.wiktionary.org,2017-08,38735,57842,,96577
kn.wiktionary.org,2017-09,34810,57978,,92788
kn.wiktionary.org,2017-10,32208,58922,,91130
kn.wiktionary.org,2017-11,31947,60089,,92036
kn.wiktionary.org,2017-12,33750,58873,,92623
kn.wiktionary.org,2018-01,34533,66872,,101405
kn.wiktionary.org,2018-02,38268,80242,,118510
kn.wiktionary.org,2018-03,27034,74730,,101764
kn.wiktionary.org,2018-04,50825,57711,,108536
kn.wiktionary.org,2018-05,142151,55662,,197813
kn.wiktionary.org,2018-06,193120,79712,,272832
kn.wiktionary.org,2018-07,56031,99630,,155661
kn.wiktionary.org,2018-08,45123,121279,,166402
kn.wiktionary.org,2018-09,54140,104338,,158478
kn.wiktionary.org,2018-10,44851,99291,,144142
kn.wiktionary.org,2018-11,36073,116156,,152229
kn.wiktionary.org,2018-12,31425,130452,,161877
kn.wiktionary.org,2019-01,55291,128438,,183729
kn.wiktionary.org,2019-02,50272,116221,,166493
kn.wiktionary.org,2019-03,38305,135619,,173924
kn.wiktionary.org,2019-04,37723,102949,,140672
kn.wiktionary.org,2019-05,29786,104355,,134141
kn.wiktionary.org,2019-06,31573,146760,4,178337
kn.wiktionary.org,2019-07,78433,172427,,250860
kn.wiktionary.org,2019-08,117644,173145,,290789
kn.wiktionary.org,2019-09,66649,185060,1,251710
kn.wiktionary.org,2019-10,29709,201778,,231487
kn.wiktionary.org,2019-11,56023,228180,1,284204
kn.wiktionary.org,2019-12,27573,296527,51,324151
kn.wiktionary.org,2020-01,27565,346337,33,373935
kn.wiktionary.org,2020-02,39085,312386,50,351521
kn.wiktionary.org,2020-03,28900,315230,53,344183
kn.wiktionary.org,2020-04,27459,382735,42,410236
kn.wiktionary.org,2020-05,48673,252098,45,300816
kn.wiktionary.org,2020-06,21798,214808,27,236633
kn.wiktionary.org,2020-07,34678,233433,184,268295
kn.wiktionary.org,2020-08,34226,222581,,256807
kn.wiktionary.org,2020-09,51133,229112,,280245
kn.wiktionary.org,2020-10,48116,224086,,272202
kn.wiktionary.org,2020-11,22123,201251,,223374
kn.wiktionary.org,2020-12,21583,230451,,252034
kn.wiktionary.org,2021-01,24005,259091,,283096
kn.wiktionary.org,2021-02,23819,242330,,266149
kn.wiktionary.org,2021-03,25497,262198,,287695
kn.wiktionary.org,2021-04,35722,217865,,253587
kn.wiktionary.org,2021-05,20824,311923,,332747
kn.wiktionary.org,2021-06,25052,322572,,347624
kn.wiktionary.org,2021-07,23377,317206,,340583
kn.wiktionary.org,2021-08,50272,320705,,370977
kn.wiktionary.org,2021-09,21971,291055,,313026
kn.wiktionary.org,2021-10,21127,254966,,276093
kn.wiktionary.org,2021-11,26614,246779,,273393
kn.wiktionary.org,2021-12,25713,290963,,316676
kn.wiktionary.org,2022-01,24450,306525,,330975
kn.wiktionary.org,2022-02,48115,262596,,310711
kn.wiktionary.org,2022-03,95175,269134,,364309
kn.wiktionary.org,2022-04,41870,235955,,277825
kn.wiktionary.org,2022-05,38732,272292,,311024
kn.wiktionary.org,2022-06,44889,310352,,355241
kn.wiktionary.org,2022-07,36159,370301,,406460
kn.wiktionary.org,2022-08,56470,364395,,420865
kn.wiktionary.org,2022-09,30240,386218,,416458
kn.wiktionary.org,2022-10,42998,376001,,418999
kn.wiktionary.org,2022-11,44034,431511,,475545
kn.wiktionary.org,2022-12,43721,361698,,405419
kn.wiktionary.org,2023-01,26753,354286,,381039
kn.wiktionary.org,2023-02,41291,351329,,392620
kn.wiktionary.org,2023-03,44749,396675,,441424
kn.wiktionary.org,2023-04,27516,303829,,331345
kn.wiktionary.org,2023-05,28217,327600,,355817
kn.wiktionary.org,2023-06,69155,417287,,486442
kn.wiktionary.org,2023-07,56319,476309,,532628
kn.wiktionary.org,2023-08,59724,471144,,530868
kn.wiktionary.org,2023-09,41340,410524,,451864
kn.wiktionary.org,2023-10,56030,438738,,494768
kn.wiktionary.org,2023-11,38813,425016,,463829
kn.wiktionary.org,2023-12,53394,417360,,470754
kn.wiktionary.org,2024-01,238520,528003,,766523
kn.wiktionary.org,2024-02,26037,468061,,494098
kn.wiktionary.org,2024-03,34116,503372,,537488
kn.wiktionary.org,2024-04,73473,442270,,515743
kn.wiktionary.org,2024-05,59267,386152,,445419
kn.wiktionary.org,2024-06,83413,392528,,475941
kn.wiktionary.org,2024-07,36921,436898,,473819
kn.wiktionary.org,2024-08,76648,469662,,546310
kn.wiktionary.org,2024-09,43082,423161,,466243
kn.wiktionary.org,2024-10,39895,421338,,461233
kn.wiktionary.org,2024-11,226956,492628,,719584
kn.wiktionary.org,2024-12,369184,652297,,1021481
kn.wiktionary.org,2025-01,161732,523166,,684898
kn.wiktionary.org,2025-02,170406,478262,,648668
kn.wiktionary.org,2025-03,362965,499820,,862785
kn.wiktionary.org,2025-04,50511,421189,,471700
kn.wiktionary.org,2025-05,110541,470532,,581073
kn.wiktionary.org,2025-06,99971,581737,,681708
kn.wiktionary.org,2025-07,80723,700691,,781414
kn.wiktionary.org,2025-08,375721,1032121,,1407842
kn.wiktionary.org,2025-09,172569,567224,,739793
kn.wiktionary.org,2025-10,616898,434921,,1051819
kn.wiktionary.org,2025-11,411845,496335,,908180
kn.wiktionary.org,2025-12,134884,447305,,582189
kn.wiktionary.org,2026-01,216721,443924,,660645
kn.wiktionary.org,2026-02,92839,305233,,398072
kn.wiktionary.org,2026-03,88485,315768,,404253
kn.wiktionary.org,2026-04,324047,288775,,612822
kn.wiktionary.org,2026-05,391176,277220,,668396
kn.wiktionary.org,2026-06,383787,429406,,813193
kn.wiktionary.org,2026-07,112999,332359,,445358
kn.wikisource.org,2015-07,22105,5324,,27429
kn.wikisource.org,2015-08,8913,6104,,15017
kn.wikisource.org,2015-09,24336,5879,,30215
kn.wikisource.org,2015-10,12498,4847,,17345
kn.wikisource.org,2015-11,12647,5829,,18476
kn.wikisource.org,2015-12,18546,6730,,25276
kn.wikisource.org,2016-01,16965,7217,,24182
kn.wikisource.org,2016-02,10623,6789,235,17647
kn.wikisource.org,2016-03,9783,6324,,16107
kn.wikisource.org,2016-04,13321,19503,,32824
kn.wikisource.org,2016-05,14923,8477,,23400
kn.wikisource.org,2016-06,66819,8657,,75476
kn.wikisource.org,2016-07,16832,9211,,26043
kn.wikisource.org,2016-08,16011,11663,67,27741
kn.wikisource.org,2016-09,25643,10713,,36356
kn.wikisource.org,2016-10,13879,10976,,24855
kn.wikisource.org,2016-11,11742,11723,,23465
kn.wikisource.org,2016-12,15446,11840,,27286
kn.wikisource.org,2017-01,527583,12549,84,540216
kn.wikisource.org,2017-02,10598,15109,1,25708
kn.wikisource.org,2017-03,9185,17572,,26757
kn.wikisource.org,2017-04,7675,15786,,23461
kn.wikisource.org,2017-05,8516,16592,50,25158
kn.wikisource.org,2017-06,11663,19360,1,31024
kn.wikisource.org,2017-07,15895,24640,2,40537
kn.wikisource.org,2017-08,37378,31750,,69128
kn.wikisource.org,2017-09,26390,32155,16,58561
kn.wikisource.org,2017-10,11808,30390,5,42203
kn.wikisource.org,2017-11,16321,35327,36,51684
kn.wikisource.org,2017-12,12453,30024,,42477
kn.wikisource.org,2018-01,16904,32356,3,49263
kn.wikisource.org,2018-02,19013,34628,,53641
kn.wikisource.org,2018-03,19250,35370,,54620
kn.wikisource.org,2018-04,17629,29911,,47540
kn.wikisource.org,2018-05,12682,25906,,38588
kn.wikisource.org,2018-06,31811,42976,,74787
kn.wikisource.org,2018-07,27952,58328,,86280
kn.wikisource.org,2018-08,24354,66407,,90761
kn.wikisource.org,2018-09,25876,52983,,78859
kn.wikisource.org,2018-10,15608,52684,2,68294
kn.wikisource.org,2018-11,22023,61201,,83224
kn.wikisource.org,2018-12,20397,61302,,81699
kn.wikisource.org,2019-01,21414,64792,,86206
kn.wikisource.org,2019-02,19161,63693,,82854
kn.wikisource.org,2019-03,19738,61487,,81225
kn.wikisource.org,2019-04,37541,50676,,88217
kn.wikisource.org,2019-05,24347,58047,,82394
kn.wikisource.org,2019-06,23396,77272,1,100669
kn.wikisource.org,2019-07,42392,104555,1,146948
kn.wikisource.org,2019-08,105691,125750,1,231442
kn.wikisource.org,2019-09,33417,144643,,178060
kn.wikisource.org,2019-10,27618,161857,,189475
kn.wikisource.org,2019-11,20347,193305,8,213660
kn.wikisource.org,2019-12,32701,200362,2,233065
kn.wikisource.org,2020-01,24225,218001,,242226
kn.wikisource.org,2020-02,22969,191897,,214866
kn.wikisource.org,2020-03,47435,191083,5,238523
kn.wikisource.org,2020-04,25559,240499,2,266060
kn.wikisource.org,2020-05,47910,73558,8,121476
kn.wikisource.org,2020-06,16684,58493,9,75186
kn.wikisource.org,2020-07,25862,62923,,88785
kn.wikisource.org,2020-08,28074,65704,,93778
kn.wikisource.org,2020-09,41736,69290,,111026
kn.wikisource.org,2020-10,39065,69249,,108314
kn.wikisource.org,2020-11,27549,61853,,89402
kn.wikisource.org,2020-12,15399,64996,,80395
kn.wikisource.org,2021-01,20443,72849,,93292
kn.wikisource.org,2021-02,22205,82757,,104962
kn.wikisource.org,2021-03,25258,83408,,108666
kn.wikisource.org,2021-04,18338,55377,,73715
kn.wikisource.org,2021-05,17665,70409,,88074
kn.wikisource.org,2021-06,17924,75730,,93654
kn.wikisource.org,2021-07,19871,75324,,95195
kn.wikisource.org,2021-08,34297,80679,,114976
kn.wikisource.org,2021-09,15956,72020,,87976
kn.wikisource.org,2021-10,20767,89481,,110248
kn.wikisource.org,2021-11,23775,95023,,118798
kn.wikisource.org,2021-12,16147,102560,,118707
kn.wikisource.org,2022-01,11768,93645,,105413
kn.wikisource.org,2022-02,11075,76324,,87399
kn.wikisource.org,2022-03,15645,74485,,90130
kn.wikisource.org,2022-04,12758,45078,,57836
kn.wikisource.org,2022-05,18742,56667,,75409
kn.wikisource.org,2022-06,15606,79295,,94901
kn.wikisource.org,2022-07,16975,106682,,123657
kn.wikisource.org,2022-08,20779,104339,,125118
kn.wikisource.org,2022-09,16410,85628,,102038
kn.wikisource.org,2022-10,32883,91032,,123915
kn.wikisource.org,2022-11,34258,103574,,137832
kn.wikisource.org,2022-12,47381,106173,,153554
kn.wikisource.org,2023-01,12295,83006,,95301
kn.wikisource.org,2023-02,32704,83713,,116417
kn.wikisource.org,2023-03,55117,97934,,153051
kn.wikisource.org,2023-04,27275,62568,,89843
kn.wikisource.org,2023-05,18931,79602,,98533
kn.wikisource.org,2023-06,22120,105696,,127816
kn.wikisource.org,2023-07,32090,116559,,148649
kn.wikisource.org,2023-08,20225,101749,,121974
kn.wikisource.org,2023-09,16083,97277,,113360
kn.wikisource.org,2023-10,24047,136501,,160548
kn.wikisource.org,2023-11,14520,147289,,161809
kn.wikisource.org,2023-12,18599,117365,,135964
kn.wikisource.org,2024-01,18191,108292,,126483
kn.wikisource.org,2024-02,10855,90907,,101762
kn.wikisource.org,2024-03,17318,100769,,118087
kn.wikisource.org,2024-04,29732,104264,,133996
kn.wikisource.org,2024-05,23319,117923,,141242
kn.wikisource.org,2024-06,85098,193039,,278137
kn.wikisource.org,2024-07,31141,149754,,180895
kn.wikisource.org,2024-08,99895,164376,,264271
kn.wikisource.org,2024-09,59187,164301,,223488
kn.wikisource.org,2024-10,46857,185358,,232215
kn.wikisource.org,2024-11,29201,192435,,221636
kn.wikisource.org,2024-12,47534,156372,,203906
kn.wikisource.org,2025-01,68254,138666,,206920
kn.wikisource.org,2025-02,109437,146839,,256276
kn.wikisource.org,2025-03,75203,118510,,193713
kn.wikisource.org,2025-04,31140,90312,,121452
kn.wikisource.org,2025-05,137627,124724,,262351
kn.wikisource.org,2025-06,68807,175976,,244783
kn.wikisource.org,2025-07,120464,246169,,366633
kn.wikisource.org,2025-08,68793,171718,,240511
kn.wikisource.org,2025-09,87239,164130,,251369
kn.wikisource.org,2025-10,140659,188522,,329181
kn.wikisource.org,2025-11,138286,149205,,287491
kn.wikisource.org,2025-12,48827,85971,,134798
kn.wikisource.org,2026-01,59529,70412,,129941
kn.wikisource.org,2026-02,46634,62381,,109015
kn.wikisource.org,2026-03,60111,71469,,131580
kn.wikisource.org,2026-04,143599,68823,,212422
kn.wikisource.org,2026-05,182125,79582,,261707
kn.wikisource.org,2026-06,245471,84247,,329718
kn.wikisource.org,2026-07,124763,93693,,218456
kn.wikiquote.org,2015-07,5766,1781,,7547
kn.wikiquote.org,2015-08,6354,837,,7191
kn.wikiquote.org,2015-09,8459,726,,9185
kn.wikiquote.org,2015-10,3443,760,,4203
kn.wikiquote.org,2015-11,4265,609,,4874
kn.wikiquote.org,2015-12,2819,988,,3807
kn.wikiquote.org,2016-01,4668,824,,5492
kn.wikiquote.org,2016-02,3741,829,,4570
kn.wikiquote.org,2016-03,2528,707,,3235
kn.wikiquote.org,2016-04,7546,628,,8174
kn.wikiquote.org,2016-05,3105,500,,3605
kn.wikiquote.org,2016-06,15513,743,,16256
kn.wikiquote.org,2016-07,3205,868,,4073
kn.wikiquote.org,2016-08,3208,851,,4059
kn.wikiquote.org,2016-09,2540,916,,3456
kn.wikiquote.org,2016-10,3052,1224,,4276
kn.wikiquote.org,2016-11,6639,1046,,7685
kn.wikiquote.org,2016-12,5034,1148,,6182
kn.wikiquote.org,2017-01,3247,1136,,4383
kn.wikiquote.org,2017-02,4591,1534,,6125
kn.wikiquote.org,2017-03,4567,2275,,6842
kn.wikiquote.org,2017-04,3259,1132,,4391
kn.wikiquote.org,2017-05,2737,1178,136,4051
kn.wikiquote.org,2017-06,3633,1682,,5315
kn.wikiquote.org,2017-07,3546,2070,39,5655
kn.wikiquote.org,2017-08,6512,2485,,8997
kn.wikiquote.org,2017-09,5940,2366,,8306
kn.wikiquote.org,2017-10,4087,2649,,6736
kn.wikiquote.org,2017-11,5101,2077,51,7229
kn.wikiquote.org,2017-12,6798,2798,,9596
kn.wikiquote.org,2018-01,4063,1807,,5870
kn.wikiquote.org,2018-02,5923,2269,,8192
kn.wikiquote.org,2018-03,6203,2354,18,8575
kn.wikiquote.org,2018-04,5737,1514,,7251
kn.wikiquote.org,2018-05,6688,1901,,8589
kn.wikiquote.org,2018-06,6079,3281,,9360
kn.wikiquote.org,2018-07,6594,4607,,11201
kn.wikiquote.org,2018-08,6931,5430,,12361
kn.wikiquote.org,2018-09,6661,4212,,10873
kn.wikiquote.org,2018-10,6646,5222,,11868
kn.wikiquote.org,2018-11,7871,4470,,12341
kn.wikiquote.org,2018-12,10443,5037,,15480
kn.wikiquote.org,2019-01,10624,5926,,16550
kn.wikiquote.org,2019-02,8828,8051,,16879
kn.wikiquote.org,2019-03,11677,9048,,20725
kn.wikiquote.org,2019-04,13815,5809,,19624
kn.wikiquote.org,2019-05,14218,2170,,16388
kn.wikiquote.org,2019-06,7734,3402,,11136
kn.wikiquote.org,2019-07,17908,3875,,21783
kn.wikiquote.org,2019-08,27141,7269,,34410
kn.wikiquote.org,2019-09,13271,5263,,18534
kn.wikiquote.org,2019-10,11906,4635,,16541
kn.wikiquote.org,2019-11,3980,4140,,8120
kn.wikiquote.org,2019-12,3221,3233,,6454
kn.wikiquote.org,2020-01,3116,3847,,6963
kn.wikiquote.org,2020-02,3220,3745,,6965
kn.wikiquote.org,2020-03,4823,3012,,7835
kn.wikiquote.org,2020-04,7097,4477,,11574
kn.wikiquote.org,2020-05,6668,2290,,8958
kn.wikiquote.org,2020-06,5091,1376,,6467
kn.wikiquote.org,2020-07,7908,2106,,10014
kn.wikiquote.org,2020-08,12891,2748,,15639
kn.wikiquote.org,2020-09,18903,2918,,21821
kn.wikiquote.org,2020-10,13134,2043,,15177
kn.wikiquote.org,2020-11,5412,3145,,8557
kn.wikiquote.org,2020-12,5195,1815,,7010
kn.wikiquote.org,2021-01,9597,2434,,12031
kn.wikiquote.org,2021-02,9562,2700,,12262
kn.wikiquote.org,2021-03,9598,2118,,11716
kn.wikiquote.org,2021-04,6065,1854,,7919
kn.wikiquote.org,2021-05,6569,2589,,9158
kn.wikiquote.org,2021-06,7418,3299,,10717
kn.wikiquote.org,2021-07,9216,2393,,11609
kn.wikiquote.org,2021-08,15112,1913,,17025
kn.wikiquote.org,2021-09,6845,1593,,8438
kn.wikiquote.org,2021-10,5342,2777,,8119
kn.wikiquote.org,2021-11,3526,1937,,5463
kn.wikiquote.org,2021-12,3011,1645,,4656
kn.wikiquote.org,2022-01,3177,1895,,5072
kn.wikiquote.org,2022-02,2874,1670,,4544
kn.wikiquote.org,2022-03,6174,1771,,7945
kn.wikiquote.org,2022-04,6031,1081,,7112
kn.wikiquote.org,2022-05,8639,2232,,10871
kn.wikiquote.org,2022-06,9226,3576,,12802
kn.wikiquote.org,2022-07,11106,4183,,15289
kn.wikiquote.org,2022-08,9125,3924,,13049
kn.wikiquote.org,2022-09,5120,2754,,7874
kn.wikiquote.org,2022-10,8987,4423,,13410
kn.wikiquote.org,2022-11,6952,3201,,10153
kn.wikiquote.org,2022-12,8386,3221,,11607
kn.wikiquote.org,2023-01,4446,2327,,6773
kn.wikiquote.org,2023-02,4559,3155,,7714
kn.wikiquote.org,2023-03,5714,3500,,9214
kn.wikiquote.org,2023-04,3908,2464,,6372
kn.wikiquote.org,2023-05,4280,5967,,10247
kn.wikiquote.org,2023-06,3876,4873,,8749
kn.wikiquote.org,2023-07,4951,6182,,11133
kn.wikiquote.org,2023-08,4607,4000,,8607
kn.wikiquote.org,2023-09,6054,3588,,9642
kn.wikiquote.org,2023-10,4599,4584,,9183
kn.wikiquote.org,2023-11,4258,5380,,9638
kn.wikiquote.org,2023-12,15278,6513,,21791
kn.wikiquote.org,2024-01,5454,5176,,10630
kn.wikiquote.org,2024-02,3535,3772,,7307
kn.wikiquote.org,2024-03,4170,3857,,8027
kn.wikiquote.org,2024-04,8002,5115,,13117
kn.wikiquote.org,2024-05,5820,4130,,9950
kn.wikiquote.org,2024-06,8766,6221,,14987
kn.wikiquote.org,2024-07,4201,5716,,9917
kn.wikiquote.org,2024-08,7066,5593,,12659
kn.wikiquote.org,2024-09,6498,10191,,16689
kn.wikiquote.org,2024-10,4290,7537,,11827
kn.wikiquote.org,2024-11,4776,6789,,11565
kn.wikiquote.org,2024-12,22366,5729,,28095
kn.wikiquote.org,2025-01,40811,7000,,47811
kn.wikiquote.org,2025-02,15605,8720,,24325
kn.wikiquote.org,2025-03,6905,9603,,16508
kn.wikiquote.org,2025-04,3787,8546,,12333
kn.wikiquote.org,2025-05,14551,13915,,28466
kn.wikiquote.org,2025-06,47079,31060,,78139
kn.wikiquote.org,2025-07,68596,310855,,379451
kn.wikiquote.org,2025-08,13958,8963,,22921
kn.wikiquote.org,2025-09,10328,200653,,210981
kn.wikiquote.org,2025-10,6152,8179,,14331
kn.wikiquote.org,2025-11,8933,7931,,16864
kn.wikiquote.org,2025-12,33466,3973,,37439
kn.wikiquote.org,2026-01,10434,3362,,13796
kn.wikiquote.org,2026-02,9001,4945,,13946
kn.wikiquote.org,2026-03,14850,5378,,20228
kn.wikiquote.org,2026-04,12912,3491,,16403
kn.wikiquote.org,2026-05,21367,4493,,25860
kn.wikiquote.org,2026-06,24221,5101,,29322
kn.wikiquote.org,2026-07,61749,15217,,76966
ks.wikipedia.org,2015-07,19312,6210,17,25539
ks.wikipedia.org,2015-08,30963,4697,42,35702
ks.wikipedia.org,2015-09,22121,4348,49,26518
ks.wikipedia.org,2015-10,20126,4252,80,24458
ks.wikipedia.org,2015-11,15144,3949,43,19136
ks.wikipedia.org,2015-12,17587,4218,84,21889
ks.wikipedia.org,2016-01,27324,3999,45,31368
ks.wikipedia.org,2016-02,21047,3200,34,24281
ks.wikipedia.org,2016-03,20908,3641,60,24609
ks.wikipedia.org,2016-04,24171,14630,45,38846
ks.wikipedia.org,2016-05,39377,7220,23,46620
ks.wikipedia.org,2016-06,41443,3479,29,44951
ks.wikipedia.org,2016-07,20625,3035,22,23682
ks.wikipedia.org,2016-08,21292,2574,21,23887
ks.wikipedia.org,2016-09,67534,2449,22,70005
ks.wikipedia.org,2016-10,29991,2612,51,32654
ks.wikipedia.org,2016-11,29637,2281,47,31965
ks.wikipedia.org,2016-12,28442,2580,37,31059
ks.wikipedia.org,2017-01,29246,3244,37,32527
ks.wikipedia.org,2017-02,34561,4236,39,38836
ks.wikipedia.org,2017-03,29310,4478,52,33840
ks.wikipedia.org,2017-04,182201,3209,76,185486
ks.wikipedia.org,2017-05,90213,2654,28,92895
ks.wikipedia.org,2017-06,27098,2368,48,29514
ks.wikipedia.org,2017-07,33093,2619,68,35780
ks.wikipedia.org,2017-08,89297,2478,36,91811
ks.wikipedia.org,2017-09,151636,3497,61,155194
ks.wikipedia.org,2017-10,40138,2821,57,43016
ks.wikipedia.org,2017-11,46824,3122,32,49978
ks.wikipedia.org,2017-12,43033,2562,46,45641
ks.wikipedia.org,2018-01,39841,2697,53,42591
ks.wikipedia.org,2018-02,31366,2774,101,34241
ks.wikipedia.org,2018-03,27272,2313,107,29692
ks.wikipedia.org,2018-04,25940,3201,61,29202
ks.wikipedia.org,2018-05,28331,4204,61,32596
ks.wikipedia.org,2018-06,31743,3867,29,35639
ks.wikipedia.org,2018-07,32881,5334,39,38254
ks.wikipedia.org,2018-08,59356,5419,167,64942
ks.wikipedia.org,2018-09,43753,4680,63,48496
ks.wikipedia.org,2018-10,39570,7010,52,46632
ks.wikipedia.org,2018-11,96633,8655,86,105374
ks.wikipedia.org,2018-12,31094,5965,57,37116
ks.wikipedia.org,2019-01,40528,3876,86,44490
ks.wikipedia.org,2019-02,35800,2725,84,38609
ks.wikipedia.org,2019-03,42235,3010,97,45342
ks.wikipedia.org,2019-04,56374,3169,49,59592
ks.wikipedia.org,2019-05,54065,2955,51,57071
ks.wikipedia.org,2019-06,40646,2865,78,43589
ks.wikipedia.org,2019-07,82604,2893,75,85572
ks.wikipedia.org,2019-08,89824,3647,38,93509
ks.wikipedia.org,2019-09,51492,2950,54,54496
ks.wikipedia.org,2019-10,48468,3961,44,52473
ks.wikipedia.org,2019-11,26276,3315,54,29645
ks.wikipedia.org,2019-12,22561,3724,39,26324
ks.wikipedia.org,2020-01,26739,3620,86,30445
ks.wikipedia.org,2020-02,24868,3260,162,28290
ks.wikipedia.org,2020-03,22558,3178,156,25892
ks.wikipedia.org,2020-04,55979,15116,125,71220
ks.wikipedia.org,2020-05,35994,7323,93,43410
ks.wikipedia.org,2020-06,28143,4977,17,33137
ks.wikipedia.org,2020-07,40740,4318,86,45144
ks.wikipedia.org,2020-08,27942,2599,86,30627
ks.wikipedia.org,2020-09,49723,3167,118,53008
ks.wikipedia.org,2020-10,57420,2636,91,60147
ks.wikipedia.org,2020-11,28566,2867,50,31483
ks.wikipedia.org,2020-12,32561,3339,95,35995
ks.wikipedia.org,2021-01,41205,4023,102,45330
ks.wikipedia.org,2021-02,36617,3752,112,40481
ks.wikipedia.org,2021-03,36200,4628,95,40923
ks.wikipedia.org,2021-04,36499,3497,48,40044
ks.wikipedia.org,2021-05,30293,4937,53,35283
ks.wikipedia.org,2021-06,30344,4749,37,35130
ks.wikipedia.org,2021-07,32665,14386,169,47220
ks.wikipedia.org,2021-08,38269,12826,246,51341
ks.wikipedia.org,2021-09,31509,13798,407,45714
ks.wikipedia.org,2021-10,37839,16697,711,55247
ks.wikipedia.org,2021-11,38775,13100,93,51968
ks.wikipedia.org,2021-12,30592,5693,129,36414
ks.wikipedia.org,2022-01,51549,7066,128,58743
ks.wikipedia.org,2022-02,51742,12971,115,64828
ks.wikipedia.org,2022-03,38332,11783,146,50261
ks.wikipedia.org,2022-04,31477,9882,83,41442
ks.wikipedia.org,2022-05,38680,18758,270,57708
ks.wikipedia.org,2022-06,47354,17455,124,64933
ks.wikipedia.org,2022-07,38687,16803,188,55678
ks.wikipedia.org,2022-08,49275,22672,132,72079
ks.wikipedia.org,2022-09,52002,10228,134,62364
ks.wikipedia.org,2022-10,51867,15137,629,67633
ks.wikipedia.org,2022-11,43952,12915,1032,57899
ks.wikipedia.org,2022-12,53230,17724,520,71474
ks.wikipedia.org,2023-01,53137,17044,698,70879
ks.wikipedia.org,2023-02,54176,17799,470,72445
ks.wikipedia.org,2023-03,62620,20454,294,83368
ks.wikipedia.org,2023-04,44637,16412,358,61407
ks.wikipedia.org,2023-05,51560,23481,316,75357
ks.wikipedia.org,2023-06,66074,40515,211,106800
ks.wikipedia.org,2023-07,58402,37145,95,95642
ks.wikipedia.org,2023-08,57500,32754,63,90317
ks.wikipedia.org,2023-09,47656,19576,85,67317
ks.wikipedia.org,2023-10,50363,24712,162,75237
ks.wikipedia.org,2023-11,55857,16060,176,72093
ks.wikipedia.org,2023-12,59070,21680,192,80942
ks.wikipedia.org,2024-01,48072,12353,489,60914
ks.wikipedia.org,2024-02,41691,10876,456,53023
ks.wikipedia.org,2024-03,86885,29664,937,117486
ks.wikipedia.org,2024-04,57340,22070,789,80199
ks.wikipedia.org,2024-05,48766,17829,808,67403
ks.wikipedia.org,2024-06,57249,25141,1028,83418
ks.wikipedia.org,2024-07,22964,23894,1200,48058
ks.wikipedia.org,2024-08,32779,26373,1172,60324
ks.wikipedia.org,2024-09,22234,18266,1812,42312
ks.wikipedia.org,2024-10,27842,18851,1306,47999
ks.wikipedia.org,2024-11,40168,68846,1991,111005
ks.wikipedia.org,2024-12,43188,12782,1672,57642
ks.wikipedia.org,2025-01,86147,35799,1724,123670
ks.wikipedia.org,2025-02,70193,54943,2181,127317
ks.wikipedia.org,2025-03,46985,21331,2475,70791
ks.wikipedia.org,2025-04,43920,21828,1316,67064
ks.wikipedia.org,2025-05,52401,43196,1365,96962
ks.wikipedia.org,2025-06,50153,34398,1067,85618
ks.wikipedia.org,2025-07,187004,68369,1085,256458
ks.wikipedia.org,2025-08,106233,64841,834,171908
ks.wikipedia.org,2025-09,111804,100010,1252,213066
ks.wikipedia.org,2025-10,161321,64184,1014,226519
ks.wikipedia.org,2025-11,95520,31718,677,127915
ks.wikipedia.org,2025-12,91790,22369,686,114845
ks.wikipedia.org,2026-01,71569,24769,943,97281
ks.wikipedia.org,2026-02,123633,52706,712,177051
ks.wikipedia.org,2026-03,135529,43422,765,179716
ks.wikipedia.org,2026-04,171858,30325,683,202866
ks.wikipedia.org,2026-05,178089,31354,494,209937
ks.wikipedia.org,2026-06,136149,31537,770,168456
ks.wikipedia.org,2026-07,141819,52332,529,194680
ks.wiktionary.org,2015-07,1436,223,,1659
ks.wiktionary.org,2015-08,982,206,,1188
ks.wiktionary.org,2015-09,2076,122,,2198
ks.wiktionary.org,2015-10,1789,391,,2180
ks.wiktionary.org,2015-11,1407,459,,1866
ks.wiktionary.org,2015-12,2275,420,,2695
ks.wiktionary.org,2016-01,1938,166,,2104
ks.wiktionary.org,2016-02,1273,223,,1496
ks.wiktionary.org,2016-03,1628,137,,1765
ks.wiktionary.org,2016-04,13801,6367,,20168
ks.wiktionary.org,2016-05,2248,3227,,5475
ks.wiktionary.org,2016-06,1650,278,,1928
ks.wiktionary.org,2016-07,1665,365,,2030
ks.wiktionary.org,2016-08,2198,320,,2518
ks.wiktionary.org,2016-09,1349,285,,1634
ks.wiktionary.org,2016-10,1524,353,,1877
ks.wiktionary.org,2016-11,1180,287,,1467
ks.wiktionary.org,2016-12,1715,388,,2103
ks.wiktionary.org,2017-01,1222,319,,1541
ks.wiktionary.org,2017-02,1026,234,,1260
ks.wiktionary.org,2017-03,1228,256,,1484
ks.wiktionary.org,2017-04,934,251,,1185
ks.wiktionary.org,2017-05,1831,241,,2072
ks.wiktionary.org,2017-06,1717,230,,1947
ks.wiktionary.org,2017-07,2871,176,,3047
ks.wiktionary.org,2017-08,4154,197,,4351
ks.wiktionary.org,2017-09,4156,122,,4278
ks.wiktionary.org,2017-10,2084,156,,2240
ks.wiktionary.org,2017-11,2578,148,,2726
ks.wiktionary.org,2017-12,2520,232,,2752
ks.wiktionary.org,2018-01,4881,272,,5153
ks.wiktionary.org,2018-02,3829,43,,3872
ks.wiktionary.org,2018-03,4876,118,,4994
ks.wiktionary.org,2018-04,5074,90,,5164
ks.wiktionary.org,2018-05,7097,428,,7525
ks.wiktionary.org,2018-06,6226,126,,6352
ks.wiktionary.org,2018-07,4761,157,,4918
ks.wiktionary.org,2018-08,6576,261,,6837
ks.wiktionary.org,2018-09,6254,846,,7100
ks.wiktionary.org,2018-10,7994,11383,,19377
ks.wiktionary.org,2018-11,5812,3513,,9325
ks.wiktionary.org,2018-12,6624,2458,,9082
ks.wiktionary.org,2019-01,7579,1473,,9052
ks.wiktionary.org,2019-02,5684,1921,,7605
ks.wiktionary.org,2019-03,7122,2542,,9664
ks.wiktionary.org,2019-04,10026,2374,,12400
ks.wiktionary.org,2019-05,8738,619,,9357
ks.wiktionary.org,2019-06,5109,258,,5367
ks.wiktionary.org,2019-07,15469,881,,16350
ks.wiktionary.org,2019-08,31381,1026,,32407
ks.wiktionary.org,2019-09,16975,427,,17402
ks.wiktionary.org,2019-10,7240,629,,7869
ks.wiktionary.org,2019-11,4536,561,,5097
ks.wiktionary.org,2019-12,3157,179,,3336
ks.wiktionary.org,2020-01,3747,730,,4477
ks.wiktionary.org,2020-02,3784,158,,3942
ks.wiktionary.org,2020-03,7504,239,,7743
ks.wiktionary.org,2020-04,8412,435,,8847
ks.wiktionary.org,2020-05,7014,240,,7254
ks.wiktionary.org,2020-06,5074,215,,5289
ks.wiktionary.org,2020-07,15014,423,,15437
ks.wiktionary.org,2020-08,9580,996,,10576
ks.wiktionary.org,2020-09,11742,508,,12250
ks.wiktionary.org,2020-10,8690,273,,8963
ks.wiktionary.org,2020-11,5009,714,,5723
ks.wiktionary.org,2020-12,5642,307,,5949
ks.wiktionary.org,2021-01,5744,168,,5912
ks.wiktionary.org,2021-02,8635,1257,,9892
ks.wiktionary.org,2021-03,7761,1305,,9066
ks.wiktionary.org,2021-04,11054,1499,,12553
ks.wiktionary.org,2021-05,11153,894,,12047
ks.wiktionary.org,2021-06,12266,1454,,13720
ks.wiktionary.org,2021-07,24435,3215,,27650
ks.wiktionary.org,2021-08,22383,2591,,24974
ks.wiktionary.org,2021-09,8967,5404,,14371
ks.wiktionary.org,2021-10,11148,5468,,16616
ks.wiktionary.org,2021-11,7592,6740,,14332
ks.wiktionary.org,2021-12,5716,2860,,8576
ks.wiktionary.org,2022-01,7272,2401,,9673
ks.wiktionary.org,2022-02,11496,4786,,16282
ks.wiktionary.org,2022-03,14065,3179,,17244
ks.wiktionary.org,2022-04,13784,4417,,18201
ks.wiktionary.org,2022-05,12613,6312,,18925
ks.wiktionary.org,2022-06,9744,5753,,15497
ks.wiktionary.org,2022-07,11215,4734,,15949
ks.wiktionary.org,2022-08,15751,10118,,25869
ks.wiktionary.org,2022-09,8322,2303,,10625
ks.wiktionary.org,2022-10,16849,7689,,24538
ks.wiktionary.org,2022-11,10169,4370,,14539
ks.wiktionary.org,2022-12,21965,9098,,31063
ks.wiktionary.org,2023-01,5729,1911,,7640
ks.wiktionary.org,2023-02,15726,6417,,22143
ks.wiktionary.org,2023-03,23391,12588,,35979
ks.wiktionary.org,2023-04,11590,9925,,21515
ks.wiktionary.org,2023-05,21730,16430,,38160
ks.wiktionary.org,2023-06,22464,17755,,40219
ks.wiktionary.org,2023-07,22820,23130,,45950
ks.wiktionary.org,2023-08,16238,13897,,30135
ks.wiktionary.org,2023-09,14111,9071,,23182
ks.wiktionary.org,2023-10,21284,11502,,32786
ks.wiktionary.org,2023-11,25429,18216,,43645
ks.wiktionary.org,2023-12,29943,19148,,49091
ks.wiktionary.org,2024-01,18260,17949,,36209
ks.wiktionary.org,2024-02,4481,1186,,5667
ks.wiktionary.org,2024-03,8487,2760,,11247
ks.wiktionary.org,2024-04,20796,5593,,26389
ks.wiktionary.org,2024-05,14701,13158,,27859
ks.wiktionary.org,2024-06,26904,23342,,50246
ks.wiktionary.org,2024-07,7282,8273,,15555
ks.wiktionary.org,2024-08,7879,5660,,13539
ks.wiktionary.org,2024-09,7423,8066,,15489
ks.wiktionary.org,2024-10,9721,8277,,17998
ks.wiktionary.org,2024-11,10601,5684,,16285
ks.wiktionary.org,2024-12,27474,6073,,33547
ks.wiktionary.org,2025-01,14222,4213,,18435
ks.wiktionary.org,2025-02,15691,6925,,22616
ks.wiktionary.org,2025-03,15093,7977,,23070
ks.wiktionary.org,2025-04,5615,1983,,7598
ks.wiktionary.org,2025-05,21072,6511,,27583
ks.wiktionary.org,2025-06,35599,14679,,50278
ks.wiktionary.org,2025-07,151620,33628,,185248
ks.wiktionary.org,2025-08,27058,14976,,42034
ks.wiktionary.org,2025-09,68416,71855,,140271
ks.wiktionary.org,2025-10,43165,25204,,68369
ks.wiktionary.org,2025-11,92360,6254,,98614
ks.wiktionary.org,2025-12,97943,3289,,101232
ks.wiktionary.org,2026-01,27893,2236,,30129
ks.wiktionary.org,2026-02,13576,4180,,17756
ks.wiktionary.org,2026-03,16116,5712,,21828
ks.wiktionary.org,2026-04,29719,4183,,33902
ks.wiktionary.org,2026-05,29212,3460,,32672
ks.wiktionary.org,2026-06,18461,5754,,24215
ks.wiktionary.org,2026-07,22187,2670,,24857
mag.wikipedia.org,2026-06,795,332,3,1130
mag.wikipedia.org,2026-07,194662,157267,1,351930
mai.wikipedia.org,2015-07,35421,827,73,36321
mai.wikipedia.org,2015-08,35487,1246,89,36822
mai.wikipedia.org,2015-09,40145,1288,93,41526
mai.wikipedia.org,2015-10,43286,2437,118,45841
mai.wikipedia.org,2015-11,29534,3906,93,33533
mai.wikipedia.org,2015-12,59886,9015,77,68978
mai.wikipedia.org,2016-01,54388,5081,95,59564
mai.wikipedia.org,2016-02,35899,4430,93,40422
mai.wikipedia.org,2016-03,59886,4936,130,64952
mai.wikipedia.org,2016-04,88977,7036,74,96087
mai.wikipedia.org,2016-05,148252,22498,74,170824
mai.wikipedia.org,2016-06,105994,5481,165,111640
mai.wikipedia.org,2016-07,55010,5434,218,60662
mai.wikipedia.org,2016-08,61068,6118,95,67281
mai.wikipedia.org,2016-09,81040,8113,240,89393
mai.wikipedia.org,2016-10,121525,9256,152,130933
mai.wikipedia.org,2016-11,107501,6350,168,114019
mai.wikipedia.org,2016-12,138853,10707,280,149840
mai.wikipedia.org,2017-01,110251,8719,339,119309
mai.wikipedia.org,2017-02,121487,11334,322,133143
mai.wikipedia.org,2017-03,156778,10337,278,167393
mai.wikipedia.org,2017-04,243040,9231,249,252520
mai.wikipedia.org,2017-05,128664,7960,252,136876
mai.wikipedia.org,2017-06,117263,9197,416,126876
mai.wikipedia.org,2017-07,130639,9271,503,140413
mai.wikipedia.org,2017-08,217522,11992,532,230046
mai.wikipedia.org,2017-09,272062,13304,327,285693
mai.wikipedia.org,2017-10,134210,11739,311,146260
mai.wikipedia.org,2017-11,155411,12765,309,168485
mai.wikipedia.org,2017-12,149378,11418,302,161098
mai.wikipedia.org,2018-01,150699,13494,358,164551
mai.wikipedia.org,2018-02,138842,13065,392,152299
mai.wikipedia.org,2018-03,102405,17412,535,120352
mai.wikipedia.org,2018-04,75601,13678,508,89787
mai.wikipedia.org,2018-05,105631,17300,316,123247
mai.wikipedia.org,2018-06,134324,22214,298,156836
mai.wikipedia.org,2018-07,126727,38470,289,165486
mai.wikipedia.org,2018-08,126733,49084,451,176268
mai.wikipedia.org,2018-09,112477,37314,355,150146
mai.wikipedia.org,2018-10,121434,46514,307,168255
mai.wikipedia.org,2018-11,264323,33446,364,298133
mai.wikipedia.org,2018-12,132472,51129,347,183948
mai.wikipedia.org,2019-01,162795,42515,251,205561
mai.wikipedia.org,2019-02,138345,113226,272,251843
mai.wikipedia.org,2019-03,141911,41658,289,183858
mai.wikipedia.org,2019-04,167824,38864,277,206965
mai.wikipedia.org,2019-05,141906,42887,430,185223
mai.wikipedia.org,2019-06,138354,49611,388,188353
mai.wikipedia.org,2019-07,202926,67458,303,270687
mai.wikipedia.org,2019-08,218038,82782,410,301230
mai.wikipedia.org,2019-09,152397,122545,431,275373
mai.wikipedia.org,2019-10,162336,196249,424,359009
mai.wikipedia.org,2019-11,177499,198170,381,376050
mai.wikipedia.org,2019-12,86813,140459,552,227824
mai.wikipedia.org,2020-01,131963,131399,421,263783
mai.wikipedia.org,2020-02,125961,103156,428,229545
mai.wikipedia.org,2020-03,109834,83287,364,193485
mai.wikipedia.org,2020-04,198974,124593,359,323926
mai.wikipedia.org,2020-05,114212,58590,273,173075
mai.wikipedia.org,2020-06,86436,35127,98,121661
mai.wikipedia.org,2020-07,89247,37481,452,127180
mai.wikipedia.org,2020-08,83665,33353,340,117358
mai.wikipedia.org,2020-09,148511,39732,599,188842
mai.wikipedia.org,2020-10,87265,37762,534,125561
mai.wikipedia.org,2020-11,115435,31357,378,147170
mai.wikipedia.org,2020-12,95164,30785,344,126293
mai.wikipedia.org,2021-01,73808,36348,373,110529
mai.wikipedia.org,2021-02,77622,31686,319,109627
mai.wikipedia.org,2021-03,87115,29098,277,116490
mai.wikipedia.org,2021-04,94893,25901,288,121082
mai.wikipedia.org,2021-05,74287,29363,307,103957
mai.wikipedia.org,2021-06,94307,30352,261,124920
mai.wikipedia.org,2021-07,90951,34685,232,125868
mai.wikipedia.org,2021-08,157512,52943,275,210730
mai.wikipedia.org,2021-09,76583,34287,317,111187
mai.wikipedia.org,2021-10,79693,35094,237,115024
mai.wikipedia.org,2021-11,80256,36108,218,116582
mai.wikipedia.org,2021-12,90673,35438,364,126475
mai.wikipedia.org,2022-01,118101,43740,311,162152
mai.wikipedia.org,2022-02,111591,41712,298,153601
mai.wikipedia.org,2022-03,98678,43981,289,142948
mai.wikipedia.org,2022-04,86172,35225,238,121635
mai.wikipedia.org,2022-05,89372,34827,271,124470
mai.wikipedia.org,2022-06,149715,48268,299,198282
mai.wikipedia.org,2022-07,78456,57465,281,136202
mai.wikipedia.org,2022-08,88648,78115,240,167003
mai.wikipedia.org,2022-09,128212,77380,304,205896
mai.wikipedia.org,2022-10,108843,110158,765,219766
mai.wikipedia.org,2022-11,92573,199289,709,292571
mai.wikipedia.org,2022-12,84247,146734,719,231700
mai.wikipedia.org,2023-01,98964,218544,689,318197
mai.wikipedia.org,2023-02,98398,275803,524,374725
mai.wikipedia.org,2023-03,244770,550642,543,795955
mai.wikipedia.org,2023-04,77468,268754,517,346739
mai.wikipedia.org,2023-05,87772,266067,398,354237
mai.wikipedia.org,2023-06,137386,304582,347,442315
mai.wikipedia.org,2023-07,132995,235529,303,368827
mai.wikipedia.org,2023-08,108471,157082,207,265760
mai.wikipedia.org,2023-09,103328,105028,232,208588
mai.wikipedia.org,2023-10,112466,147472,180,260118
mai.wikipedia.org,2023-11,112013,99685,200,211898
mai.wikipedia.org,2023-12,101801,106270,444,208515
mai.wikipedia.org,2024-01,143528,115596,825,259949
mai.wikipedia.org,2024-02,69225,108921,733,178879
mai.wikipedia.org,2024-03,85251,124220,882,210353
mai.wikipedia.org,2024-04,86118,141728,698,228544
mai.wikipedia.org,2024-05,80365,103226,778,184369
mai.wikipedia.org,2024-06,93259,126041,715,220015
mai.wikipedia.org,2024-07,42772,104746,754,148272
mai.wikipedia.org,2024-08,87216,88763,717,176696
mai.wikipedia.org,2024-09,30916,56028,1083,88027
mai.wikipedia.org,2024-10,35617,54438,1696,91751
mai.wikipedia.org,2024-11,61633,70807,1064,133504
mai.wikipedia.org,2024-12,88413,55005,797,144215
mai.wikipedia.org,2025-01,167668,110706,807,279181
mai.wikipedia.org,2025-02,146217,87296,712,234225
mai.wikipedia.org,2025-03,63025,57498,1142,121665
mai.wikipedia.org,2025-04,72542,54889,749,128180
mai.wikipedia.org,2025-05,89941,76872,566,167379
mai.wikipedia.org,2025-06,69534,88401,554,158489
mai.wikipedia.org,2025-07,256681,166290,542,423513
mai.wikipedia.org,2025-08,147361,125252,526,273139
mai.wikipedia.org,2025-09,111314,131163,643,243120
mai.wikipedia.org,2025-10,154641,83302,591,238534
mai.wikipedia.org,2025-11,145492,83291,422,229205
mai.wikipedia.org,2025-12,80609,49222,416,130247
mai.wikipedia.org,2026-01,119582,61204,613,181399
mai.wikipedia.org,2026-02,93300,59462,428,153190
mai.wikipedia.org,2026-03,95894,54879,524,151297
mai.wikipedia.org,2026-04,162758,37780,423,200961
mai.wikipedia.org,2026-05,236484,43819,320,280623
mai.wikipedia.org,2026-06,161140,55925,394,217459
mai.wikipedia.org,2026-07,300363,138137,396,438896
ml.wikipedia.org,2015-07,1735353,110227,60482,1906062
ml.wikipedia.org,2015-08,1787883,136232,58512,1982627
ml.wikipedia.org,2015-09,1643419,116175,59327,1818921
ml.wikipedia.org,2015-10,1483488,412658,67238,1963384
ml.wikipedia.org,2015-11,1100134,617595,74641,1792370
ml.wikipedia.org,2015-12,946985,572417,75340,1594742
ml.wikipedia.org,2016-01,1168181,685376,78919,1932476
ml.wikipedia.org,2016-02,919228,588180,67301,1574709
ml.wikipedia.org,2016-03,1053265,541675,65210,1660150
ml.wikipedia.org,2016-04,2155798,506628,45273,2707699
ml.wikipedia.org,2016-05,1109693,572424,57260,1739377
ml.wikipedia.org,2016-06,1248681,858847,75019,2182547
ml.wikipedia.org,2016-07,1085936,1001250,81077,2168263
ml.wikipedia.org,2016-08,1269764,1107050,80569,2457383
ml.wikipedia.org,2016-09,1058590,881247,64606,2004443
ml.wikipedia.org,2016-10,1384818,1147361,72170,2604349
ml.wikipedia.org,2016-11,2104303,1127142,78882,3310327
ml.wikipedia.org,2016-12,1137465,1051577,80884,2269926
ml.wikipedia.org,2017-01,1175232,1344247,92147,2611626
ml.wikipedia.org,2017-02,1005680,1231089,76969,2313738
ml.wikipedia.org,2017-03,970276,1305422,89825,2365523
ml.wikipedia.org,2017-04,822885,1099827,73490,1996202
ml.wikipedia.org,2017-05,877175,1118485,72226,2067886
ml.wikipedia.org,2017-06,938753,1773677,96913,2809343
ml.wikipedia.org,2017-07,1081634,2215742,111451,3408827
ml.wikipedia.org,2017-08,997322,2224050,107943,3329315
ml.wikipedia.org,2017-09,1105916,2330266,105868,3542050
ml.wikipedia.org,2017-10,1020754,2854274,131853,4006881
ml.wikipedia.org,2017-11,1011974,2613725,120197,3745896
ml.wikipedia.org,2017-12,1020049,2002202,104909,3127160
ml.wikipedia.org,2018-01,919413,2663768,115789,3698970
ml.wikipedia.org,2018-02,926006,2188223,100308,3214537
ml.wikipedia.org,2018-03,811883,2182694,108333,3102910
ml.wikipedia.org,2018-04,662775,1775690,96299,2534764
ml.wikipedia.org,2018-05,788645,1886789,110416,2785850
ml.wikipedia.org,2018-06,1042122,2840448,114169,3996739
ml.wikipedia.org,2018-07,1040625,3696078,142958,4879661
ml.wikipedia.org,2018-08,903472,3109737,119087,4132296
ml.wikipedia.org,2018-09,1002137,3428660,135976,4566773
ml.wikipedia.org,2018-10,1174406,3805796,148268,5128470
ml.wikipedia.org,2018-11,1167435,3611503,135630,4914568
ml.wikipedia.org,2018-12,1087565,2641394,107268,3836227
ml.wikipedia.org,2019-01,1321508,3270367,119426,4711301
ml.wikipedia.org,2019-02,925825,2876055,106237,3908117
ml.wikipedia.org,2019-03,1074679,2722169,107554,3904402
ml.wikipedia.org,2019-04,993833,2009178,89024,3092035
ml.wikipedia.org,2019-05,986101,2229489,91330,3306920
ml.wikipedia.org,2019-06,844942,3342163,99778,4286883
ml.wikipedia.org,2019-07,1046915,4363772,127228,5537915
ml.wikipedia.org,2019-08,1146210,4007259,128805,5282274
ml.wikipedia.org,2019-09,958467,4067784,114846,5141097
ml.wikipedia.org,2019-10,1187730,4927012,128553,6243295
ml.wikipedia.org,2019-11,1079669,5032212,116228,6228109
ml.wikipedia.org,2019-12,853157,3945216,109063,4907436
ml.wikipedia.org,2020-01,866183,4750519,119617,5736319
ml.wikipedia.org,2020-02,807601,4784194,106974,5698769
ml.wikipedia.org,2020-03,2696772,3499525,101463,6297760
ml.wikipedia.org,2020-04,896469,6182104,146055,7224628
ml.wikipedia.org,2020-05,758387,5514551,110428,6383366
ml.wikipedia.org,2020-06,753211,5782726,49867,6585804
ml.wikipedia.org,2020-07,758723,6567502,115757,7441982
ml.wikipedia.org,2020-08,775765,7258185,105471,8139421
ml.wikipedia.org,2020-09,689261,5148222,102994,5940477
ml.wikipedia.org,2020-10,711335,6648131,119573,7479039
ml.wikipedia.org,2020-11,673758,5874043,102404,6650205
ml.wikipedia.org,2020-12,639658,4822776,88092,5550526
ml.wikipedia.org,2021-01,634682,5151650,91000,5877332
ml.wikipedia.org,2021-02,2287260,4825304,83712,7196276
ml.wikipedia.org,2021-03,924982,5086746,91014,6102742
ml.wikipedia.org,2021-04,562106,4020003,76887,4658996
ml.wikipedia.org,2021-05,628336,5475048,115349,6218733
ml.wikipedia.org,2021-06,723970,8536853,116017,9376840
ml.wikipedia.org,2021-07,673387,8113377,113900,8900664
ml.wikipedia.org,2021-08,861642,7630909,95967,8588518
ml.wikipedia.org,2021-09,613136,5623146,85696,6321978
ml.wikipedia.org,2021-10,774848,7897118,93047,8765013
ml.wikipedia.org,2021-11,850586,5178438,84780,6113804
ml.wikipedia.org,2021-12,572828,4761032,79797,5413657
ml.wikipedia.org,2022-01,655715,4565152,77992,5298859
ml.wikipedia.org,2022-02,748406,4771183,75939,5595528
ml.wikipedia.org,2022-03,754922,4181952,71786,5008660
ml.wikipedia.org,2022-04,583987,3559315,66685,4209987
ml.wikipedia.org,2022-05,586804,3810480,67976,4465260
ml.wikipedia.org,2022-06,722861,4641600,67615,5432076
ml.wikipedia.org,2022-07,568851,5181245,79920,5830016
ml.wikipedia.org,2022-08,599756,4912451,74028,5586235
ml.wikipedia.org,2022-09,627868,4425986,62455,5116309
ml.wikipedia.org,2022-10,679201,5574058,75971,6329230
ml.wikipedia.org,2022-11,653173,5354455,68444,6076072
ml.wikipedia.org,2022-12,586227,4563829,67119,5217175
ml.wikipedia.org,2023-01,673588,4738058,66972,5478618
ml.wikipedia.org,2023-02,573662,4463378,58051,5095091
ml.wikipedia.org,2023-03,626493,4370693,61147,5058333
ml.wikipedia.org,2023-04,492731,3819983,53423,4366137
ml.wikipedia.org,2023-05,565772,4132504,51153,4749429
ml.wikipedia.org,2023-06,929880,5707945,56445,6694270
ml.wikipedia.org,2023-07,905830,6118972,67713,7092515
ml.wikipedia.org,2023-08,776195,5290857,57578,6124630
ml.wikipedia.org,2023-09,697262,5801206,60110,6558578
ml.wikipedia.org,2023-10,755621,6693069,65164,7513854
ml.wikipedia.org,2023-11,714614,5718509,56841,6489964
ml.wikipedia.org,2023-12,692969,4998541,52428,5743938
ml.wikipedia.org,2024-01,1251090,6283330,59040,7593460
ml.wikipedia.org,2024-02,623752,5669311,54208,6347271
ml.wikipedia.org,2024-03,688336,5806196,58322,6552854
ml.wikipedia.org,2024-04,626747,5146448,47444,5820639
ml.wikipedia.org,2024-05,676416,4670574,47498,5394488
ml.wikipedia.org,2024-06,621049,6141491,54832,6817372
ml.wikipedia.org,2024-07,540539,6172880,61942,6775361
ml.wikipedia.org,2024-08,659352,5725650,57593,6442595
ml.wikipedia.org,2024-09,423283,4421921,47588,4892792
ml.wikipedia.org,2024-10,489527,5277442,53514,5820483
ml.wikipedia.org,2024-11,521081,4734301,50650,5306032
ml.wikipedia.org,2024-12,776230,4120280,45648,4942158
ml.wikipedia.org,2025-01,1561392,4938617,45116,6545125
ml.wikipedia.org,2025-02,1598112,4371509,39099,6008720
ml.wikipedia.org,2025-03,1206719,4357068,44081,5607868
ml.wikipedia.org,2025-04,847779,3324413,37698,4209890
ml.wikipedia.org,2025-05,896126,4284804,35159,5216089
ml.wikipedia.org,2025-06,813017,4281138,40902,5135057
ml.wikipedia.org,2025-07,1436980,4727116,38551,6202647
ml.wikipedia.org,2025-08,950791,3776291,35988,4763070
ml.wikipedia.org,2025-09,617473,3508318,30631,4156422
ml.wikipedia.org,2025-10,966524,3639987,32121,4638632
ml.wikipedia.org,2025-11,1845366,3184750,29321,5059437
ml.wikipedia.org,2025-12,690499,2312660,25433,3028592
ml.wikipedia.org,2026-01,1182178,2566671,24500,3773349
ml.wikipedia.org,2026-02,879610,2059867,20416,2959893
ml.wikipedia.org,2026-03,654644,2042759,21257,2718660
ml.wikipedia.org,2026-04,855324,1796839,19279,2671442
ml.wikipedia.org,2026-05,967442,1903124,21536,2892102
ml.wikipedia.org,2026-06,744851,2071582,21761,2838194
ml.wikipedia.org,2026-07,744855,2086170,19702,2850727
ml.wiktionary.org,2015-07,55917,1028,,56945
ml.wiktionary.org,2015-08,33663,1316,,34979
ml.wiktionary.org,2015-09,43129,2320,,45449
ml.wiktionary.org,2015-10,44462,9745,,54207
ml.wiktionary.org,2015-11,30624,15822,,46446
ml.wiktionary.org,2015-12,47256,19294,,66550
ml.wiktionary.org,2016-01,33944,21266,,55210
ml.wiktionary.org,2016-02,39536,19046,,58582
ml.wiktionary.org,2016-03,53498,27580,,81078
ml.wiktionary.org,2016-04,155412,22934,,178346
ml.wiktionary.org,2016-05,576730,30348,,607078
ml.wiktionary.org,2016-06,40987,18529,,59516
ml.wiktionary.org,2016-07,32898,24165,,57063
ml.wiktionary.org,2016-08,58975,28040,,87015
ml.wiktionary.org,2016-09,36746,25504,3,62253
ml.wiktionary.org,2016-10,92518,30506,,123024
ml.wiktionary.org,2016-11,39582,28728,1,68311
ml.wiktionary.org,2016-12,47192,23240,,70432
ml.wiktionary.org,2017-01,36953,29203,,66156
ml.wiktionary.org,2017-02,28886,33533,,62419
ml.wiktionary.org,2017-03,75505,39934,,115439
ml.wiktionary.org,2017-04,30388,33021,,63409
ml.wiktionary.org,2017-05,38681,34314,,72995
ml.wiktionary.org,2017-06,29153,44980,,74133
ml.wiktionary.org,2017-07,37185,51999,,89184
ml.wiktionary.org,2017-08,36237,51990,,88227
ml.wiktionary.org,2017-09,38307,53592,,91899
ml.wiktionary.org,2017-10,38659,60765,,99424
ml.wiktionary.org,2017-11,43661,54951,,98612
ml.wiktionary.org,2017-12,34978,48915,,83893
ml.wiktionary.org,2018-01,40003,57163,,97166
ml.wiktionary.org,2018-02,42259,54417,,96676
ml.wiktionary.org,2018-03,30443,63021,,93464
ml.wiktionary.org,2018-04,60096,48696,,108792
ml.wiktionary.org,2018-05,182889,49598,,232487
ml.wiktionary.org,2018-06,241336,64762,,306098
ml.wiktionary.org,2018-07,54408,80200,,134608
ml.wiktionary.org,2018-08,50702,74274,,124976
ml.wiktionary.org,2018-09,62346,81196,,143542
ml.wiktionary.org,2018-10,43806,91698,,135504
ml.wiktionary.org,2018-11,38562,90737,,129299
ml.wiktionary.org,2018-12,26374,113607,,139981
ml.wiktionary.org,2019-01,54805,102216,,157021
ml.wiktionary.org,2019-02,41867,105962,,147829
ml.wiktionary.org,2019-03,49537,99642,,149179
ml.wiktionary.org,2019-04,43633,69970,,113603
ml.wiktionary.org,2019-05,33403,64452,,97855
ml.wiktionary.org,2019-06,28304,79397,,107701
ml.wiktionary.org,2019-07,87837,92256,,180093
ml.wiktionary.org,2019-08,112438,88978,,201416
ml.wiktionary.org,2019-09,62377,90100,,152477
ml.wiktionary.org,2019-10,32331,113347,,145678
ml.wiktionary.org,2019-11,54649,113123,,167772
ml.wiktionary.org,2019-12,26017,100338,,126355
ml.wiktionary.org,2020-01,19613,117486,7,137106
ml.wiktionary.org,2020-02,32876,121570,,154446
ml.wiktionary.org,2020-03,22715,123670,1,146386
ml.wiktionary.org,2020-04,27187,182309,2,209498
ml.wiktionary.org,2020-05,57201,126028,56,183285
ml.wiktionary.org,2020-06,28173,130959,26,159158
ml.wiktionary.org,2020-07,41505,151396,95,192996
ml.wiktionary.org,2020-08,34662,150886,1,185549
ml.wiktionary.org,2020-09,43366,140395,,183761
ml.wiktionary.org,2020-10,49883,153562,,203445
ml.wiktionary.org,2020-11,24263,138247,,162510
ml.wiktionary.org,2020-12,20883,112303,,133186
ml.wiktionary.org,2021-01,23134,101665,,124799
ml.wiktionary.org,2021-02,25608,96816,,122424
ml.wiktionary.org,2021-03,26354,122861,,149215
ml.wiktionary.org,2021-04,33974,87135,,121109
ml.wiktionary.org,2021-05,21182,110785,,131967
ml.wiktionary.org,2021-06,22884,139992,,162876
ml.wiktionary.org,2021-07,37354,179569,,216923
ml.wiktionary.org,2021-08,63636,182675,,246311
ml.wiktionary.org,2021-09,25565,178508,,204073
ml.wiktionary.org,2021-10,32634,144218,,176852
ml.wiktionary.org,2021-11,29035,136483,,165518
ml.wiktionary.org,2021-12,23115,122551,,145666
ml.wiktionary.org,2022-01,27035,118211,,145246
ml.wiktionary.org,2022-02,52845,116507,,169352
ml.wiktionary.org,2022-03,138810,134378,,273188
ml.wiktionary.org,2022-04,49384,90447,,139831
ml.wiktionary.org,2022-05,48718,110717,,159435
ml.wiktionary.org,2022-06,45247,154731,,199978
ml.wiktionary.org,2022-07,38259,173635,,211894
ml.wiktionary.org,2022-08,54902,198156,,253058
ml.wiktionary.org,2022-09,33464,169491,,202955
ml.wiktionary.org,2022-10,44629,189391,,234020
ml.wiktionary.org,2022-11,49472,216063,,265535
ml.wiktionary.org,2022-12,52546,170632,,223178
ml.wiktionary.org,2023-01,24971,175311,,200282
ml.wiktionary.org,2023-02,49404,229537,,278941
ml.wiktionary.org,2023-03,56669,261318,,317987
ml.wiktionary.org,2023-04,31770,160622,,192392
ml.wiktionary.org,2023-05,47822,219975,,267797
ml.wiktionary.org,2023-06,73372,291824,,365196
ml.wiktionary.org,2023-07,57813,306162,,363975
ml.wiktionary.org,2023-08,74637,271106,,345743
ml.wiktionary.org,2023-09,46947,237479,,284426
ml.wiktionary.org,2023-10,54441,283550,,337991
ml.wiktionary.org,2023-11,39081,271156,,310237
ml.wiktionary.org,2023-12,53641,258429,,312070
ml.wiktionary.org,2024-01,160760,318574,,479334
ml.wiktionary.org,2024-02,29602,334534,,364136
ml.wiktionary.org,2024-03,36540,300401,,336941
ml.wiktionary.org,2024-04,62377,261896,,324273
ml.wiktionary.org,2024-05,54607,200561,,255168
ml.wiktionary.org,2024-06,82345,228369,,310714
ml.wiktionary.org,2024-07,32958,241841,,274799
ml.wiktionary.org,2024-08,69844,223617,,293461
ml.wiktionary.org,2024-09,32037,211952,,243989
ml.wiktionary.org,2024-10,26968,311638,,338606
ml.wiktionary.org,2024-11,109903,219292,,329195
ml.wiktionary.org,2024-12,228812,305581,,534393
ml.wiktionary.org,2025-01,160084,264057,,424141
ml.wiktionary.org,2025-02,172268,228636,,400904
ml.wiktionary.org,2025-03,264392,262020,,526412
ml.wiktionary.org,2025-04,59081,104418,,163499
ml.wiktionary.org,2025-05,86771,237748,,324519
ml.wiktionary.org,2025-06,72326,240409,,312735
ml.wiktionary.org,2025-07,55515,299365,,354880
ml.wiktionary.org,2025-08,213072,187283,,400355
ml.wiktionary.org,2025-09,175023,194598,,369621
ml.wiktionary.org,2025-10,359043,95387,,454430
ml.wiktionary.org,2025-11,253699,107191,,360890
ml.wiktionary.org,2025-12,182488,51504,,233992
ml.wiktionary.org,2026-01,123264,44164,,167428
ml.wiktionary.org,2026-02,97205,37272,,134477
ml.wiktionary.org,2026-03,70712,46189,,116901
ml.wiktionary.org,2026-04,102363,32149,,134512
ml.wiktionary.org,2026-05,159851,32252,,192103
ml.wiktionary.org,2026-06,249818,86631,,336449
ml.wiktionary.org,2026-07,123605,45753,,169358
ml.wikisource.org,2015-07,79863,1077,,80940
ml.wikisource.org,2015-08,58758,1432,,60190
ml.wikisource.org,2015-09,63191,1138,,64329
ml.wikisource.org,2015-10,58656,15220,,73876
ml.wikisource.org,2015-11,49995,25083,,75078
ml.wikisource.org,2015-12,44541,26583,,71124
ml.wikisource.org,2016-01,55876,29610,,85486
ml.wikisource.org,2016-02,42681,28422,,71103
ml.wikisource.org,2016-03,44034,26963,,70997
ml.wikisource.org,2016-04,48978,24368,14,73360
ml.wikisource.org,2016-05,52872,27332,,80204
ml.wikisource.org,2016-06,57178,49530,,106708
ml.wikisource.org,2016-07,51682,49021,,100703
ml.wikisource.org,2016-08,46740,53477,,100217
ml.wikisource.org,2016-09,38535,42957,5,81497
ml.wikisource.org,2016-10,41214,48167,2,89383
ml.wikisource.org,2016-11,37642,50326,2,87970
ml.wikisource.org,2016-12,38876,48874,,87750
ml.wikisource.org,2017-01,448696,59812,21,508529
ml.wikisource.org,2017-02,33357,58131,2,91490
ml.wikisource.org,2017-03,37108,61833,3,98944
ml.wikisource.org,2017-04,31238,48382,,79620
ml.wikisource.org,2017-05,29596,53455,,83051
ml.wikisource.org,2017-06,30054,84506,,114560
ml.wikisource.org,2017-07,34942,102812,,137754
ml.wikisource.org,2017-08,40081,103531,4,143616
ml.wikisource.org,2017-09,36468,102820,,139288
ml.wikisource.org,2017-10,36558,109088,,145646
ml.wikisource.org,2017-11,36395,95773,,132168
ml.wikisource.org,2017-12,28631,74302,,102933
ml.wikisource.org,2018-01,43195,94169,,137364
ml.wikisource.org,2018-02,50273,86740,,137013
ml.wikisource.org,2018-03,32593,86975,,119568
ml.wikisource.org,2018-04,31080,68094,,99174
ml.wikisource.org,2018-05,30838,73955,,104793
ml.wikisource.org,2018-06,34685,121696,,156381
ml.wikisource.org,2018-07,37730,145914,,183644
ml.wikisource.org,2018-08,29808,106012,,135820
ml.wikisource.org,2018-09,30665,106366,,137031
ml.wikisource.org,2018-10,41764,159086,1,200851
ml.wikisource.org,2018-11,39329,126689,,166018
ml.wikisource.org,2018-12,41879,100795,,142674
ml.wikisource.org,2019-01,38648,116100,1,154749
ml.wikisource.org,2019-02,30967,105430,4,136401
ml.wikisource.org,2019-03,35392,108874,,144266
ml.wikisource.org,2019-04,38640,78898,1,117539
ml.wikisource.org,2019-05,35209,106392,,141601
ml.wikisource.org,2019-06,31600,151237,,182837
ml.wikisource.org,2019-07,49239,191192,,240431
ml.wikisource.org,2019-08,99241,179696,,278937
ml.wikisource.org,2019-09,38614,170152,3,208769
ml.wikisource.org,2019-10,37797,216826,,254623
ml.wikisource.org,2019-11,63411,242283,4,305698
ml.wikisource.org,2019-12,30195,183625,3,213823
ml.wikisource.org,2020-01,27388,207404,,234792
ml.wikisource.org,2020-02,27744,180101,,207845
ml.wikisource.org,2020-03,30936,188640,11,219587
ml.wikisource.org,2020-04,42495,341299,,383794
ml.wikisource.org,2020-05,42979,360870,,403849
ml.wikisource.org,2020-06,33263,230688,12,263963
ml.wikisource.org,2020-07,43814,234214,,278028
ml.wikisource.org,2020-08,47934,235089,,283023
ml.wikisource.org,2020-09,52798,199880,,252678
ml.wikisource.org,2020-10,49185,360397,,409582
ml.wikisource.org,2020-11,37901,259761,,297662
ml.wikisource.org,2020-12,33407,158229,,191636
ml.wikisource.org,2021-01,41925,159253,,201178
ml.wikisource.org,2021-02,37713,141610,,179323
ml.wikisource.org,2021-03,38340,154493,,192833
ml.wikisource.org,2021-04,36350,152913,,189263
ml.wikisource.org,2021-05,33194,184511,,217705
ml.wikisource.org,2021-06,38367,234502,,272869
ml.wikisource.org,2021-07,47620,208389,,256009
ml.wikisource.org,2021-08,59147,198899,,258046
ml.wikisource.org,2021-09,35036,175630,,210666
ml.wikisource.org,2021-10,33134,157858,,190992
ml.wikisource.org,2021-11,36422,138340,,174762
ml.wikisource.org,2021-12,29697,122485,,152182
ml.wikisource.org,2022-01,29291,116560,,145851
ml.wikisource.org,2022-02,23043,108043,,131086
ml.wikisource.org,2022-03,41620,114797,,156417
ml.wikisource.org,2022-04,26120,114355,,140475
ml.wikisource.org,2022-05,39862,121808,,161670
ml.wikisource.org,2022-06,35788,173117,,208905
ml.wikisource.org,2022-07,38028,215342,,253370
ml.wikisource.org,2022-08,60538,231272,,291810
ml.wikisource.org,2022-09,37255,187192,,224447
ml.wikisource.org,2022-10,43016,199140,,242156
ml.wikisource.org,2022-11,57315,194571,,251886
ml.wikisource.org,2022-12,70473,180667,,251140
ml.wikisource.org,2023-01,30361,171046,,201407
ml.wikisource.org,2023-02,50924,188687,,239611
ml.wikisource.org,2023-03,75911,210743,,286654
ml.wikisource.org,2023-04,32663,165592,,198255
ml.wikisource.org,2023-05,38188,175153,,213341
ml.wikisource.org,2023-06,48632,244573,,293205
ml.wikisource.org,2023-07,58162,267363,,325525
ml.wikisource.org,2023-08,45546,211346,,256892
ml.wikisource.org,2023-09,40269,214925,,255194
ml.wikisource.org,2023-10,44998,219073,,264071
ml.wikisource.org,2023-11,36701,261880,,298581
ml.wikisource.org,2023-12,42461,171639,,214100
ml.wikisource.org,2024-01,43156,189629,,232785
ml.wikisource.org,2024-02,28769,184067,,212836
ml.wikisource.org,2024-03,39309,183833,,223142
ml.wikisource.org,2024-04,42208,169177,,211385
ml.wikisource.org,2024-05,36018,195105,,231123
ml.wikisource.org,2024-06,104333,289267,,393600
ml.wikisource.org,2024-07,62340,266704,,329044
ml.wikisource.org,2024-08,104706,253288,,357994
ml.wikisource.org,2024-09,101334,241037,,342371
ml.wikisource.org,2024-10,105932,245451,,351383
ml.wikisource.org,2024-11,47620,168922,,216542
ml.wikisource.org,2024-12,80706,159322,,240028
ml.wikisource.org,2025-01,83788,154738,,238526
ml.wikisource.org,2025-02,102516,240586,,343102
ml.wikisource.org,2025-03,134163,282587,,416750
ml.wikisource.org,2025-04,113013,145960,,258973
ml.wikisource.org,2025-05,168807,275524,,444331
ml.wikisource.org,2025-06,56646,170268,,226914
ml.wikisource.org,2025-07,85229,245200,,330429
ml.wikisource.org,2025-08,68295,215925,,284220
ml.wikisource.org,2025-09,103854,183076,,286930
ml.wikisource.org,2025-10,180880,203300,,384180
ml.wikisource.org,2025-11,197405,162099,,359504
ml.wikisource.org,2025-12,102262,137252,,239514
ml.wikisource.org,2026-01,142628,133787,,276415
ml.wikisource.org,2026-02,85233,120636,,205869
ml.wikisource.org,2026-03,86787,127211,,213998
ml.wikisource.org,2026-04,108059,118730,,226789
ml.wikisource.org,2026-05,115206,130741,,245947
ml.wikisource.org,2026-06,213313,154170,,367483
ml.wikisource.org,2026-07,140105,184739,,324844
ml.wikiquote.org,2015-07,31583,2157,,33740
ml.wikiquote.org,2015-08,32301,1064,,33365
ml.wikiquote.org,2015-09,26643,1187,,27830
ml.wikiquote.org,2015-10,18738,6271,,25009
ml.wikiquote.org,2015-11,12052,11199,,23251
ml.wikiquote.org,2015-12,12148,10778,,22926
ml.wikiquote.org,2016-01,19101,12892,,31993
ml.wikiquote.org,2016-02,14972,10680,,25652
ml.wikiquote.org,2016-03,12598,10245,,22843
ml.wikiquote.org,2016-04,16285,12764,,29049
ml.wikiquote.org,2016-05,61376,9366,,70742
ml.wikiquote.org,2016-06,14146,13222,,27368
ml.wikiquote.org,2016-07,13433,16638,,30071
ml.wikiquote.org,2016-08,15858,23257,,39115
ml.wikiquote.org,2016-09,17316,23132,1,40449
ml.wikiquote.org,2016-10,13399,19577,,32976
ml.wikiquote.org,2016-11,198036,21886,11,219933
ml.wikiquote.org,2016-12,11185,21222,,32407
ml.wikiquote.org,2017-01,11462,26959,,38421
ml.wikiquote.org,2017-02,11883,25204,,37087
ml.wikiquote.org,2017-03,12997,24972,,37969
ml.wikiquote.org,2017-04,14903,19960,,34863
ml.wikiquote.org,2017-05,10415,20915,,31330
ml.wikiquote.org,2017-06,9579,31130,,40709
ml.wikiquote.org,2017-07,12563,45364,,57927
ml.wikiquote.org,2017-08,16298,54498,,70796
ml.wikiquote.org,2017-09,15336,54887,,70223
ml.wikiquote.org,2017-10,13443,51207,7,64657
ml.wikiquote.org,2017-11,13845,50332,,64177
ml.wikiquote.org,2017-12,11010,35736,,46746
ml.wikiquote.org,2018-01,11214,50108,,61322
ml.wikiquote.org,2018-02,10939,46494,,57433
ml.wikiquote.org,2018-03,11966,40354,,52320
ml.wikiquote.org,2018-04,9211,28913,,38124
ml.wikiquote.org,2018-05,9805,31221,,41026
ml.wikiquote.org,2018-06,9563,44793,,54356
ml.wikiquote.org,2018-07,13675,76852,,90527
ml.wikiquote.org,2018-08,14329,69848,,84177
ml.wikiquote.org,2018-09,30044,85675,,115719
ml.wikiquote.org,2018-10,12104,83809,,95913
ml.wikiquote.org,2018-11,13017,75036,,88053
ml.wikiquote.org,2018-12,12371,54319,,66690
ml.wikiquote.org,2019-01,18619,71225,,89844
ml.wikiquote.org,2019-02,15709,68380,,84089
ml.wikiquote.org,2019-03,17512,52939,,70451
ml.wikiquote.org,2019-04,20872,33313,,54185
ml.wikiquote.org,2019-05,19131,33027,,52158
ml.wikiquote.org,2019-06,15802,55661,,71463
ml.wikiquote.org,2019-07,27932,97498,,125430
ml.wikiquote.org,2019-08,40423,99302,,139725
ml.wikiquote.org,2019-09,23722,111004,1,134727
ml.wikiquote.org,2019-10,22287,89924,,112211
ml.wikiquote.org,2019-11,11785,92790,,104575
ml.wikiquote.org,2019-12,10959,59853,,70812
ml.wikiquote.org,2020-01,11704,79576,,91280
ml.wikiquote.org,2020-02,10787,76444,,87231
ml.wikiquote.org,2020-03,10323,69414,,79737
ml.wikiquote.org,2020-04,13781,153552,,167333
ml.wikiquote.org,2020-05,12189,90821,,103010
ml.wikiquote.org,2020-06,9526,71707,,81233
ml.wikiquote.org,2020-07,27183,107977,,135160
ml.wikiquote.org,2020-08,35232,167460,,202692
ml.wikiquote.org,2020-09,30196,123036,,153232
ml.wikiquote.org,2020-10,24442,121268,,145710
ml.wikiquote.org,2020-11,11245,88530,,99775
ml.wikiquote.org,2020-12,10471,72323,,82794
ml.wikiquote.org,2021-01,14099,74192,,88291
ml.wikiquote.org,2021-02,14487,70822,,85309
ml.wikiquote.org,2021-03,16127,83004,,99131
ml.wikiquote.org,2021-04,11862,67216,,79078
ml.wikiquote.org,2021-05,13327,114339,,127666
ml.wikiquote.org,2021-06,15308,107574,,122882
ml.wikiquote.org,2021-07,20157,82560,,102717
ml.wikiquote.org,2021-08,25278,101209,,126487
ml.wikiquote.org,2021-09,13517,85070,,98587
ml.wikiquote.org,2021-10,12854,60360,,73214
ml.wikiquote.org,2021-11,11869,52613,,64482
ml.wikiquote.org,2021-12,8347,43561,,51908
ml.wikiquote.org,2022-01,8976,53306,,62282
ml.wikiquote.org,2022-02,9140,61446,,70586
ml.wikiquote.org,2022-03,11965,46028,,57993
ml.wikiquote.org,2022-04,11129,30694,,41823
ml.wikiquote.org,2022-05,16124,33683,,49807
ml.wikiquote.org,2022-06,13622,42425,,56047
ml.wikiquote.org,2022-07,15390,51445,,66835
ml.wikiquote.org,2022-08,13258,63611,,76869
ml.wikiquote.org,2022-09,9284,69319,,78603
ml.wikiquote.org,2022-10,13975,62964,,76939
ml.wikiquote.org,2022-11,10838,66448,,77286
ml.wikiquote.org,2022-12,14054,56717,,70771
ml.wikiquote.org,2023-01,9052,50539,,59591
ml.wikiquote.org,2023-02,11792,48279,,60071
ml.wikiquote.org,2023-03,13817,43225,,57042
ml.wikiquote.org,2023-04,11238,28184,,39422
ml.wikiquote.org,2023-05,13729,37885,,51614
ml.wikiquote.org,2023-06,16172,49872,,66044
ml.wikiquote.org,2023-07,13631,55135,,68766
ml.wikiquote.org,2023-08,15832,73316,,89148
ml.wikiquote.org,2023-09,15229,57443,,72672
ml.wikiquote.org,2023-10,11946,55955,,67901
ml.wikiquote.org,2023-11,10748,55216,,65964
ml.wikiquote.org,2023-12,16083,43956,,60039
ml.wikiquote.org,2024-01,12680,45787,,58467
ml.wikiquote.org,2024-02,9990,44440,,54430
ml.wikiquote.org,2024-03,10537,34084,,44621
ml.wikiquote.org,2024-04,14744,33342,,48086
ml.wikiquote.org,2024-05,11635,40425,,52060
ml.wikiquote.org,2024-06,24582,54774,,79356
ml.wikiquote.org,2024-07,9489,48910,,58399
ml.wikiquote.org,2024-08,12807,48217,,61024
ml.wikiquote.org,2024-09,22893,98115,,121008
ml.wikiquote.org,2024-10,11099,88225,,99324
ml.wikiquote.org,2024-11,11046,48488,,59534
ml.wikiquote.org,2024-12,31802,38895,,70697
ml.wikiquote.org,2025-01,36338,44755,,81093
ml.wikiquote.org,2025-02,51443,48514,,99957
ml.wikiquote.org,2025-03,19921,49187,,69108
ml.wikiquote.org,2025-04,9285,42106,,51391
ml.wikiquote.org,2025-05,43520,55008,,98528
ml.wikiquote.org,2025-06,88145,123835,,211980
ml.wikiquote.org,2025-07,10787,416145,,426932
ml.wikiquote.org,2025-08,21005,56681,,77686
ml.wikiquote.org,2025-09,26028,83281,,109309
ml.wikiquote.org,2025-10,33472,58001,,91473
ml.wikiquote.org,2025-11,26995,30420,,57415
ml.wikiquote.org,2025-12,25989,22418,,48407
ml.wikiquote.org,2026-01,13953,21416,,35369
ml.wikiquote.org,2026-02,12926,19193,,32119
ml.wikiquote.org,2026-03,17434,20124,,37558
ml.wikiquote.org,2026-04,30863,23687,,54550
ml.wikiquote.org,2026-05,44451,30090,,74541
ml.wikiquote.org,2026-06,32589,26983,,59572
ml.wikiquote.org,2026-07,63388,32635,,96023
ml.wikibooks.org,2015-07,10284,366,,10650
ml.wikibooks.org,2015-08,11374,543,,11917
ml.wikibooks.org,2015-09,15387,519,,15906
ml.wikibooks.org,2015-10,11579,2343,,13922
ml.wikibooks.org,2015-11,8151,4013,,12164
ml.wikibooks.org,2015-12,5006,3699,,8705
ml.wikibooks.org,2016-01,7216,4698,,11914
ml.wikibooks.org,2016-02,6031,4396,,10427
ml.wikibooks.org,2016-03,5381,3727,,9108
ml.wikibooks.org,2016-04,11879,7729,,19608
ml.wikibooks.org,2016-05,11892,3308,,15200
ml.wikibooks.org,2016-06,18579,5350,,23929
ml.wikibooks.org,2016-07,5116,5761,,10877
ml.wikibooks.org,2016-08,8426,5740,,14166
ml.wikibooks.org,2016-09,4582,4485,1,9068
ml.wikibooks.org,2016-10,7661,5041,,12702
ml.wikibooks.org,2016-11,4099,3810,4,7913
ml.wikibooks.org,2016-12,5439,4019,5,9463
ml.wikibooks.org,2017-01,4302,3695,15,8012
ml.wikibooks.org,2017-02,3738,3049,2,6789
ml.wikibooks.org,2017-03,4243,3855,,8098
ml.wikibooks.org,2017-04,5270,3589,,8859
ml.wikibooks.org,2017-05,3679,4034,,7713
ml.wikibooks.org,2017-06,3769,5316,,9085
ml.wikibooks.org,2017-07,4328,5805,,10133
ml.wikibooks.org,2017-08,6838,5836,9,12683
ml.wikibooks.org,2017-09,6165,6868,1,13034
ml.wikibooks.org,2017-10,4107,5967,,10074
ml.wikibooks.org,2017-11,7409,4885,,12294
ml.wikibooks.org,2017-12,5198,4215,,9413
ml.wikibooks.org,2018-01,3944,4331,,8275
ml.wikibooks.org,2018-02,4789,3864,,8653
ml.wikibooks.org,2018-03,5051,3762,,8813
ml.wikibooks.org,2018-04,4601,3689,3,8293
ml.wikibooks.org,2018-05,5207,3470,,8677
ml.wikibooks.org,2018-06,5140,5239,,10379
ml.wikibooks.org,2018-07,9561,5822,,15383
ml.wikibooks.org,2018-08,6996,5515,,12511
ml.wikibooks.org,2018-09,6518,5412,,11930
ml.wikibooks.org,2018-10,5400,6167,,11567
ml.wikibooks.org,2018-11,6545,5334,,11879
ml.wikibooks.org,2018-12,6624,4504,,11128
ml.wikibooks.org,2019-01,10846,5226,,16072
ml.wikibooks.org,2019-02,8599,4757,,13356
ml.wikibooks.org,2019-03,10113,4607,,14720
ml.wikibooks.org,2019-04,13785,3181,,16966
ml.wikibooks.org,2019-05,12323,3442,,15765
ml.wikibooks.org,2019-06,8754,4329,,13083
ml.wikibooks.org,2019-07,17384,5404,,22788
ml.wikibooks.org,2019-08,26736,5700,,32436
ml.wikibooks.org,2019-09,13824,6179,4,20007
ml.wikibooks.org,2019-10,14018,7235,,21253
ml.wikibooks.org,2019-11,4837,6780,,11617
ml.wikibooks.org,2019-12,3884,5249,,9133
ml.wikibooks.org,2020-01,4037,6580,,10617
ml.wikibooks.org,2020-02,4012,6184,,10196
ml.wikibooks.org,2020-03,6537,6479,,13016
ml.wikibooks.org,2020-04,7514,9019,,16533
ml.wikibooks.org,2020-05,6207,4732,1,10940
ml.wikibooks.org,2020-06,5739,3681,,9420
ml.wikibooks.org,2020-07,13960,3692,6,17658
ml.wikibooks.org,2020-08,28762,6808,,35570
ml.wikibooks.org,2020-09,33246,6226,,39472
ml.wikibooks.org,2020-10,20824,3676,,24500
ml.wikibooks.org,2020-11,6334,3172,,9506
ml.wikibooks.org,2020-12,5785,3492,,9277
ml.wikibooks.org,2021-01,7702,3769,,11471
ml.wikibooks.org,2021-02,10584,3825,,14409
ml.wikibooks.org,2021-03,10476,4127,,14603
ml.wikibooks.org,2021-04,8630,3077,,11707
ml.wikibooks.org,2021-05,7314,3732,,11046
ml.wikibooks.org,2021-06,9686,5103,,14789
ml.wikibooks.org,2021-07,10931,5175,,16106
ml.wikibooks.org,2021-08,17658,4734,,22392
ml.wikibooks.org,2021-09,6790,4046,,10836
ml.wikibooks.org,2021-10,8039,4533,,12572
ml.wikibooks.org,2021-11,6171,6353,,12524
ml.wikibooks.org,2021-12,5286,4190,,9476
ml.wikibooks.org,2022-01,3985,3661,,7646
ml.wikibooks.org,2022-02,11904,3914,,15818
ml.wikibooks.org,2022-03,30818,4411,,35229
ml.wikibooks.org,2022-04,8940,2466,,11406
ml.wikibooks.org,2022-05,11312,4289,,15601
ml.wikibooks.org,2022-06,7676,5285,,12961
ml.wikibooks.org,2022-07,8391,6776,,15167
ml.wikibooks.org,2022-08,9503,7143,,16646
ml.wikibooks.org,2022-09,6805,3976,,10781
ml.wikibooks.org,2022-10,11317,7687,,19004
ml.wikibooks.org,2022-11,9797,6115,,15912
ml.wikibooks.org,2022-12,11725,6741,,18466
ml.wikibooks.org,2023-01,5920,5518,,11438
ml.wikibooks.org,2023-02,11140,6758,,17898
ml.wikibooks.org,2023-03,13214,8008,,21222
ml.wikibooks.org,2023-04,8778,4407,,13185
ml.wikibooks.org,2023-05,9612,5607,,15219
ml.wikibooks.org,2023-06,16176,16330,,32506
ml.wikibooks.org,2023-07,10610,9080,,19690
ml.wikibooks.org,2023-08,13551,8002,,21553
ml.wikibooks.org,2023-09,10479,5468,,15947
ml.wikibooks.org,2023-10,11519,7036,,18555
ml.wikibooks.org,2023-11,9203,5585,,14788
ml.wikibooks.org,2023-12,28256,5231,,33487
ml.wikibooks.org,2024-01,11856,5872,,17728
ml.wikibooks.org,2024-02,7010,5069,,12079
ml.wikibooks.org,2024-03,7999,5455,,13454
ml.wikibooks.org,2024-04,11578,5863,,17441
ml.wikibooks.org,2024-05,10193,5087,,15280
ml.wikibooks.org,2024-06,24192,23173,,47365
ml.wikibooks.org,2024-07,5035,8003,,13038
ml.wikibooks.org,2024-08,10410,6754,,17164
ml.wikibooks.org,2024-09,18206,20961,,39167
ml.wikibooks.org,2024-10,10428,24937,,35365
ml.wikibooks.org,2024-11,15195,12622,,27817
ml.wikibooks.org,2024-12,46169,15530,,61699
ml.wikibooks.org,2025-01,27706,5952,,33658
ml.wikibooks.org,2025-02,32234,20057,,52291
ml.wikibooks.org,2025-03,40585,28482,,69067
ml.wikibooks.org,2025-04,16147,7370,,23517
ml.wikibooks.org,2025-05,67039,43636,,110675
ml.wikibooks.org,2025-06,22875,131460,,154335
ml.wikibooks.org,2025-07,8719,165037,,173756
ml.wikibooks.org,2025-08,17960,42284,,60244
ml.wikibooks.org,2025-09,20874,32560,,53434
ml.wikibooks.org,2025-10,51493,26901,,78394
ml.wikibooks.org,2025-11,27871,7855,,35726
ml.wikibooks.org,2025-12,14418,4684,,19102
ml.wikibooks.org,2026-01,17951,4891,,22842
ml.wikibooks.org,2026-02,10127,4152,,14279
ml.wikibooks.org,2026-03,29861,5701,,35562
ml.wikibooks.org,2026-04,39773,1804,,41577
ml.wikibooks.org,2026-05,187657,3059,,190716
ml.wikibooks.org,2026-06,29176,22625,,51801
ml.wikibooks.org,2026-07,40514,26693,,67207
mni.wikipedia.org,2021-02,7323,3530,,10853
mni.wikipedia.org,2021-03,29668,13745,19,43432
mni.wikipedia.org,2021-04,24827,12337,30,37194
mni.wikipedia.org,2021-05,20901,6942,49,27892
mni.wikipedia.org,2021-06,25891,10879,84,36854
mni.wikipedia.org,2021-07,23775,11463,194,35432
mni.wikipedia.org,2021-08,25122,9000,183,34305
mni.wikipedia.org,2021-09,20954,9435,69,30458
mni.wikipedia.org,2021-10,25592,14776,107,40475
mni.wikipedia.org,2021-11,35877,22197,98,58172
mni.wikipedia.org,2021-12,32119,7559,194,39872
mni.wikipedia.org,2022-01,35178,9289,257,44724
mni.wikipedia.org,2022-02,26663,9958,259,36880
mni.wikipedia.org,2022-03,29357,7562,193,37112
mni.wikipedia.org,2022-04,24426,7815,112,32353
mni.wikipedia.org,2022-05,31238,16134,247,47619
mni.wikipedia.org,2022-06,46647,14210,169,61026
mni.wikipedia.org,2022-07,30278,13854,157,44289
mni.wikipedia.org,2022-08,41302,22111,121,63534
mni.wikipedia.org,2022-09,42814,10581,251,53646
mni.wikipedia.org,2022-10,45058,20302,325,65685
mni.wikipedia.org,2022-11,38991,15659,99,54749
mni.wikipedia.org,2022-12,44002,19046,213,63261
mni.wikipedia.org,2023-01,38996,18526,234,57756
mni.wikipedia.org,2023-02,46774,20159,249,67182
mni.wikipedia.org,2023-03,69109,29304,202,98615
mni.wikipedia.org,2023-04,44735,24187,139,69061
mni.wikipedia.org,2023-05,34072,21200,136,55408
mni.wikipedia.org,2023-06,54110,42681,82,96873
mni.wikipedia.org,2023-07,53056,41546,116,94718
mni.wikipedia.org,2023-08,41666,34330,153,76149
mni.wikipedia.org,2023-09,39001,21971,139,61111
mni.wikipedia.org,2023-10,46926,30242,137,77305
mni.wikipedia.org,2023-11,44061,23614,273,67948
mni.wikipedia.org,2023-12,53618,25034,203,78855
mni.wikipedia.org,2024-01,34681,16931,350,51962
mni.wikipedia.org,2024-02,28845,14019,126,42990
mni.wikipedia.org,2024-03,71308,32863,242,104413
mni.wikipedia.org,2024-04,47937,29572,223,77732
mni.wikipedia.org,2024-05,40727,18199,201,59127
mni.wikipedia.org,2024-06,42169,29874,234,72277
mni.wikipedia.org,2024-07,20557,29215,239,50011
mni.wikipedia.org,2024-08,37093,31773,143,69009
mni.wikipedia.org,2024-09,22672,21369,144,44185
mni.wikipedia.org,2024-10,22013,19240,134,41387
mni.wikipedia.org,2024-11,264691,479956,137,744784
mni.wikipedia.org,2024-12,162892,445050,166,608108
mni.wikipedia.org,2025-01,502764,203957,229,706950
mni.wikipedia.org,2025-02,124787,68291,114,193192
mni.wikipedia.org,2025-03,29698,16779,232,46709
mni.wikipedia.org,2025-04,43576,29724,163,73463
mni.wikipedia.org,2025-05,57644,59186,155,116985
mni.wikipedia.org,2025-06,49087,35098,176,84361
mni.wikipedia.org,2025-07,261233,232993,94,494320
mni.wikipedia.org,2025-08,92062,138148,139,230349
mni.wikipedia.org,2025-09,103970,108047,282,212299
mni.wikipedia.org,2025-10,257648,52971,164,310783
mni.wikipedia.org,2025-11,185428,22474,204,208106
mni.wikipedia.org,2025-12,131312,11936,172,143420
mni.wikipedia.org,2026-01,137635,15244,177,153056
mni.wikipedia.org,2026-02,505392,17896,270,523558
mni.wikipedia.org,2026-03,175629,32186,329,208144
mni.wikipedia.org,2026-04,132083,17185,170,149438
mni.wikipedia.org,2026-05,190822,14812,187,205821
mni.wikipedia.org,2026-06,160161,15014,206,175381
mni.wikipedia.org,2026-07,573098,72690,132,645920
mni.wiktionary.org,2021-02,900,294,,1194
mni.wiktionary.org,2021-03,6743,1002,,7745
mni.wiktionary.org,2021-04,4974,766,,5740
mni.wiktionary.org,2021-05,5238,427,,5665
mni.wiktionary.org,2021-06,4733,451,,5184
mni.wiktionary.org,2021-07,7358,989,,8347
mni.wiktionary.org,2021-08,6491,380,,6871
mni.wiktionary.org,2021-09,2506,660,,3166
mni.wiktionary.org,2021-10,3959,1084,,5043
mni.wiktionary.org,2021-11,3550,2728,,6278
mni.wiktionary.org,2021-12,2158,1260,,3418
mni.wiktionary.org,2022-01,4500,565,,5065
mni.wiktionary.org,2022-02,5886,609,,6495
mni.wiktionary.org,2022-03,5926,1561,,7487
mni.wiktionary.org,2022-04,3764,1176,,4940
mni.wiktionary.org,2022-05,3329,1394,,4723
mni.wiktionary.org,2022-06,3032,1917,,4949
mni.wiktionary.org,2022-07,3724,2059,,5783
mni.wiktionary.org,2022-08,2139,1297,,3436
mni.wiktionary.org,2022-09,2101,471,,2572
mni.wiktionary.org,2022-10,3303,914,,4217
mni.wiktionary.org,2022-11,2555,1017,,3572
mni.wiktionary.org,2022-12,4821,1471,,6292
mni.wiktionary.org,2023-01,1780,646,,2426
mni.wiktionary.org,2023-02,2859,1117,,3976
mni.wiktionary.org,2023-03,4667,2110,,6777
mni.wiktionary.org,2023-04,2718,1118,,3836
mni.wiktionary.org,2023-05,3999,1495,,5494
mni.wiktionary.org,2023-06,1485,551,,2036
mni.wiktionary.org,2023-07,2473,3243,,5716
mni.wiktionary.org,2023-08,2124,3546,,5670
mni.wiktionary.org,2023-09,2787,877,,3664
mni.wiktionary.org,2023-10,2557,885,,3442
mni.wiktionary.org,2023-11,2723,776,,3499
mni.wiktionary.org,2023-12,11828,4403,,16231
mni.wiktionary.org,2024-01,3107,2633,,5740
mni.wiktionary.org,2024-02,1853,1444,,3297
mni.wiktionary.org,2024-03,6923,1567,,8490
mni.wiktionary.org,2024-04,10599,1397,,11996
mni.wiktionary.org,2024-05,6048,1081,,7129
mni.wiktionary.org,2024-06,12918,8804,,21722
mni.wiktionary.org,2024-07,2429,2664,,5093
mni.wiktionary.org,2024-08,3804,4756,,8560
mni.wiktionary.org,2024-09,3256,14338,,17594
mni.wiktionary.org,2024-10,4328,4694,,9022
mni.wiktionary.org,2024-11,5429,2222,,7651
mni.wiktionary.org,2024-12,16943,2933,,19876
mni.wiktionary.org,2025-01,6525,916,,7441
mni.wiktionary.org,2025-02,8164,3842,,12006
mni.wiktionary.org,2025-03,6190,1631,,7821
mni.wiktionary.org,2025-04,2402,1411,,3813
mni.wiktionary.org,2025-05,5039,4128,,9167
mni.wiktionary.org,2025-06,15939,7657,,23596
mni.wiktionary.org,2025-07,78585,6655,,85240
mni.wiktionary.org,2025-08,9593,3227,,12820
mni.wiktionary.org,2025-09,61162,35537,,96699
mni.wiktionary.org,2025-10,10505,6566,,17071
mni.wiktionary.org,2025-11,44413,2468,,46881
mni.wiktionary.org,2025-12,59520,633,,60153
mni.wiktionary.org,2026-01,9361,1467,,10828
mni.wiktionary.org,2026-02,5476,732,,6208
mni.wiktionary.org,2026-03,5337,758,,6095
mni.wiktionary.org,2026-04,8336,607,,8943
mni.wiktionary.org,2026-05,10433,651,,11084
mni.wiktionary.org,2026-06,16129,1370,,17499
mni.wiktionary.org,2026-07,5178,902,,6080
mr.wikipedia.org,2015-07,1698416,115524,47931,1861871
mr.wikipedia.org,2015-08,1877867,142496,47449,2067812
mr.wikipedia.org,2015-09,2049870,151401,56707,2257978
mr.wikipedia.org,2015-10,1695959,553402,54200,2303561
mr.wikipedia.org,2015-11,972758,809817,57664,1840239
mr.wikipedia.org,2015-12,1273118,1055704,70068,2398890
mr.wikipedia.org,2016-01,1278154,1128906,69930,2476990
mr.wikipedia.org,2016-02,1163693,1063926,55967,2283586
mr.wikipedia.org,2016-03,1119602,927757,53908,2101267
mr.wikipedia.org,2016-04,1677720,640514,32039,2350273
mr.wikipedia.org,2016-05,1106566,611620,35643,1753829
mr.wikipedia.org,2016-06,1013207,722713,38985,1774905
mr.wikipedia.org,2016-07,914983,1184732,48227,2147942
mr.wikipedia.org,2016-08,1078229,1288437,54625,2421291
mr.wikipedia.org,2016-09,1285881,1563253,52854,2901988
mr.wikipedia.org,2016-10,1121684,1304997,42514,2469195
mr.wikipedia.org,2016-11,1311163,1654929,51805,3017897
mr.wikipedia.org,2016-12,1286071,1878399,63756,3228226
mr.wikipedia.org,2017-01,1253655,2185498,68190,3507343
mr.wikipedia.org,2017-02,1206755,2335064,60685,3602504
mr.wikipedia.org,2017-03,1222774,2593635,69253,3885662
mr.wikipedia.org,2017-04,719764,1326875,46877,2093516
mr.wikipedia.org,2017-05,699862,1027291,36192,1763345
mr.wikipedia.org,2017-06,770053,1374061,40969,2185083
mr.wikipedia.org,2017-07,993555,2769764,62224,3825543
mr.wikipedia.org,2017-08,1048841,3096600,64759,4210200
mr.wikipedia.org,2017-09,1276539,3899403,67721,5243663
mr.wikipedia.org,2017-10,979282,3203302,62970,4245554
mr.wikipedia.org,2017-11,1361686,4557838,73852,5993376
mr.wikipedia.org,2017-12,1305144,4237167,69150,5611461
mr.wikipedia.org,2018-01,1265807,4918281,79333,6263421
mr.wikipedia.org,2018-02,1158245,5331965,63092,6553302
mr.wikipedia.org,2018-03,1131698,5951995,68710,7152403
mr.wikipedia.org,2018-04,680535,3078974,43166,3802675
mr.wikipedia.org,2018-05,692600,2370514,40532,3103646
mr.wikipedia.org,2018-06,1005795,3405519,38862,4450176
mr.wikipedia.org,2018-07,1046461,5998874,63814,7109149
mr.wikipedia.org,2018-08,1054218,6668819,66616,7789653
mr.wikipedia.org,2018-09,1064940,7002600,67502,8135042
mr.wikipedia.org,2018-10,1107539,7827578,62964,8998081
mr.wikipedia.org,2018-11,1468387,6947117,52624,8468128
mr.wikipedia.org,2018-12,1183617,7907798,58489,9149904
mr.wikipedia.org,2019-01,1396732,8312817,60972,9770521
mr.wikipedia.org,2019-02,1207474,8981936,55289,10244699
mr.wikipedia.org,2019-03,1180862,9006098,53447,10240407
mr.wikipedia.org,2019-04,831168,4139686,36471,5007325
mr.wikipedia.org,2019-05,756578,3185798,34952,3977328
mr.wikipedia.org,2019-06,769994,3714471,33407,4517872
mr.wikipedia.org,2019-07,974677,6957222,46302,7978201
mr.wikipedia.org,2019-08,1074447,6821711,57598,7953756
mr.wikipedia.org,2019-09,1126555,10290512,67457,11484524
mr.wikipedia.org,2019-10,1062583,9217367,53560,10333510
mr.wikipedia.org,2019-11,1332063,11837404,55406,13224873
mr.wikipedia.org,2019-12,1221082,10419698,57755,11698535
mr.wikipedia.org,2020-01,1178241,11152949,61131,12392321
mr.wikipedia.org,2020-02,1119030,11888102,53473,13060605
mr.wikipedia.org,2020-03,823682,8811403,51893,9686978
mr.wikipedia.org,2020-04,648921,6736084,53842,7438847
mr.wikipedia.org,2020-05,558689,4643789,38831,5241309
mr.wikipedia.org,2020-06,481912,3400446,11031,3893389
mr.wikipedia.org,2020-07,548167,4534145,42089,5124401
mr.wikipedia.org,2020-08,550905,4706084,40533,5297522
mr.wikipedia.org,2020-09,570128,4707920,116419,5394467
mr.wikipedia.org,2020-10,622626,6744343,89304,7456273
mr.wikipedia.org,2020-11,503900,4946848,56828,5507576
mr.wikipedia.org,2020-12,525481,5301753,53855,5881089
mr.wikipedia.org,2021-01,571352,6397794,58121,7027267
mr.wikipedia.org,2021-02,830440,6801624,58275,7690339
mr.wikipedia.org,2021-03,622994,8086606,60079,8769679
mr.wikipedia.org,2021-04,532258,6819106,54976,7406340
mr.wikipedia.org,2021-05,502045,6158542,58933,6719520
mr.wikipedia.org,2021-06,527900,6400069,50600,6978569
mr.wikipedia.org,2021-07,581987,9293424,60689,9936100
mr.wikipedia.org,2021-08,825994,13277078,67582,14170654
mr.wikipedia.org,2021-09,539921,8408694,54372,9002987
mr.wikipedia.org,2021-10,504073,7068079,49945,7622097
mr.wikipedia.org,2021-11,836732,6175131,40012,7051875
mr.wikipedia.org,2021-12,564088,8534433,49565,9148086
mr.wikipedia.org,2022-01,672734,9142523,56777,9872034
mr.wikipedia.org,2022-02,707306,9568601,51753,10327660
mr.wikipedia.org,2022-03,688011,8062426,52518,8802955
mr.wikipedia.org,2022-04,585150,6413727,42301,7041178
mr.wikipedia.org,2022-05,598292,4767979,38442,5404713
mr.wikipedia.org,2022-06,712390,5739779,39274,6491443
mr.wikipedia.org,2022-07,612017,7449033,49090,8110140
mr.wikipedia.org,2022-08,580464,7195690,42464,7818618
mr.wikipedia.org,2022-09,665692,8367928,41089,9074709
mr.wikipedia.org,2022-10,595715,7514232,40309,8150256
mr.wikipedia.org,2022-11,661332,8460876,42130,9164338
mr.wikipedia.org,2022-12,652257,7658593,43325,8354175
mr.wikipedia.org,2023-01,660502,7989320,42736,8692558
mr.wikipedia.org,2023-02,637649,8739641,39709,9416999
mr.wikipedia.org,2023-03,688330,8758888,42016,9489234
mr.wikipedia.org,2023-04,576344,6637289,34623,7248256
mr.wikipedia.org,2023-05,574613,5800301,31199,6406113
mr.wikipedia.org,2023-06,829224,6603547,29914,7462685
mr.wikipedia.org,2023-07,825382,8036531,38127,8900040
mr.wikipedia.org,2023-08,783895,8603968,36244,9424107
mr.wikipedia.org,2023-09,662276,7462296,31255,8155827
mr.wikipedia.org,2023-10,752167,9507315,31082,10290564
mr.wikipedia.org,2023-11,635318,7679212,28270,8342800
mr.wikipedia.org,2023-12,709099,8336896,30727,9076722
mr.wikipedia.org,2024-01,1547701,8983036,35209,10565946
mr.wikipedia.org,2024-02,822223,9637821,33586,10493630
mr.wikipedia.org,2024-03,890244,9406542,34143,10330929
mr.wikipedia.org,2024-04,648345,7518000,30485,8196830
mr.wikipedia.org,2024-05,680024,5242141,27246,5949411
mr.wikipedia.org,2024-06,603842,4979585,31710,5615137
mr.wikipedia.org,2024-07,578754,5901700,30644,6511098
mr.wikipedia.org,2024-08,735268,6221820,29387,6986475
mr.wikipedia.org,2024-09,544301,6406240,31484,6982025
mr.wikipedia.org,2024-10,576104,6776700,35292,7388096
mr.wikipedia.org,2024-11,727436,6186479,27105,6941020
mr.wikipedia.org,2024-12,805952,6336605,27330,7169887
mr.wikipedia.org,2025-01,1191687,6135876,28352,7355915
mr.wikipedia.org,2025-02,1227971,5999546,25987,7253504
mr.wikipedia.org,2025-03,914041,5762386,23454,6699881
mr.wikipedia.org,2025-04,558163,4228487,18756,4805406
mr.wikipedia.org,2025-05,700384,2794357,15218,3509959
mr.wikipedia.org,2025-06,533668,2904429,15314,3453411
mr.wikipedia.org,2025-07,1625937,3738937,17729,5382603
mr.wikipedia.org,2025-08,867391,3798151,16633,4682175
mr.wikipedia.org,2025-09,642253,4246884,17534,4906671
mr.wikipedia.org,2025-10,949779,3377850,14724,4342353
mr.wikipedia.org,2025-11,1357382,3262726,13745,4633853
mr.wikipedia.org,2025-12,692094,2574037,13189,3279320
mr.wikipedia.org,2026-01,1034655,2879554,14733,3928942
mr.wikipedia.org,2026-02,712943,2279994,12025,3004962
mr.wikipedia.org,2026-03,582967,2162079,12560,2757606
mr.wikipedia.org,2026-04,686347,1864788,11131,2562266
mr.wikipedia.org,2026-05,989961,1490656,9801,2490418
mr.wikipedia.org,2026-06,748154,1695642,10834,2454630
mr.wikipedia.org,2026-07,797714,2097468,10694,2905876
mr.wiktionary.org,2015-07,9740,180,,9920
mr.wiktionary.org,2015-08,18028,506,,18534
mr.wiktionary.org,2015-09,24091,489,,24580
mr.wiktionary.org,2015-10,28320,1764,,30084
mr.wiktionary.org,2015-11,16297,3368,,19665
mr.wiktionary.org,2015-12,15571,3542,,19113
mr.wiktionary.org,2016-01,16142,3467,,19609
mr.wiktionary.org,2016-02,13811,3546,,17357
mr.wiktionary.org,2016-03,18411,3550,,21961
mr.wiktionary.org,2016-04,29368,6813,,36181
mr.wiktionary.org,2016-05,66859,12670,,79529
mr.wiktionary.org,2016-06,5816,3084,,8900
mr.wiktionary.org,2016-07,5839,4323,,10162
mr.wiktionary.org,2016-08,7026,4697,,11723
mr.wiktionary.org,2016-09,6682,4893,,11575
mr.wiktionary.org,2016-10,10503,5235,,15738
mr.wiktionary.org,2016-11,5115,4467,,9582
mr.wiktionary.org,2016-12,5972,5016,,10988
mr.wiktionary.org,2017-01,7764,5385,,13149
mr.wiktionary.org,2017-02,5948,5712,,11660
mr.wiktionary.org,2017-03,9739,7291,,17030
mr.wiktionary.org,2017-04,5672,4443,,10115
mr.wiktionary.org,2017-05,5274,3091,,8365
mr.wiktionary.org,2017-06,4954,4425,,9379
mr.wiktionary.org,2017-07,7389,8348,,15737
mr.wiktionary.org,2017-08,9654,8344,,17998
mr.wiktionary.org,2017-09,11204,10438,,21642
mr.wiktionary.org,2017-10,8771,8713,,17484
mr.wiktionary.org,2017-11,9917,10177,,20094
mr.wiktionary.org,2017-12,8794,9553,,18347
mr.wiktionary.org,2018-01,10601,9652,,20253
mr.wiktionary.org,2018-02,7261,11960,,19221
mr.wiktionary.org,2018-03,8447,16109,,24556
mr.wiktionary.org,2018-04,7936,11058,,18994
mr.wiktionary.org,2018-05,11581,10295,,21876
mr.wiktionary.org,2018-06,12498,15129,,27627
mr.wiktionary.org,2018-07,9628,23867,,33495
mr.wiktionary.org,2018-08,10669,23025,,33694
mr.wiktionary.org,2018-09,9648,20748,,30396
mr.wiktionary.org,2018-10,9649,22881,,32530
mr.wiktionary.org,2018-11,12493,21967,,34460
mr.wiktionary.org,2018-12,13732,24152,,37884
mr.wiktionary.org,2019-01,13811,25292,,39103
mr.wiktionary.org,2019-02,11627,33820,,45447
mr.wiktionary.org,2019-03,12751,32903,,45654
mr.wiktionary.org,2019-04,14711,19828,,34539
mr.wiktionary.org,2019-05,10773,10650,,21423
mr.wiktionary.org,2019-06,9600,19314,,28914
mr.wiktionary.org,2019-07,29219,30492,,59711
mr.wiktionary.org,2019-08,66630,31568,,98198
mr.wiktionary.org,2019-09,24920,29546,,54466
mr.wiktionary.org,2019-10,10293,30652,19,40964
mr.wiktionary.org,2019-11,7326,46492,,53818
mr.wiktionary.org,2019-12,6247,31391,,37638
mr.wiktionary.org,2020-01,5539,34773,,40312
mr.wiktionary.org,2020-02,7358,37897,,45255
mr.wiktionary.org,2020-03,8069,36573,,44642
mr.wiktionary.org,2020-04,8878,36637,,45515
mr.wiktionary.org,2020-05,7278,17223,,24501
mr.wiktionary.org,2020-06,5259,12189,3,17451
mr.wiktionary.org,2020-07,11483,17956,4,29443
mr.wiktionary.org,2020-08,11885,18538,,30423
mr.wiktionary.org,2020-09,21716,21962,,43678
mr.wiktionary.org,2020-10,27048,32680,,59728
mr.wiktionary.org,2020-11,6752,24500,,31252
mr.wiktionary.org,2020-12,6687,25451,,32138
mr.wiktionary.org,2021-01,10170,27662,,37832
mr.wiktionary.org,2021-02,14118,28789,,42907
mr.wiktionary.org,2021-03,10907,37951,,48858
mr.wiktionary.org,2021-04,10412,37202,,47614
mr.wiktionary.org,2021-05,8628,24028,,32656
mr.wiktionary.org,2021-06,10741,23832,,34573
mr.wiktionary.org,2021-07,17634,30440,,48074
mr.wiktionary.org,2021-08,28880,51742,,80622
mr.wiktionary.org,2021-09,14706,26982,,41688
mr.wiktionary.org,2021-10,12349,29609,,41958
mr.wiktionary.org,2021-11,9783,20669,,30452
mr.wiktionary.org,2021-12,7974,18909,,26883
mr.wiktionary.org,2022-01,8952,26770,,35722
mr.wiktionary.org,2022-02,9031,22949,,31980
mr.wiktionary.org,2022-03,10990,27869,,38859
mr.wiktionary.org,2022-04,11864,21294,,33158
mr.wiktionary.org,2022-05,10564,17837,,28401
mr.wiktionary.org,2022-06,9756,21402,,31158
mr.wiktionary.org,2022-07,9362,31701,,41063
mr.wiktionary.org,2022-08,13656,33579,,47235
mr.wiktionary.org,2022-09,8023,37514,,45537
mr.wiktionary.org,2022-10,19548,46670,,66218
mr.wiktionary.org,2022-11,12653,46178,,58831
mr.wiktionary.org,2022-12,19918,35853,,55771
mr.wiktionary.org,2023-01,8300,37410,,45710
mr.wiktionary.org,2023-02,13361,44597,,57958
mr.wiktionary.org,2023-03,17189,49993,,67182
mr.wiktionary.org,2023-04,7581,26237,,33818
mr.wiktionary.org,2023-05,7498,32970,,40468
mr.wiktionary.org,2023-06,8776,31545,,40321
mr.wiktionary.org,2023-07,9842,45590,,55432
mr.wiktionary.org,2023-08,10185,39873,,50058
mr.wiktionary.org,2023-09,7729,35160,,42889
mr.wiktionary.org,2023-10,10579,46663,,57242
mr.wiktionary.org,2023-11,43940,36305,,80245
mr.wiktionary.org,2023-12,11759,38872,,50631
mr.wiktionary.org,2024-01,8183,42354,,50537
mr.wiktionary.org,2024-02,5214,47038,,52252
mr.wiktionary.org,2024-03,7106,51896,,59002
mr.wiktionary.org,2024-04,25192,45752,,70944
mr.wiktionary.org,2024-05,20733,26897,,47630
mr.wiktionary.org,2024-06,27341,36079,,63420
mr.wiktionary.org,2024-07,10685,30733,,41418
mr.wiktionary.org,2024-08,11047,31463,,42510
mr.wiktionary.org,2024-09,12618,33883,,46501
mr.wiktionary.org,2024-10,9173,35302,,44475
mr.wiktionary.org,2024-11,15882,28827,,44709
mr.wiktionary.org,2024-12,58256,45740,,103996
mr.wiktionary.org,2025-01,34702,28437,,63139
mr.wiktionary.org,2025-02,27467,29525,,56992
mr.wiktionary.org,2025-03,19594,23372,,42966
mr.wiktionary.org,2025-04,6694,16044,,22738
mr.wiktionary.org,2025-05,17809,15926,,33735
mr.wiktionary.org,2025-06,37894,30032,,67926
mr.wiktionary.org,2025-07,149913,44020,,193933
mr.wiktionary.org,2025-08,25028,19207,,44235
mr.wiktionary.org,2025-09,69957,83131,,153088
mr.wiktionary.org,2025-10,55825,48001,,103826
mr.wiktionary.org,2025-11,65035,12169,,77204
mr.wiktionary.org,2025-12,153273,9003,,162276
mr.wiktionary.org,2026-01,53890,7848,,61738
mr.wiktionary.org,2026-02,11497,11721,,23218
mr.wiktionary.org,2026-03,27881,11834,,39715
mr.wiktionary.org,2026-04,25373,8330,,33703
mr.wiktionary.org,2026-05,30211,7328,,37539
mr.wiktionary.org,2026-06,33874,14617,,48491
mr.wiktionary.org,2026-07,29958,9532,,39490
mr.wikisource.org,2015-07,16125,216,,16341
mr.wikisource.org,2015-08,18788,423,,19211
mr.wikisource.org,2015-09,19872,112,,19984
mr.wikisource.org,2015-10,15663,6081,,21744
mr.wikisource.org,2015-11,8744,5906,,14650
mr.wikisource.org,2015-12,10574,7647,,18221
mr.wikisource.org,2016-01,10447,6896,,17343
mr.wikisource.org,2016-02,7796,7654,,15450
mr.wikisource.org,2016-03,13893,7771,,21664
mr.wikisource.org,2016-04,29726,9261,,38987
mr.wikisource.org,2016-05,23740,5231,,28971
mr.wikisource.org,2016-06,8884,5505,,14389
mr.wikisource.org,2016-07,10055,8938,,18993
mr.wikisource.org,2016-08,8212,10488,,18700
mr.wikisource.org,2016-09,8211,12635,2,20848
mr.wikisource.org,2016-10,9923,12426,3,22352
mr.wikisource.org,2016-11,40751,9331,,50082
mr.wikisource.org,2016-12,15516,11899,1,27416
mr.wikisource.org,2017-01,597257,12796,29,610082
mr.wikisource.org,2017-02,11191,14424,5,25620
mr.wikisource.org,2017-03,9917,16322,,26239
mr.wikisource.org,2017-04,8053,14376,,22429
mr.wikisource.org,2017-05,14490,14414,,28904
mr.wikisource.org,2017-06,32151,20068,,52219
mr.wikisource.org,2017-07,13762,31812,,45574
mr.wikisource.org,2017-08,21037,39368,2,60407
mr.wikisource.org,2017-09,21211,44415,2,65628
mr.wikisource.org,2017-10,11955,29544,,41499
mr.wikisource.org,2017-11,16838,35581,7,52426
mr.wikisource.org,2017-12,19280,38519,,57799
mr.wikisource.org,2018-01,17716,40571,,58287
mr.wikisource.org,2018-02,21706,49616,1,71323
mr.wikisource.org,2018-03,19645,61509,,81154
mr.wikisource.org,2018-04,19800,51333,,71133
mr.wikisource.org,2018-05,21587,49049,,70636
mr.wikisource.org,2018-06,23517,64287,,87804
mr.wikisource.org,2018-07,29293,105003,,134296
mr.wikisource.org,2018-08,28898,114917,1,143816
mr.wikisource.org,2018-09,29498,146485,,175983
mr.wikisource.org,2018-10,28800,137112,,165912
mr.wikisource.org,2018-11,24011,97759,2,121772
mr.wikisource.org,2018-12,28730,127064,,155794
mr.wikisource.org,2019-01,36874,113582,,150456
mr.wikisource.org,2019-02,34001,124622,,158623
mr.wikisource.org,2019-03,30941,143143,,174084
mr.wikisource.org,2019-04,38659,117938,,156597
mr.wikisource.org,2019-05,34438,104059,,138497
mr.wikisource.org,2019-06,35190,112940,,148130
mr.wikisource.org,2019-07,44224,162944,,207168
mr.wikisource.org,2019-08,102608,205211,,307819
mr.wikisource.org,2019-09,48027,359618,,407645
mr.wikisource.org,2019-10,48878,380064,6,428948
mr.wikisource.org,2019-11,33218,404226,,437444
mr.wikisource.org,2019-12,39668,343006,,382674
mr.wikisource.org,2020-01,37375,302224,,339599
mr.wikisource.org,2020-02,35128,302707,,337835
mr.wikisource.org,2020-03,37462,336474,,373936
mr.wikisource.org,2020-04,40257,427080,28,467365
mr.wikisource.org,2020-05,90195,267565,,357760
mr.wikisource.org,2020-06,31865,227263,,259128
mr.wikisource.org,2020-07,41676,310078,14,351768
mr.wikisource.org,2020-08,49953,434748,,484701
mr.wikisource.org,2020-09,38821,256086,,294907
mr.wikisource.org,2020-10,41624,422002,,463626
mr.wikisource.org,2020-11,31436,216473,,247909
mr.wikisource.org,2020-12,28533,255647,,284180
mr.wikisource.org,2021-01,32434,239062,,271496
mr.wikisource.org,2021-02,40724,217690,,258414
mr.wikisource.org,2021-03,37372,265603,,302975
mr.wikisource.org,2021-04,34630,312847,,347477
mr.wikisource.org,2021-05,40368,319989,,360357
mr.wikisource.org,2021-06,35180,264929,,300109
mr.wikisource.org,2021-07,45524,343860,,389384
mr.wikisource.org,2021-08,85992,447885,,533877
mr.wikisource.org,2021-09,44976,505938,,550914
mr.wikisource.org,2021-10,40754,497620,,538374
mr.wikisource.org,2021-11,32819,274866,,307685
mr.wikisource.org,2021-12,37911,309013,,346924
mr.wikisource.org,2022-01,31941,272382,,304323
mr.wikisource.org,2022-02,35434,278306,,313740
mr.wikisource.org,2022-03,62147,275065,,337212
mr.wikisource.org,2022-04,42588,274858,,317446
mr.wikisource.org,2022-05,49298,233023,,282321
mr.wikisource.org,2022-06,42447,267007,,309454
mr.wikisource.org,2022-07,39941,375665,,415606
mr.wikisource.org,2022-08,47515,493230,,540745
mr.wikisource.org,2022-09,47105,699459,,746564
mr.wikisource.org,2022-10,47056,513942,,560998
mr.wikisource.org,2022-11,45849,395402,,441251
mr.wikisource.org,2022-12,59103,364332,,423435
mr.wikisource.org,2023-01,29988,352557,,382545
mr.wikisource.org,2023-02,44703,413777,,458480
mr.wikisource.org,2023-03,63482,452135,,515617
mr.wikisource.org,2023-04,49863,388621,,438484
mr.wikisource.org,2023-05,33641,362746,,396387
mr.wikisource.org,2023-06,40441,435791,,476232
mr.wikisource.org,2023-07,61144,477613,,538757
mr.wikisource.org,2023-08,42213,491383,,533596
mr.wikisource.org,2023-09,46495,834126,,880621
mr.wikisource.org,2023-10,52692,866948,,919640
mr.wikisource.org,2023-11,42338,537026,,579364
mr.wikisource.org,2023-12,58200,600324,,658524
mr.wikisource.org,2024-01,58878,638255,,697133
mr.wikisource.org,2024-02,41113,556488,,597601
mr.wikisource.org,2024-03,41526,597941,,639467
mr.wikisource.org,2024-04,46592,600563,,647155
mr.wikisource.org,2024-05,41948,448684,,490632
mr.wikisource.org,2024-06,92601,491648,,584249
mr.wikisource.org,2024-07,66887,552242,,619129
mr.wikisource.org,2024-08,104140,605743,,709883
mr.wikisource.org,2024-09,95755,984182,,1079937
mr.wikisource.org,2024-10,57806,807886,,865692
mr.wikisource.org,2024-11,39935,427556,,467491
mr.wikisource.org,2024-12,75592,489315,,564907
mr.wikisource.org,2025-01,88369,449445,,537814
mr.wikisource.org,2025-02,92889,493531,,586420
mr.wikisource.org,2025-03,81867,481433,,563300
mr.wikisource.org,2025-04,53932,507705,,561637
mr.wikisource.org,2025-05,149554,467691,,617245
mr.wikisource.org,2025-06,113415,542204,,655619
mr.wikisource.org,2025-07,157254,731151,,888405
mr.wikisource.org,2025-08,124060,823304,,947364
mr.wikisource.org,2025-09,131003,978423,,1109426
mr.wikisource.org,2025-10,136095,532115,,668210
mr.wikisource.org,2025-11,208095,453682,,661777
mr.wikisource.org,2025-12,75569,448367,,523936
mr.wikisource.org,2026-01,70103,439736,,509839
mr.wikisource.org,2026-02,132256,401228,,533484
mr.wikisource.org,2026-03,89118,450935,,540053
mr.wikisource.org,2026-04,104770,448029,,552799
mr.wikisource.org,2026-05,171815,387629,,559444
mr.wikisource.org,2026-06,230722,398285,,629007
mr.wikisource.org,2026-07,119105,476232,,595337
mr.wikiquote.org,2015-07,7210,999,,8209
mr.wikiquote.org,2015-08,6632,219,,6851
mr.wikiquote.org,2015-09,8240,265,,8505
mr.wikiquote.org,2015-10,3724,1018,,4742
mr.wikiquote.org,2015-11,2225,1087,,3312
mr.wikiquote.org,2015-12,2939,1499,,4438
mr.wikiquote.org,2016-01,4473,1890,,6363
mr.wikiquote.org,2016-02,2858,2061,,4919
mr.wikiquote.org,2016-03,3084,1842,,4926
mr.wikiquote.org,2016-04,7388,9236,,16624
mr.wikiquote.org,2016-05,5320,2884,,8204
mr.wikiquote.org,2016-06,50904,1428,,52332
mr.wikiquote.org,2016-07,2863,1896,,4759
mr.wikiquote.org,2016-08,3239,1995,,5234
mr.wikiquote.org,2016-09,2588,1928,,4516
mr.wikiquote.org,2016-10,3145,1735,,4880
mr.wikiquote.org,2016-11,2132,2419,,4551
mr.wikiquote.org,2016-12,3573,2891,,6464
mr.wikiquote.org,2017-01,2752,3094,,5846
mr.wikiquote.org,2017-02,4242,4175,,8417
mr.wikiquote.org,2017-03,4217,5801,,10018
mr.wikiquote.org,2017-04,2694,2174,,4868
mr.wikiquote.org,2017-05,2362,1503,,3865
mr.wikiquote.org,2017-06,2373,2196,,4569
mr.wikiquote.org,2017-07,2839,4025,,6864
mr.wikiquote.org,2017-08,5387,4161,,9548
mr.wikiquote.org,2017-09,5171,5120,,10291
mr.wikiquote.org,2017-10,2228,4069,,6297
mr.wikiquote.org,2017-11,3596,4572,,8168
mr.wikiquote.org,2017-12,3503,4681,,8184
mr.wikiquote.org,2018-01,2938,5257,,8195
mr.wikiquote.org,2018-02,4509,7273,,11782
mr.wikiquote.org,2018-03,5488,9532,,15020
mr.wikiquote.org,2018-04,5260,7024,,12284
mr.wikiquote.org,2018-05,4985,4644,,9629
mr.wikiquote.org,2018-06,4844,8263,,13107
mr.wikiquote.org,2018-07,5613,15742,,21355
mr.wikiquote.org,2018-08,7596,18300,,25896
mr.wikiquote.org,2018-09,6539,16767,8,23314
mr.wikiquote.org,2018-10,5867,19477,3,25347
mr.wikiquote.org,2018-11,7441,20592,,28033
mr.wikiquote.org,2018-12,9042,18488,,27530
mr.wikiquote.org,2019-01,11539,20113,,31652
mr.wikiquote.org,2019-02,8947,24899,,33846
mr.wikiquote.org,2019-03,10819,23908,,34727
mr.wikiquote.org,2019-04,13337,12600,,25937
mr.wikiquote.org,2019-05,11488,5438,,16926
mr.wikiquote.org,2019-06,7469,9185,,16654
mr.wikiquote.org,2019-07,16550,17348,,33898
mr.wikiquote.org,2019-08,27453,20171,,47624
mr.wikiquote.org,2019-09,12937,21391,,34328
mr.wikiquote.org,2019-10,11412,17590,,29002
mr.wikiquote.org,2019-11,3684,19647,,23331
mr.wikiquote.org,2019-12,3194,14839,,18033
mr.wikiquote.org,2020-01,3017,18453,,21470
mr.wikiquote.org,2020-02,3454,21594,,25048
mr.wikiquote.org,2020-03,4747,20320,,25067
mr.wikiquote.org,2020-04,6111,17904,,24015
mr.wikiquote.org,2020-05,5732,11328,,17060
mr.wikiquote.org,2020-06,6254,9109,,15363
mr.wikiquote.org,2020-07,7918,9563,,17481
mr.wikiquote.org,2020-08,28531,11029,,39560
mr.wikiquote.org,2020-09,19500,14151,,33651
mr.wikiquote.org,2020-10,11475,13949,,25424
mr.wikiquote.org,2020-11,5701,9824,,15525
mr.wikiquote.org,2020-12,6207,11220,,17427
mr.wikiquote.org,2021-01,8031,12565,,20596
mr.wikiquote.org,2021-02,8669,12331,,21000
mr.wikiquote.org,2021-03,8507,15956,,24463
mr.wikiquote.org,2021-04,7663,13833,,21496
mr.wikiquote.org,2021-05,6109,6164,,12273
mr.wikiquote.org,2021-06,5488,5814,,11302
mr.wikiquote.org,2021-07,5403,7374,,12777
mr.wikiquote.org,2021-08,7497,5814,,13311
mr.wikiquote.org,2021-09,2001,3868,,5869
mr.wikiquote.org,2021-10,2951,4944,,7895
mr.wikiquote.org,2021-11,1988,4026,,6014
mr.wikiquote.org,2021-12,1803,4830,,6633
mr.wikiquote.org,2022-01,2132,5051,,7183
mr.wikiquote.org,2022-02,2149,4408,,6557
mr.wikiquote.org,2022-03,3341,4554,,7895
mr.wikiquote.org,2022-04,3849,5125,,8974
mr.wikiquote.org,2022-05,5800,2666,,8466
mr.wikiquote.org,2022-06,5462,3045,,8507
mr.wikiquote.org,2022-07,6422,3658,,10080
mr.wikiquote.org,2022-08,4496,3716,,8212
mr.wikiquote.org,2022-09,2426,2949,,5375
mr.wikiquote.org,2022-10,5611,4381,,9992
mr.wikiquote.org,2022-11,3646,3889,,7535
mr.wikiquote.org,2022-12,6102,4120,,10222
mr.wikiquote.org,2023-01,1986,3120,,5106
mr.wikiquote.org,2023-02,3379,3859,,7238
mr.wikiquote.org,2023-03,5146,4155,,9301
mr.wikiquote.org,2023-04,2982,2569,,5551
mr.wikiquote.org,2023-05,4468,3863,,8331
mr.wikiquote.org,2023-06,2723,2660,,5383
mr.wikiquote.org,2023-07,3334,3245,,6579
mr.wikiquote.org,2023-08,3163,2459,,5622
mr.wikiquote.org,2023-09,5808,2431,,8239
mr.wikiquote.org,2023-10,3124,4898,,8022
mr.wikiquote.org,2023-11,3622,3551,,7173
mr.wikiquote.org,2023-12,7285,5997,,13282
mr.wikiquote.org,2024-01,8694,4532,,13226
mr.wikiquote.org,2024-02,4199,4878,,9077
mr.wikiquote.org,2024-03,6254,7383,,13637
mr.wikiquote.org,2024-04,8585,7214,,15799
mr.wikiquote.org,2024-05,4445,2861,,7306
mr.wikiquote.org,2024-06,7137,8858,,15995
mr.wikiquote.org,2024-07,2733,7562,,10295
mr.wikiquote.org,2024-08,4101,6066,,10167
mr.wikiquote.org,2024-09,8062,9125,,17187
mr.wikiquote.org,2024-10,3513,8858,,12371
mr.wikiquote.org,2024-11,4700,4661,,9361
mr.wikiquote.org,2024-12,22357,6608,,28965
mr.wikiquote.org,2025-01,10727,7840,,18567
mr.wikiquote.org,2025-02,13032,10378,,23410
mr.wikiquote.org,2025-03,7256,10888,,18144
mr.wikiquote.org,2025-04,5041,6667,,11708
mr.wikiquote.org,2025-05,16636,7271,,23907
mr.wikiquote.org,2025-06,49842,30949,,80791
mr.wikiquote.org,2025-07,53524,253060,,306584
mr.wikiquote.org,2025-08,5097,6261,,11358
mr.wikiquote.org,2025-09,11479,12824,,24303
mr.wikiquote.org,2025-10,15874,5160,,21034
mr.wikiquote.org,2025-11,17008,5597,,22605
mr.wikiquote.org,2025-12,12789,4394,,17183
mr.wikiquote.org,2026-01,7978,5990,,13968
mr.wikiquote.org,2026-02,7830,6502,,14332
mr.wikiquote.org,2026-03,9160,3568,,12728
mr.wikiquote.org,2026-04,14017,2772,,16789
mr.wikiquote.org,2026-05,21810,2106,,23916
mr.wikiquote.org,2026-06,12433,2344,,14777
mr.wikiquote.org,2026-07,31074,7621,,38695
mr.wikibooks.org,2015-07,8458,284,,8742
mr.wikibooks.org,2015-08,8655,430,,9085
mr.wikibooks.org,2015-09,10800,430,,11230
mr.wikibooks.org,2015-10,6528,1535,,8063
mr.wikibooks.org,2015-11,3442,1993,,5435
mr.wikibooks.org,2015-12,3434,2638,,6072
mr.wikibooks.org,2016-01,4987,2704,,7691
mr.wikibooks.org,2016-02,4991,2961,,7952
mr.wikibooks.org,2016-03,4160,2318,,6478
mr.wikibooks.org,2016-04,11714,10574,,22288
mr.wikibooks.org,2016-05,17609,3366,,20975
mr.wikibooks.org,2016-06,68810,2057,,70867
mr.wikibooks.org,2016-07,3057,3013,,6070
mr.wikibooks.org,2016-08,5447,3327,8,8782
mr.wikibooks.org,2016-09,3805,3376,,7181
mr.wikibooks.org,2016-10,6878,2931,,9809
mr.wikibooks.org,2016-11,2342,2525,,4867
mr.wikibooks.org,2016-12,5131,3517,,8648
mr.wikibooks.org,2017-01,3249,3740,,6989
mr.wikibooks.org,2017-02,3405,4682,1,8088
mr.wikibooks.org,2017-03,3626,5128,1,8755
mr.wikibooks.org,2017-04,3654,3295,,6949
mr.wikibooks.org,2017-05,3138,2194,11,5343
mr.wikibooks.org,2017-06,3393,3175,5,6573
mr.wikibooks.org,2017-07,4248,6866,,11114
mr.wikibooks.org,2017-08,6542,6438,9,12989
mr.wikibooks.org,2017-09,6326,6273,,12599
mr.wikibooks.org,2017-10,3312,4588,10,7910
mr.wikibooks.org,2017-11,5565,7450,,13015
mr.wikibooks.org,2017-12,4305,6300,,10605
mr.wikibooks.org,2018-01,2902,5728,,8630
mr.wikibooks.org,2018-02,4560,4613,,9173
mr.wikibooks.org,2018-03,4654,5563,6,10223
mr.wikibooks.org,2018-04,4874,3810,,8684
mr.wikibooks.org,2018-05,4708,2668,,7376
mr.wikibooks.org,2018-06,5598,4348,,9946
mr.wikibooks.org,2018-07,6952,8039,,14991
mr.wikibooks.org,2018-08,6501,10107,,16608
mr.wikibooks.org,2018-09,6638,13559,6,20203
mr.wikibooks.org,2018-10,5937,12953,,18890
mr.wikibooks.org,2018-11,8422,12082,,20504
mr.wikibooks.org,2018-12,8825,14319,2,23146
mr.wikibooks.org,2019-01,12848,11544,,24392
mr.wikibooks.org,2019-02,9965,10805,,20770
mr.wikibooks.org,2019-03,10855,10386,4,21245
mr.wikibooks.org,2019-04,15088,6114,,21202
mr.wikibooks.org,2019-05,12325,4992,,17317
mr.wikibooks.org,2019-06,9106,6788,,15894
mr.wikibooks.org,2019-07,18384,13054,,31438
mr.wikibooks.org,2019-08,27817,16136,2,43955
mr.wikibooks.org,2019-09,14322,20035,,34357
mr.wikibooks.org,2019-10,14009,16790,,30799
mr.wikibooks.org,2019-11,5669,22284,,27953
mr.wikibooks.org,2019-12,4899,15599,,20498
mr.wikibooks.org,2020-01,4336,16721,,21057
mr.wikibooks.org,2020-02,4773,18544,,23317
mr.wikibooks.org,2020-03,6958,15409,5,22372
mr.wikibooks.org,2020-04,6887,21411,,28298
mr.wikibooks.org,2020-05,6500,15692,,22192
mr.wikibooks.org,2020-06,4729,10489,,15218
mr.wikibooks.org,2020-07,8750,10357,,19107
mr.wikibooks.org,2020-08,32652,24373,,57025
mr.wikibooks.org,2020-09,31424,13087,,44511
mr.wikibooks.org,2020-10,20459,10047,,30506
mr.wikibooks.org,2020-11,5492,7330,,12822
mr.wikibooks.org,2020-12,5503,12671,,18174
mr.wikibooks.org,2021-01,7417,14659,,22076
mr.wikibooks.org,2021-02,11670,14974,,26644
mr.wikibooks.org,2021-03,10204,18197,,28401
mr.wikibooks.org,2021-04,11189,19187,,30376
mr.wikibooks.org,2021-05,6973,16806,,23779
mr.wikibooks.org,2021-06,8049,16742,,24791
mr.wikibooks.org,2021-07,9958,21573,,31531
mr.wikibooks.org,2021-08,15818,25103,,40921
mr.wikibooks.org,2021-09,8305,31863,,40168
mr.wikibooks.org,2021-10,7186,16050,,23236
mr.wikibooks.org,2021-11,5249,13368,,18617
mr.wikibooks.org,2021-12,4517,14564,,19081
mr.wikibooks.org,2022-01,4380,16827,,21207
mr.wikibooks.org,2022-02,12378,19616,,31994
mr.wikibooks.org,2022-03,30321,16357,,46678
mr.wikibooks.org,2022-04,8736,15975,,24711
mr.wikibooks.org,2022-05,8138,11359,,19497
mr.wikibooks.org,2022-06,7716,11311,,19027
mr.wikibooks.org,2022-07,8188,15262,,23450
mr.wikibooks.org,2022-08,11132,17252,,28384
mr.wikibooks.org,2022-09,7281,17987,,25268
mr.wikibooks.org,2022-10,9031,14720,,23751
mr.wikibooks.org,2022-11,8950,15975,,24925
mr.wikibooks.org,2022-12,10377,14088,,24465
mr.wikibooks.org,2023-01,5600,11589,,17189
mr.wikibooks.org,2023-02,6845,14214,,21059
mr.wikibooks.org,2023-03,9196,16734,,25930
mr.wikibooks.org,2023-04,5765,9353,,15118
mr.wikibooks.org,2023-05,6828,10091,,16919
mr.wikibooks.org,2023-06,8332,16450,,24782
mr.wikibooks.org,2023-07,5508,11350,,16858
mr.wikibooks.org,2023-08,7023,11306,,18329
mr.wikibooks.org,2023-09,6374,14717,,21091
mr.wikibooks.org,2023-10,5867,15289,,21156
mr.wikibooks.org,2023-11,4753,10983,,15736
mr.wikibooks.org,2023-12,17466,14627,,32093
mr.wikibooks.org,2024-01,20069,12933,,33002
mr.wikibooks.org,2024-02,3371,10968,,14339
mr.wikibooks.org,2024-03,5166,13251,,18417
mr.wikibooks.org,2024-04,7386,13756,,21142
mr.wikibooks.org,2024-05,5934,7701,,13635
mr.wikibooks.org,2024-06,9477,11154,,20631
mr.wikibooks.org,2024-07,3270,11226,,14496
mr.wikibooks.org,2024-08,7940,18829,,26769
mr.wikibooks.org,2024-09,10328,22089,,32417
mr.wikibooks.org,2024-10,6210,10045,,16255
mr.wikibooks.org,2024-11,9885,8677,,18562
mr.wikibooks.org,2024-12,26681,8386,,35067
mr.wikibooks.org,2025-01,13745,6644,,20389
mr.wikibooks.org,2025-02,15860,16469,,32329
mr.wikibooks.org,2025-03,15226,8828,,24054
mr.wikibooks.org,2025-04,5209,8243,,13452
mr.wikibooks.org,2025-05,29648,20522,,50170
mr.wikibooks.org,2025-06,101019,76345,,177364
mr.wikibooks.org,2025-07,8118,492110,,500228
mr.wikibooks.org,2025-08,17745,39997,,57742
mr.wikibooks.org,2025-09,17876,72581,,90457
mr.wikibooks.org,2025-10,38975,74814,,113789
mr.wikibooks.org,2025-11,23355,6487,,29842
mr.wikibooks.org,2025-12,90804,3989,,94793
mr.wikibooks.org,2026-01,29710,2913,,32623
mr.wikibooks.org,2026-02,195392,3552,,198944
mr.wikibooks.org,2026-03,247584,5201,,252785
mr.wikibooks.org,2026-04,283928,3928,,287856
mr.wikibooks.org,2026-05,1418930,2771,,1421701
mr.wikibooks.org,2026-06,468813,19302,,488115
mr.wikibooks.org,2026-07,428433,28420,,456853
ne.wikipedia.org,2015-07,386100,149053,9971,545124
ne.wikipedia.org,2015-08,413352,147853,12907,574112
ne.wikipedia.org,2015-09,402810,128708,13325,544843
ne.wikipedia.org,2015-10,365332,119465,13876,498673
ne.wikipedia.org,2015-11,267355,115263,14965,397583
ne.wikipedia.org,2015-12,191941,118987,21015,331943
ne.wikipedia.org,2016-01,300258,144612,25184,470054
ne.wikipedia.org,2016-02,223520,122825,22182,368527
ne.wikipedia.org,2016-03,246139,147427,23649,417215
ne.wikipedia.org,2016-04,281269,142518,18513,442300
ne.wikipedia.org,2016-05,671393,182823,23266,877482
ne.wikipedia.org,2016-06,396799,161129,24782,582710
ne.wikipedia.org,2016-07,1165671,154800,26819,1347290
ne.wikipedia.org,2016-08,298344,162029,31304,491677
ne.wikipedia.org,2016-09,372412,168176,35635,576223
ne.wikipedia.org,2016-10,394374,144531,26735,565640
ne.wikipedia.org,2016-11,398021,152135,35346,585502
ne.wikipedia.org,2016-12,349734,156412,55334,561480
ne.wikipedia.org,2017-01,305440,152515,74161,532116
ne.wikipedia.org,2017-02,292746,148489,47453,488688
ne.wikipedia.org,2017-03,473812,165061,39011,677884
ne.wikipedia.org,2017-04,261011,122460,6657,390128
ne.wikipedia.org,2017-05,302798,135212,6567,444577
ne.wikipedia.org,2017-06,292538,147742,6639,446919
ne.wikipedia.org,2017-07,318125,172531,6269,496925
ne.wikipedia.org,2017-08,407194,178255,7129,592578
ne.wikipedia.org,2017-09,651460,169308,5685,826453
ne.wikipedia.org,2017-10,339976,185999,7793,533768
ne.wikipedia.org,2017-11,357213,208746,7140,573099
ne.wikipedia.org,2017-12,397796,203216,7684,608696
ne.wikipedia.org,2018-01,309483,215853,8198,533534
ne.wikipedia.org,2018-02,301692,206900,5747,514339
ne.wikipedia.org,2018-03,272543,219190,6329,498062
ne.wikipedia.org,2018-04,222729,181818,5980,410527
ne.wikipedia.org,2018-05,265456,226858,6665,498979
ne.wikipedia.org,2018-06,411253,232631,5955,649839
ne.wikipedia.org,2018-07,313900,274472,7521,595893
ne.wikipedia.org,2018-08,321190,318784,9004,648978
ne.wikipedia.org,2018-09,283118,294601,11086,588805
ne.wikipedia.org,2018-10,343404,254890,5897,604191
ne.wikipedia.org,2018-11,413649,228854,6540,649043
ne.wikipedia.org,2018-12,316218,258780,7085,582083
ne.wikipedia.org,2019-01,357796,263111,6750,627657
ne.wikipedia.org,2019-02,294113,236283,6763,537159
ne.wikipedia.org,2019-03,337449,266091,7477,611017
ne.wikipedia.org,2019-04,378809,207625,6783,593217
ne.wikipedia.org,2019-05,306164,268315,8497,582976
ne.wikipedia.org,2019-06,356077,280821,9039,645937
ne.wikipedia.org,2019-07,739377,315614,8176,1063167
ne.wikipedia.org,2019-08,447563,322416,8441,778420
ne.wikipedia.org,2019-09,348173,347544,8007,703724
ne.wikipedia.org,2019-10,336642,307931,6138,650711
ne.wikipedia.org,2019-11,345640,371390,9847,726877
ne.wikipedia.org,2019-12,250243,355178,10580,616001
ne.wikipedia.org,2020-01,331419,369788,12416,713623
ne.wikipedia.org,2020-02,395825,357603,10050,763478
ne.wikipedia.org,2020-03,304518,314483,10757,629758
ne.wikipedia.org,2020-04,355877,422251,11347,789475
ne.wikipedia.org,2020-05,333303,384637,9484,727424
ne.wikipedia.org,2020-06,271483,283435,2667,557585
ne.wikipedia.org,2020-07,294317,281640,7582,583539
ne.wikipedia.org,2020-08,292979,341137,7946,642062
ne.wikipedia.org,2020-09,361001,332632,8874,702507
ne.wikipedia.org,2020-10,1544914,305581,7285,1857780
ne.wikipedia.org,2020-11,534745,294387,7282,836414
ne.wikipedia.org,2020-12,538240,335903,8783,882926
ne.wikipedia.org,2021-01,521231,356226,8420,885877
ne.wikipedia.org,2021-02,489500,339592,9099,838191
ne.wikipedia.org,2021-03,378555,365308,9005,752868
ne.wikipedia.org,2021-04,475598,278159,5977,759734
ne.wikipedia.org,2021-05,460254,328711,7512,796477
ne.wikipedia.org,2021-06,432694,338899,7578,779171
ne.wikipedia.org,2021-07,403910,402121,8178,814209
ne.wikipedia.org,2021-08,427541,456546,7392,891479
ne.wikipedia.org,2021-09,246798,420658,6517,673973
ne.wikipedia.org,2021-10,257129,331258,5458,593845
ne.wikipedia.org,2021-11,428012,357751,5775,791538
ne.wikipedia.org,2021-12,867678,495442,7939,1371059
ne.wikipedia.org,2022-01,885032,477259,8217,1370508
ne.wikipedia.org,2022-02,811721,439308,8664,1259693
ne.wikipedia.org,2022-03,388278,561310,9017,958605
ne.wikipedia.org,2022-04,252666,488647,7023,748336
ne.wikipedia.org,2022-05,249805,342837,6592,599234
ne.wikipedia.org,2022-06,363628,483033,6966,853627
ne.wikipedia.org,2022-07,240672,485340,7337,733349
ne.wikipedia.org,2022-08,272929,573952,7182,854063
ne.wikipedia.org,2022-09,315126,644940,9467,969533
ne.wikipedia.org,2022-10,308995,481167,7273,797435
ne.wikipedia.org,2022-11,267334,671955,7425,946714
ne.wikipedia.org,2022-12,254336,536642,8610,799588
ne.wikipedia.org,2023-01,296609,603507,9208,909324
ne.wikipedia.org,2023-02,272177,663142,8404,943723
ne.wikipedia.org,2023-03,326848,776254,8189,1111291
ne.wikipedia.org,2023-04,259873,575264,6492,841629
ne.wikipedia.org,2023-05,282493,899216,8219,1189928
ne.wikipedia.org,2023-06,374312,927301,6751,1308364
ne.wikipedia.org,2023-07,354986,845022,6220,1206228
ne.wikipedia.org,2023-08,328791,962793,7469,1299053
ne.wikipedia.org,2023-09,293132,836828,7078,1137038
ne.wikipedia.org,2023-10,292054,722007,6116,1020177
ne.wikipedia.org,2023-11,285010,727105,6243,1018358
ne.wikipedia.org,2023-12,299352,874770,7573,1181695
ne.wikipedia.org,2024-01,560951,966105,7878,1534934
ne.wikipedia.org,2024-02,277271,959954,7029,1244254
ne.wikipedia.org,2024-03,300413,1102529,7340,1410282
ne.wikipedia.org,2024-04,263661,881319,6226,1151206
ne.wikipedia.org,2024-05,312571,904409,6454,1223434
ne.wikipedia.org,2024-06,289112,846646,6525,1142283
ne.wikipedia.org,2024-07,224279,886990,6045,1117314
ne.wikipedia.org,2024-08,255702,737749,5826,999277
ne.wikipedia.org,2024-09,193264,590329,5386,788979
ne.wikipedia.org,2024-10,158668,442289,5189,606146
ne.wikipedia.org,2024-11,190181,578194,6135,774510
ne.wikipedia.org,2024-12,312867,620801,6338,940006
ne.wikipedia.org,2025-01,588072,678447,7494,1274013
ne.wikipedia.org,2025-02,656532,623163,5478,1285173
ne.wikipedia.org,2025-03,342319,640240,5584,988143
ne.wikipedia.org,2025-04,233119,441160,4459,678738
ne.wikipedia.org,2025-05,288683,560158,4976,853817
ne.wikipedia.org,2025-06,268191,563690,3815,835696
ne.wikipedia.org,2025-07,887666,701571,3695,1592932
ne.wikipedia.org,2025-08,352974,571484,4254,928712
ne.wikipedia.org,2025-09,281543,509940,4491,795974
ne.wikipedia.org,2025-10,327852,385039,3438,716329
ne.wikipedia.org,2025-11,423119,441314,3131,867564
ne.wikipedia.org,2025-12,385785,362566,3891,752242
ne.wikipedia.org,2026-01,443487,457435,3860,904782
ne.wikipedia.org,2026-02,315774,387247,3201,706222
ne.wikipedia.org,2026-03,260995,402674,3552,667221
ne.wikipedia.org,2026-04,377656,254420,3508,635584
ne.wikipedia.org,2026-05,499953,237354,3005,740312
ne.wikipedia.org,2026-06,384078,236872,3008,623958
ne.wikipedia.org,2026-07,337823,324015,2714,664552
ne.wiktionary.org,2015-07,5230,1767,,6997
ne.wiktionary.org,2015-08,4106,1917,,6023
ne.wiktionary.org,2015-09,6301,2145,,8446
ne.wiktionary.org,2015-10,6881,1793,,8674
ne.wiktionary.org,2015-11,5387,1701,,7088
ne.wiktionary.org,2015-12,5952,2847,,8799
ne.wiktionary.org,2016-01,5349,1728,,7077
ne.wiktionary.org,2016-02,6575,1855,,8430
ne.wiktionary.org,2016-03,6333,2258,,8591
ne.wiktionary.org,2016-04,23753,15405,,39158
ne.wiktionary.org,2016-05,23241,5300,,28541
ne.wiktionary.org,2016-06,29604,1988,,31592
ne.wiktionary.org,2016-07,6656,2156,,8812
ne.wiktionary.org,2016-08,9128,2712,,11840
ne.wiktionary.org,2016-09,6501,2523,,9024
ne.wiktionary.org,2016-10,12068,2465,,14533
ne.wiktionary.org,2016-11,6755,2661,,9416
ne.wiktionary.org,2016-12,6424,4145,,10569
ne.wiktionary.org,2017-01,8416,3808,,12224
ne.wiktionary.org,2017-02,5382,2996,,8378
ne.wiktionary.org,2017-03,10358,4729,,15087
ne.wiktionary.org,2017-04,4966,3951,,8917
ne.wiktionary.org,2017-05,5402,4345,,9747
ne.wiktionary.org,2017-06,4812,4264,,9076
ne.wiktionary.org,2017-07,7164,4192,,11356
ne.wiktionary.org,2017-08,10516,4675,,15191
ne.wiktionary.org,2017-09,17703,4227,,21930
ne.wiktionary.org,2017-10,8998,4773,,13771
ne.wiktionary.org,2017-11,9605,4812,,14417
ne.wiktionary.org,2017-12,8046,5176,,13222
ne.wiktionary.org,2018-01,11187,6098,5,17290
ne.wiktionary.org,2018-02,11135,4987,2,16124
ne.wiktionary.org,2018-03,10292,6129,,16421
ne.wiktionary.org,2018-04,8081,5987,4,14072
ne.wiktionary.org,2018-05,11122,7710,,18832
ne.wiktionary.org,2018-06,11408,7467,,18875
ne.wiktionary.org,2018-07,9768,8398,,18166
ne.wiktionary.org,2018-08,10622,10399,,21021
ne.wiktionary.org,2018-09,11358,11154,,22512
ne.wiktionary.org,2018-10,61874,9852,,71726
ne.wiktionary.org,2018-11,11366,11392,,22758
ne.wiktionary.org,2018-12,10457,10839,,21296
ne.wiktionary.org,2019-01,15626,13721,,29347
ne.wiktionary.org,2019-02,10964,15270,,26234
ne.wiktionary.org,2019-03,12736,20517,,33253
ne.wiktionary.org,2019-04,14112,13905,,28017
ne.wiktionary.org,2019-05,11076,10900,,21976
ne.wiktionary.org,2019-06,9727,11023,,20750
ne.wiktionary.org,2019-07,34699,15345,,50044
ne.wiktionary.org,2019-08,70096,19188,,89284
ne.wiktionary.org,2019-09,29868,17946,,47814
ne.wiktionary.org,2019-10,13729,16523,,30252
ne.wiktionary.org,2019-11,12166,17808,,29974
ne.wiktionary.org,2019-12,7898,16482,,24380
ne.wiktionary.org,2020-01,7721,18183,1,25905
ne.wiktionary.org,2020-02,8038,17581,,25619
ne.wiktionary.org,2020-03,9706,18593,4,28303
ne.wiktionary.org,2020-04,10885,24363,2,35250
ne.wiktionary.org,2020-05,18703,17651,5,36359
ne.wiktionary.org,2020-06,8116,14653,1,22770
ne.wiktionary.org,2020-07,14168,16529,1,30698
ne.wiktionary.org,2020-08,16204,17696,,33900
ne.wiktionary.org,2020-09,21081,17099,,38180
ne.wiktionary.org,2020-10,25406,16444,,41850
ne.wiktionary.org,2020-11,10432,15166,,25598
ne.wiktionary.org,2020-12,10022,17301,,27323
ne.wiktionary.org,2021-01,15101,16852,,31953
ne.wiktionary.org,2021-02,15729,15751,,31480
ne.wiktionary.org,2021-03,12863,14130,,26993
ne.wiktionary.org,2021-04,13417,11525,,24942
ne.wiktionary.org,2021-05,12605,16286,,28891
ne.wiktionary.org,2021-06,13176,16004,,29180
ne.wiktionary.org,2021-07,18664,17397,,36061
ne.wiktionary.org,2021-08,31587,19838,,51425
ne.wiktionary.org,2021-09,12208,17547,,29755
ne.wiktionary.org,2021-10,15543,16041,,31584
ne.wiktionary.org,2021-11,14611,16248,,30859
ne.wiktionary.org,2021-12,12322,15950,,28272
ne.wiktionary.org,2022-01,19143,14217,,33360
ne.wiktionary.org,2022-02,18932,15988,,34920
ne.wiktionary.org,2022-03,17814,18391,,36205
ne.wiktionary.org,2022-04,15860,16426,,32286
ne.wiktionary.org,2022-05,17572,19422,,36994
ne.wiktionary.org,2022-06,18695,25902,,44597
ne.wiktionary.org,2022-07,18258,27666,,45924
ne.wiktionary.org,2022-08,22215,37252,,59467
ne.wiktionary.org,2022-09,14431,35874,,50305
ne.wiktionary.org,2022-10,22604,29594,,52198
ne.wiktionary.org,2022-11,19405,44672,,64077
ne.wiktionary.org,2022-12,43862,36534,,80396
ne.wiktionary.org,2023-01,13235,28453,,41688
ne.wiktionary.org,2023-02,32670,45819,,78489
ne.wiktionary.org,2023-03,47121,57246,,104367
ne.wiktionary.org,2023-04,12953,29737,,42690
ne.wiktionary.org,2023-05,13818,48798,,62616
ne.wiktionary.org,2023-06,18646,50039,,68685
ne.wiktionary.org,2023-07,15317,49250,,64567
ne.wiktionary.org,2023-08,18300,52370,,70670
ne.wiktionary.org,2023-09,14804,44945,,59749
ne.wiktionary.org,2023-10,17935,36860,,54795
ne.wiktionary.org,2023-11,13444,31085,,44529
ne.wiktionary.org,2023-12,24601,40593,,65194
ne.wiktionary.org,2024-01,19231,40935,,60166
ne.wiktionary.org,2024-02,9452,40918,,50370
ne.wiktionary.org,2024-03,11953,48381,,60334
ne.wiktionary.org,2024-04,23961,46503,,70464
ne.wiktionary.org,2024-05,23375,41710,,65085
ne.wiktionary.org,2024-06,36430,47573,,84003
ne.wiktionary.org,2024-07,10067,25073,,35140
ne.wiktionary.org,2024-08,11884,23054,,34938
ne.wiktionary.org,2024-09,10884,26613,,37497
ne.wiktionary.org,2024-10,12172,23964,,36136
ne.wiktionary.org,2024-11,24718,29888,,54606
ne.wiktionary.org,2024-12,72156,72411,,144567
ne.wiktionary.org,2025-01,45433,30513,,75946
ne.wiktionary.org,2025-02,34112,23397,,57509
ne.wiktionary.org,2025-03,28064,20163,,48227
ne.wiktionary.org,2025-04,7336,9929,,17265
ne.wiktionary.org,2025-05,25510,17730,,43240
ne.wiktionary.org,2025-06,46638,34023,,80661
ne.wiktionary.org,2025-07,181122,55988,,237110
ne.wiktionary.org,2025-08,37295,20422,,57717
ne.wiktionary.org,2025-09,76485,110345,,186830
ne.wiktionary.org,2025-10,115695,43270,,158965
ne.wiktionary.org,2025-11,44752,14541,,59293
ne.wiktionary.org,2025-12,71974,8787,,80761
ne.wiktionary.org,2026-01,45942,7260,,53202
ne.wiktionary.org,2026-02,20327,6421,,26748
ne.wiktionary.org,2026-03,39025,12551,,51576
ne.wiktionary.org,2026-04,36365,6758,,43123
ne.wiktionary.org,2026-05,56443,6213,,62656
ne.wiktionary.org,2026-06,54316,13190,,67506
ne.wiktionary.org,2026-07,43479,3802,,47281
ne.wikibooks.org,2015-07,5571,889,,6460
ne.wikibooks.org,2015-08,6737,1258,,7995
ne.wikibooks.org,2015-09,7128,669,,7797
ne.wikibooks.org,2015-10,5020,735,,5755
ne.wikibooks.org,2015-11,4022,543,,4565
ne.wikibooks.org,2015-12,3046,616,,3662
ne.wikibooks.org,2016-01,7004,585,,7589
ne.wikibooks.org,2016-02,8012,632,,8644
ne.wikibooks.org,2016-03,10676,956,,11632
ne.wikibooks.org,2016-04,31994,13379,,45373
ne.wikibooks.org,2016-05,16195,2153,,18348
ne.wikibooks.org,2016-06,51996,793,35,52824
ne.wikibooks.org,2016-07,5389,831,,6220
ne.wikibooks.org,2016-08,7131,1035,,8166
ne.wikibooks.org,2016-09,4409,971,,5380
ne.wikibooks.org,2016-10,9050,1097,,10147
ne.wikibooks.org,2016-11,6743,1199,,7942
ne.wikibooks.org,2016-12,26316,1507,,27823
ne.wikibooks.org,2017-01,3958,1223,,5181
ne.wikibooks.org,2017-02,4054,1387,,5441
ne.wikibooks.org,2017-03,4767,1622,,6389
ne.wikibooks.org,2017-04,5134,1324,,6458
ne.wikibooks.org,2017-05,4451,1265,,5716
ne.wikibooks.org,2017-06,3764,1452,1,5217
ne.wikibooks.org,2017-07,4787,2050,,6837
ne.wikibooks.org,2017-08,8245,1882,,10127
ne.wikibooks.org,2017-09,8723,2024,,10747
ne.wikibooks.org,2017-10,4694,1649,,6343
ne.wikibooks.org,2017-11,7632,1946,,9578
ne.wikibooks.org,2017-12,4743,2192,,6935
ne.wikibooks.org,2018-01,4108,2271,,6379
ne.wikibooks.org,2018-02,6900,1924,,8824
ne.wikibooks.org,2018-03,6032,3290,,9322
ne.wikibooks.org,2018-04,5059,2332,,7391
ne.wikibooks.org,2018-05,5623,2912,,8535
ne.wikibooks.org,2018-06,5436,2585,,8021
ne.wikibooks.org,2018-07,7004,3442,,10446
ne.wikibooks.org,2018-08,7339,4102,,11441
ne.wikibooks.org,2018-09,7115,4147,,11262
ne.wikibooks.org,2018-10,5920,3836,,9756
ne.wikibooks.org,2018-11,6939,3083,5,10027
ne.wikibooks.org,2018-12,5937,3464,,9401
ne.wikibooks.org,2019-01,13092,3741,,16833
ne.wikibooks.org,2019-02,9951,3630,,13581
ne.wikibooks.org,2019-03,9816,4491,,14307
ne.wikibooks.org,2019-04,12868,3221,,16089
ne.wikibooks.org,2019-05,10848,4072,,14920
ne.wikibooks.org,2019-06,7213,4547,,11760
ne.wikibooks.org,2019-07,16382,5425,,21807
ne.wikibooks.org,2019-08,28563,6799,,35362
ne.wikibooks.org,2019-09,13084,6285,,19369
ne.wikibooks.org,2019-10,12233,4714,,16947
ne.wikibooks.org,2019-11,5036,4570,,9606
ne.wikibooks.org,2019-12,4746,4499,2,9247
ne.wikibooks.org,2020-01,4404,4284,,8688
ne.wikibooks.org,2020-02,4655,4567,,9222
ne.wikibooks.org,2020-03,6481,4269,,10750
ne.wikibooks.org,2020-04,7691,5685,,13376
ne.wikibooks.org,2020-05,6715,6803,,13518
ne.wikibooks.org,2020-06,6113,5866,,11979
ne.wikibooks.org,2020-07,8504,6625,,15129
ne.wikibooks.org,2020-08,21678,8142,,29820
ne.wikibooks.org,2020-09,37611,8495,,46106
ne.wikibooks.org,2020-10,16187,8594,,24781
ne.wikibooks.org,2020-11,5179,5009,,10188
ne.wikibooks.org,2020-12,7446,9005,,16451
ne.wikibooks.org,2021-01,7381,8101,,15482
ne.wikibooks.org,2021-02,10691,6699,,17390
ne.wikibooks.org,2021-03,9719,7152,,16871
ne.wikibooks.org,2021-04,6932,7487,,14419
ne.wikibooks.org,2021-05,7254,10785,,18039
ne.wikibooks.org,2021-06,8796,13215,,22011
ne.wikibooks.org,2021-07,10423,12103,,22526
ne.wikibooks.org,2021-08,17727,12189,,29916
ne.wikibooks.org,2021-09,4653,7863,,12516
ne.wikibooks.org,2021-10,8197,8117,,16314
ne.wikibooks.org,2021-11,6394,5576,,11970
ne.wikibooks.org,2021-12,5539,6645,,12184
ne.wikibooks.org,2022-01,5374,6667,,12041
ne.wikibooks.org,2022-02,12205,5753,,17958
ne.wikibooks.org,2022-03,33490,6387,,39877
ne.wikibooks.org,2022-04,10045,7312,,17357
ne.wikibooks.org,2022-05,9490,8400,,17890
ne.wikibooks.org,2022-06,11035,11224,,22259
ne.wikibooks.org,2022-07,13023,10193,,23216
ne.wikibooks.org,2022-08,12085,11207,,23292
ne.wikibooks.org,2022-09,8185,14994,,23179
ne.wikibooks.org,2022-10,9895,11619,,21514
ne.wikibooks.org,2022-11,9211,13345,,22556
ne.wikibooks.org,2022-12,9870,10299,,20169
ne.wikibooks.org,2023-01,6869,11608,,18477
ne.wikibooks.org,2023-02,9591,15417,,25008
ne.wikibooks.org,2023-03,11499,20040,,31539
ne.wikibooks.org,2023-04,8260,13405,,21665
ne.wikibooks.org,2023-05,10828,25307,,36135
ne.wikibooks.org,2023-06,13521,26151,,39672
ne.wikibooks.org,2023-07,8649,21043,,29692
ne.wikibooks.org,2023-08,10115,20620,,30735
ne.wikibooks.org,2023-09,8933,12688,,21621
ne.wikibooks.org,2023-10,6562,21005,,27567
ne.wikibooks.org,2023-11,7756,17253,,25009
ne.wikibooks.org,2023-12,14471,24302,,38773
ne.wikibooks.org,2024-01,17116,22599,,39715
ne.wikibooks.org,2024-02,7774,24590,,32364
ne.wikibooks.org,2024-03,15213,34436,,49649
ne.wikibooks.org,2024-04,12604,37437,,50041
ne.wikibooks.org,2024-05,9504,25078,,34582
ne.wikibooks.org,2024-06,16298,33958,,50256
ne.wikibooks.org,2024-07,5871,21334,,27205
ne.wikibooks.org,2024-08,11181,16993,,28174
ne.wikibooks.org,2024-09,10969,17470,,28439
ne.wikibooks.org,2024-10,7300,23303,,30603
ne.wikibooks.org,2024-11,16496,20028,,36524
ne.wikibooks.org,2024-12,44177,24207,,68384
ne.wikibooks.org,2025-01,33827,17719,,51546
ne.wikibooks.org,2025-02,19468,18102,,37570
ne.wikibooks.org,2025-03,17843,21131,,38974
ne.wikibooks.org,2025-04,6489,13389,,19878
ne.wikibooks.org,2025-05,35013,22708,,57721
ne.wikibooks.org,2025-06,90868,92041,,182909
ne.wikibooks.org,2025-07,11209,122857,,134066
ne.wikibooks.org,2025-08,23456,13578,,37034
ne.wikibooks.org,2025-09,22932,25454,,48386
ne.wikibooks.org,2025-10,62979,38525,,101504
ne.wikibooks.org,2025-11,35385,10494,,45879
ne.wikibooks.org,2025-12,17750,7695,,25445
ne.wikibooks.org,2026-01,9010,7660,,16670
ne.wikibooks.org,2026-02,9053,8099,,17152
ne.wikibooks.org,2026-03,30601,14310,,44911
ne.wikibooks.org,2026-04,28151,6223,,34374
ne.wikibooks.org,2026-05,39850,7003,,46853
ne.wikibooks.org,2026-06,28838,25185,,54023
ne.wikibooks.org,2026-07,58855,36268,,95123
new.wikipedia.org,2015-07,149440,39429,452,189321
new.wikipedia.org,2015-08,155498,33849,648,189995
new.wikipedia.org,2015-09,186649,25903,510,213062
new.wikipedia.org,2015-10,132264,29356,422,162042
new.wikipedia.org,2015-11,128330,24780,551,153661
new.wikipedia.org,2015-12,163850,22441,657,186948
new.wikipedia.org,2016-01,193958,28204,582,222744
new.wikipedia.org,2016-02,138433,21108,868,160409
new.wikipedia.org,2016-03,161306,23343,1055,185704
new.wikipedia.org,2016-04,216592,25091,1112,242795
new.wikipedia.org,2016-05,314916,32315,1360,348591
new.wikipedia.org,2016-06,397865,19471,1799,419135
new.wikipedia.org,2016-07,117844,23446,1610,142900
new.wikipedia.org,2016-08,176323,22372,1406,200101
new.wikipedia.org,2016-09,151208,22239,1502,174949
new.wikipedia.org,2016-10,251802,22591,978,275371
new.wikipedia.org,2016-11,337655,33749,1554,372958
new.wikipedia.org,2016-12,202376,20572,2619,225567
new.wikipedia.org,2017-01,179925,21008,2644,203577
new.wikipedia.org,2017-02,180459,24076,2716,207251
new.wikipedia.org,2017-03,257407,22076,1538,281021
new.wikipedia.org,2017-04,174435,19021,547,194003
new.wikipedia.org,2017-05,213727,19016,476,233219
new.wikipedia.org,2017-06,165813,24680,1105,191598
new.wikipedia.org,2017-07,195410,24106,582,220098
new.wikipedia.org,2017-08,263432,21746,589,285767
new.wikipedia.org,2017-09,360336,24724,477,385537
new.wikipedia.org,2017-10,173740,21783,464,195987
new.wikipedia.org,2017-11,179739,22607,595,202941
new.wikipedia.org,2017-12,178776,22381,629,201786
new.wikipedia.org,2018-01,199346,25576,547,225469
new.wikipedia.org,2018-02,198497,22849,467,221813
new.wikipedia.org,2018-03,137248,26776,504,164528
new.wikipedia.org,2018-04,116212,24159,395,140766
new.wikipedia.org,2018-05,137215,32341,262,169818
new.wikipedia.org,2018-06,279189,30471,266,309926
new.wikipedia.org,2018-07,151544,55739,234,207517
new.wikipedia.org,2018-08,151944,83057,199,235200
new.wikipedia.org,2018-09,171786,67137,254,239177
new.wikipedia.org,2018-10,233479,91828,220,325527
new.wikipedia.org,2018-11,259002,51061,236,310299
new.wikipedia.org,2018-12,194996,63655,202,258853
new.wikipedia.org,2019-01,205468,45920,253,251641
new.wikipedia.org,2019-02,177315,42854,180,220349
new.wikipedia.org,2019-03,175335,53564,175,229074
new.wikipedia.org,2019-04,222110,34272,274,256656
new.wikipedia.org,2019-05,206888,32440,208,239536
new.wikipedia.org,2019-06,175383,29761,159,205303
new.wikipedia.org,2019-07,253806,31963,142,285911
new.wikipedia.org,2019-08,309994,35895,188,346077
new.wikipedia.org,2019-09,202190,43662,272,246124
new.wikipedia.org,2019-10,206463,55934,191,262588
new.wikipedia.org,2019-11,185784,42390,247,228421
new.wikipedia.org,2019-12,125600,44251,231,170082
new.wikipedia.org,2020-01,162879,48000,228,211107
new.wikipedia.org,2020-02,165130,65090,222,230442
new.wikipedia.org,2020-03,142503,41675,190,184368
new.wikipedia.org,2020-04,235352,67541,248,303141
new.wikipedia.org,2020-05,128823,35327,151,164301
new.wikipedia.org,2020-06,109335,23246,61,132642
new.wikipedia.org,2020-07,136320,22443,313,159076
new.wikipedia.org,2020-08,111060,23094,130,134284
new.wikipedia.org,2020-09,146323,28976,425,175724
new.wikipedia.org,2020-10,118797,23545,245,142587
new.wikipedia.org,2020-11,101038,21785,169,122992
new.wikipedia.org,2020-12,87308,26216,214,113738
new.wikipedia.org,2021-01,85781,31435,203,117419
new.wikipedia.org,2021-02,96987,28462,212,125661
new.wikipedia.org,2021-03,100079,28692,245,129016
new.wikipedia.org,2021-04,112633,22600,183,135416
new.wikipedia.org,2021-05,87445,24530,217,112192
new.wikipedia.org,2021-06,110476,26171,162,136809
new.wikipedia.org,2021-07,104838,24258,167,129263
new.wikipedia.org,2021-08,176720,24232,176,201128
new.wikipedia.org,2021-09,91886,23070,172,115128
new.wikipedia.org,2021-10,86702,21530,198,108430
new.wikipedia.org,2021-11,91414,21946,147,113507
new.wikipedia.org,2021-12,97157,22739,170,120066
new.wikipedia.org,2022-01,128768,31973,191,160932
new.wikipedia.org,2022-02,128332,30162,145,158639
new.wikipedia.org,2022-03,118670,55028,187,173885
new.wikipedia.org,2022-04,98342,25550,136,124028
new.wikipedia.org,2022-05,103091,33335,163,136589
new.wikipedia.org,2022-06,175095,40579,101,215775
new.wikipedia.org,2022-07,85512,35814,148,121474
new.wikipedia.org,2022-08,111493,55661,218,167372
new.wikipedia.org,2022-09,127779,36882,158,164819
new.wikipedia.org,2022-10,129935,42783,198,172916
new.wikipedia.org,2022-11,106653,45780,234,152667
new.wikipedia.org,2022-12,96789,47923,175,144887
new.wikipedia.org,2023-01,120554,36659,190,157403
new.wikipedia.org,2023-02,108715,49302,177,158194
new.wikipedia.org,2023-03,134423,77610,151,212184
new.wikipedia.org,2023-04,89699,39115,129,128943
new.wikipedia.org,2023-05,104796,69897,97,174790
new.wikipedia.org,2023-06,179740,152004,165,331909
new.wikipedia.org,2023-07,155515,121289,114,276918
new.wikipedia.org,2023-08,132218,138602,154,270974
new.wikipedia.org,2023-09,114704,62680,107,177491
new.wikipedia.org,2023-10,125490,100815,101,226406
new.wikipedia.org,2023-11,134258,66541,135,200934
new.wikipedia.org,2023-12,131092,63570,123,194785
new.wikipedia.org,2024-01,211158,57405,164,268727
new.wikipedia.org,2024-02,85386,49482,215,135083
new.wikipedia.org,2024-03,111368,64455,183,176006
new.wikipedia.org,2024-04,115267,100684,166,216117
new.wikipedia.org,2024-05,119661,81705,160,201526
new.wikipedia.org,2024-06,90536,115465,131,206132
new.wikipedia.org,2024-07,156462,104928,133,261523
new.wikipedia.org,2024-08,213561,216375,170,430106
new.wikipedia.org,2024-09,45004,38316,168,83488
new.wikipedia.org,2024-10,50641,28757,156,79554
new.wikipedia.org,2024-11,142024,65644,128,207796
new.wikipedia.org,2024-12,79971,28901,149,109021
new.wikipedia.org,2025-01,260828,124037,192,385057
new.wikipedia.org,2025-02,179476,130165,109,309750
new.wikipedia.org,2025-03,198903,109052,123,308078
new.wikipedia.org,2025-04,165323,74146,131,239600
new.wikipedia.org,2025-05,164461,93150,113,257724
new.wikipedia.org,2025-06,117390,105898,133,223421
new.wikipedia.org,2025-07,538162,201210,121,739493
new.wikipedia.org,2025-08,252543,92993,98,345634
new.wikipedia.org,2025-09,155113,267207,91,422411
new.wikipedia.org,2025-10,423141,61277,88,484506
new.wikipedia.org,2025-11,333544,60772,73,394389
new.wikipedia.org,2025-12,141705,25202,84,166991
new.wikipedia.org,2026-01,217570,24868,118,242556
new.wikipedia.org,2026-02,155107,44311,87,199505
new.wikipedia.org,2026-03,153340,35624,144,189108
new.wikipedia.org,2026-04,234591,20381,83,255055
new.wikipedia.org,2026-05,683718,35346,133,719197
new.wikipedia.org,2026-06,328447,36788,123,365358
new.wikipedia.org,2026-07,983250,163477,113,1146840
or.wikipedia.org,2015-07,487227,106432,916,594575
or.wikipedia.org,2015-08,204468,34526,1260,240254
or.wikipedia.org,2015-09,254471,33567,888,288926
or.wikipedia.org,2015-10,179830,32242,1557,213629
or.wikipedia.org,2015-11,149882,33011,2063,184956
or.wikipedia.org,2015-12,171080,32211,2012,205303
or.wikipedia.org,2016-01,240231,42345,3058,285634
or.wikipedia.org,2016-02,156781,37003,2060,195844
or.wikipedia.org,2016-03,161834,27743,1407,190984
or.wikipedia.org,2016-04,310760,38493,861,350114
or.wikipedia.org,2016-05,431813,42168,1280,475261
or.wikipedia.org,2016-06,621658,50300,2166,674124
or.wikipedia.org,2016-07,178694,40896,1793,221383
or.wikipedia.org,2016-08,223709,45768,1784,271261
or.wikipedia.org,2016-09,235422,47615,1689,284726
or.wikipedia.org,2016-10,256848,48963,1942,307753
or.wikipedia.org,2016-11,257152,46076,1991,305219
or.wikipedia.org,2016-12,255939,49347,2189,307475
or.wikipedia.org,2017-01,258416,61981,2818,323215
or.wikipedia.org,2017-02,251864,64841,2465,319170
or.wikipedia.org,2017-03,280784,70165,3054,354003
or.wikipedia.org,2017-04,210565,59365,2315,272245
or.wikipedia.org,2017-05,224421,65689,2555,292665
or.wikipedia.org,2017-06,208558,82282,4305,295145
or.wikipedia.org,2017-07,222785,83069,4729,310583
or.wikipedia.org,2017-08,296008,100067,4854,400929
or.wikipedia.org,2017-09,358499,100197,4653,463349
or.wikipedia.org,2017-10,215157,114439,5539,335135
or.wikipedia.org,2017-11,221279,99379,5347,326005
or.wikipedia.org,2017-12,211014,94373,4732,310119
or.wikipedia.org,2018-01,193986,111275,5861,311122
or.wikipedia.org,2018-02,204160,118981,4854,327995
or.wikipedia.org,2018-03,185193,100272,3644,289109
or.wikipedia.org,2018-04,328942,100418,4291,433651
or.wikipedia.org,2018-05,185146,97748,4307,287201
or.wikipedia.org,2018-06,223881,119918,4728,348527
or.wikipedia.org,2018-07,270823,156437,8570,435830
or.wikipedia.org,2018-08,231732,216893,11163,459788
or.wikipedia.org,2018-09,210919,207546,10021,428486
or.wikipedia.org,2018-10,222952,203758,8627,435337
or.wikipedia.org,2018-11,465943,140009,10253,616205
or.wikipedia.org,2018-12,261740,144832,9947,416519
or.wikipedia.org,2019-01,313510,137214,9741,460465
or.wikipedia.org,2019-02,252096,138512,10810,401418
or.wikipedia.org,2019-03,259894,141981,10421,412296
or.wikipedia.org,2019-04,264336,91735,7852,363923
or.wikipedia.org,2019-05,224947,76996,6671,308614
or.wikipedia.org,2019-06,236375,88098,6885,331358
or.wikipedia.org,2019-07,298742,102376,8992,410110
or.wikipedia.org,2019-08,347429,136250,13146,496825
or.wikipedia.org,2019-09,255906,141851,13269,411026
or.wikipedia.org,2019-10,242403,149518,13687,405608
or.wikipedia.org,2019-11,291714,150397,11504,453615
or.wikipedia.org,2019-12,143175,126462,12464,282101
or.wikipedia.org,2020-01,215156,116494,11573,343223
or.wikipedia.org,2020-02,199997,134370,12277,346644
or.wikipedia.org,2020-03,210987,100454,10539,321980
or.wikipedia.org,2020-04,259583,136217,10754,406554
or.wikipedia.org,2020-05,194122,94965,8668,297755
or.wikipedia.org,2020-06,151364,89389,3247,244000
or.wikipedia.org,2020-07,160785,97409,7515,265709
or.wikipedia.org,2020-08,139876,110792,7368,258036
or.wikipedia.org,2020-09,183434,109616,38415,331465
or.wikipedia.org,2020-10,151601,97531,27403,276535
or.wikipedia.org,2020-11,140283,78074,17263,235620
or.wikipedia.org,2020-12,122402,80779,14773,217954
or.wikipedia.org,2021-01,149735,91260,15805,256800
or.wikipedia.org,2021-02,159480,86240,14700,260420
or.wikipedia.org,2021-03,130996,121625,17772,270393
or.wikipedia.org,2021-04,140433,108569,13204,262206
or.wikipedia.org,2021-05,123106,99959,12228,235293
or.wikipedia.org,2021-06,152919,113622,14166,280707
or.wikipedia.org,2021-07,127431,131654,14549,273634
or.wikipedia.org,2021-08,197938,155703,16284,369925
or.wikipedia.org,2021-09,126297,247551,20351,394199
or.wikipedia.org,2021-10,146939,202337,17326,366602
or.wikipedia.org,2021-11,165645,193787,19800,379232
or.wikipedia.org,2021-12,114587,161379,14407,290373
or.wikipedia.org,2022-01,124663,150341,14064,289068
or.wikipedia.org,2022-02,118998,128896,11365,259259
or.wikipedia.org,2022-03,121915,158292,12058,292265
or.wikipedia.org,2022-04,103309,122717,10591,236617
or.wikipedia.org,2022-05,122483,125482,10639,258604
or.wikipedia.org,2022-06,194579,161365,10570,366514
or.wikipedia.org,2022-07,116280,167341,13941,297562
or.wikipedia.org,2022-08,132644,195156,13044,340844
or.wikipedia.org,2022-09,144756,150575,11227,306558
or.wikipedia.org,2022-10,145988,158758,10689,315435
or.wikipedia.org,2022-11,116263,154383,12038,282684
or.wikipedia.org,2022-12,116327,151158,11451,278936
or.wikipedia.org,2023-01,127953,168425,12497,308875
or.wikipedia.org,2023-02,125424,171582,13596,310602
or.wikipedia.org,2023-03,271630,184917,12355,468902
or.wikipedia.org,2023-04,109263,146119,10077,265459
or.wikipedia.org,2023-05,126241,172716,10196,309153
or.wikipedia.org,2023-06,199414,268639,9052,477105
or.wikipedia.org,2023-07,191843,241807,8388,442038
or.wikipedia.org,2023-08,155050,264697,10551,430298
or.wikipedia.org,2023-09,138849,194535,8891,342275
or.wikipedia.org,2023-10,154077,228983,8957,392017
or.wikipedia.org,2023-11,152237,221772,9292,383301
or.wikipedia.org,2023-12,138470,189044,7706,335220
or.wikipedia.org,2024-01,233443,268926,10393,512762
or.wikipedia.org,2024-02,118463,248755,9097,376315
or.wikipedia.org,2024-03,137773,214662,8973,361408
or.wikipedia.org,2024-04,145285,261094,8424,414803
or.wikipedia.org,2024-05,147216,188699,7870,343785
or.wikipedia.org,2024-06,133929,218459,9260,361648
or.wikipedia.org,2024-07,80848,242353,10431,333632
or.wikipedia.org,2024-08,120120,257042,11556,388718
or.wikipedia.org,2024-09,67033,197270,8734,273037
or.wikipedia.org,2024-10,87275,186030,8389,281694
or.wikipedia.org,2024-11,226299,326944,10345,563588
or.wikipedia.org,2024-12,114432,244457,10561,369450
or.wikipedia.org,2025-01,268346,445071,9998,723415
or.wikipedia.org,2025-02,249822,285251,8606,543679
or.wikipedia.org,2025-03,177428,273256,10237,460921
or.wikipedia.org,2025-04,167657,244769,8176,420602
or.wikipedia.org,2025-05,159684,228667,5582,393933
or.wikipedia.org,2025-06,129977,248783,6151,384911
or.wikipedia.org,2025-07,551098,313632,7676,872406
or.wikipedia.org,2025-08,191628,300068,7465,499161
or.wikipedia.org,2025-09,167718,315427,7703,490848
or.wikipedia.org,2025-10,259011,250963,6868,516842
or.wikipedia.org,2025-11,276374,241918,7222,525514
or.wikipedia.org,2025-12,190728,191539,7832,390099
or.wikipedia.org,2026-01,294523,206616,6846,507985
or.wikipedia.org,2026-02,183097,196555,6084,385736
or.wikipedia.org,2026-03,230645,153983,5825,390453
or.wikipedia.org,2026-04,264280,135146,5320,404746
or.wikipedia.org,2026-05,319094,108267,4327,431688
or.wikipedia.org,2026-06,252299,127927,4174,384400
or.wikipedia.org,2026-07,247187,242936,4336,494459
or.wiktionary.org,2015-07,4395,1007,,5402
or.wiktionary.org,2015-08,3067,796,,3863
or.wiktionary.org,2015-09,5134,868,,6002
or.wiktionary.org,2015-10,4382,877,,5259
or.wiktionary.org,2015-11,3204,1027,,4231
or.wiktionary.org,2015-12,5639,1317,,6956
or.wiktionary.org,2016-01,4567,1106,,5673
or.wiktionary.org,2016-02,4383,1050,,5433
or.wiktionary.org,2016-03,3667,953,,4620
or.wiktionary.org,2016-04,19147,4148,,23295
or.wiktionary.org,2016-05,32908,1078,,33986
or.wiktionary.org,2016-06,37725,1231,,38956
or.wiktionary.org,2016-07,6089,1427,,7516
or.wiktionary.org,2016-08,4830,2102,,6932
or.wiktionary.org,2016-09,5518,2070,,7588
or.wiktionary.org,2016-10,18432,1700,,20132
or.wiktionary.org,2016-11,5087,1718,,6805
or.wiktionary.org,2016-12,7408,2156,,9564
or.wiktionary.org,2017-01,7039,2236,,9275
or.wiktionary.org,2017-02,5389,2345,,7734
or.wiktionary.org,2017-03,18511,3291,,21802
or.wiktionary.org,2017-04,6325,3211,,9536
or.wiktionary.org,2017-05,5390,2959,,8349
or.wiktionary.org,2017-06,4988,4058,,9046
or.wiktionary.org,2017-07,5829,4046,,9875
or.wiktionary.org,2017-08,8047,5336,,13383
or.wiktionary.org,2017-09,9738,5613,,15351
or.wiktionary.org,2017-10,5505,5834,,11339
or.wiktionary.org,2017-11,7196,5315,,12511
or.wiktionary.org,2017-12,4857,7371,,12228
or.wiktionary.org,2018-01,11565,6418,,17983
or.wiktionary.org,2018-02,7141,5450,,12591
or.wiktionary.org,2018-03,5892,6930,,12822
or.wiktionary.org,2018-04,6344,6586,,12930
or.wiktionary.org,2018-05,8750,6947,,15697
or.wiktionary.org,2018-06,9333,6887,,16220
or.wiktionary.org,2018-07,7359,7695,,15054
or.wiktionary.org,2018-08,8349,9583,,17932
or.wiktionary.org,2018-09,8391,9508,,17899
or.wiktionary.org,2018-10,6211,8208,,14419
or.wiktionary.org,2018-11,9573,13684,,23257
or.wiktionary.org,2018-12,6239,9619,,15858
or.wiktionary.org,2019-01,10502,13977,,24479
or.wiktionary.org,2019-02,8338,14129,,22467
or.wiktionary.org,2019-03,12831,18711,,31542
or.wiktionary.org,2019-04,14492,13254,,27746
or.wiktionary.org,2019-05,8721,5104,,13825
or.wiktionary.org,2019-06,6951,5574,,12525
or.wiktionary.org,2019-07,22887,7844,2,30733
or.wiktionary.org,2019-08,64186,14367,,78553
or.wiktionary.org,2019-09,27971,9713,,37684
or.wiktionary.org,2019-10,9014,12121,,21135
or.wiktionary.org,2019-11,5852,11048,,16900
or.wiktionary.org,2019-12,4488,8750,,13238
or.wiktionary.org,2020-01,4411,7359,,11770
or.wiktionary.org,2020-02,10126,8815,,18941
or.wiktionary.org,2020-03,8231,7775,,16006
or.wiktionary.org,2020-04,8397,12975,,21372
or.wiktionary.org,2020-05,19436,10785,,30221
or.wiktionary.org,2020-06,5018,8479,,13497
or.wiktionary.org,2020-07,15476,9276,3,24755
or.wiktionary.org,2020-08,10960,10167,,21127
or.wiktionary.org,2020-09,19287,12002,,31289
or.wiktionary.org,2020-10,23569,11636,,35205
or.wiktionary.org,2020-11,5309,7737,,13046
or.wiktionary.org,2020-12,6517,8590,,15107
or.wiktionary.org,2021-01,8676,9248,,17924
or.wiktionary.org,2021-02,10717,8008,,18725
or.wiktionary.org,2021-03,8297,7560,,15857
or.wiktionary.org,2021-04,8126,7496,,15622
or.wiktionary.org,2021-05,6438,7961,,14399
or.wiktionary.org,2021-06,9041,9224,,18265
or.wiktionary.org,2021-07,11117,9344,,20461
or.wiktionary.org,2021-08,19375,9939,,29314
or.wiktionary.org,2021-09,8055,11608,,19663
or.wiktionary.org,2021-10,8265,12240,,20505
or.wiktionary.org,2021-11,9514,18562,,28076
or.wiktionary.org,2021-12,4706,8652,,13358
or.wiktionary.org,2022-01,6689,10029,,16718
or.wiktionary.org,2022-02,7799,8708,,16507
or.wiktionary.org,2022-03,7781,8216,,15997
or.wiktionary.org,2022-04,7798,6600,,14398
or.wiktionary.org,2022-05,10736,8516,,19252
or.wiktionary.org,2022-06,8663,8185,,16848
or.wiktionary.org,2022-07,8970,9141,,18111
or.wiktionary.org,2022-08,13353,11953,,25306
or.wiktionary.org,2022-09,6789,7623,,14412
or.wiktionary.org,2022-10,16489,10602,,27091
or.wiktionary.org,2022-11,12449,10373,,22822
or.wiktionary.org,2022-12,21446,16125,,37571
or.wiktionary.org,2023-01,5814,8779,,14593
or.wiktionary.org,2023-02,20004,12584,,32588
or.wiktionary.org,2023-03,26111,19179,,45290
or.wiktionary.org,2023-04,6409,9604,,16013
or.wiktionary.org,2023-05,6715,11119,,17834
or.wiktionary.org,2023-06,15159,18616,,33775
or.wiktionary.org,2023-07,12285,20532,,32817
or.wiktionary.org,2023-08,11247,32116,,43363
or.wiktionary.org,2023-09,7329,11816,,19145
or.wiktionary.org,2023-10,9381,14330,,23711
or.wiktionary.org,2023-11,8418,12257,,20675
or.wiktionary.org,2023-12,17418,14831,,32249
or.wiktionary.org,2024-01,7482,14203,,21685
or.wiktionary.org,2024-02,3757,15951,,19708
or.wiktionary.org,2024-03,24612,27702,,52314
or.wiktionary.org,2024-04,47146,21183,,68329
or.wiktionary.org,2024-05,18501,17078,,35579
or.wiktionary.org,2024-06,35523,41415,,76938
or.wiktionary.org,2024-07,7950,19251,,27201
or.wiktionary.org,2024-08,7491,13675,,21166
or.wiktionary.org,2024-09,13624,52741,,66365
or.wiktionary.org,2024-10,41528,77109,,118637
or.wiktionary.org,2024-11,38294,36349,,74643
or.wiktionary.org,2024-12,102746,89248,,191994
or.wiktionary.org,2025-01,49690,47291,,96981
or.wiktionary.org,2025-02,41804,26790,,68594
or.wiktionary.org,2025-03,51750,20169,,71919
or.wiktionary.org,2025-04,25631,13249,,38880
or.wiktionary.org,2025-05,41822,23265,,65087
or.wiktionary.org,2025-06,53703,24777,,78480
or.wiktionary.org,2025-07,246368,70565,,316933
or.wiktionary.org,2025-08,233047,26721,,259768
or.wiktionary.org,2025-09,185523,181685,,367208
or.wiktionary.org,2025-10,230494,99264,,329758
or.wiktionary.org,2025-11,61001,20549,,81550
or.wiktionary.org,2025-12,72687,9415,,82102
or.wiktionary.org,2026-01,57503,10542,,68045
or.wiktionary.org,2026-02,12389,11007,,23396
or.wiktionary.org,2026-03,25634,11926,,37560
or.wiktionary.org,2026-04,54787,7476,,62263
or.wiktionary.org,2026-05,143793,5643,,149436
or.wiktionary.org,2026-06,140049,48723,,188772
or.wiktionary.org,2026-07,57666,6298,,63964
or.wikisource.org,2015-07,5210,1102,,6312
or.wikisource.org,2015-08,9118,1098,,10216
or.wikisource.org,2015-09,11611,1285,,12896
or.wikisource.org,2015-10,15736,2662,,18398
or.wikisource.org,2015-11,12702,1788,,14490
or.wikisource.org,2015-12,22441,4360,,26801
or.wikisource.org,2016-01,18098,2551,,20649
or.wikisource.org,2016-02,14991,2786,,17777
or.wikisource.org,2016-03,8631,1659,,10290
or.wikisource.org,2016-04,27720,5583,,33303
or.wikisource.org,2016-05,44619,2036,1,46656
or.wikisource.org,2016-06,71123,2173,,73296
or.wikisource.org,2016-07,6846,2181,,9027
or.wikisource.org,2016-08,7326,2466,,9792
or.wikisource.org,2016-09,7234,3298,,10532
or.wikisource.org,2016-10,7459,3278,,10737
or.wikisource.org,2016-11,5176,2980,,8156
or.wikisource.org,2016-12,19475,3762,,23237
or.wikisource.org,2017-01,493703,4214,3,497920
or.wikisource.org,2017-02,10300,8653,,18953
or.wikisource.org,2017-03,9600,6395,,15995
or.wikisource.org,2017-04,8893,8618,,17511
or.wikisource.org,2017-05,5365,7034,1,12400
or.wikisource.org,2017-06,55868,7042,,62910
or.wikisource.org,2017-07,6763,8896,,15659
or.wikisource.org,2017-08,26328,24490,,50818
or.wikisource.org,2017-09,10089,15552,,25641
or.wikisource.org,2017-10,5303,13089,,18392
or.wikisource.org,2017-11,8437,13166,,21603
or.wikisource.org,2017-12,129888,28004,,157892
or.wikisource.org,2018-01,6537,13574,,20111
or.wikisource.org,2018-02,8029,12883,,20912
or.wikisource.org,2018-03,10093,14676,,24769
or.wikisource.org,2018-04,9135,13507,,22642
or.wikisource.org,2018-05,11693,14292,,25985
or.wikisource.org,2018-06,11333,16123,,27456
or.wikisource.org,2018-07,10263,17169,,27432
or.wikisource.org,2018-08,13610,22734,,36344
or.wikisource.org,2018-09,12588,20594,,33182
or.wikisource.org,2018-10,12043,20264,,32307
or.wikisource.org,2018-11,17895,18544,,36439
or.wikisource.org,2018-12,14889,17287,,32176
or.wikisource.org,2019-01,16117,15913,,32030
or.wikisource.org,2019-02,14735,15976,4,30715
or.wikisource.org,2019-03,15813,13652,,29465
or.wikisource.org,2019-04,18938,11683,,30621
or.wikisource.org,2019-05,13752,9583,,23335
or.wikisource.org,2019-06,11452,12154,,23606
or.wikisource.org,2019-07,22522,15166,,37688
or.wikisource.org,2019-08,57144,26330,,83474
or.wikisource.org,2019-09,25536,23707,,49243
or.wikisource.org,2019-10,18729,21853,6,40588
or.wikisource.org,2019-11,8901,24792,,33693
or.wikisource.org,2019-12,7564,19686,,27250
or.wikisource.org,2020-01,6964,17249,,24213
or.wikisource.org,2020-02,8802,20066,,28868
or.wikisource.org,2020-03,6787,17783,,24570
or.wikisource.org,2020-04,12637,28607,,41244
or.wikisource.org,2020-05,16876,22380,,39256
or.wikisource.org,2020-06,9621,18862,5,28488
or.wikisource.org,2020-07,11091,24093,21,35205
or.wikisource.org,2020-08,16904,27914,,44818
or.wikisource.org,2020-09,15791,25226,,41017
or.wikisource.org,2020-10,11393,25327,,36720
or.wikisource.org,2020-11,10631,15429,,26060
or.wikisource.org,2020-12,9311,17888,,27199
or.wikisource.org,2021-01,13780,21953,,35733
or.wikisource.org,2021-02,15457,16635,,32092
or.wikisource.org,2021-03,16040,21414,,37454
or.wikisource.org,2021-04,13821,22007,,35828
or.wikisource.org,2021-05,11582,23497,,35079
or.wikisource.org,2021-06,14612,23820,,38432
or.wikisource.org,2021-07,16198,25037,,41235
or.wikisource.org,2021-08,24816,28415,,53231
or.wikisource.org,2021-09,18867,35663,,54530
or.wikisource.org,2021-10,13510,33971,,47481
or.wikisource.org,2021-11,18081,28398,,46479
or.wikisource.org,2021-12,13379,25850,,39229
or.wikisource.org,2022-01,11804,23170,,34974
or.wikisource.org,2022-02,8481,17715,,26196
or.wikisource.org,2022-03,15253,22208,,37461
or.wikisource.org,2022-04,9222,21026,,30248
or.wikisource.org,2022-05,11725,23635,,35360
or.wikisource.org,2022-06,10807,23922,,34729
or.wikisource.org,2022-07,11653,23475,,35128
or.wikisource.org,2022-08,15520,27143,,42663
or.wikisource.org,2022-09,12379,25314,,37693
or.wikisource.org,2022-10,21460,24802,,46262
or.wikisource.org,2022-11,11199,19264,,30463
or.wikisource.org,2022-12,23618,21032,,44650
or.wikisource.org,2023-01,6409,17113,,23522
or.wikisource.org,2023-02,16846,20004,,36850
or.wikisource.org,2023-03,25259,26711,,51970
or.wikisource.org,2023-04,8368,21652,,30020
or.wikisource.org,2023-05,8697,25776,,34473
or.wikisource.org,2023-06,10926,27253,,38179
or.wikisource.org,2023-07,18670,24474,,43144
or.wikisource.org,2023-08,9826,20883,,30709
or.wikisource.org,2023-09,8835,21650,,30485
or.wikisource.org,2023-10,8967,21794,,30761
or.wikisource.org,2023-11,7982,21835,,29817
or.wikisource.org,2023-12,22118,24539,,46657
or.wikisource.org,2024-01,32836,31664,,64500
or.wikisource.org,2024-02,8363,28250,,36613
or.wikisource.org,2024-03,11461,29666,,41127
or.wikisource.org,2024-04,17519,40136,,57655
or.wikisource.org,2024-05,12627,41707,,54334
or.wikisource.org,2024-06,43106,58563,,101669
or.wikisource.org,2024-07,18200,54340,,72540
or.wikisource.org,2024-08,32338,66380,,98718
or.wikisource.org,2024-09,57199,142448,,199647
or.wikisource.org,2024-10,33731,88756,,122487
or.wikisource.org,2024-11,16165,46293,,62458
or.wikisource.org,2024-12,30213,38274,,68487
or.wikisource.org,2025-01,23249,31850,,55099
or.wikisource.org,2025-02,23465,66859,,90324
or.wikisource.org,2025-03,20378,66286,,86664
or.wikisource.org,2025-04,13214,33770,,46984
or.wikisource.org,2025-05,37902,61139,,99041
or.wikisource.org,2025-06,66634,66588,,133222
or.wikisource.org,2025-07,113062,528361,,641423
or.wikisource.org,2025-08,44236,69307,,113543
or.wikisource.org,2025-09,62882,123277,,186159
or.wikisource.org,2025-10,70287,92878,,163165
or.wikisource.org,2025-11,71154,37514,,108668
or.wikisource.org,2025-12,26599,28371,,54970
or.wikisource.org,2026-01,20819,28626,,49445
or.wikisource.org,2026-02,16933,22499,,39432
or.wikisource.org,2026-03,28394,27450,,55844
or.wikisource.org,2026-04,38714,24897,,63611
or.wikisource.org,2026-05,55894,27041,,82935
or.wikisource.org,2026-06,57844,28411,,86255
or.wikisource.org,2026-07,67162,33073,,100235
pa.wikipedia.org,2015-07,259341,84366,4009,347716
pa.wikipedia.org,2015-08,257648,67040,3806,328494
pa.wikipedia.org,2015-09,261639,66605,3940,332184
pa.wikipedia.org,2015-10,254750,71583,3877,330210
pa.wikipedia.org,2015-11,279634,75035,6166,360835
pa.wikipedia.org,2015-12,262997,81015,5479,349491
pa.wikipedia.org,2016-01,313094,94631,4775,412500
pa.wikipedia.org,2016-02,240082,71245,4708,316035
pa.wikipedia.org,2016-03,214297,68399,5026,287722
pa.wikipedia.org,2016-04,758674,92879,4573,856126
pa.wikipedia.org,2016-05,847417,156609,5395,1009421
pa.wikipedia.org,2016-06,635604,147081,5548,788233
pa.wikipedia.org,2016-07,270133,140133,4801,415067
pa.wikipedia.org,2016-08,312021,96378,4490,412889
pa.wikipedia.org,2016-09,320325,91583,3670,415578
pa.wikipedia.org,2016-10,391973,100931,4476,497380
pa.wikipedia.org,2016-11,413384,105539,5778,524701
pa.wikipedia.org,2016-12,387395,113488,5895,506778
pa.wikipedia.org,2017-01,334134,126841,4390,465365
pa.wikipedia.org,2017-02,325630,97355,4481,427466
pa.wikipedia.org,2017-03,348950,110504,5155,464609
pa.wikipedia.org,2017-04,315609,128557,5420,449586
pa.wikipedia.org,2017-05,321352,143874,6352,471578
pa.wikipedia.org,2017-06,309560,241504,7674,558738
pa.wikipedia.org,2017-07,313564,208481,8867,530912
pa.wikipedia.org,2017-08,340055,146981,6098,493134
pa.wikipedia.org,2017-09,436374,177471,7825,621670
pa.wikipedia.org,2017-10,309165,189008,7990,506163
pa.wikipedia.org,2017-11,312298,188551,8024,508873
pa.wikipedia.org,2017-12,296873,217717,7663,522253
pa.wikipedia.org,2018-01,292006,189608,7496,489110
pa.wikipedia.org,2018-02,272732,173570,6183,452485
pa.wikipedia.org,2018-03,252884,283430,6952,543266
pa.wikipedia.org,2018-04,208925,350565,6115,565605
pa.wikipedia.org,2018-05,276666,341270,6739,624675
pa.wikipedia.org,2018-06,373019,555988,7945,936952
pa.wikipedia.org,2018-07,380941,368700,7898,757539
pa.wikipedia.org,2018-08,276926,468244,9187,754357
pa.wikipedia.org,2018-09,276118,299714,10586,586418
pa.wikipedia.org,2018-10,334407,302833,10674,647914
pa.wikipedia.org,2018-11,497657,235028,8566,741251
pa.wikipedia.org,2018-12,335595,270391,9010,614996
pa.wikipedia.org,2019-01,398501,226933,6395,631829
pa.wikipedia.org,2019-02,309887,227514,6202,543603
pa.wikipedia.org,2019-03,352474,344353,9171,705998
pa.wikipedia.org,2019-04,343413,247951,8793,600157
pa.wikipedia.org,2019-05,326202,292715,10148,629065
pa.wikipedia.org,2019-06,327249,500673,10003,837925
pa.wikipedia.org,2019-07,387984,370533,8224,766741
pa.wikipedia.org,2019-08,390485,348811,8213,747509
pa.wikipedia.org,2019-09,309803,387455,8982,706240
pa.wikipedia.org,2019-10,338440,414348,9904,762692
pa.wikipedia.org,2019-11,349327,374908,9658,733893
pa.wikipedia.org,2019-12,219651,390215,8976,618842
pa.wikipedia.org,2020-01,295479,412389,8581,716449
pa.wikipedia.org,2020-02,280351,326825,7306,614482
pa.wikipedia.org,2020-03,224937,371874,8913,605724
pa.wikipedia.org,2020-04,339782,548556,11726,900064
pa.wikipedia.org,2020-05,257093,466496,7272,730861
pa.wikipedia.org,2020-06,204950,330994,1722,537666
pa.wikipedia.org,2020-07,221160,690125,5677,916962
pa.wikipedia.org,2020-08,192634,438132,6973,637739
pa.wikipedia.org,2020-09,241820,748754,11737,1002311
pa.wikipedia.org,2020-10,207569,540521,11425,759515
pa.wikipedia.org,2020-11,177804,583498,9206,770508
pa.wikipedia.org,2020-12,185436,864840,12353,1062629
pa.wikipedia.org,2021-01,216264,538511,8743,763518
pa.wikipedia.org,2021-02,360287,509214,9760,879261
pa.wikipedia.org,2021-03,232640,545603,10319,788562
pa.wikipedia.org,2021-04,230245,378423,8958,617626
pa.wikipedia.org,2021-05,175967,565310,8024,749301
pa.wikipedia.org,2021-06,204060,738375,8795,951230
pa.wikipedia.org,2021-07,178265,861000,9518,1048783
pa.wikipedia.org,2021-08,258950,451960,9122,720032
pa.wikipedia.org,2021-09,157298,422786,9858,589942
pa.wikipedia.org,2021-10,206123,338289,7321,551733
pa.wikipedia.org,2021-11,188714,402414,8806,599934
pa.wikipedia.org,2021-12,166817,482307,8842,657966
pa.wikipedia.org,2022-01,189606,425877,9270,624753
pa.wikipedia.org,2022-02,330073,589799,7757,927629
pa.wikipedia.org,2022-03,359338,437075,7912,804325
pa.wikipedia.org,2022-04,224575,330231,7486,562292
pa.wikipedia.org,2022-05,268988,435268,9303,713559
pa.wikipedia.org,2022-06,339131,706744,8855,1054730
pa.wikipedia.org,2022-07,183772,607976,8990,800738
pa.wikipedia.org,2022-08,179965,452799,7559,640323
pa.wikipedia.org,2022-09,257557,402305,5840,665702
pa.wikipedia.org,2022-10,215587,408774,6090,630451
pa.wikipedia.org,2022-11,199538,538478,6999,745015
pa.wikipedia.org,2022-12,188937,586855,7021,782813
pa.wikipedia.org,2023-01,227589,503177,7256,738022
pa.wikipedia.org,2023-02,201536,405640,5501,612677
pa.wikipedia.org,2023-03,259720,448184,6330,714234
pa.wikipedia.org,2023-04,204476,393949,6563,604988
pa.wikipedia.org,2023-05,233121,613355,7503,853979
pa.wikipedia.org,2023-06,394225,1017476,8027,1419728
pa.wikipedia.org,2023-07,341590,682021,6681,1030292
pa.wikipedia.org,2023-08,297195,575683,6587,879465
pa.wikipedia.org,2023-09,266088,514087,6193,786368
pa.wikipedia.org,2023-10,298194,590233,5691,894118
pa.wikipedia.org,2023-11,274835,603245,5291,883371
pa.wikipedia.org,2023-12,276945,688405,6036,971386
pa.wikipedia.org,2024-01,417623,604889,7233,1029745
pa.wikipedia.org,2024-02,186702,487565,6168,680435
pa.wikipedia.org,2024-03,353915,552208,6382,912505
pa.wikipedia.org,2024-04,244478,622789,5917,873184
pa.wikipedia.org,2024-05,237894,778345,6974,1023213
pa.wikipedia.org,2024-06,229760,1043268,6489,1279517
pa.wikipedia.org,2024-07,154839,586036,5790,746665
pa.wikipedia.org,2024-08,200316,545384,5271,750971
pa.wikipedia.org,2024-09,103150,463660,5260,572070
pa.wikipedia.org,2024-10,239959,444391,4225,688575
pa.wikipedia.org,2024-11,192173,649583,4900,846656
pa.wikipedia.org,2024-12,280144,603522,5127,888793
pa.wikipedia.org,2025-01,507009,776203,4921,1288133
pa.wikipedia.org,2025-02,419556,534089,4227,957872
pa.wikipedia.org,2025-03,279401,556655,4778,840834
pa.wikipedia.org,2025-04,350616,490786,4878,846280
pa.wikipedia.org,2025-05,310053,636609,4411,951073
pa.wikipedia.org,2025-06,216655,864471,4548,1085674
pa.wikipedia.org,2025-07,1056825,650156,3411,1710392
pa.wikipedia.org,2025-08,488192,517108,3390,1008690
pa.wikipedia.org,2025-09,374396,539202,3292,916890
pa.wikipedia.org,2025-10,423603,442027,3484,869114
pa.wikipedia.org,2025-11,451987,470807,3127,925921
pa.wikipedia.org,2025-12,350689,401699,3226,755614
pa.wikipedia.org,2026-01,479033,316006,2618,797657
pa.wikipedia.org,2026-02,295560,235535,2179,533274
pa.wikipedia.org,2026-03,171179,236704,2555,410438
pa.wikipedia.org,2026-04,345324,244592,2805,592721
pa.wikipedia.org,2026-05,507674,243556,2769,753999
pa.wikipedia.org,2026-06,472078,310910,3068,786056
pa.wikipedia.org,2026-07,481928,369294,2465,853687
pa.wiktionary.org,2015-07,3100,505,,3605
pa.wiktionary.org,2015-08,1890,370,,2260
pa.wiktionary.org,2015-09,4190,265,,4455
pa.wiktionary.org,2015-10,5913,375,,6288
pa.wiktionary.org,2015-11,4104,573,,4677
pa.wiktionary.org,2015-12,4981,526,,5507
pa.wiktionary.org,2016-01,5879,705,,6584
pa.wiktionary.org,2016-02,4506,761,,5267
pa.wiktionary.org,2016-03,2697,522,,3219
pa.wiktionary.org,2016-04,5194,14042,,19236
pa.wiktionary.org,2016-05,4036,887,,4923
pa.wiktionary.org,2016-06,47807,716,,48523
pa.wiktionary.org,2016-07,3318,880,,4198
pa.wiktionary.org,2016-08,8569,1194,,9763
pa.wiktionary.org,2016-09,4788,739,,5527
pa.wiktionary.org,2016-10,6458,874,,7332
pa.wiktionary.org,2016-11,2805,600,,3405
pa.wiktionary.org,2016-12,3470,728,,4198
pa.wiktionary.org,2017-01,4657,975,,5632
pa.wiktionary.org,2017-02,4196,726,,4922
pa.wiktionary.org,2017-03,18551,846,1,19398
pa.wiktionary.org,2017-04,3892,860,,4752
pa.wiktionary.org,2017-05,2931,869,,3800
pa.wiktionary.org,2017-06,3128,1322,,4450
pa.wiktionary.org,2017-07,4735,950,,5685
pa.wiktionary.org,2017-08,8914,749,,9663
pa.wiktionary.org,2017-09,18940,973,,19913
pa.wiktionary.org,2017-10,4948,880,,5828
pa.wiktionary.org,2017-11,10017,769,,10786
pa.wiktionary.org,2017-12,6105,808,,6913
pa.wiktionary.org,2018-01,9090,982,,10072
pa.wiktionary.org,2018-02,5942,679,,6621
pa.wiktionary.org,2018-03,6184,885,,7069
pa.wiktionary.org,2018-04,7362,983,,8345
pa.wiktionary.org,2018-05,11487,1516,,13003
pa.wiktionary.org,2018-06,11559,2293,,13852
pa.wiktionary.org,2018-07,7794,1962,,9756
pa.wiktionary.org,2018-08,9159,1900,,11059
pa.wiktionary.org,2018-09,9587,2296,,11883
pa.wiktionary.org,2018-10,7050,2211,,9261
pa.wiktionary.org,2018-11,8281,3718,,11999
pa.wiktionary.org,2018-12,5763,2960,,8723
pa.wiktionary.org,2019-01,10705,4648,,15353
pa.wiktionary.org,2019-02,9087,5781,,14868
pa.wiktionary.org,2019-03,10969,7756,,18725
pa.wiktionary.org,2019-04,15457,5687,,21144
pa.wiktionary.org,2019-05,13299,2799,,16098
pa.wiktionary.org,2019-06,9865,3040,,12905
pa.wiktionary.org,2019-07,30561,4785,,35346
pa.wiktionary.org,2019-08,49640,5549,,55189
pa.wiktionary.org,2019-09,21581,5915,,27496
pa.wiktionary.org,2019-10,12486,5017,,17503
pa.wiktionary.org,2019-11,11320,3752,,15072
pa.wiktionary.org,2019-12,6071,3988,,10059
pa.wiktionary.org,2020-01,4655,3725,,8380
pa.wiktionary.org,2020-02,5202,4746,,9948
pa.wiktionary.org,2020-03,6194,4992,,11186
pa.wiktionary.org,2020-04,7447,11298,1,18746
pa.wiktionary.org,2020-05,10797,7826,,18623
pa.wiktionary.org,2020-06,5169,6180,1,11350
pa.wiktionary.org,2020-07,8548,10266,,18814
pa.wiktionary.org,2020-08,9250,8587,,17837
pa.wiktionary.org,2020-09,31750,14490,,46240
pa.wiktionary.org,2020-10,19176,7151,,26327
pa.wiktionary.org,2020-11,11826,7202,,19028
pa.wiktionary.org,2020-12,7652,12263,,19915
pa.wiktionary.org,2021-01,7794,5873,,13667
pa.wiktionary.org,2021-02,12351,5878,,18229
pa.wiktionary.org,2021-03,8701,8302,,17003
pa.wiktionary.org,2021-04,8681,7021,,15702
pa.wiktionary.org,2021-05,7577,12976,,20553
pa.wiktionary.org,2021-06,7500,13436,,20936
pa.wiktionary.org,2021-07,8869,23277,,32146
pa.wiktionary.org,2021-08,18525,12680,,31205
pa.wiktionary.org,2021-09,7381,11548,,18929
pa.wiktionary.org,2021-10,8403,8181,,16584
pa.wiktionary.org,2021-11,6516,7611,,14127
pa.wiktionary.org,2021-12,4636,6615,,11251
pa.wiktionary.org,2022-01,6233,8426,,14659
pa.wiktionary.org,2022-02,8558,8536,,17094
pa.wiktionary.org,2022-03,14279,7030,,21309
pa.wiktionary.org,2022-04,9942,5762,,15704
pa.wiktionary.org,2022-05,10074,7512,,17586
pa.wiktionary.org,2022-06,8694,10310,,19004
pa.wiktionary.org,2022-07,7525,9152,,16677
pa.wiktionary.org,2022-08,7925,9211,,17136
pa.wiktionary.org,2022-09,7528,6850,,14378
pa.wiktionary.org,2022-10,13632,8700,,22332
pa.wiktionary.org,2022-11,7329,8201,,15530
pa.wiktionary.org,2022-12,20719,14286,,35005
pa.wiktionary.org,2023-01,4694,5326,,10020
pa.wiktionary.org,2023-02,14457,10811,,25268
pa.wiktionary.org,2023-03,23467,15211,,38678
pa.wiktionary.org,2023-04,8274,7027,,15301
pa.wiktionary.org,2023-05,9091,9497,,18588
pa.wiktionary.org,2023-06,7636,12517,,20153
pa.wiktionary.org,2023-07,7580,12848,,20428
pa.wiktionary.org,2023-08,8790,9919,,18709
pa.wiktionary.org,2023-09,7674,6529,,14203
pa.wiktionary.org,2023-10,10430,7250,,17680
pa.wiktionary.org,2023-11,42825,5912,,48737
pa.wiktionary.org,2023-12,33600,7916,,41516
pa.wiktionary.org,2024-01,7097,6738,,13835
pa.wiktionary.org,2024-02,3413,6933,,10346
pa.wiktionary.org,2024-03,6081,8560,,14641
pa.wiktionary.org,2024-04,16329,10231,,26560
pa.wiktionary.org,2024-05,19024,12346,,31370
pa.wiktionary.org,2024-06,30948,18099,,49047
pa.wiktionary.org,2024-07,7707,10228,,17935
pa.wiktionary.org,2024-08,5230,6728,,11958
pa.wiktionary.org,2024-09,20475,41238,,61713
pa.wiktionary.org,2024-10,42170,49968,,92138
pa.wiktionary.org,2024-11,14999,14191,,29190
pa.wiktionary.org,2024-12,57022,28314,,85336
pa.wiktionary.org,2025-01,35880,65390,,101270
pa.wiktionary.org,2025-02,36147,12383,,48530
pa.wiktionary.org,2025-03,37576,13240,,50816
pa.wiktionary.org,2025-04,5766,4731,,10497
pa.wiktionary.org,2025-05,15247,7736,,22983
pa.wiktionary.org,2025-06,36159,17444,,53603
pa.wiktionary.org,2025-07,158400,36110,,194510
pa.wiktionary.org,2025-08,35840,8972,,44812
pa.wiktionary.org,2025-09,63063,73673,,136736
pa.wiktionary.org,2025-10,75324,28626,,103950
pa.wiktionary.org,2025-11,21901,5912,,27813
pa.wiktionary.org,2025-12,29797,3693,,33490
pa.wiktionary.org,2026-01,33010,3147,,36157
pa.wiktionary.org,2026-02,11896,4773,,16669
pa.wiktionary.org,2026-03,12485,4869,,17354
pa.wiktionary.org,2026-04,27565,2634,,30199
pa.wiktionary.org,2026-05,19358,2950,,22308
pa.wiktionary.org,2026-06,23662,6960,,30622
pa.wiktionary.org,2026-07,18880,2857,,21737
pa.wikisource.org,2017-04,1140,104,,1244
pa.wikisource.org,2017-05,2508,69,,2577
pa.wikisource.org,2017-06,5061,204,,5265
pa.wikisource.org,2017-07,3058,367,,3425
pa.wikisource.org,2017-08,7137,433,,7570
pa.wikisource.org,2017-09,7208,380,,7588
pa.wikisource.org,2017-10,2318,535,,2853
pa.wikisource.org,2017-11,5887,650,,6537
pa.wikisource.org,2017-12,3838,629,,4467
pa.wikisource.org,2018-01,3662,625,,4287
pa.wikisource.org,2018-02,4488,495,,4983
pa.wikisource.org,2018-03,5714,703,,6417
pa.wikisource.org,2018-04,6619,678,,7297
pa.wikisource.org,2018-05,7168,1005,,8173
pa.wikisource.org,2018-06,6441,1015,,7456
pa.wikisource.org,2018-07,6982,1501,,8483
pa.wikisource.org,2018-08,14126,2044,,16170
pa.wikisource.org,2018-09,12223,1680,,13903
pa.wikisource.org,2018-10,6171,2214,,8385
pa.wikisource.org,2018-11,13860,4807,,18667
pa.wikisource.org,2018-12,23548,8844,,32392
pa.wikisource.org,2019-01,43330,4700,,48030
pa.wikisource.org,2019-02,18364,3229,,21593
pa.wikisource.org,2019-03,23844,4435,,28279
pa.wikisource.org,2019-04,42429,4787,,47216
pa.wikisource.org,2019-05,27013,4665,,31678
pa.wikisource.org,2019-06,25382,7625,,33007
pa.wikisource.org,2019-07,34701,10991,,45692
pa.wikisource.org,2019-08,50959,18639,,69598
pa.wikisource.org,2019-09,26958,17413,,44371
pa.wikisource.org,2019-10,35531,19076,,54607
pa.wikisource.org,2019-11,13816,20970,,34786
pa.wikisource.org,2019-12,18699,18653,,37352
pa.wikisource.org,2020-01,19015,18787,,37802
pa.wikisource.org,2020-02,24880,21477,,46357
pa.wikisource.org,2020-03,12201,24339,,36540
pa.wikisource.org,2020-04,19167,37162,,56329
pa.wikisource.org,2020-05,48951,18476,,67427
pa.wikisource.org,2020-06,12514,11278,,23792
pa.wikisource.org,2020-07,12627,16015,,28642
pa.wikisource.org,2020-08,20533,13989,,34522
pa.wikisource.org,2020-09,19810,15970,,35780
pa.wikisource.org,2020-10,14214,15200,,29414
pa.wikisource.org,2020-11,19189,17199,,36388
pa.wikisource.org,2020-12,17815,26581,,44396
pa.wikisource.org,2021-01,20949,25340,,46289
pa.wikisource.org,2021-02,24630,23786,,48416
pa.wikisource.org,2021-03,22624,25545,,48169
pa.wikisource.org,2021-04,20300,23935,,44235
pa.wikisource.org,2021-05,37029,27837,,64866
pa.wikisource.org,2021-06,30776,32833,,63609
pa.wikisource.org,2021-07,28871,27953,,56824
pa.wikisource.org,2021-08,50667,21612,,72279
pa.wikisource.org,2021-09,13659,20737,,34396
pa.wikisource.org,2021-10,14837,24676,,39513
pa.wikisource.org,2021-11,18834,24822,,43656
pa.wikisource.org,2021-12,17194,27420,,44614
pa.wikisource.org,2022-01,15671,21699,,37370
pa.wikisource.org,2022-02,20376,26510,,46886
pa.wikisource.org,2022-03,41252,23218,,64470
pa.wikisource.org,2022-04,17773,19559,,37332
pa.wikisource.org,2022-05,38458,30129,,68587
pa.wikisource.org,2022-06,21493,32919,,54412
pa.wikisource.org,2022-07,19635,34072,,53707
pa.wikisource.org,2022-08,25104,32088,,57192
pa.wikisource.org,2022-09,20098,23921,,44019
pa.wikisource.org,2022-10,36683,23217,,59900
pa.wikisource.org,2022-11,33886,22077,,55963
pa.wikisource.org,2022-12,46580,33486,,80066
pa.wikisource.org,2023-01,13008,14885,,27893
pa.wikisource.org,2023-02,31025,25020,,56045
pa.wikisource.org,2023-03,60675,35474,,96149
pa.wikisource.org,2023-04,13891,17505,,31396
pa.wikisource.org,2023-05,19281,25325,,44606
pa.wikisource.org,2023-06,39563,34732,,74295
pa.wikisource.org,2023-07,59856,28892,,88748
pa.wikisource.org,2023-08,21550,20199,,41749
pa.wikisource.org,2023-09,23013,20956,,43969
pa.wikisource.org,2023-10,18618,23031,,41649
pa.wikisource.org,2023-11,56112,23457,,79569
pa.wikisource.org,2023-12,21100,20106,,41206
pa.wikisource.org,2024-01,18313,22179,,40492
pa.wikisource.org,2024-02,14855,20677,,35532
pa.wikisource.org,2024-03,40283,33732,,74015
pa.wikisource.org,2024-04,38261,54354,,92615
pa.wikisource.org,2024-05,24183,74598,,98781
pa.wikisource.org,2024-06,84957,142554,,227511
pa.wikisource.org,2024-07,58567,84587,,143154
pa.wikisource.org,2024-08,104897,80517,,185414
pa.wikisource.org,2024-09,117411,108727,,226138
pa.wikisource.org,2024-10,112504,132459,,244963
pa.wikisource.org,2024-11,37306,39004,,76310
pa.wikisource.org,2024-12,48233,31668,,79901
pa.wikisource.org,2025-01,40289,40633,,80922
pa.wikisource.org,2025-02,52929,125964,,178893
pa.wikisource.org,2025-03,30846,127535,,158381
pa.wikisource.org,2025-04,33000,75508,,108508
pa.wikisource.org,2025-05,95889,87538,,183427
pa.wikisource.org,2025-06,96960,126818,,223778
pa.wikisource.org,2025-07,85126,200760,,285886
pa.wikisource.org,2025-08,66393,79780,,146173
pa.wikisource.org,2025-09,96910,50881,,147791
pa.wikisource.org,2025-10,109733,52778,,162511
pa.wikisource.org,2025-11,173875,48957,,222832
pa.wikisource.org,2025-12,49944,27528,,77472
pa.wikisource.org,2026-01,54042,30024,,84066
pa.wikisource.org,2026-02,31229,21978,,53207
pa.wikisource.org,2026-03,42061,23050,,65111
pa.wikisource.org,2026-04,79449,21955,,101404
pa.wikisource.org,2026-05,95355,25287,,120642
pa.wikisource.org,2026-06,160355,30977,,191332
pa.wikisource.org,2026-07,96590,29542,,126132
pa.wikibooks.org,2015-07,3806,310,,4116
pa.wikibooks.org,2015-08,4173,317,,4490
pa.wikibooks.org,2015-09,4602,221,,4823
pa.wikibooks.org,2015-10,2747,297,,3044
pa.wikibooks.org,2015-11,2319,243,,2562
pa.wikibooks.org,2015-12,3651,387,,4038
pa.wikibooks.org,2016-01,3803,351,,4154
pa.wikibooks.org,2016-02,2322,402,,2724
pa.wikibooks.org,2016-03,2018,375,,2393
pa.wikibooks.org,2016-04,6819,542,,7361
pa.wikibooks.org,2016-05,9213,293,,9506
pa.wikibooks.org,2016-06,58363,423,,58786
pa.wikibooks.org,2016-07,1878,385,,2263
pa.wikibooks.org,2016-08,2915,544,,3459
pa.wikibooks.org,2016-09,1866,331,,2197
pa.wikibooks.org,2016-10,3454,493,,3947
pa.wikibooks.org,2016-11,1910,286,,2196
pa.wikibooks.org,2016-12,19634,373,,20007
pa.wikibooks.org,2017-01,2110,438,,2548
pa.wikibooks.org,2017-02,2223,490,,2713
pa.wikibooks.org,2017-03,6010,477,,6487
pa.wikibooks.org,2017-04,2727,334,,3061
pa.wikibooks.org,2017-05,1863,417,,2280
pa.wikibooks.org,2017-06,2070,607,,2677
pa.wikibooks.org,2017-07,2420,667,,3087
pa.wikibooks.org,2017-08,5222,489,,5711
pa.wikibooks.org,2017-09,5040,636,,5676
pa.wikibooks.org,2017-10,1860,451,,2311
pa.wikibooks.org,2017-11,3417,493,,3910
pa.wikibooks.org,2017-12,2465,558,,3023
pa.wikibooks.org,2018-01,1912,392,,2304
pa.wikibooks.org,2018-02,3408,518,,3926
pa.wikibooks.org,2018-03,3787,370,,4157
pa.wikibooks.org,2018-04,3470,537,4,4011
pa.wikibooks.org,2018-05,3642,625,,4267
pa.wikibooks.org,2018-06,3689,855,,4544
pa.wikibooks.org,2018-07,4870,792,,5662
pa.wikibooks.org,2018-08,4568,1089,,5657
pa.wikibooks.org,2018-09,4576,975,,5551
pa.wikibooks.org,2018-10,3752,1543,,5295
pa.wikibooks.org,2018-11,5748,1238,,6986
pa.wikibooks.org,2018-12,4151,776,,4927
pa.wikibooks.org,2019-01,8277,542,,8819
pa.wikibooks.org,2019-02,6693,643,,7336
pa.wikibooks.org,2019-03,11478,524,,12002
pa.wikibooks.org,2019-04,11844,531,,12375
pa.wikibooks.org,2019-05,9249,642,,9891
pa.wikibooks.org,2019-06,5871,454,,6325
pa.wikibooks.org,2019-07,12959,611,,13570
pa.wikibooks.org,2019-08,20332,3018,,23350
pa.wikibooks.org,2019-09,10641,830,,11471
pa.wikibooks.org,2019-10,10249,733,1,10983
pa.wikibooks.org,2019-11,4190,697,,4887
pa.wikibooks.org,2019-12,3942,633,,4575
pa.wikibooks.org,2020-01,2806,458,,3264
pa.wikibooks.org,2020-02,5590,614,,6204
pa.wikibooks.org,2020-03,5635,842,,6477
pa.wikibooks.org,2020-04,8052,1053,,9105
pa.wikibooks.org,2020-05,4674,740,,5414
pa.wikibooks.org,2020-06,3815,399,,4214
pa.wikibooks.org,2020-07,6360,405,,6765
pa.wikibooks.org,2020-08,17608,1940,,19548
pa.wikibooks.org,2020-09,27432,2971,,30403
pa.wikibooks.org,2020-10,12402,404,,12806
pa.wikibooks.org,2020-11,4290,438,,4728
pa.wikibooks.org,2020-12,4211,672,,4883
pa.wikibooks.org,2021-01,5243,447,,5690
pa.wikibooks.org,2021-02,6890,418,,7308
pa.wikibooks.org,2021-03,6319,459,,6778
pa.wikibooks.org,2021-04,5700,428,,6128
pa.wikibooks.org,2021-05,4332,626,,4958
pa.wikibooks.org,2021-06,4138,514,,4652
pa.wikibooks.org,2021-07,3598,659,,4257
pa.wikibooks.org,2021-08,9622,573,,10195
pa.wikibooks.org,2021-09,1574,342,,1916
pa.wikibooks.org,2021-10,2524,573,,3097
pa.wikibooks.org,2021-11,1832,4687,,6519
pa.wikibooks.org,2021-12,1954,452,,2406
pa.wikibooks.org,2022-01,1687,447,,2134
pa.wikibooks.org,2022-02,9866,467,,10333
pa.wikibooks.org,2022-03,28003,942,,28945
pa.wikibooks.org,2022-04,6008,503,,6511
pa.wikibooks.org,2022-05,4615,643,,5258
pa.wikibooks.org,2022-06,4402,2276,,6678
pa.wikibooks.org,2022-07,3572,1594,,5166
pa.wikibooks.org,2022-08,3333,1376,,4709
pa.wikibooks.org,2022-09,3571,725,,4296
pa.wikibooks.org,2022-10,5074,1442,,6516
pa.wikibooks.org,2022-11,4375,1412,,5787
pa.wikibooks.org,2022-12,5335,1786,,7121
pa.wikibooks.org,2023-01,2292,873,,3165
pa.wikibooks.org,2023-02,3383,992,,4375
pa.wikibooks.org,2023-03,5300,1732,,7032
pa.wikibooks.org,2023-04,3263,881,,4144
pa.wikibooks.org,2023-05,3981,1732,,5713
pa.wikibooks.org,2023-06,7435,6516,,13951
pa.wikibooks.org,2023-07,4281,2034,,6315
pa.wikibooks.org,2023-08,4306,1714,,6020
pa.wikibooks.org,2023-09,5826,1180,,7006
pa.wikibooks.org,2023-10,11091,1557,,12648
pa.wikibooks.org,2023-11,3878,1260,,5138
pa.wikibooks.org,2023-12,17900,7332,,25232
pa.wikibooks.org,2024-01,4819,796,,5615
pa.wikibooks.org,2024-02,2385,576,,2961
pa.wikibooks.org,2024-03,6714,852,,7566
pa.wikibooks.org,2024-04,7765,1397,,9162
pa.wikibooks.org,2024-05,4453,1718,,6171
pa.wikibooks.org,2024-06,9218,4991,,14209
pa.wikibooks.org,2024-07,3206,4343,,7549
pa.wikibooks.org,2024-08,6389,9772,,16161
pa.wikibooks.org,2024-09,6894,14676,,21570
pa.wikibooks.org,2024-10,13870,12751,,26621
pa.wikibooks.org,2024-11,8212,3925,,12137
pa.wikibooks.org,2024-12,22126,3648,,25774
pa.wikibooks.org,2025-01,11649,4380,,16029
pa.wikibooks.org,2025-02,19465,11948,,31413
pa.wikibooks.org,2025-03,12802,6809,,19611
pa.wikibooks.org,2025-04,5548,2993,,8541
pa.wikibooks.org,2025-05,26614,11185,,37799
pa.wikibooks.org,2025-06,99326,66383,,165709
pa.wikibooks.org,2025-07,9957,458366,,468323
pa.wikibooks.org,2025-08,10939,38804,,49743
pa.wikibooks.org,2025-09,15991,70969,,86960
pa.wikibooks.org,2025-10,19790,60467,,80257
pa.wikibooks.org,2025-11,26773,3376,,30149
pa.wikibooks.org,2025-12,40051,1423,,41474
pa.wikibooks.org,2026-01,6423,1106,,7529
pa.wikibooks.org,2026-02,6719,2402,,9121
pa.wikibooks.org,2026-03,16085,1595,,17680
pa.wikibooks.org,2026-04,21515,2699,,24214
pa.wikibooks.org,2026-05,53296,11674,,64970
pa.wikibooks.org,2026-06,26317,21473,,47790
pa.wikibooks.org,2026-07,23157,19289,,42446
pi.wikipedia.org,2015-07,34189,5150,25,39364
pi.wikipedia.org,2015-08,47411,7339,35,54785
pi.wikipedia.org,2015-09,45534,3790,22,49346
pi.wikipedia.org,2015-10,32719,2320,16,35055
pi.wikipedia.org,2015-11,25327,2747,16,28090
pi.wikipedia.org,2015-12,29109,3128,18,32255
pi.wikipedia.org,2016-01,53904,5473,20,59397
pi.wikipedia.org,2016-02,35507,2262,14,37783
pi.wikipedia.org,2016-03,41736,2545,30,44311
pi.wikipedia.org,2016-04,53171,8280,15,61466
pi.wikipedia.org,2016-05,76143,30640,16,106799
pi.wikipedia.org,2016-06,50692,2105,21,52818
pi.wikipedia.org,2016-07,35066,1910,12,36988
pi.wikipedia.org,2016-08,45417,2710,12,48139
pi.wikipedia.org,2016-09,44347,2766,5,47118
pi.wikipedia.org,2016-10,65202,3473,19,68694
pi.wikipedia.org,2016-11,68967,3524,3,72494
pi.wikipedia.org,2016-12,59756,2636,13,62405
pi.wikipedia.org,2017-01,54414,3023,15,57452
pi.wikipedia.org,2017-02,65848,4592,15,70455
pi.wikipedia.org,2017-03,56805,2117,7,58929
pi.wikipedia.org,2017-04,49810,2418,36,52264
pi.wikipedia.org,2017-05,50813,1764,17,52594
pi.wikipedia.org,2017-06,42760,1710,15,44485
pi.wikipedia.org,2017-07,60797,1905,14,62716
pi.wikipedia.org,2017-08,125721,2353,38,128112
pi.wikipedia.org,2017-09,188819,2201,25,191045
pi.wikipedia.org,2017-10,66933,1505,20,68458
pi.wikipedia.org,2017-11,82619,2806,24,85449
pi.wikipedia.org,2017-12,76906,1517,37,78460
pi.wikipedia.org,2018-01,65152,1811,14,66977
pi.wikipedia.org,2018-02,52364,1735,23,54122
pi.wikipedia.org,2018-03,47575,5056,14,52645
pi.wikipedia.org,2018-04,39579,4410,23,44012
pi.wikipedia.org,2018-05,54561,3123,21,57705
pi.wikipedia.org,2018-06,63247,2604,49,65900
pi.wikipedia.org,2018-07,59470,7544,30,67044
pi.wikipedia.org,2018-08,56753,5383,57,62193
pi.wikipedia.org,2018-09,52090,5614,41,57745
pi.wikipedia.org,2018-10,49511,6175,53,55739
pi.wikipedia.org,2018-11,157617,4453,63,162133
pi.wikipedia.org,2018-12,59302,7281,30,66613
pi.wikipedia.org,2019-01,77699,4089,60,81848
pi.wikipedia.org,2019-02,62548,3569,34,66151
pi.wikipedia.org,2019-03,69459,5110,42,74611
pi.wikipedia.org,2019-04,78889,3269,32,82190
pi.wikipedia.org,2019-05,79041,3235,10,82286
pi.wikipedia.org,2019-06,68933,2620,17,71570
pi.wikipedia.org,2019-07,110899,2666,33,113598
pi.wikipedia.org,2019-08,117515,3754,21,121290
pi.wikipedia.org,2019-09,94955,3604,45,98604
pi.wikipedia.org,2019-10,75942,5355,73,81370
pi.wikipedia.org,2019-11,59334,3179,27,62540
pi.wikipedia.org,2019-12,61749,5018,46,66813
pi.wikipedia.org,2020-01,87396,3891,49,91336
pi.wikipedia.org,2020-02,85392,4942,45,90379
pi.wikipedia.org,2020-03,51204,3595,39,54838
pi.wikipedia.org,2020-04,69447,23255,85,92787
pi.wikipedia.org,2020-05,58859,10095,33,68987
pi.wikipedia.org,2020-06,45215,5131,11,50357
pi.wikipedia.org,2020-07,52905,3539,46,56490
pi.wikipedia.org,2020-08,44510,2042,25,46577
pi.wikipedia.org,2020-09,84220,5705,35,89960
pi.wikipedia.org,2020-10,45072,2470,25,47567
pi.wikipedia.org,2020-11,43059,2412,29,45500
pi.wikipedia.org,2020-12,36122,3062,27,39211
pi.wikipedia.org,2021-01,42876,2857,37,45770
pi.wikipedia.org,2021-02,45115,3034,39,48188
pi.wikipedia.org,2021-03,43353,2082,59,45494
pi.wikipedia.org,2021-04,47671,3123,49,50843
pi.wikipedia.org,2021-05,37367,5229,39,42635
pi.wikipedia.org,2021-06,42494,2700,40,45234
pi.wikipedia.org,2021-07,37874,3167,19,41060
pi.wikipedia.org,2021-08,50788,3380,17,54185
pi.wikipedia.org,2021-09,40785,3236,122,44143
pi.wikipedia.org,2021-10,41384,3462,40,44886
pi.wikipedia.org,2021-11,41418,4758,25,46201
pi.wikipedia.org,2021-12,43152,2689,74,45915
pi.wikipedia.org,2022-01,54216,4273,34,58523
pi.wikipedia.org,2022-02,45910,4034,10,49954
pi.wikipedia.org,2022-03,47015,5293,27,52335
pi.wikipedia.org,2022-04,36325,3645,37,40007
pi.wikipedia.org,2022-05,36710,6947,17,43674
pi.wikipedia.org,2022-06,57818,8916,35,66769
pi.wikipedia.org,2022-07,28826,8205,31,37062
pi.wikipedia.org,2022-08,34231,11479,14,45724
pi.wikipedia.org,2022-09,52946,8034,33,61013
pi.wikipedia.org,2022-10,50367,11109,74,61550
pi.wikipedia.org,2022-11,34983,5918,18,40919
pi.wikipedia.org,2022-12,44581,12519,40,57140
pi.wikipedia.org,2023-01,37599,7415,27,45041
pi.wikipedia.org,2023-02,46438,10268,39,56745
pi.wikipedia.org,2023-03,60595,15669,13,76277
pi.wikipedia.org,2023-04,28169,7221,46,35436
pi.wikipedia.org,2023-05,33674,15032,15,48721
pi.wikipedia.org,2023-06,48470,33468,40,81978
pi.wikipedia.org,2023-07,49270,32360,10,81640
pi.wikipedia.org,2023-08,44460,30409,37,74906
pi.wikipedia.org,2023-09,40098,13014,23,53135
pi.wikipedia.org,2023-10,44094,23666,29,67789
pi.wikipedia.org,2023-11,41523,13583,14,55120
pi.wikipedia.org,2023-12,50983,11334,32,62349
pi.wikipedia.org,2024-01,35394,8825,24,44243
pi.wikipedia.org,2024-02,32024,5896,14,37934
pi.wikipedia.org,2024-03,71566,21168,37,92771
pi.wikipedia.org,2024-04,57845,25699,11,83555
pi.wikipedia.org,2024-05,35843,13515,23,49381
pi.wikipedia.org,2024-06,33885,26285,13,60183
pi.wikipedia.org,2024-07,12518,24126,8,36652
pi.wikipedia.org,2024-08,14932,4894,13,19839
pi.wikipedia.org,2024-09,11021,4857,21,15899
pi.wikipedia.org,2024-10,18149,8165,16,26330
pi.wikipedia.org,2024-11,17890,47255,46,65191
pi.wikipedia.org,2024-12,26748,4132,15,30895
pi.wikipedia.org,2025-01,43815,14142,17,57974
pi.wikipedia.org,2025-02,62783,18848,23,81654
pi.wikipedia.org,2025-03,15960,5937,10,21907
pi.wikipedia.org,2025-04,27083,9913,23,37019
pi.wikipedia.org,2025-05,35962,13179,11,49152
pi.wikipedia.org,2025-06,24429,21155,4,45588
pi.wikipedia.org,2025-07,104218,15809,5,120032
pi.wikipedia.org,2025-08,42227,23107,16,65350
pi.wikipedia.org,2025-09,71207,25406,12,96625
pi.wikipedia.org,2025-10,40609,20669,28,61306
pi.wikipedia.org,2025-11,60243,8801,1,69045
pi.wikipedia.org,2025-12,26416,4954,7,31377
pi.wikipedia.org,2026-01,30592,4837,8,35437
pi.wikipedia.org,2026-02,28283,5851,6,34140
pi.wikipedia.org,2026-03,40611,9712,22,50345
pi.wikipedia.org,2026-04,48539,8313,11,56863
pi.wikipedia.org,2026-05,113885,9511,33,123429
pi.wikipedia.org,2026-06,107532,10125,4,117661
pi.wikipedia.org,2026-07,93141,28542,14,121697
pnb.wikipedia.org,2015-07,248977,66858,391,316226
pnb.wikipedia.org,2015-08,221420,46051,290,267761
pnb.wikipedia.org,2015-09,258453,33887,300,292640
pnb.wikipedia.org,2015-10,198793,32161,285,231239
pnb.wikipedia.org,2015-11,146028,31416,384,177828
pnb.wikipedia.org,2015-12,153671,36974,333,190978
pnb.wikipedia.org,2016-01,256993,46974,335,304302
pnb.wikipedia.org,2016-02,184782,29228,307,214317
pnb.wikipedia.org,2016-03,214291,29285,330,243906
pnb.wikipedia.org,2016-04,256624,29104,171,285899
pnb.wikipedia.org,2016-05,382526,65214,316,448056
pnb.wikipedia.org,2016-06,261676,27427,273,289376
pnb.wikipedia.org,2016-07,173923,27669,350,201942
pnb.wikipedia.org,2016-08,260603,30359,308,291270
pnb.wikipedia.org,2016-09,222299,28040,366,250705
pnb.wikipedia.org,2016-10,356512,36454,274,393240
pnb.wikipedia.org,2016-11,363529,29538,415,393482
pnb.wikipedia.org,2016-12,664198,27646,341,692185
pnb.wikipedia.org,2017-01,270435,30863,362,301660
pnb.wikipedia.org,2017-02,280667,37347,306,318320
pnb.wikipedia.org,2017-03,310178,39749,383,350310
pnb.wikipedia.org,2017-04,339063,31764,289,371116
pnb.wikipedia.org,2017-05,271047,28910,297,300254
pnb.wikipedia.org,2017-06,219066,25695,387,245148
pnb.wikipedia.org,2017-07,291613,28759,327,320699
pnb.wikipedia.org,2017-08,324199,29394,376,353969
pnb.wikipedia.org,2017-09,407420,30440,322,438182
pnb.wikipedia.org,2017-10,263878,29498,579,293955
pnb.wikipedia.org,2017-11,276919,32186,612,309717
pnb.wikipedia.org,2017-12,307157,27848,667,335672
pnb.wikipedia.org,2018-01,287967,31321,638,319926
pnb.wikipedia.org,2018-02,266179,27408,499,294086
pnb.wikipedia.org,2018-03,240415,33410,989,274814
pnb.wikipedia.org,2018-04,181147,29070,710,210927
pnb.wikipedia.org,2018-05,260222,29921,667,290810
pnb.wikipedia.org,2018-06,300020,31998,391,332409
pnb.wikipedia.org,2018-07,256689,77691,486,334866
pnb.wikipedia.org,2018-08,222886,112037,414,335337
pnb.wikipedia.org,2018-09,214622,77803,514,292939
pnb.wikipedia.org,2018-10,273568,93878,590,368036
pnb.wikipedia.org,2018-11,406699,39341,610,446650
pnb.wikipedia.org,2018-12,323869,60156,622,384647
pnb.wikipedia.org,2019-01,356273,49051,668,405992
pnb.wikipedia.org,2019-02,296765,46995,419,344179
pnb.wikipedia.org,2019-03,306300,71178,1280,378758
pnb.wikipedia.org,2019-04,338387,42770,597,381754
pnb.wikipedia.org,2019-05,248887,34895,554,284336
pnb.wikipedia.org,2019-06,248460,33200,378,282038
pnb.wikipedia.org,2019-07,325767,38993,437,365197
pnb.wikipedia.org,2019-08,390643,48885,538,440066
pnb.wikipedia.org,2019-09,258507,71093,623,330223
pnb.wikipedia.org,2019-10,286900,84500,710,372110
pnb.wikipedia.org,2019-11,275364,64909,802,341075
pnb.wikipedia.org,2019-12,189002,77852,818,267672
pnb.wikipedia.org,2020-01,263840,73866,867,338573
pnb.wikipedia.org,2020-02,244249,72950,605,317804
pnb.wikipedia.org,2020-03,286729,76545,732,364006
pnb.wikipedia.org,2020-04,273019,147274,877,421170
pnb.wikipedia.org,2020-05,216813,57588,689,275090
pnb.wikipedia.org,2020-06,174789,43158,202,218149
pnb.wikipedia.org,2020-07,207800,44945,657,253402
pnb.wikipedia.org,2020-08,148828,43389,689,192906
pnb.wikipedia.org,2020-09,204390,45023,529,249942
pnb.wikipedia.org,2020-10,204096,43421,698,248215
pnb.wikipedia.org,2020-11,166100,41895,761,208756
pnb.wikipedia.org,2020-12,157965,45541,731,204237
pnb.wikipedia.org,2021-01,161078,54221,1051,216350
pnb.wikipedia.org,2021-02,316377,59102,793,376272
pnb.wikipedia.org,2021-03,220449,57840,703,278992
pnb.wikipedia.org,2021-04,191300,45478,1104,237882
pnb.wikipedia.org,2021-05,165192,47771,805,213768
pnb.wikipedia.org,2021-06,192906,51994,754,245654
pnb.wikipedia.org,2021-07,162056,49314,1072,212442
pnb.wikipedia.org,2021-08,283118,53204,951,337273
pnb.wikipedia.org,2021-09,145823,50452,961,197236
pnb.wikipedia.org,2021-10,227944,48155,904,277003
pnb.wikipedia.org,2021-11,268196,54792,730,323718
pnb.wikipedia.org,2021-12,172822,59394,817,233033
pnb.wikipedia.org,2022-01,230775,88398,946,320119
pnb.wikipedia.org,2022-02,471403,76674,974,549051
pnb.wikipedia.org,2022-03,588052,97220,892,686164
pnb.wikipedia.org,2022-04,397432,62280,798,460510
pnb.wikipedia.org,2022-05,384006,85872,798,470676
pnb.wikipedia.org,2022-06,465218,105887,736,571841
pnb.wikipedia.org,2022-07,258774,87665,756,347195
pnb.wikipedia.org,2022-08,228290,115735,805,344830
pnb.wikipedia.org,2022-09,322160,137723,835,460718
pnb.wikipedia.org,2022-10,261568,114321,878,376767
pnb.wikipedia.org,2022-11,232379,129993,821,363193
pnb.wikipedia.org,2022-12,210143,116351,779,327273
pnb.wikipedia.org,2023-01,243765,145725,940,390430
pnb.wikipedia.org,2023-02,255325,150657,687,406669
pnb.wikipedia.org,2023-03,295563,162714,991,459268
pnb.wikipedia.org,2023-04,226307,117013,1296,344616
pnb.wikipedia.org,2023-05,251744,221416,931,474091
pnb.wikipedia.org,2023-06,481478,473845,921,956244
pnb.wikipedia.org,2023-07,424028,371246,1192,796466
pnb.wikipedia.org,2023-08,367650,408959,782,777391
pnb.wikipedia.org,2023-09,287891,214489,744,503124
pnb.wikipedia.org,2023-10,345180,276885,801,622866
pnb.wikipedia.org,2023-11,275040,188743,1192,464975
pnb.wikipedia.org,2023-12,263859,194047,1561,459467
pnb.wikipedia.org,2024-01,327968,179735,1316,509019
pnb.wikipedia.org,2024-02,181171,149734,1190,332095
pnb.wikipedia.org,2024-03,228608,179328,1145,409081
pnb.wikipedia.org,2024-04,236697,268088,718,505503
pnb.wikipedia.org,2024-05,234786,199676,943,435405
pnb.wikipedia.org,2024-06,192236,182172,918,375326
pnb.wikipedia.org,2024-07,208003,191414,1524,400941
pnb.wikipedia.org,2024-08,287443,180743,1336,469522
pnb.wikipedia.org,2024-09,83880,95435,999,180314
pnb.wikipedia.org,2024-10,135201,94573,911,230685
pnb.wikipedia.org,2024-11,113978,103497,701,218176
pnb.wikipedia.org,2024-12,242288,120959,883,364130
pnb.wikipedia.org,2025-01,480870,249748,849,731467
pnb.wikipedia.org,2025-02,486376,278029,695,765100
pnb.wikipedia.org,2025-03,293662,218690,699,513051
pnb.wikipedia.org,2025-04,235161,146598,682,382441
pnb.wikipedia.org,2025-05,367764,257946,605,626315
pnb.wikipedia.org,2025-06,196170,213820,388,410378
pnb.wikipedia.org,2025-07,714633,331395,592,1046620
pnb.wikipedia.org,2025-08,392762,223030,675,616467
pnb.wikipedia.org,2025-09,239398,194795,545,434738
pnb.wikipedia.org,2025-10,413823,111689,412,525924
pnb.wikipedia.org,2025-11,435458,131601,389,567448
pnb.wikipedia.org,2025-12,246491,67561,480,314532
pnb.wikipedia.org,2026-01,439378,77973,337,517688
pnb.wikipedia.org,2026-02,209101,81869,359,291329
pnb.wikipedia.org,2026-03,307240,63871,518,371629
pnb.wikipedia.org,2026-04,338250,52299,381,390930
pnb.wikipedia.org,2026-05,449692,51196,472,501360
pnb.wikipedia.org,2026-06,355144,73756,597,429497
pnb.wikipedia.org,2026-07,387910,171001,615,559526
pnb.wiktionary.org,2015-07,4914,1282,,6196
pnb.wiktionary.org,2015-08,11329,7692,,19021
pnb.wiktionary.org,2015-09,5935,883,,6818
pnb.wiktionary.org,2015-10,4990,701,,5691
pnb.wiktionary.org,2015-11,2946,993,,3939
pnb.wiktionary.org,2015-12,5065,1453,,6518
pnb.wiktionary.org,2016-01,4681,1193,,5874
pnb.wiktionary.org,2016-02,4945,921,,5866
pnb.wiktionary.org,2016-03,3007,665,,3672
pnb.wiktionary.org,2016-04,5204,4638,,9842
pnb.wiktionary.org,2016-05,3041,1606,,4647
pnb.wiktionary.org,2016-06,28113,941,,29054
pnb.wiktionary.org,2016-07,3543,931,,4474
pnb.wiktionary.org,2016-08,4364,1543,,5907
pnb.wiktionary.org,2016-09,2927,1041,,3968
pnb.wiktionary.org,2016-10,12662,1441,,14103
pnb.wiktionary.org,2016-11,2522,730,,3252
pnb.wiktionary.org,2016-12,139515,846,,140361
pnb.wiktionary.org,2017-01,4440,1188,,5628
pnb.wiktionary.org,2017-02,2528,839,,3367
pnb.wiktionary.org,2017-03,22298,1101,,23399
pnb.wiktionary.org,2017-04,3660,716,,4376
pnb.wiktionary.org,2017-05,3257,730,,3987
pnb.wiktionary.org,2017-06,2838,671,,3509
pnb.wiktionary.org,2017-07,5106,674,,5780
pnb.wiktionary.org,2017-08,5742,734,,6476
pnb.wiktionary.org,2017-09,25931,941,,26872
pnb.wiktionary.org,2017-10,10636,920,,11556
pnb.wiktionary.org,2017-11,9573,838,,10411
pnb.wiktionary.org,2017-12,4064,1312,,5376
pnb.wiktionary.org,2018-01,8553,1321,,9874
pnb.wiktionary.org,2018-02,8369,957,,9326
pnb.wiktionary.org,2018-03,6279,1150,,7429
pnb.wiktionary.org,2018-04,5593,1085,,6678
pnb.wiktionary.org,2018-05,7039,1553,,8592
pnb.wiktionary.org,2018-06,7314,1152,,8466
pnb.wiktionary.org,2018-07,5587,971,,6558
pnb.wiktionary.org,2018-08,7028,1623,,8651
pnb.wiktionary.org,2018-09,7434,2025,,9459
pnb.wiktionary.org,2018-10,6321,2538,,8859
pnb.wiktionary.org,2018-11,8261,3972,,12233
pnb.wiktionary.org,2018-12,5141,2550,,7691
pnb.wiktionary.org,2019-01,7876,4806,,12682
pnb.wiktionary.org,2019-02,7008,4906,,11914
pnb.wiktionary.org,2019-03,8748,4602,,13350
pnb.wiktionary.org,2019-04,11285,3663,,14948
pnb.wiktionary.org,2019-05,8667,1655,,10322
pnb.wiktionary.org,2019-06,6439,1586,,8025
pnb.wiktionary.org,2019-07,29018,2872,,31890
pnb.wiktionary.org,2019-08,66519,8574,,75093
pnb.wiktionary.org,2019-09,25495,3381,,28876
pnb.wiktionary.org,2019-10,7660,2507,,10167
pnb.wiktionary.org,2019-11,7550,2316,,9866
pnb.wiktionary.org,2019-12,5762,2286,,8048
pnb.wiktionary.org,2020-01,4289,2254,,6543
pnb.wiktionary.org,2020-02,6934,2451,,9385
pnb.wiktionary.org,2020-03,6039,3100,,9139
pnb.wiktionary.org,2020-04,7333,3698,,11031
pnb.wiktionary.org,2020-05,19551,2563,,22114
pnb.wiktionary.org,2020-06,4493,2207,,6700
pnb.wiktionary.org,2020-07,8749,1930,,10679
pnb.wiktionary.org,2020-08,8201,10360,,18561
pnb.wiktionary.org,2020-09,37899,14513,,52412
pnb.wiktionary.org,2020-10,17526,1556,,19082
pnb.wiktionary.org,2020-11,5455,1778,,7233
pnb.wiktionary.org,2020-12,11506,3178,,14684
pnb.wiktionary.org,2021-01,9508,2343,,11851
pnb.wiktionary.org,2021-02,10192,2229,,12421
pnb.wiktionary.org,2021-03,8573,1675,,10248
pnb.wiktionary.org,2021-04,6995,1926,,8921
pnb.wiktionary.org,2021-05,5828,1935,,7763
pnb.wiktionary.org,2021-06,6747,1166,,7913
pnb.wiktionary.org,2021-07,9201,1730,,10931
pnb.wiktionary.org,2021-08,16794,2284,,19078
pnb.wiktionary.org,2021-09,5931,1908,,7839
pnb.wiktionary.org,2021-10,7519,4281,,11800
pnb.wiktionary.org,2021-11,9450,5591,,15041
pnb.wiktionary.org,2021-12,4647,2046,,6693
pnb.wiktionary.org,2022-01,7286,2139,,9425
pnb.wiktionary.org,2022-02,10524,1910,,12434
pnb.wiktionary.org,2022-03,22274,2145,,24419
pnb.wiktionary.org,2022-04,16491,1697,,18188
pnb.wiktionary.org,2022-05,19535,4184,,23719
pnb.wiktionary.org,2022-06,12821,3878,,16699
pnb.wiktionary.org,2022-07,11748,4849,,16597
pnb.wiktionary.org,2022-08,17208,9837,,27045
pnb.wiktionary.org,2022-09,9290,3449,,12739
pnb.wiktionary.org,2022-10,18155,8730,,26885
pnb.wiktionary.org,2022-11,11039,4825,,15864
pnb.wiktionary.org,2022-12,22209,8193,,30402
pnb.wiktionary.org,2023-01,7919,3308,,11227
pnb.wiktionary.org,2023-02,15907,6653,,22560
pnb.wiktionary.org,2023-03,22700,10729,,33429
pnb.wiktionary.org,2023-04,9454,4391,,13845
pnb.wiktionary.org,2023-05,9130,7083,,16213
pnb.wiktionary.org,2023-06,13630,11805,,25435
pnb.wiktionary.org,2023-07,13597,13692,,27289
pnb.wiktionary.org,2023-08,19051,8318,,27369
pnb.wiktionary.org,2023-09,13383,6361,,19744
pnb.wiktionary.org,2023-10,14253,5587,,19840
pnb.wiktionary.org,2023-11,45265,6375,,51640
pnb.wiktionary.org,2023-12,36923,5471,,42394
pnb.wiktionary.org,2024-01,4678,5474,,10152
pnb.wiktionary.org,2024-02,3906,5578,,9484
pnb.wiktionary.org,2024-03,8547,9355,,17902
pnb.wiktionary.org,2024-04,18726,11758,,30484
pnb.wiktionary.org,2024-05,15432,12395,,27827
pnb.wiktionary.org,2024-06,27317,25328,,52645
pnb.wiktionary.org,2024-07,6097,12346,,18443
pnb.wiktionary.org,2024-08,6083,6033,,12116
pnb.wiktionary.org,2024-09,16812,14022,,30834
pnb.wiktionary.org,2024-10,8568,12858,,21426
pnb.wiktionary.org,2024-11,20649,14929,,35578
pnb.wiktionary.org,2024-12,56185,33641,,89826
pnb.wiktionary.org,2025-01,28627,11116,,39743
pnb.wiktionary.org,2025-02,30496,9669,,40165
pnb.wiktionary.org,2025-03,18616,14821,,33437
pnb.wiktionary.org,2025-04,9701,12900,,22601
pnb.wiktionary.org,2025-05,20616,12940,,33556
pnb.wiktionary.org,2025-06,34937,17994,,52931
pnb.wiktionary.org,2025-07,147331,43478,,190809
pnb.wiktionary.org,2025-08,30400,12774,,43174
pnb.wiktionary.org,2025-09,82661,100931,,183592
pnb.wiktionary.org,2025-10,64927,53548,,118475
pnb.wiktionary.org,2025-11,22727,8253,,30980
pnb.wiktionary.org,2025-12,25609,2708,,28317
pnb.wiktionary.org,2026-01,29551,4346,,33897
pnb.wiktionary.org,2026-02,7838,4859,,12697
pnb.wiktionary.org,2026-03,33050,10394,,43444
pnb.wiktionary.org,2026-04,34927,4267,,39194
pnb.wiktionary.org,2026-05,23976,3710,,27686
pnb.wiktionary.org,2026-06,23811,8142,,31953
pnb.wiktionary.org,2026-07,11638,2919,,14557
sa.wikipedia.org,2015-07,179182,42494,1434,223110
sa.wikipedia.org,2015-08,188163,39248,2017,229428
sa.wikipedia.org,2015-09,156145,28404,1413,185962
sa.wikipedia.org,2015-10,171023,34346,1929,207298
sa.wikipedia.org,2015-11,154150,39885,2703,196738
sa.wikipedia.org,2015-12,188660,40832,2698,232190
sa.wikipedia.org,2016-01,215153,45261,2520,262934
sa.wikipedia.org,2016-02,133931,28611,2041,164583
sa.wikipedia.org,2016-03,158279,25580,1841,185700
sa.wikipedia.org,2016-04,174576,26317,1079,201972
sa.wikipedia.org,2016-05,355613,76130,1690,433433
sa.wikipedia.org,2016-06,243270,47026,2281,292577
sa.wikipedia.org,2016-07,150174,42061,2088,194323
sa.wikipedia.org,2016-08,181444,47181,2048,230673
sa.wikipedia.org,2016-09,406455,33026,1484,440965
sa.wikipedia.org,2016-10,240268,41230,2033,283531
sa.wikipedia.org,2016-11,263546,44817,3765,312128
sa.wikipedia.org,2016-12,214074,41093,3111,258278
sa.wikipedia.org,2017-01,196779,51907,4010,252696
sa.wikipedia.org,2017-02,182101,39873,2189,224163
sa.wikipedia.org,2017-03,207810,32100,2080,241990
sa.wikipedia.org,2017-04,381829,22296,1808,405933
sa.wikipedia.org,2017-05,190752,25795,1528,218075
sa.wikipedia.org,2017-06,179572,33893,2380,215845
sa.wikipedia.org,2017-07,402929,40684,2628,446241
sa.wikipedia.org,2017-08,291530,42953,3278,337761
sa.wikipedia.org,2017-09,329073,38391,2426,369890
sa.wikipedia.org,2017-10,176713,41820,2520,221053
sa.wikipedia.org,2017-11,209194,48761,3449,261404
sa.wikipedia.org,2017-12,211816,42630,2965,257411
sa.wikipedia.org,2018-01,220693,47062,2913,270668
sa.wikipedia.org,2018-02,176818,51264,4013,232095
sa.wikipedia.org,2018-03,163305,45987,3027,212319
sa.wikipedia.org,2018-04,126477,35807,1822,164106
sa.wikipedia.org,2018-05,149407,41308,1710,192425
sa.wikipedia.org,2018-06,220741,53335,3076,277152
sa.wikipedia.org,2018-07,189924,65292,3913,259129
sa.wikipedia.org,2018-08,156023,84750,4112,244885
sa.wikipedia.org,2018-09,157015,65614,3585,226214
sa.wikipedia.org,2018-10,192819,77193,2922,272934
sa.wikipedia.org,2018-11,334407,61009,4182,399598
sa.wikipedia.org,2018-12,181791,69761,2477,254029
sa.wikipedia.org,2019-01,258082,65441,3206,326729
sa.wikipedia.org,2019-02,204840,53222,2528,260590
sa.wikipedia.org,2019-03,208755,59696,3467,271918
sa.wikipedia.org,2019-04,218893,35855,2888,257636
sa.wikipedia.org,2019-05,184758,41446,2618,228822
sa.wikipedia.org,2019-06,173351,41951,2107,217409
sa.wikipedia.org,2019-07,243862,48451,2729,295042
sa.wikipedia.org,2019-08,282430,70398,3199,356027
sa.wikipedia.org,2019-09,250358,71656,3695,325709
sa.wikipedia.org,2019-10,198822,80516,4666,284004
sa.wikipedia.org,2019-11,199175,85281,4393,288849
sa.wikipedia.org,2019-12,112321,78496,4160,194977
sa.wikipedia.org,2020-01,175426,72975,3570,251971
sa.wikipedia.org,2020-02,177141,66437,3408,246986
sa.wikipedia.org,2020-03,155944,45945,4166,206055
sa.wikipedia.org,2020-04,214496,83108,3732,301336
sa.wikipedia.org,2020-05,126804,40584,2104,169492
sa.wikipedia.org,2020-06,112339,30206,499,143044
sa.wikipedia.org,2020-07,121646,33721,3352,158719
sa.wikipedia.org,2020-08,102989,37809,2697,143495
sa.wikipedia.org,2020-09,158244,42379,3755,204378
sa.wikipedia.org,2020-10,115676,42429,3563,161668
sa.wikipedia.org,2020-11,102323,38626,3695,144644
sa.wikipedia.org,2020-12,95500,57362,3739,156601
sa.wikipedia.org,2021-01,96637,64332,4885,165854
sa.wikipedia.org,2021-02,107313,52616,4577,164506
sa.wikipedia.org,2021-03,107204,55754,4501,167459
sa.wikipedia.org,2021-04,121147,37192,3164,161503
sa.wikipedia.org,2021-05,93718,36838,3014,133570
sa.wikipedia.org,2021-06,110104,51228,4360,165692
sa.wikipedia.org,2021-07,101038,59451,4847,165336
sa.wikipedia.org,2021-08,202441,62450,4827,269718
sa.wikipedia.org,2021-09,101065,45469,2704,149238
sa.wikipedia.org,2021-10,95018,41473,2633,139124
sa.wikipedia.org,2021-11,94809,39611,2718,137138
sa.wikipedia.org,2021-12,92705,46944,3740,143389
sa.wikipedia.org,2022-01,125961,64775,4195,194931
sa.wikipedia.org,2022-02,123447,65155,6423,195025
sa.wikipedia.org,2022-03,108515,62502,4635,175652
sa.wikipedia.org,2022-04,105591,46995,3541,156127
sa.wikipedia.org,2022-05,116340,61601,4017,181958
sa.wikipedia.org,2022-06,197822,75470,4883,278175
sa.wikipedia.org,2022-07,99661,66030,4267,169958
sa.wikipedia.org,2022-08,109720,70406,2884,183010
sa.wikipedia.org,2022-09,161003,59051,2803,222857
sa.wikipedia.org,2022-10,132554,64285,3055,199894
sa.wikipedia.org,2022-11,107966,68049,3082,179097
sa.wikipedia.org,2022-12,105119,84090,3977,193186
sa.wikipedia.org,2023-01,111184,68868,4777,184829
sa.wikipedia.org,2023-02,104291,82538,4441,191270
sa.wikipedia.org,2023-03,245293,96492,3286,345071
sa.wikipedia.org,2023-04,99957,58969,4135,163061
sa.wikipedia.org,2023-05,96106,75546,4317,175969
sa.wikipedia.org,2023-06,168697,155449,2649,326795
sa.wikipedia.org,2023-07,158923,131875,2186,292984
sa.wikipedia.org,2023-08,135493,132739,2169,270401
sa.wikipedia.org,2023-09,110245,81528,2461,194234
sa.wikipedia.org,2023-10,130063,110622,2774,243459
sa.wikipedia.org,2023-11,122807,90768,2738,216313
sa.wikipedia.org,2023-12,111833,83768,2960,198561
sa.wikipedia.org,2024-01,154777,74990,2780,232547
sa.wikipedia.org,2024-02,97237,109725,2858,209820
sa.wikipedia.org,2024-03,131770,85054,2739,219563
sa.wikipedia.org,2024-04,87763,125256,3470,216489
sa.wikipedia.org,2024-05,137704,117261,2325,257290
sa.wikipedia.org,2024-06,100343,146045,1596,247984
sa.wikipedia.org,2024-07,51067,113024,2071,166162
sa.wikipedia.org,2024-08,74616,109199,2774,186589
sa.wikipedia.org,2024-09,40047,62568,2595,105210
sa.wikipedia.org,2024-10,60094,73670,1786,135550
sa.wikipedia.org,2024-11,90266,148502,2043,240811
sa.wikipedia.org,2024-12,116523,71578,2755,190856
sa.wikipedia.org,2025-01,210398,145561,1938,357897
sa.wikipedia.org,2025-02,183163,137562,2260,322985
sa.wikipedia.org,2025-03,57156,127255,2263,186674
sa.wikipedia.org,2025-04,81511,87646,2069,171226
sa.wikipedia.org,2025-05,130241,99367,1418,231026
sa.wikipedia.org,2025-06,99847,87974,1473,189294
sa.wikipedia.org,2025-07,429603,129497,1556,560656
sa.wikipedia.org,2025-08,151383,118790,1114,271287
sa.wikipedia.org,2025-09,102109,116114,1142,219365
sa.wikipedia.org,2025-10,276727,69887,1217,347831
sa.wikipedia.org,2025-11,179263,87764,1423,268450
sa.wikipedia.org,2025-12,109862,34491,1302,145655
sa.wikipedia.org,2026-01,154874,38091,2373,195338
sa.wikipedia.org,2026-02,101410,41511,1045,143966
sa.wikipedia.org,2026-03,106466,33671,1141,141278
sa.wikipedia.org,2026-04,232554,25638,743,258935
sa.wikipedia.org,2026-05,301504,26025,852,328381
sa.wikipedia.org,2026-06,162693,27662,762,191117
sa.wikipedia.org,2026-07,136120,96108,728,232956
sa.wiktionary.org,2015-07,17293,17145,,34438
sa.wiktionary.org,2015-08,12059,15694,,27753
sa.wiktionary.org,2015-09,14115,13316,,27431
sa.wiktionary.org,2015-10,13463,15174,,28637
sa.wiktionary.org,2015-11,10154,13091,,23245
sa.wiktionary.org,2015-12,12101,15576,,27677
sa.wiktionary.org,2016-01,12541,17518,,30059
sa.wiktionary.org,2016-02,10943,15595,,26538
sa.wiktionary.org,2016-03,14379,13541,,27920
sa.wiktionary.org,2016-04,40961,25320,,66281
sa.wiktionary.org,2016-05,27999,22671,,50670
sa.wiktionary.org,2016-06,53415,32868,,86283
sa.wiktionary.org,2016-07,17084,34276,,51360
sa.wiktionary.org,2016-08,20630,34885,,55515
sa.wiktionary.org,2016-09,14131,35658,,49789
sa.wiktionary.org,2016-10,17275,34631,,51906
sa.wiktionary.org,2016-11,17117,43645,,60762
sa.wiktionary.org,2016-12,24419,48101,,72520
sa.wiktionary.org,2017-01,15015,53922,,68937
sa.wiktionary.org,2017-02,13264,53532,,66796
sa.wiktionary.org,2017-03,16626,70229,,86855
sa.wiktionary.org,2017-04,232427,57356,,289783
sa.wiktionary.org,2017-05,15116,75989,,91105
sa.wiktionary.org,2017-06,16793,93311,,110104
sa.wiktionary.org,2017-07,256147,94378,,350525
sa.wiktionary.org,2017-08,18495,68604,,87099
sa.wiktionary.org,2017-09,20812,85057,,105869
sa.wiktionary.org,2017-10,16665,117600,,134265
sa.wiktionary.org,2017-11,19295,103623,,122918
sa.wiktionary.org,2017-12,15549,71760,,87309
sa.wiktionary.org,2018-01,20225,80720,4,100949
sa.wiktionary.org,2018-02,17413,95505,,112918
sa.wiktionary.org,2018-03,18979,124844,,143823
sa.wiktionary.org,2018-04,22840,83078,,105918
sa.wiktionary.org,2018-05,52869,91353,,144222
sa.wiktionary.org,2018-06,54605,96252,,150857
sa.wiktionary.org,2018-07,25173,132002,,157175
sa.wiktionary.org,2018-08,25977,157818,,183795
sa.wiktionary.org,2018-09,24820,165014,,189834
sa.wiktionary.org,2018-10,22583,145823,,168406
sa.wiktionary.org,2018-11,23295,125417,,148712
sa.wiktionary.org,2018-12,29561,130583,,160144
sa.wiktionary.org,2019-01,28244,139281,,167525
sa.wiktionary.org,2019-02,24960,139790,,164750
sa.wiktionary.org,2019-03,25899,152786,,178685
sa.wiktionary.org,2019-04,25911,109353,,135264
sa.wiktionary.org,2019-05,21601,118529,,140130
sa.wiktionary.org,2019-06,25306,136930,,162236
sa.wiktionary.org,2019-07,63920,176852,,240772
sa.wiktionary.org,2019-08,99043,168727,,267770
sa.wiktionary.org,2019-09,50067,190145,,240212
sa.wiktionary.org,2019-10,23586,140585,3,164174
sa.wiktionary.org,2019-11,23478,132634,,156112
sa.wiktionary.org,2019-12,15875,109497,27,125399
sa.wiktionary.org,2020-01,16104,110825,48,126977
sa.wiktionary.org,2020-02,19105,121935,7,141047
sa.wiktionary.org,2020-03,20549,107028,13,127590
sa.wiktionary.org,2020-04,22564,123637,65,146266
sa.wiktionary.org,2020-05,41447,111365,24,152836
sa.wiktionary.org,2020-06,21405,89992,45,111442
sa.wiktionary.org,2020-07,32713,117520,6,150239
sa.wiktionary.org,2020-08,31939,151945,,183884
sa.wiktionary.org,2020-09,39775,159891,,199666
sa.wiktionary.org,2020-10,41811,154446,,196257
sa.wiktionary.org,2020-11,23367,108733,,132100
sa.wiktionary.org,2020-12,24404,97326,,121730
sa.wiktionary.org,2021-01,23556,74792,,98348
sa.wiktionary.org,2021-02,26271,66226,,92497
sa.wiktionary.org,2021-03,25110,90695,,115805
sa.wiktionary.org,2021-04,24637,48692,,73329
sa.wiktionary.org,2021-05,20290,49640,,69930
sa.wiktionary.org,2021-06,22216,47220,,69436
sa.wiktionary.org,2021-07,27833,54107,,81940
sa.wiktionary.org,2021-08,39020,50149,,89169
sa.wiktionary.org,2021-09,34422,58132,,92554
sa.wiktionary.org,2021-10,20769,44122,,64891
sa.wiktionary.org,2021-11,20817,36535,,57352
sa.wiktionary.org,2021-12,17454,44007,,61461
sa.wiktionary.org,2022-01,18394,42999,,61393
sa.wiktionary.org,2022-02,20166,39336,,59502
sa.wiktionary.org,2022-03,24889,44765,,69654
sa.wiktionary.org,2022-04,22835,33584,,56419
sa.wiktionary.org,2022-05,20673,40648,,61321
sa.wiktionary.org,2022-06,21672,53310,,74982
sa.wiktionary.org,2022-07,20170,63593,,83763
sa.wiktionary.org,2022-08,31237,74822,,106059
sa.wiktionary.org,2022-09,23540,86156,,109696
sa.wiktionary.org,2022-10,35949,85009,,120958
sa.wiktionary.org,2022-11,32282,96054,,128336
sa.wiktionary.org,2022-12,45375,92527,,137902
sa.wiktionary.org,2023-01,18530,71993,,90523
sa.wiktionary.org,2023-02,42811,95934,,138745
sa.wiktionary.org,2023-03,57864,112108,,169972
sa.wiktionary.org,2023-04,20384,60332,,80716
sa.wiktionary.org,2023-05,20987,75450,,96437
sa.wiktionary.org,2023-06,36465,101821,,138286
sa.wiktionary.org,2023-07,36092,99757,,135849
sa.wiktionary.org,2023-08,36712,87969,,124681
sa.wiktionary.org,2023-09,26963,83592,,110555
sa.wiktionary.org,2023-10,30329,115566,,145895
sa.wiktionary.org,2023-11,28439,102658,,131097
sa.wiktionary.org,2023-12,45615,117315,,162930
sa.wiktionary.org,2024-01,28497,104467,,132964
sa.wiktionary.org,2024-02,20135,115087,,135222
sa.wiktionary.org,2024-03,45315,121019,,166334
sa.wiktionary.org,2024-04,45719,111000,,156719
sa.wiktionary.org,2024-05,33263,93586,,126849
sa.wiktionary.org,2024-06,49002,100310,,149312
sa.wiktionary.org,2024-07,24492,77903,,102395
sa.wiktionary.org,2024-08,43965,82834,,126799
sa.wiktionary.org,2024-09,68465,102810,,171275
sa.wiktionary.org,2024-10,73699,61460,,135159
sa.wiktionary.org,2024-11,61365,69148,,130513
sa.wiktionary.org,2024-12,150770,137218,,287988
sa.wiktionary.org,2025-01,91500,109216,,200716
sa.wiktionary.org,2025-02,121772,135750,,257522
sa.wiktionary.org,2025-03,148459,97396,,245855
sa.wiktionary.org,2025-04,33796,34259,,68055
sa.wiktionary.org,2025-05,47872,40102,,87974
sa.wiktionary.org,2025-06,84960,65457,,150417
sa.wiktionary.org,2025-07,372625,111645,,484270
sa.wiktionary.org,2025-08,287087,72241,,359328
sa.wiktionary.org,2025-09,91339,188008,,279347
sa.wiktionary.org,2025-10,546939,73717,,620656
sa.wiktionary.org,2025-11,86368,45595,,131963
sa.wiktionary.org,2025-12,53060,23861,,76921
sa.wiktionary.org,2026-01,42793,21263,,64056
sa.wiktionary.org,2026-02,27609,24247,,51856
sa.wiktionary.org,2026-03,76293,21645,,97938
sa.wiktionary.org,2026-04,80524,18225,,98749
sa.wiktionary.org,2026-05,213115,16023,,229138
sa.wiktionary.org,2026-06,248931,126070,,375001
sa.wiktionary.org,2026-07,138964,19147,,158111
sa.wikisource.org,2015-07,56492,6225,,62717
sa.wikisource.org,2015-08,20374,8971,,29345
sa.wikisource.org,2015-09,22214,5997,,28211
sa.wikisource.org,2015-10,22350,6055,,28405
sa.wikisource.org,2015-11,37738,6151,,43889
sa.wikisource.org,2015-12,24862,7525,,32387
sa.wikisource.org,2016-01,34394,7222,,41616
sa.wikisource.org,2016-02,34995,6117,1,41113
sa.wikisource.org,2016-03,52333,7044,17,59394
sa.wikisource.org,2016-04,59219,12781,1,72001
sa.wikisource.org,2016-05,44420,7002,,51422
sa.wikisource.org,2016-06,71123,7381,,78504
sa.wikisource.org,2016-07,45782,9396,,55178
sa.wikisource.org,2016-08,27849,9965,,37814
sa.wikisource.org,2016-09,30558,11649,,42207
sa.wikisource.org,2016-10,35905,12141,11,48057
sa.wikisource.org,2016-11,36105,12651,4,48760
sa.wikisource.org,2016-12,36833,14160,25,51018
sa.wikisource.org,2017-01,31264,15676,22,46962
sa.wikisource.org,2017-02,33063,22463,167,55693
sa.wikisource.org,2017-03,44932,19122,29,64083
sa.wikisource.org,2017-04,181931,21074,1,203006
sa.wikisource.org,2017-05,35004,19403,4,54411
sa.wikisource.org,2017-06,40273,19882,3,60158
sa.wikisource.org,2017-07,161920,22881,18,184819
sa.wikisource.org,2017-08,46277,26508,1,72786
sa.wikisource.org,2017-09,46820,33704,5,80529
sa.wikisource.org,2017-10,41004,28357,12,69373
sa.wikisource.org,2017-11,32782,27925,21,60728
sa.wikisource.org,2017-12,43223,28342,7,71572
sa.wikisource.org,2018-01,44582,33978,7,78567
sa.wikisource.org,2018-02,36306,30326,,66632
sa.wikisource.org,2018-03,39927,45437,,85364
sa.wikisource.org,2018-04,45671,44245,,89916
sa.wikisource.org,2018-05,44028,47966,,91994
sa.wikisource.org,2018-06,57641,53098,,110739
sa.wikisource.org,2018-07,73803,54834,,128637
sa.wikisource.org,2018-08,72043,61829,,133872
sa.wikisource.org,2018-09,48510,53840,,102350
sa.wikisource.org,2018-10,46751,65398,,112149
sa.wikisource.org,2018-11,57074,65041,,122115
sa.wikisource.org,2018-12,60041,77094,,137135
sa.wikisource.org,2019-01,79744,73310,,153054
sa.wikisource.org,2019-02,63492,61900,,125392
sa.wikisource.org,2019-03,180702,69420,,250122
sa.wikisource.org,2019-04,319538,64976,,384514
sa.wikisource.org,2019-05,63466,65250,,128716
sa.wikisource.org,2019-06,52748,71893,,124641
sa.wikisource.org,2019-07,99667,104200,,203867
sa.wikisource.org,2019-08,117939,123862,,241801
sa.wikisource.org,2019-09,68326,124857,,193183
sa.wikisource.org,2019-10,68446,136704,36,205186
sa.wikisource.org,2019-11,49633,136900,60,186593
sa.wikisource.org,2019-12,87276,133272,378,220926
sa.wikisource.org,2020-01,67484,123149,149,190782
sa.wikisource.org,2020-02,50862,112775,99,163736
sa.wikisource.org,2020-03,50809,147072,89,197970
sa.wikisource.org,2020-04,76930,205069,18,282017
sa.wikisource.org,2020-05,122246,131265,52,253563
sa.wikisource.org,2020-06,90856,99550,1,190407
sa.wikisource.org,2020-07,119943,110304,,230247
sa.wikisource.org,2020-08,84952,113554,,198506
sa.wikisource.org,2020-09,78397,105335,,183732
sa.wikisource.org,2020-10,76570,180878,,257448
sa.wikisource.org,2020-11,78705,93501,,172206
sa.wikisource.org,2020-12,77108,94439,,171547
sa.wikisource.org,2021-01,78067,108622,,186689
sa.wikisource.org,2021-02,74124,86661,,160785
sa.wikisource.org,2021-03,82261,101972,,184233
sa.wikisource.org,2021-04,82871,98166,,181037
sa.wikisource.org,2021-05,93418,95528,,188946
sa.wikisource.org,2021-06,81997,92423,,174420
sa.wikisource.org,2021-07,81117,97271,,178388
sa.wikisource.org,2021-08,128795,100046,,228841
sa.wikisource.org,2021-09,76865,90491,,167356
sa.wikisource.org,2021-10,70006,83119,,153125
sa.wikisource.org,2021-11,74144,75638,,149782
sa.wikisource.org,2021-12,71036,69936,,140972
sa.wikisource.org,2022-01,68666,72387,,141053
sa.wikisource.org,2022-02,58062,71323,,129385
sa.wikisource.org,2022-03,60987,72310,,133297
sa.wikisource.org,2022-04,69626,67225,,136851
sa.wikisource.org,2022-05,74630,78730,,153360
sa.wikisource.org,2022-06,84894,81619,,166513
sa.wikisource.org,2022-07,97533,107029,,204562
sa.wikisource.org,2022-08,117663,122006,,239669
sa.wikisource.org,2022-09,94710,106112,,200822
sa.wikisource.org,2022-10,85779,115152,,200931
sa.wikisource.org,2022-11,101239,100704,,201943
sa.wikisource.org,2022-12,93483,113661,,207144
sa.wikisource.org,2023-01,63854,86163,,150017
sa.wikisource.org,2023-02,63889,108379,,172268
sa.wikisource.org,2023-03,78310,143269,,221579
sa.wikisource.org,2023-04,53543,90641,,144184
sa.wikisource.org,2023-05,70355,122860,,193215
sa.wikisource.org,2023-06,72043,142017,,214060
sa.wikisource.org,2023-07,85739,152829,,238568
sa.wikisource.org,2023-08,65175,120388,,185563
sa.wikisource.org,2023-09,60241,105269,,165510
sa.wikisource.org,2023-10,73539,203534,,277073
sa.wikisource.org,2023-11,55735,128984,,184719
sa.wikisource.org,2023-12,86658,154087,,240745
sa.wikisource.org,2024-01,201616,146521,,348137
sa.wikisource.org,2024-02,54479,153369,,207848
sa.wikisource.org,2024-03,66344,188129,,254473
sa.wikisource.org,2024-04,79222,221098,,300320
sa.wikisource.org,2024-05,72494,182194,,254688
sa.wikisource.org,2024-06,174375,312573,,486948
sa.wikisource.org,2024-07,125075,248765,,373840
sa.wikisource.org,2024-08,143933,210528,,354461
sa.wikisource.org,2024-09,132571,264612,,397183
sa.wikisource.org,2024-10,155439,311517,,466956
sa.wikisource.org,2024-11,92417,147948,,240365
sa.wikisource.org,2024-12,110614,154090,,264704
sa.wikisource.org,2025-01,132301,137224,,269525
sa.wikisource.org,2025-02,213111,191361,,404472
sa.wikisource.org,2025-03,279077,282847,,561924
sa.wikisource.org,2025-04,176266,216223,,392489
sa.wikisource.org,2025-05,210954,320113,,531067
sa.wikisource.org,2025-06,135251,207371,,342622
sa.wikisource.org,2025-07,263199,341987,,605186
sa.wikisource.org,2025-08,135297,255274,,390571
sa.wikisource.org,2025-09,175881,420555,,596436
sa.wikisource.org,2025-10,218182,259350,,477532
sa.wikisource.org,2025-11,430926,195254,,626180
sa.wikisource.org,2025-12,157710,152615,,310325
sa.wikisource.org,2026-01,148082,142485,,290567
sa.wikisource.org,2026-02,147536,117762,,265298
sa.wikisource.org,2026-03,151605,179014,,330619
sa.wikisource.org,2026-04,203716,132593,,336309
sa.wikisource.org,2026-05,349640,169511,,519151
sa.wikisource.org,2026-06,420509,148526,,569035
sa.wikisource.org,2026-07,259096,170427,,429523
sa.wikiquote.org,2015-07,10256,3860,,14116
sa.wikiquote.org,2015-08,5195,718,,5913
sa.wikiquote.org,2015-09,8645,834,,9479
sa.wikiquote.org,2015-10,6139,834,,6973
sa.wikiquote.org,2015-11,5979,676,,6655
sa.wikiquote.org,2015-12,4232,907,,5139
sa.wikiquote.org,2016-01,6487,759,,7246
sa.wikiquote.org,2016-02,9931,2548,,12479
sa.wikiquote.org,2016-03,5393,921,,6314
sa.wikiquote.org,2016-04,5275,13560,,18835
sa.wikiquote.org,2016-05,14391,3604,,17995
sa.wikiquote.org,2016-06,51864,1038,,52902
sa.wikiquote.org,2016-07,112149,29320,,141469
sa.wikiquote.org,2016-08,6735,1187,,7922
sa.wikiquote.org,2016-09,3979,1199,,5178
sa.wikiquote.org,2016-10,3739,1032,,4771
sa.wikiquote.org,2016-11,18233,1546,,19779
sa.wikiquote.org,2016-12,6565,2050,,8615
sa.wikiquote.org,2017-01,4313,1854,,6167
sa.wikiquote.org,2017-02,8120,2289,,10409
sa.wikiquote.org,2017-03,8621,2357,,10978
sa.wikiquote.org,2017-04,37586,2256,,39842
sa.wikiquote.org,2017-05,4320,2328,,6648
sa.wikiquote.org,2017-06,8858,1939,,10797
sa.wikiquote.org,2017-07,4702,2505,,7207
sa.wikiquote.org,2017-08,7590,2750,,10340
sa.wikiquote.org,2017-09,7475,2850,,10325
sa.wikiquote.org,2017-10,4824,3326,,8150
sa.wikiquote.org,2017-11,5385,2943,,8328
sa.wikiquote.org,2017-12,5649,3163,,8812
sa.wikiquote.org,2018-01,6218,3383,,9601
sa.wikiquote.org,2018-02,6306,3717,,10023
sa.wikiquote.org,2018-03,7853,5228,,13081
sa.wikiquote.org,2018-04,7833,5486,,13319
sa.wikiquote.org,2018-05,7231,5645,,12876
sa.wikiquote.org,2018-06,7741,5833,,13574
sa.wikiquote.org,2018-07,8846,6721,,15567
sa.wikiquote.org,2018-08,9993,10575,,20568
sa.wikiquote.org,2018-09,7694,11759,,19453
sa.wikiquote.org,2018-10,7513,8658,,16171
sa.wikiquote.org,2018-11,9206,8371,,17577
sa.wikiquote.org,2018-12,7053,12986,,20039
sa.wikiquote.org,2019-01,15049,15339,,30388
sa.wikiquote.org,2019-02,13896,16790,,30686
sa.wikiquote.org,2019-03,13102,20296,,33398
sa.wikiquote.org,2019-04,19671,15530,,35201
sa.wikiquote.org,2019-05,14534,6569,,21103
sa.wikiquote.org,2019-06,9169,6339,,15508
sa.wikiquote.org,2019-07,17673,9071,,26744
sa.wikiquote.org,2019-08,36844,14511,,51355
sa.wikiquote.org,2019-09,15361,12700,,28061
sa.wikiquote.org,2019-10,14770,9564,,24334
sa.wikiquote.org,2019-11,7909,11086,,18995
sa.wikiquote.org,2019-12,5982,12796,,18778
sa.wikiquote.org,2020-01,5916,13293,,19209
sa.wikiquote.org,2020-02,8402,14319,,22721
sa.wikiquote.org,2020-03,7395,15153,,22548
sa.wikiquote.org,2020-04,8720,20174,2,28896
sa.wikiquote.org,2020-05,15705,17854,,33559
sa.wikiquote.org,2020-06,8909,14015,,22924
sa.wikiquote.org,2020-07,11646,14313,,25959
sa.wikiquote.org,2020-08,19763,16002,,35765
sa.wikiquote.org,2020-09,17179,11166,,28345
sa.wikiquote.org,2020-10,15266,11651,,26917
sa.wikiquote.org,2020-11,7987,14844,,22831
sa.wikiquote.org,2020-12,8456,14030,,22486
sa.wikiquote.org,2021-01,11286,17275,,28561
sa.wikiquote.org,2021-02,13374,13306,,26680
sa.wikiquote.org,2021-03,11987,16051,,28038
sa.wikiquote.org,2021-04,8871,10384,,19255
sa.wikiquote.org,2021-05,9926,11431,,21357
sa.wikiquote.org,2021-06,11069,12235,,23304
sa.wikiquote.org,2021-07,12211,16003,,28214
sa.wikiquote.org,2021-08,17646,13430,,31076
sa.wikiquote.org,2021-09,11924,12737,,24661
sa.wikiquote.org,2021-10,8447,16136,,24583
sa.wikiquote.org,2021-11,10786,14254,,25040
sa.wikiquote.org,2021-12,7169,13421,,20590
sa.wikiquote.org,2022-01,7234,13716,,20950
sa.wikiquote.org,2022-02,6250,13738,,19988
sa.wikiquote.org,2022-03,8423,13289,,21712
sa.wikiquote.org,2022-04,7805,12682,,20487
sa.wikiquote.org,2022-05,11108,14483,,25591
sa.wikiquote.org,2022-06,11740,15911,,27651
sa.wikiquote.org,2022-07,14524,19730,,34254
sa.wikiquote.org,2022-08,16327,25076,,41403
sa.wikiquote.org,2022-09,9273,18125,,27398
sa.wikiquote.org,2022-10,17449,21071,,38520
sa.wikiquote.org,2022-11,10045,18527,,28572
sa.wikiquote.org,2022-12,22932,21177,,44109
sa.wikiquote.org,2023-01,6407,19670,,26077
sa.wikiquote.org,2023-02,13851,23310,,37161
sa.wikiquote.org,2023-03,23721,24304,,48025
sa.wikiquote.org,2023-04,8619,19463,,28082
sa.wikiquote.org,2023-05,10843,28940,,39783
sa.wikiquote.org,2023-06,7861,25337,,33198
sa.wikiquote.org,2023-07,13203,39434,,52637
sa.wikiquote.org,2023-08,9717,25847,,35564
sa.wikiquote.org,2023-09,8213,19972,,28185
sa.wikiquote.org,2023-10,8178,22204,,30382
sa.wikiquote.org,2023-11,41202,20833,,62035
sa.wikiquote.org,2023-12,59725,21204,,80929
sa.wikiquote.org,2024-01,7582,22386,,29968
sa.wikiquote.org,2024-02,6273,21395,,27668
sa.wikiquote.org,2024-03,8752,20210,,28962
sa.wikiquote.org,2024-04,10546,22690,,33236
sa.wikiquote.org,2024-05,11526,20111,,31637
sa.wikiquote.org,2024-06,17812,29743,,47555
sa.wikiquote.org,2024-07,9066,25692,,34758
sa.wikiquote.org,2024-08,10608,24401,,35009
sa.wikiquote.org,2024-09,12955,28173,,41128
sa.wikiquote.org,2024-10,8174,37514,,45688
sa.wikiquote.org,2024-11,13477,20525,,34002
sa.wikiquote.org,2024-12,26604,17695,,44299
sa.wikiquote.org,2025-01,15911,20786,,36697
sa.wikiquote.org,2025-02,27461,25700,,53161
sa.wikiquote.org,2025-03,16978,17506,,34484
sa.wikiquote.org,2025-04,7577,14969,,22546
sa.wikiquote.org,2025-05,62819,35346,,98165
sa.wikiquote.org,2025-06,90246,62724,,152970
sa.wikiquote.org,2025-07,44279,395346,,439625
sa.wikiquote.org,2025-08,23896,25654,,49550
sa.wikiquote.org,2025-09,23671,37786,,61457
sa.wikiquote.org,2025-10,24832,25202,,50034
sa.wikiquote.org,2025-11,28584,18826,,47410
sa.wikiquote.org,2025-12,26366,11505,,37871
sa.wikiquote.org,2026-01,14632,12484,,27116
sa.wikiquote.org,2026-02,13686,12422,,26108
sa.wikiquote.org,2026-03,25440,15113,,40553
sa.wikiquote.org,2026-04,23702,10417,,34119
sa.wikiquote.org,2026-05,29730,9908,,39638
sa.wikiquote.org,2026-06,27545,10476,,38021
sa.wikiquote.org,2026-07,57000,19758,,76758
sa.wikibooks.org,2015-07,6104,1533,,7637
sa.wikibooks.org,2015-08,8421,2479,,10900
sa.wikibooks.org,2015-09,8037,1893,,9930
sa.wikibooks.org,2015-10,4836,1607,,6443
sa.wikibooks.org,2015-11,3823,1664,,5487
sa.wikibooks.org,2015-12,4930,2023,,6953
sa.wikibooks.org,2016-01,5685,1935,,7620
sa.wikibooks.org,2016-02,3947,2134,,6081
sa.wikibooks.org,2016-03,4794,1777,,6571
sa.wikibooks.org,2016-04,12158,11530,,23688
sa.wikibooks.org,2016-05,12720,3803,,16523
sa.wikibooks.org,2016-06,77015,2390,,79405
sa.wikibooks.org,2016-07,4475,1566,,6041
sa.wikibooks.org,2016-08,6293,2177,,8470
sa.wikibooks.org,2016-09,3979,2271,,6250
sa.wikibooks.org,2016-10,7144,2039,,9183
sa.wikibooks.org,2016-11,2862,2177,,5039
sa.wikibooks.org,2016-12,7720,2872,,10592
sa.wikibooks.org,2017-01,3507,2809,,6316
sa.wikibooks.org,2017-02,4061,3293,,7354
sa.wikibooks.org,2017-03,4358,3148,,7506
sa.wikibooks.org,2017-04,4509,3489,,7998
sa.wikibooks.org,2017-05,3655,2992,,6647
sa.wikibooks.org,2017-06,4013,2594,,6607
sa.wikibooks.org,2017-07,4250,3538,,7788
sa.wikibooks.org,2017-08,6565,4072,,10637
sa.wikibooks.org,2017-09,5604,4001,,9605
sa.wikibooks.org,2017-10,4012,4050,,8062
sa.wikibooks.org,2017-11,6304,4999,,11303
sa.wikibooks.org,2017-12,4920,4774,,9694
sa.wikibooks.org,2018-01,4447,4410,,8857
sa.wikibooks.org,2018-02,4600,4582,,9182
sa.wikibooks.org,2018-03,5428,5068,,10496
sa.wikibooks.org,2018-04,5365,5170,,10535
sa.wikibooks.org,2018-05,6423,6554,,12977
sa.wikibooks.org,2018-06,5910,4785,3,10698
sa.wikibooks.org,2018-07,7152,5831,,12983
sa.wikibooks.org,2018-08,7247,7946,8,15201
sa.wikibooks.org,2018-09,6324,6845,5,13174
sa.wikibooks.org,2018-10,5968,8439,,14407
sa.wikibooks.org,2018-11,8030,9048,,17078
sa.wikibooks.org,2018-12,6568,7280,,13848
sa.wikibooks.org,2019-01,11446,8450,,19896
sa.wikibooks.org,2019-02,9105,6950,,16055
sa.wikibooks.org,2019-03,10645,8391,,19036
sa.wikibooks.org,2019-04,13469,6819,,20288
sa.wikibooks.org,2019-05,11929,6638,,18567
sa.wikibooks.org,2019-06,8885,6329,,15214
sa.wikibooks.org,2019-07,17589,7414,,25003
sa.wikibooks.org,2019-08,24279,8475,7,32761
sa.wikibooks.org,2019-09,13486,9135,,22621
sa.wikibooks.org,2019-10,14988,10828,,25816
sa.wikibooks.org,2019-11,7051,11316,,18367
sa.wikibooks.org,2019-12,5486,9818,,15304
sa.wikibooks.org,2020-01,4826,9256,,14082
sa.wikibooks.org,2020-02,5728,8566,,14294
sa.wikibooks.org,2020-03,8998,8120,,17118
sa.wikibooks.org,2020-04,8268,10056,8,18332
sa.wikibooks.org,2020-05,7594,8325,1,15920
sa.wikibooks.org,2020-06,5911,5548,,11459
sa.wikibooks.org,2020-07,9702,5407,,15109
sa.wikibooks.org,2020-08,28527,7438,,35965
sa.wikibooks.org,2020-09,30900,8829,,39729
sa.wikibooks.org,2020-10,23511,5185,,28696
sa.wikibooks.org,2020-11,6124,4690,,10814
sa.wikibooks.org,2020-12,6015,4549,,10564
sa.wikibooks.org,2021-01,10601,7078,,17679
sa.wikibooks.org,2021-02,10911,5562,,16473
sa.wikibooks.org,2021-03,16226,6985,,23211
sa.wikibooks.org,2021-04,9203,5755,,14958
sa.wikibooks.org,2021-05,15042,6363,,21405
sa.wikibooks.org,2021-06,11774,6263,,18037
sa.wikibooks.org,2021-07,13047,6305,,19352
sa.wikibooks.org,2021-08,21340,6076,,27416
sa.wikibooks.org,2021-09,10912,6693,,17605
sa.wikibooks.org,2021-10,8921,5761,,14682
sa.wikibooks.org,2021-11,7129,5062,,12191
sa.wikibooks.org,2021-12,7470,5526,,12996
sa.wikibooks.org,2022-01,6357,5943,,12300
sa.wikibooks.org,2022-02,14655,7262,,21917
sa.wikibooks.org,2022-03,36125,8200,,44325
sa.wikibooks.org,2022-04,9322,6113,,15435
sa.wikibooks.org,2022-05,8804,9706,,18510
sa.wikibooks.org,2022-06,8959,9687,,18646
sa.wikibooks.org,2022-07,8551,13787,,22338
sa.wikibooks.org,2022-08,10764,16234,,26998
sa.wikibooks.org,2022-09,7220,20848,,28068
sa.wikibooks.org,2022-10,10538,21737,,32275
sa.wikibooks.org,2022-11,10595,20791,,31386
sa.wikibooks.org,2022-12,10095,17171,,27266
sa.wikibooks.org,2023-01,7053,19548,,26601
sa.wikibooks.org,2023-02,7576,26514,,34090
sa.wikibooks.org,2023-03,10192,30200,,40392
sa.wikibooks.org,2023-04,5499,15789,,21288
sa.wikibooks.org,2023-05,7912,25444,,33356
sa.wikibooks.org,2023-06,8542,28360,,36902
sa.wikibooks.org,2023-07,6872,21778,,28650
sa.wikibooks.org,2023-08,8429,20086,,28515
sa.wikibooks.org,2023-09,6495,19499,,25994
sa.wikibooks.org,2023-10,9525,19222,,28747
sa.wikibooks.org,2023-11,6595,17526,,24121
sa.wikibooks.org,2023-12,11287,24795,,36082
sa.wikibooks.org,2024-01,12033,22731,,34764
sa.wikibooks.org,2024-02,6230,21471,,27701
sa.wikibooks.org,2024-03,6685,24352,,31037
sa.wikibooks.org,2024-04,10101,24552,,34653
sa.wikibooks.org,2024-05,7269,18799,,26068
sa.wikibooks.org,2024-06,11157,17912,,29069
sa.wikibooks.org,2024-07,5610,16956,,22566
sa.wikibooks.org,2024-08,18813,22802,,41615
sa.wikibooks.org,2024-09,9001,27278,,36279
sa.wikibooks.org,2024-10,6937,16355,,23292
sa.wikibooks.org,2024-11,10635,14568,,25203
sa.wikibooks.org,2024-12,28891,15015,,43906
sa.wikibooks.org,2025-01,19602,19073,,38675
sa.wikibooks.org,2025-02,28645,21338,,49983
sa.wikibooks.org,2025-03,17316,15818,,33134
sa.wikibooks.org,2025-04,8320,15637,,23957
sa.wikibooks.org,2025-05,39904,18306,,58210
sa.wikibooks.org,2025-06,108718,74520,,183238
sa.wikibooks.org,2025-07,8092,469365,,477457
sa.wikibooks.org,2025-08,25501,39762,,65263
sa.wikibooks.org,2025-09,26265,75050,,101315
sa.wikibooks.org,2025-10,34506,71149,,105655
sa.wikibooks.org,2025-11,32870,8865,,41735
sa.wikibooks.org,2025-12,54100,5535,,59635
sa.wikibooks.org,2026-01,26451,4907,,31358
sa.wikibooks.org,2026-02,8052,6067,,14119
sa.wikibooks.org,2026-03,24327,7157,,31484
sa.wikibooks.org,2026-04,34874,4489,,39363
sa.wikibooks.org,2026-05,575288,4400,,579688
sa.wikibooks.org,2026-06,35180,21453,,56633
sa.wikibooks.org,2026-07,60863,25483,,86346
sat.wikipedia.org,2018-08,39977,9520,114,49611
sat.wikipedia.org,2018-09,44751,11351,241,56343
sat.wikipedia.org,2018-10,51297,40222,100,91619
sat.wikipedia.org,2018-11,96003,9396,466,105865
sat.wikipedia.org,2018-12,45268,21589,237,67094
sat.wikipedia.org,2019-01,55899,13272,897,70068
sat.wikipedia.org,2019-02,58907,8801,534,68242
sat.wikipedia.org,2019-03,60388,8323,294,69005
sat.wikipedia.org,2019-04,74800,9555,335,84690
sat.wikipedia.org,2019-05,62662,6709,260,69631
sat.wikipedia.org,2019-06,57828,7872,411,66111
sat.wikipedia.org,2019-07,101403,8965,327,110695
sat.wikipedia.org,2019-08,112332,13215,385,125932
sat.wikipedia.org,2019-09,68762,12811,749,82322
sat.wikipedia.org,2019-10,74661,19374,665,94700
sat.wikipedia.org,2019-11,55547,18460,534,74541
sat.wikipedia.org,2019-12,41900,19582,442,61924
sat.wikipedia.org,2020-01,51823,16742,462,69027
sat.wikipedia.org,2020-02,43022,12595,297,55914
sat.wikipedia.org,2020-03,46329,14067,285,60681
sat.wikipedia.org,2020-04,65875,30277,248,96400
sat.wikipedia.org,2020-05,69303,19282,413,88998
sat.wikipedia.org,2020-06,50699,14398,57,65154
sat.wikipedia.org,2020-07,64240,14375,246,78861
sat.wikipedia.org,2020-08,58403,8787,413,67603
sat.wikipedia.org,2020-09,78406,10486,450,89342
sat.wikipedia.org,2020-10,65400,9624,312,75336
sat.wikipedia.org,2020-11,55629,7712,258,63599
sat.wikipedia.org,2020-12,45686,11869,375,57930
sat.wikipedia.org,2021-01,50460,11147,258,61865
sat.wikipedia.org,2021-02,52856,11085,237,64178
sat.wikipedia.org,2021-03,64253,8987,146,73386
sat.wikipedia.org,2021-04,67779,13674,225,81678
sat.wikipedia.org,2021-05,49324,14172,353,63849
sat.wikipedia.org,2021-06,62923,8825,297,72045
sat.wikipedia.org,2021-07,55949,15759,389,72097
sat.wikipedia.org,2021-08,68529,14633,404,83566
sat.wikipedia.org,2021-09,51462,16760,354,68576
sat.wikipedia.org,2021-10,58878,13608,223,72709
sat.wikipedia.org,2021-11,55961,12104,333,68398
sat.wikipedia.org,2021-12,50742,11525,620,62887
sat.wikipedia.org,2022-01,51711,18395,377,70483
sat.wikipedia.org,2022-02,46287,14466,542,61295
sat.wikipedia.org,2022-03,50143,15058,261,65462
sat.wikipedia.org,2022-04,47378,12689,366,60433
sat.wikipedia.org,2022-05,51770,18353,646,70769
sat.wikipedia.org,2022-06,84872,25643,573,111088
sat.wikipedia.org,2022-07,47146,23215,285,70646
sat.wikipedia.org,2022-08,66674,32602,433,99709
sat.wikipedia.org,2022-09,62500,15576,247,78323
sat.wikipedia.org,2022-10,64661,25049,371,90081
sat.wikipedia.org,2022-11,61397,27946,344,89687
sat.wikipedia.org,2022-12,64096,39504,254,103854
sat.wikipedia.org,2023-01,57149,21975,410,79534
sat.wikipedia.org,2023-02,81352,43051,238,124641
sat.wikipedia.org,2023-03,95541,52574,294,148409
sat.wikipedia.org,2023-04,48738,23056,363,72157
sat.wikipedia.org,2023-05,52611,31326,594,84531
sat.wikipedia.org,2023-06,89546,75514,1136,166196
sat.wikipedia.org,2023-07,85127,56596,810,142533
sat.wikipedia.org,2023-08,72158,59922,2950,135030
sat.wikipedia.org,2023-09,66043,32471,2292,100806
sat.wikipedia.org,2023-10,71262,48051,3379,122692
sat.wikipedia.org,2023-11,68716,32089,2755,103560
sat.wikipedia.org,2023-12,66742,31786,1418,99946
sat.wikipedia.org,2024-01,50062,29506,2540,82108
sat.wikipedia.org,2024-02,60348,17510,1822,79680
sat.wikipedia.org,2024-03,54161,18816,1459,74436
sat.wikipedia.org,2024-04,55003,30751,2074,87828
sat.wikipedia.org,2024-05,85295,31474,1609,118378
sat.wikipedia.org,2024-06,68251,39578,2264,110093
sat.wikipedia.org,2024-07,34324,48810,935,84069
sat.wikipedia.org,2024-08,78108,44634,4030,126772
sat.wikipedia.org,2024-09,33365,36640,2228,72233
sat.wikipedia.org,2024-10,42769,29160,832,72761
sat.wikipedia.org,2024-11,42976,71362,807,115145
sat.wikipedia.org,2024-12,51515,16736,776,69027
sat.wikipedia.org,2025-01,115659,41130,618,157407
sat.wikipedia.org,2025-02,118691,45184,7182,171057
sat.wikipedia.org,2025-03,78736,40468,2919,122123
sat.wikipedia.org,2025-04,62565,23627,1052,87244
sat.wikipedia.org,2025-05,74130,71675,906,146711
sat.wikipedia.org,2025-06,55253,44808,829,100890
sat.wikipedia.org,2025-07,191541,77428,548,269517
sat.wikipedia.org,2025-08,114596,98638,464,213698
sat.wikipedia.org,2025-09,285166,113029,311,398506
sat.wikipedia.org,2025-10,106199,59142,613,165954
sat.wikipedia.org,2025-11,284135,42249,759,327143
sat.wikipedia.org,2025-12,91544,17424,952,109920
sat.wikipedia.org,2026-01,67954,20679,538,89171
sat.wikipedia.org,2026-02,71087,23763,546,95396
sat.wikipedia.org,2026-03,96464,20219,308,116991
sat.wikipedia.org,2026-04,150780,16461,383,167624
sat.wikipedia.org,2026-05,356750,18892,593,376235
sat.wikipedia.org,2026-06,161610,23915,280,185805
sat.wikipedia.org,2026-07,125314,62043,333,187690
sat.wiktionary.org,2025-02,3084,2350,,5434
sat.wiktionary.org,2025-03,36436,13351,,49787
sat.wiktionary.org,2025-04,8432,15662,,24094
sat.wiktionary.org,2025-05,7598,3142,,10740
sat.wiktionary.org,2025-06,19336,4837,,24173
sat.wiktionary.org,2025-07,82977,11062,,94039
sat.wiktionary.org,2025-08,11250,2680,,13930
sat.wiktionary.org,2025-09,83388,74269,,157657
sat.wiktionary.org,2025-10,29448,13738,,43186
sat.wiktionary.org,2025-11,67596,7093,,74689
sat.wiktionary.org,2025-12,60222,2308,,62530
sat.wiktionary.org,2026-01,3892,3020,,6912
sat.wiktionary.org,2026-02,16450,2211,,18661
sat.wiktionary.org,2026-03,9715,1997,,11712
sat.wiktionary.org,2026-04,19249,2014,,21263
sat.wiktionary.org,2026-05,19910,2480,,22390
sat.wiktionary.org,2026-06,20850,4766,,25616
sat.wiktionary.org,2026-07,19988,6563,,26551
sd.wikipedia.org,2015-07,43254,9407,435,53096
sd.wikipedia.org,2015-08,54254,8957,590,63801
sd.wikipedia.org,2015-09,51111,8177,394,59682
sd.wikipedia.org,2015-10,46430,9714,835,56979
sd.wikipedia.org,2015-11,93122,10126,1061,104309
sd.wikipedia.org,2015-12,68417,12441,4989,85847
sd.wikipedia.org,2016-01,117349,16274,6176,139799
sd.wikipedia.org,2016-02,69656,11026,1320,82002
sd.wikipedia.org,2016-03,87452,14097,1640,103189
sd.wikipedia.org,2016-04,100000,21180,1168,122348
sd.wikipedia.org,2016-05,199075,18278,1335,218688
sd.wikipedia.org,2016-06,124566,15842,382,140790
sd.wikipedia.org,2016-07,93158,23227,1636,118021
sd.wikipedia.org,2016-08,108099,19791,913,128803
sd.wikipedia.org,2016-09,98274,19290,1181,118745
sd.wikipedia.org,2016-10,133517,23619,1228,158364
sd.wikipedia.org,2016-11,144783,22679,807,168269
sd.wikipedia.org,2016-12,146974,20580,804,168358
sd.wikipedia.org,2017-01,137723,25550,978,164251
sd.wikipedia.org,2017-02,145516,26564,570,172650
sd.wikipedia.org,2017-03,147124,25128,781,173033
sd.wikipedia.org,2017-04,197651,26181,399,224231
sd.wikipedia.org,2017-05,133910,26147,714,160771
sd.wikipedia.org,2017-06,116981,21395,456,138832
sd.wikipedia.org,2017-07,133713,22239,499,156451
sd.wikipedia.org,2017-08,217844,24559,572,242975
sd.wikipedia.org,2017-09,267548,28837,678,297063
sd.wikipedia.org,2017-10,134384,25081,863,160328
sd.wikipedia.org,2017-11,162101,26984,756,189841
sd.wikipedia.org,2017-12,146469,20531,994,167994
sd.wikipedia.org,2018-01,143819,20416,1053,165288
sd.wikipedia.org,2018-02,130192,21470,800,152462
sd.wikipedia.org,2018-03,130241,28690,1106,160037
sd.wikipedia.org,2018-04,94941,24358,680,119979
sd.wikipedia.org,2018-05,127622,24790,690,153102
sd.wikipedia.org,2018-06,162291,22196,2080,186567
sd.wikipedia.org,2018-07,215755,39501,1127,256383
sd.wikipedia.org,2018-08,157570,54359,2659,214588
sd.wikipedia.org,2018-09,146448,49952,2467,198867
sd.wikipedia.org,2018-10,204713,54245,1672,260630
sd.wikipedia.org,2018-11,272997,35254,1545,309796
sd.wikipedia.org,2018-12,187502,44139,1323,232964
sd.wikipedia.org,2019-01,232447,37234,1220,270901
sd.wikipedia.org,2019-02,182815,32076,982,215873
sd.wikipedia.org,2019-03,206687,39123,1025,246835
sd.wikipedia.org,2019-04,228573,32099,1032,261704
sd.wikipedia.org,2019-05,215762,35287,896,251945
sd.wikipedia.org,2019-06,190329,26936,741,218006
sd.wikipedia.org,2019-07,262708,35482,795,298985
sd.wikipedia.org,2019-08,282719,35565,923,319207
sd.wikipedia.org,2019-09,236137,44343,1686,282166
sd.wikipedia.org,2019-10,234117,59842,1105,295064
sd.wikipedia.org,2019-11,204956,42053,1590,248599
sd.wikipedia.org,2019-12,132536,53717,2214,188467
sd.wikipedia.org,2020-01,186248,42457,2653,231358
sd.wikipedia.org,2020-02,158903,37847,2500,199250
sd.wikipedia.org,2020-03,172059,34005,1999,208063
sd.wikipedia.org,2020-04,219910,80697,1958,302565
sd.wikipedia.org,2020-05,157854,48615,1896,208365
sd.wikipedia.org,2020-06,134031,34327,515,168873
sd.wikipedia.org,2020-07,146198,30383,1876,178457
sd.wikipedia.org,2020-08,130544,32716,1753,165013
sd.wikipedia.org,2020-09,162901,35917,2822,201640
sd.wikipedia.org,2020-10,152336,32692,3041,188069
sd.wikipedia.org,2020-11,117964,29029,2015,149008
sd.wikipedia.org,2020-12,111270,31736,4303,147309
sd.wikipedia.org,2021-01,130556,36660,3103,170319
sd.wikipedia.org,2021-02,140695,33403,2918,177016
sd.wikipedia.org,2021-03,122711,33209,2345,158265
sd.wikipedia.org,2021-04,134841,35301,1948,172090
sd.wikipedia.org,2021-05,111097,34250,2576,147923
sd.wikipedia.org,2021-06,131955,37513,2607,172075
sd.wikipedia.org,2021-07,110015,35521,2393,147929
sd.wikipedia.org,2021-08,169103,30805,2177,202085
sd.wikipedia.org,2021-09,102026,37411,2069,141506
sd.wikipedia.org,2021-10,132603,34821,1568,168992
sd.wikipedia.org,2021-11,118396,37782,2076,158254
sd.wikipedia.org,2021-12,117374,35458,1885,154717
sd.wikipedia.org,2022-01,132349,41756,3118,177223
sd.wikipedia.org,2022-02,128369,42452,2290,173111
sd.wikipedia.org,2022-03,125347,34128,2006,161481
sd.wikipedia.org,2022-04,112013,28498,1658,142169
sd.wikipedia.org,2022-05,122568,57171,2155,181894
sd.wikipedia.org,2022-06,197406,60524,1678,259608
sd.wikipedia.org,2022-07,109450,41099,1737,152286
sd.wikipedia.org,2022-08,120935,53278,2368,176581
sd.wikipedia.org,2022-09,153494,44256,1905,199655
sd.wikipedia.org,2022-10,137920,52233,2871,193024
sd.wikipedia.org,2022-11,120489,58472,2721,181682
sd.wikipedia.org,2022-12,125451,73922,2337,201710
sd.wikipedia.org,2023-01,132520,53049,3210,188779
sd.wikipedia.org,2023-02,129182,67506,2251,198939
sd.wikipedia.org,2023-03,161151,86304,1772,249227
sd.wikipedia.org,2023-04,107426,46718,1795,155939
sd.wikipedia.org,2023-05,111817,79031,1990,192838
sd.wikipedia.org,2023-06,194109,161699,1810,357618
sd.wikipedia.org,2023-07,174802,128313,1634,304749
sd.wikipedia.org,2023-08,144870,129049,1247,275166
sd.wikipedia.org,2023-09,119288,73343,966,193597
sd.wikipedia.org,2023-10,146262,103888,891,251041
sd.wikipedia.org,2023-11,146779,69065,727,216571
sd.wikipedia.org,2023-12,130466,67888,1548,199902
sd.wikipedia.org,2024-01,162713,50417,1229,214359
sd.wikipedia.org,2024-02,107647,54155,1205,163007
sd.wikipedia.org,2024-03,122063,64626,1243,187932
sd.wikipedia.org,2024-04,121366,94456,1384,217206
sd.wikipedia.org,2024-05,142220,83364,1618,227202
sd.wikipedia.org,2024-06,138118,70463,1724,210305
sd.wikipedia.org,2024-07,66920,88720,1805,157445
sd.wikipedia.org,2024-08,86020,89513,2079,177612
sd.wikipedia.org,2024-09,50293,49926,1603,101822
sd.wikipedia.org,2024-10,80207,46613,1902,128722
sd.wikipedia.org,2024-11,81501,86426,1530,169457
sd.wikipedia.org,2024-12,97095,57599,1658,156352
sd.wikipedia.org,2025-01,213997,86465,1355,301817
sd.wikipedia.org,2025-02,183696,119600,1665,304961
sd.wikipedia.org,2025-03,110816,109424,1700,221940
sd.wikipedia.org,2025-04,137448,79987,1408,218843
sd.wikipedia.org,2025-05,103627,126400,1182,231209
sd.wikipedia.org,2025-06,105400,89681,1301,196382
sd.wikipedia.org,2025-07,419018,144743,1099,564860
sd.wikipedia.org,2025-08,195944,109211,1392,306547
sd.wikipedia.org,2025-09,152782,154565,1155,308502
sd.wikipedia.org,2025-10,242109,82236,1370,325715
sd.wikipedia.org,2025-11,209676,76912,924,287512
sd.wikipedia.org,2025-12,129603,39385,790,169778
sd.wikipedia.org,2026-01,217963,80603,890,299456
sd.wikipedia.org,2026-02,121812,56305,720,178837
sd.wikipedia.org,2026-03,114339,49660,990,164989
sd.wikipedia.org,2026-04,194502,38917,748,234167
sd.wikipedia.org,2026-05,285913,44627,1040,331580
sd.wikipedia.org,2026-06,184472,43926,793,229191
sd.wikipedia.org,2026-07,183584,131552,752,315888
sd.wiktionary.org,2015-07,3472,1040,,4512
sd.wiktionary.org,2015-08,3811,546,,4357
sd.wiktionary.org,2015-09,5002,428,,5430
sd.wiktionary.org,2015-10,3770,399,,4169
sd.wiktionary.org,2015-11,4973,738,,5711
sd.wiktionary.org,2015-12,10517,651,,11168
sd.wiktionary.org,2016-01,6452,494,,6946
sd.wiktionary.org,2016-02,7692,733,,8425
sd.wiktionary.org,2016-03,4335,479,,4814
sd.wiktionary.org,2016-04,11467,3478,,14945
sd.wiktionary.org,2016-05,8787,915,,9702
sd.wiktionary.org,2016-06,40286,658,,40944
sd.wiktionary.org,2016-07,4991,890,,5881
sd.wiktionary.org,2016-08,4503,800,,5303
sd.wiktionary.org,2016-09,4501,557,,5058
sd.wiktionary.org,2016-10,7355,854,,8209
sd.wiktionary.org,2016-11,3335,733,,4068
sd.wiktionary.org,2016-12,60754,745,,61499
sd.wiktionary.org,2017-01,5854,923,,6777
sd.wiktionary.org,2017-02,4673,692,,5365
sd.wiktionary.org,2017-03,7462,596,,8058
sd.wiktionary.org,2017-04,3841,509,,4350
sd.wiktionary.org,2017-05,4263,514,,4777
sd.wiktionary.org,2017-06,4342,442,,4784
sd.wiktionary.org,2017-07,5932,444,,6376
sd.wiktionary.org,2017-08,7443,595,,8038
sd.wiktionary.org,2017-09,9145,628,,9773
sd.wiktionary.org,2017-10,5570,539,,6109
sd.wiktionary.org,2017-11,7704,382,,8086
sd.wiktionary.org,2017-12,6331,542,,6873
sd.wiktionary.org,2018-01,9399,740,,10139
sd.wiktionary.org,2018-02,5702,475,,6177
sd.wiktionary.org,2018-03,5875,489,,6364
sd.wiktionary.org,2018-04,6271,358,,6629
sd.wiktionary.org,2018-05,10586,971,,11557
sd.wiktionary.org,2018-06,11564,424,,11988
sd.wiktionary.org,2018-07,7116,487,,7603
sd.wiktionary.org,2018-08,7751,1045,,8796
sd.wiktionary.org,2018-09,8481,1579,,10060
sd.wiktionary.org,2018-10,6293,1758,,8051
sd.wiktionary.org,2018-11,8028,3843,,11871
sd.wiktionary.org,2018-12,5861,2353,,8214
sd.wiktionary.org,2019-01,11153,3746,,14899
sd.wiktionary.org,2019-02,9001,4671,,13672
sd.wiktionary.org,2019-03,10970,7003,,17973
sd.wiktionary.org,2019-04,14108,4339,,18447
sd.wiktionary.org,2019-05,12028,1200,,13228
sd.wiktionary.org,2019-06,11157,885,,12042
sd.wiktionary.org,2019-07,34951,2255,,37206
sd.wiktionary.org,2019-08,53587,1803,,55390
sd.wiktionary.org,2019-09,22599,1221,,23820
sd.wiktionary.org,2019-10,9173,851,,10024
sd.wiktionary.org,2019-11,8531,893,,9424
sd.wiktionary.org,2019-12,5948,920,,6868
sd.wiktionary.org,2020-01,5026,485,,5511
sd.wiktionary.org,2020-02,4619,459,,5078
sd.wiktionary.org,2020-03,6488,510,,6998
sd.wiktionary.org,2020-04,7334,665,,7999
sd.wiktionary.org,2020-05,10948,639,,11587
sd.wiktionary.org,2020-06,5103,597,,5700
sd.wiktionary.org,2020-07,21385,751,,22136
sd.wiktionary.org,2020-08,10704,1395,,12099
sd.wiktionary.org,2020-09,22633,969,,23602
sd.wiktionary.org,2020-10,27422,545,,27967
sd.wiktionary.org,2020-11,6421,732,,7153
sd.wiktionary.org,2020-12,6427,1124,,7551
sd.wiktionary.org,2021-01,9656,1138,,10794
sd.wiktionary.org,2021-02,14748,798,,15546
sd.wiktionary.org,2021-03,9661,527,,10188
sd.wiktionary.org,2021-04,9221,756,,9977
sd.wiktionary.org,2021-05,8590,1111,,9701
sd.wiktionary.org,2021-06,8567,489,,9056
sd.wiktionary.org,2021-07,11740,1566,,13306
sd.wiktionary.org,2021-08,18204,653,,18857
sd.wiktionary.org,2021-09,5147,944,,6091
sd.wiktionary.org,2021-10,13202,3315,,16517
sd.wiktionary.org,2021-11,6398,3559,,9957
sd.wiktionary.org,2021-12,3748,1368,,5116
sd.wiktionary.org,2022-01,7350,1610,,8960
sd.wiktionary.org,2022-02,9689,755,,10444
sd.wiktionary.org,2022-03,15690,1170,,16860
sd.wiktionary.org,2022-04,7689,782,,8471
sd.wiktionary.org,2022-05,10975,3299,,14274
sd.wiktionary.org,2022-06,8497,4072,,12569
sd.wiktionary.org,2022-07,8875,3499,,12374
sd.wiktionary.org,2022-08,12970,6730,,19700
sd.wiktionary.org,2022-09,9004,1503,,10507
sd.wiktionary.org,2022-10,16175,9201,,25376
sd.wiktionary.org,2022-11,9001,3371,,12372
sd.wiktionary.org,2022-12,18891,8359,,27250
sd.wiktionary.org,2023-01,5447,1248,,6695
sd.wiktionary.org,2023-02,11764,4911,,16675
sd.wiktionary.org,2023-03,17180,7185,,24365
sd.wiktionary.org,2023-04,6767,3136,,9903
sd.wiktionary.org,2023-05,6112,4103,,10215
sd.wiktionary.org,2023-06,8288,3880,,12168
sd.wiktionary.org,2023-07,7898,6688,,14586
sd.wiktionary.org,2023-08,8438,4220,,12658
sd.wiktionary.org,2023-09,6989,2901,,9890
sd.wiktionary.org,2023-10,6464,3167,,9631
sd.wiktionary.org,2023-11,8401,2304,,10705
sd.wiktionary.org,2023-12,19907,2492,,22399
sd.wiktionary.org,2024-01,5450,1337,,6787
sd.wiktionary.org,2024-02,3427,1803,,5230
sd.wiktionary.org,2024-03,28744,15611,,44355
sd.wiktionary.org,2024-04,18530,6408,,24938
sd.wiktionary.org,2024-05,19058,6088,,25146
sd.wiktionary.org,2024-06,32707,22416,,55123
sd.wiktionary.org,2024-07,5175,7151,,12326
sd.wiktionary.org,2024-08,6112,4270,,10382
sd.wiktionary.org,2024-09,5859,30353,,36212
sd.wiktionary.org,2024-10,6964,37303,,44267
sd.wiktionary.org,2024-11,13488,10523,,24011
sd.wiktionary.org,2024-12,63645,38240,,101885
sd.wiktionary.org,2025-01,36653,15144,,51797
sd.wiktionary.org,2025-02,36632,21750,,58382
sd.wiktionary.org,2025-03,35186,12230,,47416
sd.wiktionary.org,2025-04,20040,8495,,28535
sd.wiktionary.org,2025-05,26268,6783,,33051
sd.wiktionary.org,2025-06,40074,17658,,57732
sd.wiktionary.org,2025-07,151778,35644,,187422
sd.wiktionary.org,2025-08,29172,9840,,39012
sd.wiktionary.org,2025-09,65692,72316,,138008
sd.wiktionary.org,2025-10,72039,33142,,105181
sd.wiktionary.org,2025-11,22681,5895,,28576
sd.wiktionary.org,2025-12,58151,1998,,60149
sd.wiktionary.org,2026-01,49529,1357,,50886
sd.wiktionary.org,2026-02,13032,4372,,17404
sd.wiktionary.org,2026-03,25237,5004,,30241
sd.wiktionary.org,2026-04,47779,2517,,50296
sd.wiktionary.org,2026-05,61844,3637,,65481
sd.wiktionary.org,2026-06,329968,65558,,395526
sd.wiktionary.org,2026-07,268815,27371,,296186
si.wikipedia.org,2015-07,410518,61359,3372,475249
si.wikipedia.org,2015-08,443412,55877,4288,503577
si.wikipedia.org,2015-09,616069,71481,5484,693034
si.wikipedia.org,2015-10,530883,78066,7509,616458
si.wikipedia.org,2015-11,373983,73362,8531,455876
si.wikipedia.org,2015-12,271637,76486,6665,354788
si.wikipedia.org,2016-01,396192,103290,9497,508979
si.wikipedia.org,2016-02,369320,109256,8076,486652
si.wikipedia.org,2016-03,325092,97060,7773,429925
si.wikipedia.org,2016-04,360975,79866,5057,445898
si.wikipedia.org,2016-05,422527,109100,8883,540510
si.wikipedia.org,2016-06,370280,126444,11173,507897
si.wikipedia.org,2016-07,338123,120799,11372,470294
si.wikipedia.org,2016-08,424948,130980,12299,568227
si.wikipedia.org,2016-09,471254,152566,13054,636874
si.wikipedia.org,2016-10,569504,196093,13851,779448
si.wikipedia.org,2016-11,492096,163122,12705,667923
si.wikipedia.org,2016-12,512264,164330,14437,691031
si.wikipedia.org,2017-01,511401,223140,17216,751757
si.wikipedia.org,2017-02,544232,279477,16638,840347
si.wikipedia.org,2017-03,467179,261625,19660,748464
si.wikipedia.org,2017-04,336290,199796,14606,550692
si.wikipedia.org,2017-05,397710,272976,15027,685713
si.wikipedia.org,2017-06,406308,324914,17863,749085
si.wikipedia.org,2017-07,408403,319576,18412,746391
si.wikipedia.org,2017-08,423967,297691,17043,738701
si.wikipedia.org,2017-09,549438,358868,18995,927301
si.wikipedia.org,2017-10,439660,418730,19405,877795
si.wikipedia.org,2017-11,413577,359705,17216,790498
si.wikipedia.org,2017-12,349894,306488,17023,673405
si.wikipedia.org,2018-01,398259,430734,19256,848249
si.wikipedia.org,2018-02,378540,439884,17982,836406
si.wikipedia.org,2018-03,364711,395320,19134,779165
si.wikipedia.org,2018-04,240592,260151,14238,514981
si.wikipedia.org,2018-05,361039,478918,19586,859543
si.wikipedia.org,2018-06,440358,533122,19237,992717
si.wikipedia.org,2018-07,401860,495231,20500,917591
si.wikipedia.org,2018-08,340208,473878,19815,833901
si.wikipedia.org,2018-09,386536,528839,20474,935849
si.wikipedia.org,2018-10,454487,631646,22068,1108201
si.wikipedia.org,2018-11,419201,483043,18599,920843
si.wikipedia.org,2018-12,332324,468258,15315,815897
si.wikipedia.org,2019-01,498885,562446,17079,1078410
si.wikipedia.org,2019-02,443209,603352,17216,1063777
si.wikipedia.org,2019-03,449513,611892,17519,1078924
si.wikipedia.org,2019-04,402108,413101,16067,831276
si.wikipedia.org,2019-05,368936,476232,18573,863741
si.wikipedia.org,2019-06,428496,706974,20835,1156305
si.wikipedia.org,2019-07,463110,711859,20138,1195107
si.wikipedia.org,2019-08,475840,629095,21629,1126564
si.wikipedia.org,2019-09,401067,678086,23308,1102461
si.wikipedia.org,2019-10,467797,796675,22948,1287420
si.wikipedia.org,2019-11,418729,703243,19631,1141603
si.wikipedia.org,2019-12,306000,594914,23025,923939
si.wikipedia.org,2020-01,375808,855938,33022,1264768
si.wikipedia.org,2020-02,470182,1023923,27384,1521489
si.wikipedia.org,2020-03,319758,748655,21752,1090165
si.wikipedia.org,2020-04,373203,905233,31006,1309442
si.wikipedia.org,2020-05,360493,1118288,27430,1506211
si.wikipedia.org,2020-06,295412,902269,8353,1206034
si.wikipedia.org,2020-07,319374,926350,19352,1265076
si.wikipedia.org,2020-08,312679,1195686,19806,1528171
si.wikipedia.org,2020-09,387574,1473232,22715,1883521
si.wikipedia.org,2020-10,1568675,990067,25312,2584054
si.wikipedia.org,2020-11,739789,1023817,26864,1790470
si.wikipedia.org,2020-12,819858,1198818,25974,2044650
si.wikipedia.org,2021-01,800334,1435414,27574,2263322
si.wikipedia.org,2021-02,875815,1615934,30764,2522513
si.wikipedia.org,2021-03,679102,1675680,27850,2382632
si.wikipedia.org,2021-04,654854,1099160,20812,1774826
si.wikipedia.org,2021-05,636475,1298053,28266,1962794
si.wikipedia.org,2021-06,591170,1662741,29176,2283087
si.wikipedia.org,2021-07,604968,1699987,31270,2336225
si.wikipedia.org,2021-08,593392,1417305,25439,2036136
si.wikipedia.org,2021-09,404125,1525274,31353,1960752
si.wikipedia.org,2021-10,389276,1439410,28332,1857018
si.wikipedia.org,2021-11,548203,1524787,28596,2101586
si.wikipedia.org,2021-12,1157293,1924057,30191,3111541
si.wikipedia.org,2022-01,1131598,2069892,29395,3230885
si.wikipedia.org,2022-02,1097512,1442314,23776,2563602
si.wikipedia.org,2022-03,659268,1597530,22630,2279428
si.wikipedia.org,2022-04,365641,994676,16106,1376423
si.wikipedia.org,2022-05,394702,1378841,18659,1792202
si.wikipedia.org,2022-06,452749,1370722,18722,1842193
si.wikipedia.org,2022-07,357922,1325997,18555,1702474
si.wikipedia.org,2022-08,372811,1655050,19186,2047047
si.wikipedia.org,2022-09,400991,1655160,18595,2074746
si.wikipedia.org,2022-10,421747,1782685,20326,2224758
si.wikipedia.org,2022-11,365512,1722706,18278,2106496
si.wikipedia.org,2022-12,344754,1267391,15886,1628031
si.wikipedia.org,2023-01,366748,1486856,18488,1872092
si.wikipedia.org,2023-02,393948,1630604,16602,2041154
si.wikipedia.org,2023-03,502251,1552691,13457,2068399
si.wikipedia.org,2023-04,314981,1164283,11983,1491247
si.wikipedia.org,2023-05,392017,1868695,15718,2276430
si.wikipedia.org,2023-06,531272,1940202,15839,2487313
si.wikipedia.org,2023-07,459033,1709428,12600,2181061
si.wikipedia.org,2023-08,482762,1895372,15044,2393178
si.wikipedia.org,2023-09,478192,1796271,12966,2287429
si.wikipedia.org,2023-10,494812,1649583,12421,2156816
si.wikipedia.org,2023-11,497976,1687248,12173,2197397
si.wikipedia.org,2023-12,517151,1785860,12724,2315735
si.wikipedia.org,2024-01,614289,1583223,12131,2209643
si.wikipedia.org,2024-02,375723,1586594,9642,1971959
si.wikipedia.org,2024-03,426331,1982528,11580,2420439
si.wikipedia.org,2024-04,351944,1532924,9438,1894306
si.wikipedia.org,2024-05,404485,1377304,9445,1791234
si.wikipedia.org,2024-06,358479,1235553,9514,1603546
si.wikipedia.org,2024-07,308734,1517160,10662,1836556
si.wikipedia.org,2024-08,365407,1472102,9935,1847444
si.wikipedia.org,2024-09,276689,1390874,11428,1678991
si.wikipedia.org,2024-10,338317,1650098,14683,2003098
si.wikipedia.org,2024-11,528295,1789303,11628,2329226
si.wikipedia.org,2024-12,434727,1267368,8754,1710849
si.wikipedia.org,2025-01,665377,1685093,9040,2359510
si.wikipedia.org,2025-02,566523,1338352,8555,1913430
si.wikipedia.org,2025-03,446322,1393544,8033,1847899
si.wikipedia.org,2025-04,346480,976583,6439,1329502
si.wikipedia.org,2025-05,362062,1175165,6541,1543768
si.wikipedia.org,2025-06,366860,1367767,7461,1742088
si.wikipedia.org,2025-07,512331,1350982,6739,1870052
si.wikipedia.org,2025-08,468957,1216327,7270,1692554
si.wikipedia.org,2025-09,328151,1293504,7274,1628929
si.wikipedia.org,2025-10,489209,1289242,6516,1784967
si.wikipedia.org,2025-11,698751,927044,4935,1630730
si.wikipedia.org,2025-12,341028,631008,4832,976868
si.wikipedia.org,2026-01,497892,732957,5241,1236090
si.wikipedia.org,2026-02,337177,767082,4555,1108814
si.wikipedia.org,2026-03,314596,737482,4952,1057030
si.wikipedia.org,2026-04,457505,491002,3537,952044
si.wikipedia.org,2026-05,586679,575137,5110,1166926
si.wikipedia.org,2026-06,491737,596431,5110,1093278
si.wikipedia.org,2026-07,600260,666359,4143,1270762
si.wiktionary.org,2015-07,4086,855,,4941
si.wiktionary.org,2015-08,6863,519,,7382
si.wiktionary.org,2015-09,5441,382,,5823
si.wiktionary.org,2015-10,5331,416,,5747
si.wiktionary.org,2015-11,4139,442,,4581
si.wiktionary.org,2015-12,4642,646,,5288
si.wiktionary.org,2016-01,5285,1130,,6415
si.wiktionary.org,2016-02,5511,1335,,6846
si.wiktionary.org,2016-03,5668,938,,6606
si.wiktionary.org,2016-04,7064,12466,,19530
si.wiktionary.org,2016-05,6656,1314,,7970
si.wiktionary.org,2016-06,42754,861,,43615
si.wiktionary.org,2016-07,5246,1113,,6359
si.wiktionary.org,2016-08,7396,1763,,9159
si.wiktionary.org,2016-09,4183,1084,,5267
si.wiktionary.org,2016-10,7941,1319,,9260
si.wiktionary.org,2016-11,3907,975,,4882
si.wiktionary.org,2016-12,5003,822,,5825
si.wiktionary.org,2017-01,6010,1308,,7318
si.wiktionary.org,2017-02,5022,1702,,6724
si.wiktionary.org,2017-03,7403,1472,,8875
si.wiktionary.org,2017-04,4378,1038,,5416
si.wiktionary.org,2017-05,4486,1715,,6201
si.wiktionary.org,2017-06,4400,1797,,6197
si.wiktionary.org,2017-07,6094,1792,,7886
si.wiktionary.org,2017-08,8060,1888,,9948
si.wiktionary.org,2017-09,8875,2261,,11136
si.wiktionary.org,2017-10,7580,2369,,9949
si.wiktionary.org,2017-11,6288,1896,,8184
si.wiktionary.org,2017-12,7163,1917,,9080
si.wiktionary.org,2018-01,10569,3315,,13884
si.wiktionary.org,2018-02,7003,3128,,10131
si.wiktionary.org,2018-03,6507,2353,,8860
si.wiktionary.org,2018-04,6836,1456,,8292
si.wiktionary.org,2018-05,10961,3165,,14126
si.wiktionary.org,2018-06,11592,2242,,13834
si.wiktionary.org,2018-07,7697,3203,,10900
si.wiktionary.org,2018-08,9907,2399,,12306
si.wiktionary.org,2018-09,11309,3466,,14775
si.wiktionary.org,2018-10,7140,3460,,10600
si.wiktionary.org,2018-11,8424,4997,,13421
si.wiktionary.org,2018-12,6765,3864,,10629
si.wiktionary.org,2019-01,10592,7912,,18504
si.wiktionary.org,2019-02,9831,6829,,16660
si.wiktionary.org,2019-03,11262,7945,,19207
si.wiktionary.org,2019-04,13700,4838,,18538
si.wiktionary.org,2019-05,10439,3096,,13535
si.wiktionary.org,2019-06,9694,3868,,13562
si.wiktionary.org,2019-07,32511,4518,,37029
si.wiktionary.org,2019-08,52758,6195,,58953
si.wiktionary.org,2019-09,23538,5092,,28630
si.wiktionary.org,2019-10,11016,4812,,15828
si.wiktionary.org,2019-11,7430,3575,,11005
si.wiktionary.org,2019-12,5128,3594,,8722
si.wiktionary.org,2020-01,4763,4751,,9514
si.wiktionary.org,2020-02,6190,5114,,11304
si.wiktionary.org,2020-03,7622,3655,,11277
si.wiktionary.org,2020-04,7764,4911,,12675
si.wiktionary.org,2020-05,10538,5626,,16164
si.wiktionary.org,2020-06,5598,3833,15,9446
si.wiktionary.org,2020-07,14268,3720,9,17997
si.wiktionary.org,2020-08,12179,4614,,16793
si.wiktionary.org,2020-09,22013,5905,,27918
si.wiktionary.org,2020-10,24622,5265,,29887
si.wiktionary.org,2020-11,7436,5965,,13401
si.wiktionary.org,2020-12,7396,6244,,13640
si.wiktionary.org,2021-01,11498,8748,,20246
si.wiktionary.org,2021-02,12727,10593,,23320
si.wiktionary.org,2021-03,10841,9496,,20337
si.wiktionary.org,2021-04,11182,5787,,16969
si.wiktionary.org,2021-05,8355,9730,,18085
si.wiktionary.org,2021-06,9740,9261,,19001
si.wiktionary.org,2021-07,14952,9348,,24300
si.wiktionary.org,2021-08,20177,9095,,29272
si.wiktionary.org,2021-09,9914,8965,,18879
si.wiktionary.org,2021-10,10712,10487,,21199
si.wiktionary.org,2021-11,7537,10466,,18003
si.wiktionary.org,2021-12,5584,9077,,14661
si.wiktionary.org,2022-01,7255,8094,,15349
si.wiktionary.org,2022-02,11161,7011,,18172
si.wiktionary.org,2022-03,14618,8161,,22779
si.wiktionary.org,2022-04,17665,5899,,23564
si.wiktionary.org,2022-05,19697,10337,,30034
si.wiktionary.org,2022-06,13876,9827,,23703
si.wiktionary.org,2022-07,11562,12591,,24153
si.wiktionary.org,2022-08,12288,14223,,26511
si.wiktionary.org,2022-09,10189,10273,,20462
si.wiktionary.org,2022-10,15830,11914,,27744
si.wiktionary.org,2022-11,10950,11494,,22444
si.wiktionary.org,2022-12,15804,10771,,26575
si.wiktionary.org,2023-01,12728,8327,,21055
si.wiktionary.org,2023-02,22905,9806,,32711
si.wiktionary.org,2023-03,24854,11669,,36523
si.wiktionary.org,2023-04,13240,8287,,21527
si.wiktionary.org,2023-05,16443,14460,,30903
si.wiktionary.org,2023-06,15086,15451,,30537
si.wiktionary.org,2023-07,15398,20690,,36088
si.wiktionary.org,2023-08,21658,20919,,42577
si.wiktionary.org,2023-09,16990,13938,,30928
si.wiktionary.org,2023-10,22573,16273,,38846
si.wiktionary.org,2023-11,18646,13073,,31719
si.wiktionary.org,2023-12,34155,21176,,55331
si.wiktionary.org,2024-01,16514,11201,,27715
si.wiktionary.org,2024-02,12717,11642,,24359
si.wiktionary.org,2024-03,27755,15473,,43228
si.wiktionary.org,2024-04,38927,20159,,59086
si.wiktionary.org,2024-05,26809,14460,,41269
si.wiktionary.org,2024-06,52096,49580,,101676
si.wiktionary.org,2024-07,17263,28355,,45618
si.wiktionary.org,2024-08,24468,33217,,57685
si.wiktionary.org,2024-09,26460,55068,,81528
si.wiktionary.org,2024-10,62489,75693,,138182
si.wiktionary.org,2024-11,47700,40550,,88250
si.wiktionary.org,2024-12,122653,75541,,198194
si.wiktionary.org,2025-01,99002,45505,,144507
si.wiktionary.org,2025-02,94781,49351,,144132
si.wiktionary.org,2025-03,80226,50282,,130508
si.wiktionary.org,2025-04,25242,22436,,47678
si.wiktionary.org,2025-05,69378,30398,,99776
si.wiktionary.org,2025-06,112915,51850,,164765
si.wiktionary.org,2025-07,335930,124734,,460664
si.wiktionary.org,2025-08,74005,83757,,157762
si.wiktionary.org,2025-09,246632,81409,,328041
si.wiktionary.org,2025-10,206435,164748,,371183
si.wiktionary.org,2025-11,60350,29276,,89626
si.wiktionary.org,2025-12,198942,10276,,209218
si.wiktionary.org,2026-01,70208,5760,,75968
si.wiktionary.org,2026-02,56535,13412,,69947
si.wiktionary.org,2026-03,89364,25872,,115236
si.wiktionary.org,2026-04,175795,10869,,186664
si.wiktionary.org,2026-05,284950,5209,,290159
si.wiktionary.org,2026-06,161233,18024,,179257
si.wiktionary.org,2026-07,126847,23112,,149959
si.wikibooks.org,2015-07,12396,2014,,14410
si.wikibooks.org,2015-08,17050,2990,,20040
si.wikibooks.org,2015-09,14939,2748,,17687
si.wikibooks.org,2015-10,15215,3114,,18329
si.wikibooks.org,2015-11,11378,2615,,13993
si.wikibooks.org,2015-12,11489,2853,,14342
si.wikibooks.org,2016-01,13553,3948,,17501
si.wikibooks.org,2016-02,15355,4137,,19492
si.wikibooks.org,2016-03,10956,4030,,14986
si.wikibooks.org,2016-04,39692,12623,,52315
si.wikibooks.org,2016-05,31089,7038,,38127
si.wikibooks.org,2016-06,85612,5042,,90654
si.wikibooks.org,2016-07,10645,5057,,15702
si.wikibooks.org,2016-08,15382,5485,,20867
si.wikibooks.org,2016-09,12144,7110,,19254
si.wikibooks.org,2016-10,14915,7506,,22421
si.wikibooks.org,2016-11,9652,6421,,16073
si.wikibooks.org,2016-12,11598,6812,,18410
si.wikibooks.org,2017-01,12404,9411,,21815
si.wikibooks.org,2017-02,13178,9976,,23154
si.wikibooks.org,2017-03,15997,11486,,27483
si.wikibooks.org,2017-04,10047,8399,,18446
si.wikibooks.org,2017-05,11218,10275,,21493
si.wikibooks.org,2017-06,12586,13155,,25741
si.wikibooks.org,2017-07,12099,12695,8,24802
si.wikibooks.org,2017-08,15693,15491,2,31186
si.wikibooks.org,2017-09,13452,17673,2,31127
si.wikibooks.org,2017-10,11520,17171,14,28705
si.wikibooks.org,2017-11,12668,16140,4,28812
si.wikibooks.org,2017-12,11108,13767,1,24876
si.wikibooks.org,2018-01,12547,21392,,33939
si.wikibooks.org,2018-02,12444,17589,,30033
si.wikibooks.org,2018-03,13962,18390,,32352
si.wikibooks.org,2018-04,9418,12804,,22222
si.wikibooks.org,2018-05,13359,19851,2,33212
si.wikibooks.org,2018-06,12444,21520,,33964
si.wikibooks.org,2018-07,14278,20958,,35236
si.wikibooks.org,2018-08,13944,18542,,32486
si.wikibooks.org,2018-09,13656,20739,,34395
si.wikibooks.org,2018-10,14732,21704,,36436
si.wikibooks.org,2018-11,14144,20004,,34148
si.wikibooks.org,2018-12,12114,19214,,31328
si.wikibooks.org,2019-01,19698,24562,,44260
si.wikibooks.org,2019-02,16983,22534,1,39518
si.wikibooks.org,2019-03,20075,25662,,45737
si.wikibooks.org,2019-04,21079,14535,,35614
si.wikibooks.org,2019-05,20854,17318,,38172
si.wikibooks.org,2019-06,16327,21547,,37874
si.wikibooks.org,2019-07,47268,27432,,74700
si.wikibooks.org,2019-08,33772,20861,,54633
si.wikibooks.org,2019-09,18533,22364,,40897
si.wikibooks.org,2019-10,22079,26124,,48203
si.wikibooks.org,2019-11,12148,21190,,33338
si.wikibooks.org,2019-12,10023,21478,,31501
si.wikibooks.org,2020-01,10751,32520,,43271
si.wikibooks.org,2020-02,11462,36194,,47656
si.wikibooks.org,2020-03,13269,25462,,38731
si.wikibooks.org,2020-04,14901,36485,,51386
si.wikibooks.org,2020-05,15884,40003,15,55902
si.wikibooks.org,2020-06,10101,28290,13,38404
si.wikibooks.org,2020-07,14794,29058,,43852
si.wikibooks.org,2020-08,31758,38234,,69992
si.wikibooks.org,2020-09,42781,43830,,86611
si.wikibooks.org,2020-10,31741,30240,,61981
si.wikibooks.org,2020-11,12563,36427,,48990
si.wikibooks.org,2020-12,12801,36544,,49345
si.wikibooks.org,2021-01,17705,41415,,59120
si.wikibooks.org,2021-02,18886,41222,,60108
si.wikibooks.org,2021-03,17625,36002,,53627
si.wikibooks.org,2021-04,22607,22766,,45373
si.wikibooks.org,2021-05,13024,26861,,39885
si.wikibooks.org,2021-06,17343,33753,,51096
si.wikibooks.org,2021-07,20244,44116,,64360
si.wikibooks.org,2021-08,26350,43926,,70276
si.wikibooks.org,2021-09,14399,40555,,54954
si.wikibooks.org,2021-10,15244,36820,,52064
si.wikibooks.org,2021-11,10767,34978,,45745
si.wikibooks.org,2021-12,9799,32348,,42147
si.wikibooks.org,2022-01,10422,33643,,44065
si.wikibooks.org,2022-02,20415,27725,,48140
si.wikibooks.org,2022-03,41219,26392,,67611
si.wikibooks.org,2022-04,12686,19661,,32347
si.wikibooks.org,2022-05,14139,30423,,44562
si.wikibooks.org,2022-06,12639,28381,,41020
si.wikibooks.org,2022-07,13041,28140,,41181
si.wikibooks.org,2022-08,17617,38905,,56522
si.wikibooks.org,2022-09,11897,32974,,44871
si.wikibooks.org,2022-10,17810,37723,,55533
si.wikibooks.org,2022-11,15292,36584,,51876
si.wikibooks.org,2022-12,18997,31453,,50450
si.wikibooks.org,2023-01,12714,28333,,41047
si.wikibooks.org,2023-02,13350,30174,,43524
si.wikibooks.org,2023-03,17881,34426,,52307
si.wikibooks.org,2023-04,12547,24582,,37129
si.wikibooks.org,2023-05,19537,35277,,54814
si.wikibooks.org,2023-06,19127,37264,,56391
si.wikibooks.org,2023-07,16400,32084,,48484
si.wikibooks.org,2023-08,20664,29935,,50599
si.wikibooks.org,2023-09,16784,26032,,42816
si.wikibooks.org,2023-10,13801,25590,,39391
si.wikibooks.org,2023-11,10516,23022,,33538
si.wikibooks.org,2023-12,31503,21022,,52525
si.wikibooks.org,2024-01,16328,19006,,35334
si.wikibooks.org,2024-02,20456,20248,,40704
si.wikibooks.org,2024-03,16671,26442,,43113
si.wikibooks.org,2024-04,17036,23778,,40814
si.wikibooks.org,2024-05,18351,23784,,42135
si.wikibooks.org,2024-06,30328,43879,,74207
si.wikibooks.org,2024-07,14559,37164,,51723
si.wikibooks.org,2024-08,40847,41589,,82436
si.wikibooks.org,2024-09,35930,49370,,85300
si.wikibooks.org,2024-10,27218,55405,,82623
si.wikibooks.org,2024-11,25359,30169,,55528
si.wikibooks.org,2024-12,52527,24600,,77127
si.wikibooks.org,2025-01,29739,23503,,53242
si.wikibooks.org,2025-02,54947,44787,,99734
si.wikibooks.org,2025-03,47533,36363,,83896
si.wikibooks.org,2025-04,29745,24973,,54718
si.wikibooks.org,2025-05,47729,65158,,112887
si.wikibooks.org,2025-06,23793,84210,,108003
si.wikibooks.org,2025-07,36342,29321,,65663
si.wikibooks.org,2025-08,73715,76454,,150169
si.wikibooks.org,2025-09,86927,79296,,166223
si.wikibooks.org,2025-10,103105,69022,,172127
si.wikibooks.org,2025-11,66382,23884,,90266
si.wikibooks.org,2025-12,34759,13790,,48549
si.wikibooks.org,2026-01,160780,26895,,187675
si.wikibooks.org,2026-02,162346,14361,,176707
si.wikibooks.org,2026-03,273564,18481,,292045
si.wikibooks.org,2026-04,289074,13853,,302927
si.wikibooks.org,2026-05,1600456,19351,,1619807
si.wikibooks.org,2026-06,565753,36394,,602147
si.wikibooks.org,2026-07,439214,35403,,474617
ta.wikipedia.org,2015-07,2207355,1109881,68273,3385509
ta.wikipedia.org,2015-08,2188251,1171382,73793,3433426
ta.wikipedia.org,2015-09,2014042,1100389,74668,3189099
ta.wikipedia.org,2015-10,2537877,1347635,80320,3965832
ta.wikipedia.org,2015-11,1867831,1186613,80862,3135306
ta.wikipedia.org,2015-12,1718813,1220349,78618,3017780
ta.wikipedia.org,2016-01,2065904,1437224,77117,3580245
ta.wikipedia.org,2016-02,1788266,1354212,66076,3208554
ta.wikipedia.org,2016-03,1670579,1314999,64833,3050411
ta.wikipedia.org,2016-04,1569161,1223416,46472,2839049
ta.wikipedia.org,2016-05,1589343,1300623,58794,2948760
ta.wikipedia.org,2016-06,1795214,1466743,68825,3330782
ta.wikipedia.org,2016-07,1862975,1758867,68587,3690429
ta.wikipedia.org,2016-08,2158666,1893670,74374,4126710
ta.wikipedia.org,2016-09,1786771,1731082,66772,3584625
ta.wikipedia.org,2016-10,2379085,2078580,66437,4524102
ta.wikipedia.org,2016-11,2018669,2013171,64336,4096176
ta.wikipedia.org,2016-12,1929899,1961476,64576,3955951
ta.wikipedia.org,2017-01,1979441,2402658,73496,4455595
ta.wikipedia.org,2017-02,1711800,2308771,98497,4119068
ta.wikipedia.org,2017-03,1676758,2545463,75727,4297948
ta.wikipedia.org,2017-04,1395216,2253732,60691,3709639
ta.wikipedia.org,2017-05,1567187,2363734,67665,3998586
ta.wikipedia.org,2017-06,1709277,2519113,61043,4289433
ta.wikipedia.org,2017-07,2199928,3370120,73439,5643487
ta.wikipedia.org,2017-08,1865670,3510091,70946,5446707
ta.wikipedia.org,2017-09,1871100,3333035,71817,5275952
ta.wikipedia.org,2017-10,2072099,4032178,80967,6185244
ta.wikipedia.org,2017-11,1855409,3901037,80704,5837150
ta.wikipedia.org,2017-12,1844348,3801012,77993,5723353
ta.wikipedia.org,2018-01,1946853,4720113,87578,6754544
ta.wikipedia.org,2018-02,2483487,4101411,77289,6662187
ta.wikipedia.org,2018-03,1523879,4028574,83852,5636305
ta.wikipedia.org,2018-04,1209493,3153892,77645,4441030
ta.wikipedia.org,2018-05,1292018,3126337,68072,4486427
ta.wikipedia.org,2018-06,1582579,4212016,67220,5861815
ta.wikipedia.org,2018-07,1763353,5347767,86641,7197761
ta.wikipedia.org,2018-08,1731413,6405058,95544,8232015
ta.wikipedia.org,2018-09,1667153,5448835,87536,7203524
ta.wikipedia.org,2018-10,1983817,7316448,85195,9385460
ta.wikipedia.org,2018-11,2059880,5935607,82794,8078281
ta.wikipedia.org,2018-12,1727827,6266427,87101,8081355
ta.wikipedia.org,2019-01,2138437,7389568,88977,9616982
ta.wikipedia.org,2019-02,1851792,6236318,78192,8166302
ta.wikipedia.org,2019-03,1865536,6413152,79020,8357708
ta.wikipedia.org,2019-04,1651856,5556175,74376,7282407
ta.wikipedia.org,2019-05,1604770,5458888,74977,7138635
ta.wikipedia.org,2019-06,1644222,6790996,80523,8515741
ta.wikipedia.org,2019-07,2121140,8433387,87612,10642139
ta.wikipedia.org,2019-08,2260206,9264416,94806,11619428
ta.wikipedia.org,2019-09,1805183,8103048,86259,9994490
ta.wikipedia.org,2019-10,2061147,9720462,87285,11868894
ta.wikipedia.org,2019-11,2035081,10223154,88096,12346331
ta.wikipedia.org,2019-12,1722506,8450857,88757,10262120
ta.wikipedia.org,2020-01,1938726,10440297,90006,12469029
ta.wikipedia.org,2020-02,1866267,9032942,82312,10981521
ta.wikipedia.org,2020-03,3088374,8269916,84714,11443004
ta.wikipedia.org,2020-04,1430710,9864206,109037,11403953
ta.wikipedia.org,2020-05,1475370,8610135,87590,10173095
ta.wikipedia.org,2020-06,1208926,6405239,27639,7641804
ta.wikipedia.org,2020-07,1309786,7346541,83545,8739872
ta.wikipedia.org,2020-08,1285107,7545827,75509,8906443
ta.wikipedia.org,2020-09,1551991,7860151,93981,9506123
ta.wikipedia.org,2020-10,2662096,8139771,87898,10889765
ta.wikipedia.org,2020-11,1565905,8341849,87759,9995513
ta.wikipedia.org,2020-12,1701831,10993241,99454,12794526
ta.wikipedia.org,2021-01,1613937,8704356,77584,10395877
ta.wikipedia.org,2021-02,1880998,8797793,74730,10753521
ta.wikipedia.org,2021-03,1630731,10741320,79740,12451791
ta.wikipedia.org,2021-04,1472944,9555026,74598,11102568
ta.wikipedia.org,2021-05,1428124,9503028,88650,11019802
ta.wikipedia.org,2021-06,1479383,10380647,90925,11950955
ta.wikipedia.org,2021-07,1578009,11023731,84353,12686093
ta.wikipedia.org,2021-08,1740295,10646570,73229,12460094
ta.wikipedia.org,2021-09,1338006,10486964,71932,11896902
ta.wikipedia.org,2021-10,1358232,10267996,68901,11695129
ta.wikipedia.org,2021-11,1281631,9800959,67008,11149598
ta.wikipedia.org,2021-12,1933797,11092753,76387,13102937
ta.wikipedia.org,2022-01,2009772,9641545,75422,11726739
ta.wikipedia.org,2022-02,2026568,11438271,74769,13539608
ta.wikipedia.org,2022-03,1737561,10731434,70890,12539885
ta.wikipedia.org,2022-04,1386352,10153012,64924,11604288
ta.wikipedia.org,2022-05,1337496,9911994,66446,11315936
ta.wikipedia.org,2022-06,1274261,9575456,65637,10915354
ta.wikipedia.org,2022-07,1352525,11104946,67451,12524922
ta.wikipedia.org,2022-08,1239731,10289132,66594,11595457
ta.wikipedia.org,2022-09,1273911,10249718,62623,11586252
ta.wikipedia.org,2022-10,1347085,12070431,70757,13488273
ta.wikipedia.org,2022-11,1325836,13549987,67204,14943027
ta.wikipedia.org,2022-12,1397293,11037851,68658,12503802
ta.wikipedia.org,2023-01,1403572,11486567,62311,12952450
ta.wikipedia.org,2023-02,1307428,11632300,62202,13001930
ta.wikipedia.org,2023-03,1422588,12181734,61028,13665350
ta.wikipedia.org,2023-04,1233583,9749855,51357,11034795
ta.wikipedia.org,2023-05,1307629,11825683,55800,13189112
ta.wikipedia.org,2023-06,1559999,11962807,47102,13569908
ta.wikipedia.org,2023-07,1696814,13505943,55884,15258641
ta.wikipedia.org,2023-08,1531438,13956937,55150,15543525
ta.wikipedia.org,2023-09,1332390,12312488,50609,13695487
ta.wikipedia.org,2023-10,1477890,14143550,51141,15672581
ta.wikipedia.org,2023-11,1394564,12878362,45947,14318873
ta.wikipedia.org,2023-12,1535863,13531948,49821,15117632
ta.wikipedia.org,2024-01,2674277,13527487,48807,16250571
ta.wikipedia.org,2024-02,1399078,13588666,48299,15036043
ta.wikipedia.org,2024-03,1473446,14490056,50009,16013511
ta.wikipedia.org,2024-04,1379149,13371775,44839,14795763
ta.wikipedia.org,2024-05,1946089,10454470,44781,12445340
ta.wikipedia.org,2024-06,1363981,9162343,41309,10567633
ta.wikipedia.org,2024-07,1315032,9359171,44732,10718935
ta.wikipedia.org,2024-08,1697349,9762642,45153,11505144
ta.wikipedia.org,2024-09,1171185,8441009,43542,9655736
ta.wikipedia.org,2024-10,1241635,9365270,44057,10650962
ta.wikipedia.org,2024-11,1206700,9405377,45571,10657648
ta.wikipedia.org,2024-12,1280572,8710381,47514,10038467
ta.wikipedia.org,2025-01,1914630,9155137,48075,11117842
ta.wikipedia.org,2025-02,1931820,7663979,45901,9641700
ta.wikipedia.org,2025-03,1943618,8219042,46560,10209220
ta.wikipedia.org,2025-04,1309885,7015135,37296,8362316
ta.wikipedia.org,2025-05,1573792,6925297,37404,8536493
ta.wikipedia.org,2025-06,1341942,6378116,31811,7751869
ta.wikipedia.org,2025-07,2552339,7530752,32491,10115582
ta.wikipedia.org,2025-08,1432519,6531158,36599,8000276
ta.wikipedia.org,2025-09,1149310,6073654,30397,7253361
ta.wikipedia.org,2025-10,1546184,5942534,31332,7520050
ta.wikipedia.org,2025-11,2226294,5812608,25915,8064817
ta.wikipedia.org,2025-12,1466971,4867505,24767,6359243
ta.wikipedia.org,2026-01,1851999,4926721,27241,6805961
ta.wikipedia.org,2026-02,1260027,3940832,23194,5224053
ta.wikipedia.org,2026-03,1597401,4029351,24149,5650901
ta.wikipedia.org,2026-04,1334099,3845534,25227,5204860
ta.wikipedia.org,2026-05,1869955,4095760,22974,5988689
ta.wikipedia.org,2026-06,1962591,3756199,22827,5741617
ta.wikipedia.org,2026-07,1649278,4218051,21704,5889033
ta.wiktionary.org,2015-07,107203,92985,,200188
ta.wiktionary.org,2015-08,115494,64763,,180257
ta.wiktionary.org,2015-09,109100,60094,,169194
ta.wiktionary.org,2015-10,121474,63949,,185423
ta.wiktionary.org,2015-11,97940,64279,,162219
ta.wiktionary.org,2015-12,124539,73199,,197738
ta.wiktionary.org,2016-01,133181,82718,,215899
ta.wiktionary.org,2016-02,126623,72016,,198639
ta.wiktionary.org,2016-03,391316,74169,,465485
ta.wiktionary.org,2016-04,1107722,69729,,1177451
ta.wiktionary.org,2016-05,168104,76449,,244553
ta.wiktionary.org,2016-06,156879,74670,,231549
ta.wiktionary.org,2016-07,117032,91735,,208767
ta.wiktionary.org,2016-08,158088,100306,,258394
ta.wiktionary.org,2016-09,127757,100434,1,228192
ta.wiktionary.org,2016-10,195897,107419,,303316
ta.wiktionary.org,2016-11,130061,117238,,247299
ta.wiktionary.org,2016-12,115929,121899,,237828
ta.wiktionary.org,2017-01,122095,146238,,268333
ta.wiktionary.org,2017-02,122238,164280,,286518
ta.wiktionary.org,2017-03,206946,199403,,406349
ta.wiktionary.org,2017-04,117805,184183,,301988
ta.wiktionary.org,2017-05,135844,185325,,321169
ta.wiktionary.org,2017-06,135441,192938,,328379
ta.wiktionary.org,2017-07,165782,231095,,396877
ta.wiktionary.org,2017-08,141030,239618,,380648
ta.wiktionary.org,2017-09,128118,208392,,336510
ta.wiktionary.org,2017-10,129307,227136,,356443
ta.wiktionary.org,2017-11,127294,224870,,352164
ta.wiktionary.org,2017-12,123705,220020,,343725
ta.wiktionary.org,2018-01,132059,261600,,393659
ta.wiktionary.org,2018-02,120990,236722,,357712
ta.wiktionary.org,2018-03,117193,262546,,379739
ta.wiktionary.org,2018-04,172283,204070,,376353
ta.wiktionary.org,2018-05,383550,204214,8,587772
ta.wiktionary.org,2018-06,416852,274715,,691567
ta.wiktionary.org,2018-07,176798,338442,,515240
ta.wiktionary.org,2018-08,156601,382890,,539491
ta.wiktionary.org,2018-09,166799,384814,,551613
ta.wiktionary.org,2018-10,162017,457374,,619391
ta.wiktionary.org,2018-11,153252,405570,,558822
ta.wiktionary.org,2018-12,161205,481488,,642693
ta.wiktionary.org,2019-01,200851,513289,,714140
ta.wiktionary.org,2019-02,178618,484584,,663202
ta.wiktionary.org,2019-03,160418,522017,1,682436
ta.wiktionary.org,2019-04,154251,431017,,585268
ta.wiktionary.org,2019-05,141456,401208,,542664
ta.wiktionary.org,2019-06,186834,578965,,765799
ta.wiktionary.org,2019-07,311044,655142,5,966191
ta.wiktionary.org,2019-08,333642,701936,,1035578
ta.wiktionary.org,2019-09,217567,710060,,927627
ta.wiktionary.org,2019-10,173154,838428,18,1011600
ta.wiktionary.org,2019-11,212821,889016,4,1101841
ta.wiktionary.org,2019-12,129863,754823,5,884691
ta.wiktionary.org,2020-01,127030,857640,2,984672
ta.wiktionary.org,2020-02,135780,790474,2,926256
ta.wiktionary.org,2020-03,117397,830608,1,948006
ta.wiktionary.org,2020-04,152577,1045202,158,1197937
ta.wiktionary.org,2020-05,191275,748625,494,940394
ta.wiktionary.org,2020-06,151218,684780,209,836207
ta.wiktionary.org,2020-07,160567,730546,72,891185
ta.wiktionary.org,2020-08,147544,770380,,917924
ta.wiktionary.org,2020-09,161876,755150,,917026
ta.wiktionary.org,2020-10,151928,778662,,930590
ta.wiktionary.org,2020-11,128107,761143,,889250
ta.wiktionary.org,2020-12,143166,924822,,1067988
ta.wiktionary.org,2021-01,143143,819462,,962605
ta.wiktionary.org,2021-02,134806,788581,,923387
ta.wiktionary.org,2021-03,147265,889312,,1036577
ta.wiktionary.org,2021-04,150525,818740,,969265
ta.wiktionary.org,2021-05,127162,790876,,918038
ta.wiktionary.org,2021-06,162773,883858,,1046631
ta.wiktionary.org,2021-07,152439,778825,,931264
ta.wiktionary.org,2021-08,167304,766370,,933674
ta.wiktionary.org,2021-09,127923,827599,,955522
ta.wiktionary.org,2021-10,119089,694713,,813802
ta.wiktionary.org,2021-11,118005,670497,,788502
ta.wiktionary.org,2021-12,129219,726836,,856055
ta.wiktionary.org,2022-01,152247,723620,,875867
ta.wiktionary.org,2022-02,189170,710895,,900065
ta.wiktionary.org,2022-03,340160,777408,,1117568
ta.wiktionary.org,2022-04,180445,741213,,921658
ta.wiktionary.org,2022-05,168791,787927,,956718
ta.wiktionary.org,2022-06,169898,716150,,886048
ta.wiktionary.org,2022-07,165355,834635,,999990
ta.wiktionary.org,2022-08,172942,916064,,1089006
ta.wiktionary.org,2022-09,141117,992463,,1133580
ta.wiktionary.org,2022-10,151033,1100366,,1251399
ta.wiktionary.org,2022-11,156007,1350686,,1506693
ta.wiktionary.org,2022-12,148656,956443,,1105099
ta.wiktionary.org,2023-01,135295,994646,,1129941
ta.wiktionary.org,2023-02,149369,1164077,,1313446
ta.wiktionary.org,2023-03,154327,1246573,,1400900
ta.wiktionary.org,2023-04,116506,826773,,943279
ta.wiktionary.org,2023-05,129479,1089668,,1219147
ta.wiktionary.org,2023-06,161892,1115055,,1276947
ta.wiktionary.org,2023-07,149462,1238460,,1387922
ta.wiktionary.org,2023-08,170171,1262234,,1432405
ta.wiktionary.org,2023-09,139550,1215067,,1354617
ta.wiktionary.org,2023-10,139945,1476172,,1616117
ta.wiktionary.org,2023-11,130207,1286290,,1416497
ta.wiktionary.org,2023-12,152889,1342874,,1495763
ta.wiktionary.org,2024-01,558772,1412751,,1971523
ta.wiktionary.org,2024-02,137563,1585236,,1722799
ta.wiktionary.org,2024-03,161431,1606944,,1768375
ta.wiktionary.org,2024-04,246391,1514191,,1760582
ta.wiktionary.org,2024-05,188588,938962,,1127550
ta.wiktionary.org,2024-06,165595,737321,,902916
ta.wiktionary.org,2024-07,137261,739658,,876919
ta.wiktionary.org,2024-08,195376,863275,,1058651
ta.wiktionary.org,2024-09,233959,808027,,1041986
ta.wiktionary.org,2024-10,344982,1027100,,1372082
ta.wiktionary.org,2024-11,368427,1024320,,1392747
ta.wiktionary.org,2024-12,641687,1164248,,1805935
ta.wiktionary.org,2025-01,642020,1002184,,1644204
ta.wiktionary.org,2025-02,473484,822710,,1296194
ta.wiktionary.org,2025-03,764062,843763,,1607825
ta.wiktionary.org,2025-04,287953,626870,,914823
ta.wiktionary.org,2025-05,278824,725547,,1004371
ta.wiktionary.org,2025-06,209840,551525,,761365
ta.wiktionary.org,2025-07,335505,651038,,986543
ta.wiktionary.org,2025-08,665453,1278218,,1943671
ta.wiktionary.org,2025-09,324384,464083,,788467
ta.wiktionary.org,2025-10,948523,345230,,1293753
ta.wiktionary.org,2025-11,816065,465557,,1281622
ta.wiktionary.org,2025-12,384252,297023,,681275
ta.wiktionary.org,2026-01,375574,356271,,731845
ta.wiktionary.org,2026-02,330877,261824,,592701
ta.wiktionary.org,2026-03,220341,251836,,472177
ta.wiktionary.org,2026-04,265894,217764,,483658
ta.wiktionary.org,2026-05,520061,202570,,722631
ta.wiktionary.org,2026-06,531716,328082,,859798
ta.wiktionary.org,2026-07,279445,230046,,509491
ta.wikisource.org,2015-07,44350,28757,,73107
ta.wikisource.org,2015-08,48761,35205,,83966
ta.wikisource.org,2015-09,61501,41459,,102960
ta.wikisource.org,2015-10,58786,44181,,102967
ta.wikisource.org,2015-11,45957,43862,,89819
ta.wikisource.org,2015-12,51997,40573,,92570
ta.wikisource.org,2016-01,49632,40769,,90401
ta.wikisource.org,2016-02,59977,42308,,102285
ta.wikisource.org,2016-03,59767,47622,,107389
ta.wikisource.org,2016-04,60542,56057,5,116604
ta.wikisource.org,2016-05,59388,42475,,101863
ta.wikisource.org,2016-06,91844,50822,1,142667
ta.wikisource.org,2016-07,82018,63057,,145075
ta.wikisource.org,2016-08,88052,75283,,163335
ta.wikisource.org,2016-09,86511,81436,23,167970
ta.wikisource.org,2016-10,68756,68369,,137125
ta.wikisource.org,2016-11,64929,74716,2,139647
ta.wikisource.org,2016-12,52802,63242,,116044
ta.wikisource.org,2017-01,57674,73863,4,131541
ta.wikisource.org,2017-02,57965,72650,,130615
ta.wikisource.org,2017-03,62111,88769,,150880
ta.wikisource.org,2017-04,62211,89871,,152082
ta.wikisource.org,2017-05,66800,89162,,155962
ta.wikisource.org,2017-06,64908,94123,,159031
ta.wikisource.org,2017-07,76864,118726,,195590
ta.wikisource.org,2017-08,80871,146172,,227043
ta.wikisource.org,2017-09,78772,126811,,205583
ta.wikisource.org,2017-10,78523,135393,7,213923
ta.wikisource.org,2017-11,78319,134440,,212759
ta.wikisource.org,2017-12,74231,125241,,199472
ta.wikisource.org,2018-01,76506,146088,,222594
ta.wikisource.org,2018-02,71252,136354,,207606
ta.wikisource.org,2018-03,95871,154425,,250296
ta.wikisource.org,2018-04,75832,133157,,208989
ta.wikisource.org,2018-05,87182,123465,,210647
ta.wikisource.org,2018-06,93358,158138,,251496
ta.wikisource.org,2018-07,98266,222536,,320802
ta.wikisource.org,2018-08,98919,252833,,351752
ta.wikisource.org,2018-09,99148,257263,,356411
ta.wikisource.org,2018-10,97362,265156,,362518
ta.wikisource.org,2018-11,102073,248990,13,351076
ta.wikisource.org,2018-12,116718,277214,,393932
ta.wikisource.org,2019-01,121577,303505,,425082
ta.wikisource.org,2019-02,111885,302821,,414706
ta.wikisource.org,2019-03,100227,314973,,415200
ta.wikisource.org,2019-04,116730,293454,,410184
ta.wikisource.org,2019-05,131531,278550,,410081
ta.wikisource.org,2019-06,129103,382276,,511379
ta.wikisource.org,2019-07,177029,534774,1,711804
ta.wikisource.org,2019-08,493643,563508,,1057151
ta.wikisource.org,2019-09,144978,653196,,798174
ta.wikisource.org,2019-10,135513,982087,,1117600
ta.wikisource.org,2019-11,134258,1179934,9,1314201
ta.wikisource.org,2019-12,129515,1010261,9,1139785
ta.wikisource.org,2020-01,131809,1097134,1,1228944
ta.wikisource.org,2020-02,138608,909258,1,1047867
ta.wikisource.org,2020-03,136548,957445,,1093993
ta.wikisource.org,2020-04,148525,1156015,,1304540
ta.wikisource.org,2020-05,201085,529522,1,730608
ta.wikisource.org,2020-06,154612,391961,,546573
ta.wikisource.org,2020-07,162846,484177,,647023
ta.wikisource.org,2020-08,134494,465488,,599982
ta.wikisource.org,2020-09,122926,462273,1,585200
ta.wikisource.org,2020-10,124097,460181,,584278
ta.wikisource.org,2020-11,233438,455147,,688585
ta.wikisource.org,2020-12,220308,708737,,929045
ta.wikisource.org,2021-01,274307,594656,,868963
ta.wikisource.org,2021-02,235601,574109,,809710
ta.wikisource.org,2021-03,235741,644059,,879800
ta.wikisource.org,2021-04,210572,556758,,767330
ta.wikisource.org,2021-05,268905,567910,,836815
ta.wikisource.org,2021-06,390530,589915,,980445
ta.wikisource.org,2021-07,302294,658560,,960854
ta.wikisource.org,2021-08,493717,711830,,1205547
ta.wikisource.org,2021-09,227742,629325,,857067
ta.wikisource.org,2021-10,172750,584639,,757389
ta.wikisource.org,2021-11,168613,509302,,677915
ta.wikisource.org,2021-12,165995,521794,,687789
ta.wikisource.org,2022-01,122010,466607,,588617
ta.wikisource.org,2022-02,126079,576099,,702178
ta.wikisource.org,2022-03,148906,604243,,753149
ta.wikisource.org,2022-04,145944,591159,,737103
ta.wikisource.org,2022-05,161889,650209,,812098
ta.wikisource.org,2022-06,139887,586155,,726042
ta.wikisource.org,2022-07,187548,721994,,909542
ta.wikisource.org,2022-08,213078,608794,,821872
ta.wikisource.org,2022-09,210571,686614,,897185
ta.wikisource.org,2022-10,193262,710743,,904005
ta.wikisource.org,2022-11,167520,578546,,746066
ta.wikisource.org,2022-12,132271,431579,,563850
ta.wikisource.org,2023-01,89632,412392,,502024
ta.wikisource.org,2023-02,126392,483619,,610011
ta.wikisource.org,2023-03,129956,518603,,648559
ta.wikisource.org,2023-04,121817,406506,,528323
ta.wikisource.org,2023-05,105629,450472,,556101
ta.wikisource.org,2023-06,92334,426308,,518642
ta.wikisource.org,2023-07,113401,525140,,638541
ta.wikisource.org,2023-08,136423,537544,,673967
ta.wikisource.org,2023-09,108672,486140,,594812
ta.wikisource.org,2023-10,120232,617651,,737883
ta.wikisource.org,2023-11,107334,741977,,849311
ta.wikisource.org,2023-12,98854,570968,,669822
ta.wikisource.org,2024-01,110690,576990,,687680
ta.wikisource.org,2024-02,84898,611888,,696786
ta.wikisource.org,2024-03,115067,659665,,774732
ta.wikisource.org,2024-04,132259,628407,,760666
ta.wikisource.org,2024-05,127905,488742,,616647
ta.wikisource.org,2024-06,379507,778245,,1157752
ta.wikisource.org,2024-07,305830,751307,,1057137
ta.wikisource.org,2024-08,360997,659425,,1020422
ta.wikisource.org,2024-09,336917,622092,,959009
ta.wikisource.org,2024-10,339281,621284,,960565
ta.wikisource.org,2024-11,244532,772727,,1017259
ta.wikisource.org,2024-12,211062,502166,,713228
ta.wikisource.org,2025-01,211497,480903,,692400
ta.wikisource.org,2025-02,398092,541546,,939638
ta.wikisource.org,2025-03,367172,616493,,983665
ta.wikisource.org,2025-04,292841,448875,,741716
ta.wikisource.org,2025-05,322420,466132,,788552
ta.wikisource.org,2025-06,189298,407978,,597276
ta.wikisource.org,2025-07,591056,764239,,1355295
ta.wikisource.org,2025-08,251715,530827,,782542
ta.wikisource.org,2025-09,251314,438874,,690188
ta.wikisource.org,2025-10,288854,799249,,1088103
ta.wikisource.org,2025-11,586903,431450,,1018353
ta.wikisource.org,2025-12,226754,401907,,628661
ta.wikisource.org,2026-01,312253,372037,,684290
ta.wikisource.org,2026-02,185903,355475,,541378
ta.wikisource.org,2026-03,332741,332139,,664880
ta.wikisource.org,2026-04,438244,306841,,745085
ta.wikisource.org,2026-05,489768,294147,,783915
ta.wikisource.org,2026-06,1134735,322548,,1457283
ta.wikisource.org,2026-07,365512,376808,,742320
ta.wikiquote.org,2015-07,10326,3565,,13891
ta.wikiquote.org,2015-08,10539,2579,,13118
ta.wikiquote.org,2015-09,12750,2389,,15139
ta.wikiquote.org,2015-10,11146,3144,,14290
ta.wikiquote.org,2015-11,8368,2403,,10771
ta.wikiquote.org,2015-12,7562,2612,,10174
ta.wikiquote.org,2016-01,10667,3335,,14002
ta.wikiquote.org,2016-02,8349,3539,,11888
ta.wikiquote.org,2016-03,6397,3062,,9459
ta.wikiquote.org,2016-04,10888,14573,,25461
ta.wikiquote.org,2016-05,18186,4711,,22897
ta.wikiquote.org,2016-06,33717,3107,,36824
ta.wikiquote.org,2016-07,11888,3520,,15408
ta.wikiquote.org,2016-08,11231,3799,,15030
ta.wikiquote.org,2016-09,7678,3276,,10954
ta.wikiquote.org,2016-10,9036,4285,,13321
ta.wikiquote.org,2016-11,6179,3903,,10082
ta.wikiquote.org,2016-12,10833,4850,,15683
ta.wikiquote.org,2017-01,7762,4635,,12397
ta.wikiquote.org,2017-02,11276,4790,,16066
ta.wikiquote.org,2017-03,11750,5494,,17244
ta.wikiquote.org,2017-04,7677,4634,,12311
ta.wikiquote.org,2017-05,8310,4204,,12514
ta.wikiquote.org,2017-06,6909,5716,,12625
ta.wikiquote.org,2017-07,8020,7698,,15718
ta.wikiquote.org,2017-08,12491,8686,,21177
ta.wikiquote.org,2017-09,10357,6518,,16875
ta.wikiquote.org,2017-10,6958,6009,,12967
ta.wikiquote.org,2017-11,8348,5791,,14139
ta.wikiquote.org,2017-12,17197,6215,,23412
ta.wikiquote.org,2018-01,7946,6870,,14816
ta.wikiquote.org,2018-02,8380,6178,,14558
ta.wikiquote.org,2018-03,8917,6826,,15743
ta.wikiquote.org,2018-04,10586,5391,,15977
ta.wikiquote.org,2018-05,22514,5046,,27560
ta.wikiquote.org,2018-06,22852,8861,,31713
ta.wikiquote.org,2018-07,10544,11782,,22326
ta.wikiquote.org,2018-08,12879,15834,,28713
ta.wikiquote.org,2018-09,10049,13837,,23886
ta.wikiquote.org,2018-10,10300,19556,,29856
ta.wikiquote.org,2018-11,13557,13231,,26788
ta.wikiquote.org,2018-12,9499,14813,,24312
ta.wikiquote.org,2019-01,16653,20665,,37318
ta.wikiquote.org,2019-02,15586,24771,,40357
ta.wikiquote.org,2019-03,17239,23227,,40466
ta.wikiquote.org,2019-04,21279,20184,,41463
ta.wikiquote.org,2019-05,20698,15211,,35909
ta.wikiquote.org,2019-06,16708,28553,6,45267
ta.wikiquote.org,2019-07,30222,34574,,64796
ta.wikiquote.org,2019-08,54847,33116,,87963
ta.wikiquote.org,2019-09,23068,33517,,56585
ta.wikiquote.org,2019-10,21594,47337,,68931
ta.wikiquote.org,2019-11,13484,40945,,54429
ta.wikiquote.org,2019-12,10260,27251,,37511
ta.wikiquote.org,2020-01,10697,32068,,42765
ta.wikiquote.org,2020-02,12175,30494,,42669
ta.wikiquote.org,2020-03,14850,28972,,43822
ta.wikiquote.org,2020-04,15923,33377,,49300
ta.wikiquote.org,2020-05,14673,22194,,36867
ta.wikiquote.org,2020-06,10742,19348,,30090
ta.wikiquote.org,2020-07,26875,20964,,47839
ta.wikiquote.org,2020-08,33809,21866,,55675
ta.wikiquote.org,2020-09,41028,22779,,63807
ta.wikiquote.org,2020-10,18164,22315,,40479
ta.wikiquote.org,2020-11,11702,21889,,33591
ta.wikiquote.org,2020-12,11707,25154,,36861
ta.wikiquote.org,2021-01,17980,26703,,44683
ta.wikiquote.org,2021-02,16959,25147,,42106
ta.wikiquote.org,2021-03,20748,29105,,49853
ta.wikiquote.org,2021-04,13822,28347,,42169
ta.wikiquote.org,2021-05,10872,29470,,40342
ta.wikiquote.org,2021-06,12469,29624,,42093
ta.wikiquote.org,2021-07,21331,29470,,50801
ta.wikiquote.org,2021-08,46779,27400,,74179
ta.wikiquote.org,2021-09,10420,26771,,37191
ta.wikiquote.org,2021-10,11728,28809,,40537
ta.wikiquote.org,2021-11,21971,26358,,48329
ta.wikiquote.org,2021-12,10466,24919,,35385
ta.wikiquote.org,2022-01,10266,24502,,34768
ta.wikiquote.org,2022-02,10530,27466,,37996
ta.wikiquote.org,2022-03,15853,26672,,42525
ta.wikiquote.org,2022-04,14873,26880,,41753
ta.wikiquote.org,2022-05,23426,34421,,57847
ta.wikiquote.org,2022-06,22272,35430,,57702
ta.wikiquote.org,2022-07,28327,42051,,70378
ta.wikiquote.org,2022-08,21961,44295,,66256
ta.wikiquote.org,2022-09,14953,38623,,53576
ta.wikiquote.org,2022-10,23943,47129,,71072
ta.wikiquote.org,2022-11,18838,49827,,68665
ta.wikiquote.org,2022-12,35704,40039,,75743
ta.wikiquote.org,2023-01,11489,34063,,45552
ta.wikiquote.org,2023-02,20622,40932,,61554
ta.wikiquote.org,2023-03,31366,48905,,80271
ta.wikiquote.org,2023-04,15126,29532,,44658
ta.wikiquote.org,2023-05,15951,39524,,55475
ta.wikiquote.org,2023-06,16672,36911,,53583
ta.wikiquote.org,2023-07,17659,43263,,60922
ta.wikiquote.org,2023-08,18396,40603,,58999
ta.wikiquote.org,2023-09,15337,40378,,55715
ta.wikiquote.org,2023-10,12539,43838,,56377
ta.wikiquote.org,2023-11,11747,31800,,43547
ta.wikiquote.org,2023-12,21970,30788,,52758
ta.wikiquote.org,2024-01,12437,27309,,39746
ta.wikiquote.org,2024-02,8590,28340,,36930
ta.wikiquote.org,2024-03,9861,34014,,43875
ta.wikiquote.org,2024-04,18083,37414,,55497
ta.wikiquote.org,2024-05,11513,25331,,36844
ta.wikiquote.org,2024-06,24848,39510,,64358
ta.wikiquote.org,2024-07,12915,31511,,44426
ta.wikiquote.org,2024-08,19591,28755,,48346
ta.wikiquote.org,2024-09,36184,34404,,70588
ta.wikiquote.org,2024-10,17732,27812,,45544
ta.wikiquote.org,2024-11,17360,24703,,42063
ta.wikiquote.org,2024-12,28721,18411,,47132
ta.wikiquote.org,2025-01,29596,20905,,50501
ta.wikiquote.org,2025-02,47046,30615,,77661
ta.wikiquote.org,2025-03,37107,22266,,59373
ta.wikiquote.org,2025-04,23910,26397,,50307
ta.wikiquote.org,2025-05,43773,70401,,114174
ta.wikiquote.org,2025-06,16592,68846,,85438
ta.wikiquote.org,2025-07,14381,29563,,43944
ta.wikiquote.org,2025-08,23087,30380,,53467
ta.wikiquote.org,2025-09,35046,37797,,72843
ta.wikiquote.org,2025-10,38776,24341,,63117
ta.wikiquote.org,2025-11,33415,15644,,49059
ta.wikiquote.org,2025-12,29698,10365,,40063
ta.wikiquote.org,2026-01,20600,12144,,32744
ta.wikiquote.org,2026-02,45851,12002,,57853
ta.wikiquote.org,2026-03,86667,13627,,100294
ta.wikiquote.org,2026-04,31837,7523,,39360
ta.wikiquote.org,2026-05,123410,7392,,130802
ta.wikiquote.org,2026-06,246169,10937,,257106
ta.wikiquote.org,2026-07,75876,23565,,99441
ta.wikibooks.org,2015-07,16550,6463,,23013
ta.wikibooks.org,2015-08,17154,7202,,24356
ta.wikibooks.org,2015-09,15954,6645,,22599
ta.wikibooks.org,2015-10,17190,8402,,25592
ta.wikibooks.org,2015-11,13575,6758,,20333
ta.wikibooks.org,2015-12,12364,7878,,20242
ta.wikibooks.org,2016-01,14360,7980,,22340
ta.wikibooks.org,2016-02,12294,8469,,20763
ta.wikibooks.org,2016-03,11794,7912,,19706
ta.wikibooks.org,2016-04,18492,6904,,25396
ta.wikibooks.org,2016-05,17759,6815,,24574
ta.wikibooks.org,2016-06,58993,8654,,67647
ta.wikibooks.org,2016-07,14072,9531,,23603
ta.wikibooks.org,2016-08,18035,10473,,28508
ta.wikibooks.org,2016-09,10956,8304,,19260
ta.wikibooks.org,2016-10,15368,9555,10,24933
ta.wikibooks.org,2016-11,9596,9759,33,19388
ta.wikibooks.org,2016-12,22051,9757,,31808
ta.wikibooks.org,2017-01,12057,11305,2,23364
ta.wikibooks.org,2017-02,11592,13626,,25218
ta.wikibooks.org,2017-03,11466,14671,,26137
ta.wikibooks.org,2017-04,10706,12596,,23302
ta.wikibooks.org,2017-05,10176,13009,,23185
ta.wikibooks.org,2017-06,10879,15881,,26760
ta.wikibooks.org,2017-07,12239,19726,10,31975
ta.wikibooks.org,2017-08,15053,19901,,34954
ta.wikibooks.org,2017-09,13579,17488,,31067
ta.wikibooks.org,2017-10,11102,19265,,30367
ta.wikibooks.org,2017-11,12418,17204,1,29623
ta.wikibooks.org,2017-12,11515,17823,,29338
ta.wikibooks.org,2018-01,11751,22683,4,34438
ta.wikibooks.org,2018-02,11787,20346,,32133
ta.wikibooks.org,2018-03,11791,20550,,32341
ta.wikibooks.org,2018-04,14243,14273,,28516
ta.wikibooks.org,2018-05,26897,13840,,40737
ta.wikibooks.org,2018-06,26690,27011,1,53702
ta.wikibooks.org,2018-07,15294,28374,,43668
ta.wikibooks.org,2018-08,13670,27949,,41619
ta.wikibooks.org,2018-09,14405,25399,,39804
ta.wikibooks.org,2018-10,13119,32123,,45242
ta.wikibooks.org,2018-11,14065,23740,10,37815
ta.wikibooks.org,2018-12,13225,29270,,42495
ta.wikibooks.org,2019-01,18928,31849,,50777
ta.wikibooks.org,2019-02,16453,28441,,44894
ta.wikibooks.org,2019-03,16833,26793,,43626
ta.wikibooks.org,2019-04,20990,19968,,40958
ta.wikibooks.org,2019-05,17684,17750,,35434
ta.wikibooks.org,2019-06,14461,40519,,54980
ta.wikibooks.org,2019-07,50222,43581,,93803
ta.wikibooks.org,2019-08,43040,41992,,85032
ta.wikibooks.org,2019-09,22928,38189,,61117
ta.wikibooks.org,2019-10,23788,42899,,66687
ta.wikibooks.org,2019-11,14359,43325,,57684
ta.wikibooks.org,2019-12,13032,37471,,50503
ta.wikibooks.org,2020-01,12415,46868,,59283
ta.wikibooks.org,2020-02,12693,49657,,62350
ta.wikibooks.org,2020-03,15808,38875,,54683
ta.wikibooks.org,2020-04,14720,47543,,62263
ta.wikibooks.org,2020-05,12611,31314,,43925
ta.wikibooks.org,2020-06,10923,24498,,35421
ta.wikibooks.org,2020-07,20332,28462,11,48805
ta.wikibooks.org,2020-08,36904,29497,,66401
ta.wikibooks.org,2020-09,40305,32388,,72693
ta.wikibooks.org,2020-10,24404,27409,,51813
ta.wikibooks.org,2020-11,12200,24984,,37184
ta.wikibooks.org,2020-12,13064,32852,,45916
ta.wikibooks.org,2021-01,15081,26437,,41518
ta.wikibooks.org,2021-02,15402,31501,,46903
ta.wikibooks.org,2021-03,18644,35242,,53886
ta.wikibooks.org,2021-04,14510,29883,,44393
ta.wikibooks.org,2021-05,20834,29159,,49993
ta.wikibooks.org,2021-06,14653,35157,,49810
ta.wikibooks.org,2021-07,16559,30573,,47132
ta.wikibooks.org,2021-08,25322,30371,,55693
ta.wikibooks.org,2021-09,13940,33872,,47812
ta.wikibooks.org,2021-10,13898,28616,,42514
ta.wikibooks.org,2021-11,10669,38668,,49337
ta.wikibooks.org,2021-12,9669,34170,,43839
ta.wikibooks.org,2022-01,8750,25356,,34106
ta.wikibooks.org,2022-02,17254,28895,,46149
ta.wikibooks.org,2022-03,37418,31004,,68422
ta.wikibooks.org,2022-04,14032,29352,,43384
ta.wikibooks.org,2022-05,15301,25441,,40742
ta.wikibooks.org,2022-06,12706,30783,,43489
ta.wikibooks.org,2022-07,14662,33166,,47828
ta.wikibooks.org,2022-08,16062,32681,,48743
ta.wikibooks.org,2022-09,10621,30250,,40871
ta.wikibooks.org,2022-10,15931,42120,,58051
ta.wikibooks.org,2022-11,12470,42168,,54638
ta.wikibooks.org,2022-12,20848,33031,,53879
ta.wikibooks.org,2023-01,10246,32600,,42846
ta.wikibooks.org,2023-02,14052,37378,,51430
ta.wikibooks.org,2023-03,18488,34753,,53241
ta.wikibooks.org,2023-04,10013,23801,,33814
ta.wikibooks.org,2023-05,11338,29841,,41179
ta.wikibooks.org,2023-06,13211,38614,,51825
ta.wikibooks.org,2023-07,11853,35716,,47569
ta.wikibooks.org,2023-08,12700,32482,,45182
ta.wikibooks.org,2023-09,11235,27524,,38759
ta.wikibooks.org,2023-10,10431,30188,,40619
ta.wikibooks.org,2023-11,9672,24088,,33760
ta.wikibooks.org,2023-12,13619,30358,,43977
ta.wikibooks.org,2024-01,9981,29562,,39543
ta.wikibooks.org,2024-02,8778,29324,,38102
ta.wikibooks.org,2024-03,9667,29728,,39395
ta.wikibooks.org,2024-04,13191,29358,,42549
ta.wikibooks.org,2024-05,16052,22701,,38753
ta.wikibooks.org,2024-06,17621,28512,,46133
ta.wikibooks.org,2024-07,8245,28228,,36473
ta.wikibooks.org,2024-08,17336,26146,,43482
ta.wikibooks.org,2024-09,18013,28728,,46741
ta.wikibooks.org,2024-10,14165,47001,,61166
ta.wikibooks.org,2024-11,21238,25879,,47117
ta.wikibooks.org,2024-12,47760,29313,,77073
ta.wikibooks.org,2025-01,22824,20877,,43701
ta.wikibooks.org,2025-02,34899,31427,,66326
ta.wikibooks.org,2025-03,27263,26104,,53367
ta.wikibooks.org,2025-04,9706,20969,,30675
ta.wikibooks.org,2025-05,40651,32651,,73302
ta.wikibooks.org,2025-06,110323,101155,,211478
ta.wikibooks.org,2025-07,19168,136753,,155921
ta.wikibooks.org,2025-08,33400,53524,,86924
ta.wikibooks.org,2025-09,36316,46391,,82707
ta.wikibooks.org,2025-10,83185,58235,,141420
ta.wikibooks.org,2025-11,40212,15740,,55952
ta.wikibooks.org,2025-12,37203,13772,,50975
ta.wikibooks.org,2026-01,20234,11854,,32088
ta.wikibooks.org,2026-02,17397,12869,,30266
ta.wikibooks.org,2026-03,37745,14643,,52388
ta.wikibooks.org,2026-04,44216,9296,,53512
ta.wikibooks.org,2026-05,187841,11578,,199419
ta.wikibooks.org,2026-06,40287,30335,,70622
ta.wikibooks.org,2026-07,53322,33012,,86334
tcy.wikipedia.org,2016-08,32689,14053,102,46844
tcy.wikipedia.org,2016-09,24475,2438,44,26957
tcy.wikipedia.org,2016-10,27005,2149,44,29198
tcy.wikipedia.org,2016-11,31662,1999,79,33740
tcy.wikipedia.org,2016-12,30500,2196,44,32740
tcy.wikipedia.org,2017-01,26166,2532,56,28754
tcy.wikipedia.org,2017-02,28312,2409,32,30753
tcy.wikipedia.org,2017-03,30419,2435,664,33518
tcy.wikipedia.org,2017-04,26144,2001,42,28187
tcy.wikipedia.org,2017-05,23420,1919,47,25386
tcy.wikipedia.org,2017-06,26524,2424,54,29002
tcy.wikipedia.org,2017-07,35459,4164,94,39717
tcy.wikipedia.org,2017-08,83626,4944,80,88650
tcy.wikipedia.org,2017-09,150110,6231,73,156414
tcy.wikipedia.org,2017-10,44710,5857,86,50653
tcy.wikipedia.org,2017-11,48533,6734,99,55366
tcy.wikipedia.org,2017-12,46200,4702,108,51010
tcy.wikipedia.org,2018-01,39433,6101,98,45632
tcy.wikipedia.org,2018-02,34149,5807,85,40041
tcy.wikipedia.org,2018-03,29431,5469,95,34995
tcy.wikipedia.org,2018-04,25963,18126,107,44196
tcy.wikipedia.org,2018-05,25873,4747,62,30682
tcy.wikipedia.org,2018-06,32677,8569,145,41391
tcy.wikipedia.org,2018-07,34435,15017,124,49576
tcy.wikipedia.org,2018-08,49622,24227,279,74128
tcy.wikipedia.org,2018-09,37326,19604,126,57056
tcy.wikipedia.org,2018-10,45511,19226,136,64873
tcy.wikipedia.org,2018-11,92763,22087,123,114973
tcy.wikipedia.org,2018-12,40517,28773,74,69364
tcy.wikipedia.org,2019-01,49897,25420,120,75437
tcy.wikipedia.org,2019-02,40399,14212,106,54717
tcy.wikipedia.org,2019-03,44954,12298,194,57446
tcy.wikipedia.org,2019-04,58040,9182,43,67265
tcy.wikipedia.org,2019-05,51049,10668,76,61793
tcy.wikipedia.org,2019-06,46179,39225,155,85559
tcy.wikipedia.org,2019-07,93478,42944,217,136639
tcy.wikipedia.org,2019-08,97757,40192,204,138153
tcy.wikipedia.org,2019-09,60377,37540,165,98082
tcy.wikipedia.org,2019-10,66771,41701,155,108627
tcy.wikipedia.org,2019-11,51295,37033,120,88448
tcy.wikipedia.org,2019-12,28593,35434,145,64172
tcy.wikipedia.org,2020-01,36381,39533,106,76020
tcy.wikipedia.org,2020-02,30469,35588,128,66185
tcy.wikipedia.org,2020-03,30714,26584,88,57386
tcy.wikipedia.org,2020-04,53767,43878,337,97982
tcy.wikipedia.org,2020-05,45480,17703,211,63394
tcy.wikipedia.org,2020-06,27621,12817,63,40501
tcy.wikipedia.org,2020-07,38954,16226,168,55348
tcy.wikipedia.org,2020-08,42011,19440,307,61758
tcy.wikipedia.org,2020-09,59523,27928,173,87624
tcy.wikipedia.org,2020-10,38382,26737,103,65222
tcy.wikipedia.org,2020-11,34674,22123,88,56885
tcy.wikipedia.org,2020-12,33365,28505,115,61985
tcy.wikipedia.org,2021-01,39322,48256,165,87743
tcy.wikipedia.org,2021-02,41015,61986,277,103278
tcy.wikipedia.org,2021-03,40253,60374,168,100795
tcy.wikipedia.org,2021-04,36424,31964,158,68546
tcy.wikipedia.org,2021-05,30106,24236,162,54504
tcy.wikipedia.org,2021-06,34567,29227,212,64006
tcy.wikipedia.org,2021-07,33429,25930,194,59553
tcy.wikipedia.org,2021-08,39922,34839,223,74984
tcy.wikipedia.org,2021-09,38362,41997,105,80464
tcy.wikipedia.org,2021-10,30991,60685,167,91843
tcy.wikipedia.org,2021-11,28158,49456,155,77769
tcy.wikipedia.org,2021-12,25960,43567,166,69693
tcy.wikipedia.org,2022-01,30154,49155,228,79537
tcy.wikipedia.org,2022-02,25603,50145,205,75953
tcy.wikipedia.org,2022-03,27192,31292,135,58619
tcy.wikipedia.org,2022-04,23080,20624,70,43774
tcy.wikipedia.org,2022-05,25270,23939,91,49300
tcy.wikipedia.org,2022-06,36479,36367,132,72978
tcy.wikipedia.org,2022-07,35327,48685,167,84179
tcy.wikipedia.org,2022-08,33646,47912,149,81707
tcy.wikipedia.org,2022-09,44292,38103,138,82533
tcy.wikipedia.org,2022-10,41069,54680,152,95901
tcy.wikipedia.org,2022-11,32792,62774,227,95793
tcy.wikipedia.org,2022-12,49356,60582,113,110051
tcy.wikipedia.org,2023-01,31138,49717,202,81057
tcy.wikipedia.org,2023-02,51527,51026,86,102639
tcy.wikipedia.org,2023-03,135189,49414,95,184698
tcy.wikipedia.org,2023-04,26672,29509,116,56297
tcy.wikipedia.org,2023-05,30433,37357,91,67881
tcy.wikipedia.org,2023-06,37254,60207,105,97566
tcy.wikipedia.org,2023-07,39044,76739,151,115934
tcy.wikipedia.org,2023-08,36916,71145,165,108226
tcy.wikipedia.org,2023-09,41784,58058,147,99989
tcy.wikipedia.org,2023-10,36619,88507,186,125312
tcy.wikipedia.org,2023-11,36547,84252,277,121076
tcy.wikipedia.org,2023-12,45906,66311,214,112431
tcy.wikipedia.org,2024-01,37501,58367,197,96065
tcy.wikipedia.org,2024-02,32456,47389,94,79939
tcy.wikipedia.org,2024-03,74283,73074,153,147510
tcy.wikipedia.org,2024-04,63425,48549,127,112101
tcy.wikipedia.org,2024-05,34137,38732,152,73021
tcy.wikipedia.org,2024-06,37757,49029,124,86910
tcy.wikipedia.org,2024-07,31970,53031,170,85171
tcy.wikipedia.org,2024-08,31721,70996,194,102911
tcy.wikipedia.org,2024-09,25043,48560,128,73731
tcy.wikipedia.org,2024-10,26739,62073,240,89052
tcy.wikipedia.org,2024-11,37033,87476,204,124713
tcy.wikipedia.org,2024-12,38447,62143,166,100756
tcy.wikipedia.org,2025-01,84411,68643,161,153215
tcy.wikipedia.org,2025-02,67988,76648,202,144838
tcy.wikipedia.org,2025-03,25928,32140,107,58175
tcy.wikipedia.org,2025-04,32758,33906,60,66724
tcy.wikipedia.org,2025-05,40998,36874,95,77967
tcy.wikipedia.org,2025-06,38412,40531,84,79027
tcy.wikipedia.org,2025-07,143774,55763,95,199632
tcy.wikipedia.org,2025-08,85764,118360,58,204182
tcy.wikipedia.org,2025-09,54044,83645,84,137773
tcy.wikipedia.org,2025-10,89981,74372,94,164447
tcy.wikipedia.org,2025-11,87180,48674,68,135922
tcy.wikipedia.org,2025-12,65305,22521,81,87907
tcy.wikipedia.org,2026-01,47329,19039,73,66441
tcy.wikipedia.org,2026-02,60837,19503,79,80419
tcy.wikipedia.org,2026-03,43405,21942,100,65447
tcy.wikipedia.org,2026-04,111183,17236,37,128456
tcy.wikipedia.org,2026-05,108312,18174,45,126531
tcy.wikipedia.org,2026-06,146734,22682,74,169490
tcy.wikipedia.org,2026-07,196943,75111,37,272091
tcy.wiktionary.org,2024-10,220,175,,395
tcy.wiktionary.org,2024-11,4399,3152,,7551
tcy.wiktionary.org,2024-12,21719,4533,,26252
tcy.wiktionary.org,2025-01,8589,3844,,12433
tcy.wiktionary.org,2025-02,25542,12154,,37696
tcy.wiktionary.org,2025-03,17783,3789,,21572
tcy.wiktionary.org,2025-04,2198,4549,,6747
tcy.wiktionary.org,2025-05,3994,5661,,9655
tcy.wiktionary.org,2025-06,11364,3442,,14806
tcy.wiktionary.org,2025-07,74111,5161,,79272
tcy.wiktionary.org,2025-08,8136,1684,,9820
tcy.wiktionary.org,2025-09,31494,7233,,38727
tcy.wiktionary.org,2025-10,70306,4083,,74389
tcy.wiktionary.org,2025-11,5072,2902,,7974
tcy.wiktionary.org,2025-12,5319,1086,,6405
tcy.wiktionary.org,2026-01,3733,943,,4676
tcy.wiktionary.org,2026-02,4060,1007,,5067
tcy.wiktionary.org,2026-03,8010,870,,8880
tcy.wiktionary.org,2026-04,13206,1505,,14711
tcy.wiktionary.org,2026-05,11757,1748,,13505
tcy.wiktionary.org,2026-06,8987,1265,,10252
tcy.wiktionary.org,2026-07,2989,834,,3823
tcy.wikisource.org,2024-10,180,83,,263
tcy.wikisource.org,2024-11,8102,2168,,10270
tcy.wikisource.org,2024-12,28304,5616,,33920
tcy.wikisource.org,2025-01,46375,2668,,49043
tcy.wikisource.org,2025-02,19204,2970,,22174
tcy.wikisource.org,2025-03,13748,6306,,20054
tcy.wikisource.org,2025-04,6919,1136,,8055
tcy.wikisource.org,2025-05,13632,3262,,16894
tcy.wikisource.org,2025-06,26136,14836,,40972
tcy.wikisource.org,2025-07,197879,217689,,415568
tcy.wikisource.org,2025-08,8775,5090,,13865
tcy.wikisource.org,2025-09,29095,13439,,42534
tcy.wikisource.org,2025-10,9293,13564,,22857
tcy.wikisource.org,2025-11,5089,2471,,7560
tcy.wikisource.org,2025-12,7651,1086,,8737
tcy.wikisource.org,2026-01,12176,2021,,14197
tcy.wikisource.org,2026-02,10246,2770,,13016
tcy.wikisource.org,2026-03,10529,4140,,14669
tcy.wikisource.org,2026-04,14639,2137,,16776
tcy.wikisource.org,2026-05,26771,2869,,29640
tcy.wikisource.org,2026-06,20036,4761,,24797
tcy.wikisource.org,2026-07,36969,9395,,46364
te.wikipedia.org,2015-07,1081670,369610,43094,1494374
te.wikipedia.org,2015-08,1282948,443057,53025,1779030
te.wikipedia.org,2015-09,1071929,381364,61476,1514769
te.wikipedia.org,2015-10,1048316,437296,53781,1539393
te.wikipedia.org,2015-11,1033494,426824,60503,1520821
te.wikipedia.org,2015-12,914434,430994,59321,1404749
te.wikipedia.org,2016-01,1060087,499969,60625,1620681
te.wikipedia.org,2016-02,802361,391385,54447,1248193
te.wikipedia.org,2016-03,946998,351675,53540,1352213
te.wikipedia.org,2016-04,668158,347259,32516,1047933
te.wikipedia.org,2016-05,701818,371780,42325,1115923
te.wikipedia.org,2016-06,1011845,452840,46585,1511270
te.wikipedia.org,2016-07,1298954,741472,55011,2095437
te.wikipedia.org,2016-08,1628759,847761,55028,2531548
te.wikipedia.org,2016-09,1064678,669008,50647,1784333
te.wikipedia.org,2016-10,1316232,822889,47921,2187042
te.wikipedia.org,2016-11,1286307,846257,46584,2179148
te.wikipedia.org,2016-12,1098618,829587,48766,1976971
te.wikipedia.org,2017-01,994790,927338,49926,1972054
te.wikipedia.org,2017-02,900047,824207,46952,1771206
te.wikipedia.org,2017-03,735464,726470,52828,1514762
te.wikipedia.org,2017-04,639984,717007,43620,1400611
te.wikipedia.org,2017-05,613176,673299,42200,1328675
te.wikipedia.org,2017-06,851318,1003006,46124,1900448
te.wikipedia.org,2017-07,1282970,1909393,65989,3258352
te.wikipedia.org,2017-08,1212162,1944281,57459,3213902
te.wikipedia.org,2017-09,1121454,1722437,60319,2904210
te.wikipedia.org,2017-10,995836,1748132,60545,2804513
te.wikipedia.org,2017-11,1030400,1913384,61271,3005055
te.wikipedia.org,2017-12,812061,1671550,60134,2543745
te.wikipedia.org,2018-01,920596,2129262,67691,3117549
te.wikipedia.org,2018-02,698762,1593670,54348,2346780
te.wikipedia.org,2018-03,604575,1489763,51218,2145556
te.wikipedia.org,2018-04,636504,1271957,43611,1952072
te.wikipedia.org,2018-05,642108,1438793,42266,2123167
te.wikipedia.org,2018-06,744541,1812571,49854,2606966
te.wikipedia.org,2018-07,1333078,3203421,67802,4604301
te.wikipedia.org,2018-08,1079585,3967543,66642,5113770
te.wikipedia.org,2018-09,845363,2882636,60695,3788694
te.wikipedia.org,2018-10,1010967,3260282,59124,4330373
te.wikipedia.org,2018-11,1133049,2933628,52939,4119616
te.wikipedia.org,2018-12,856585,2887301,49631,3793517
te.wikipedia.org,2019-01,1064807,3462297,51681,4578785
te.wikipedia.org,2019-02,824380,2565423,42064,3431867
te.wikipedia.org,2019-03,703789,2420464,40762,3165015
te.wikipedia.org,2019-04,680862,2046130,38621,2765613
te.wikipedia.org,2019-05,618051,2025437,39143,2682631
te.wikipedia.org,2019-06,684501,2279894,35848,3000243
te.wikipedia.org,2019-07,1072897,4503194,47723,5623814
te.wikipedia.org,2019-08,1178304,5115033,56010,6349347
te.wikipedia.org,2019-09,958615,4652728,52588,5663931
te.wikipedia.org,2019-10,1077574,5090169,53047,6220790
te.wikipedia.org,2019-11,1124579,6186889,53183,7364651
te.wikipedia.org,2019-12,962406,5228978,53960,6245344
te.wikipedia.org,2020-01,2476174,5528573,47569,8052316
te.wikipedia.org,2020-02,3154160,4383726,45014,7582900
te.wikipedia.org,2020-03,5303789,3858580,40061,9202430
te.wikipedia.org,2020-04,600278,4608083,64332,5272693
te.wikipedia.org,2020-05,547953,3194513,36893,3779359
te.wikipedia.org,2020-06,508668,2454878,11088,2974634
te.wikipedia.org,2020-07,518634,2849188,38658,3406480
te.wikipedia.org,2020-08,524654,2990159,39975,3554788
te.wikipedia.org,2020-09,554427,2940965,72639,3568031
te.wikipedia.org,2020-10,493398,3071637,60315,3625350
te.wikipedia.org,2020-11,451619,3109413,50856,3611888
te.wikipedia.org,2020-12,497568,3349068,43786,3890422
te.wikipedia.org,2021-01,567491,4068908,44081,4680480
te.wikipedia.org,2021-02,836941,3664936,36055,4537932
te.wikipedia.org,2021-03,637607,4516394,42273,5196274
te.wikipedia.org,2021-04,535317,3579644,36257,4151218
te.wikipedia.org,2021-05,503950,3552750,41201,4097901
te.wikipedia.org,2021-06,568146,3415005,44419,4027570
te.wikipedia.org,2021-07,655389,4111134,46208,4812731
te.wikipedia.org,2021-08,763538,4190262,42868,4996668
te.wikipedia.org,2021-09,618950,4779446,43995,5442391
te.wikipedia.org,2021-10,700972,5126304,39620,5866896
te.wikipedia.org,2021-11,777075,4826928,40557,5644560
te.wikipedia.org,2021-12,565615,4790867,40173,5396655
te.wikipedia.org,2022-01,624647,4784240,41384,5450271
te.wikipedia.org,2022-02,836545,4282065,38354,5156964
te.wikipedia.org,2022-03,961088,4720800,41522,5723410
te.wikipedia.org,2022-04,694765,3940052,39210,4674027
te.wikipedia.org,2022-05,634684,3410095,42471,4087250
te.wikipedia.org,2022-06,739707,3624896,36345,4400948
te.wikipedia.org,2022-07,709215,5559062,43595,6311872
te.wikipedia.org,2022-08,709597,6420571,47864,7178032
te.wikipedia.org,2022-09,680295,5758981,45618,6484894
te.wikipedia.org,2022-10,728847,5562304,45876,6337027
te.wikipedia.org,2022-11,729708,6217534,43532,6990774
te.wikipedia.org,2022-12,718079,5189446,40072,5947597
te.wikipedia.org,2023-01,747595,6083178,40651,6871424
te.wikipedia.org,2023-02,705374,6196586,37222,6939182
te.wikipedia.org,2023-03,708382,6019966,37397,6765745
te.wikipedia.org,2023-04,588614,4642634,31347,5262595
te.wikipedia.org,2023-05,582125,4945815,30389,5558329
te.wikipedia.org,2023-06,798872,5648263,29767,6476902
te.wikipedia.org,2023-07,834257,7001447,34783,7870487
te.wikipedia.org,2023-08,811154,7459915,31184,8302253
te.wikipedia.org,2023-09,677837,6284329,27630,6989796
te.wikipedia.org,2023-10,718063,6600454,24652,7343169
te.wikipedia.org,2023-11,668756,6572288,23434,7264478
te.wikipedia.org,2023-12,698381,6948391,25139,7671911
te.wikipedia.org,2024-01,1277933,7452857,30336,8761126
te.wikipedia.org,2024-02,718089,7001932,26852,7746873
te.wikipedia.org,2024-03,718658,6828186,25286,7572130
te.wikipedia.org,2024-04,704989,7050308,23081,7778378
te.wikipedia.org,2024-05,700215,5164484,24726,5889425
te.wikipedia.org,2024-06,654258,4622668,24229,5301155
te.wikipedia.org,2024-07,658111,5283515,27489,5969115
te.wikipedia.org,2024-08,713915,5086647,26196,5826758
te.wikipedia.org,2024-09,511244,4311307,24496,4847047
te.wikipedia.org,2024-10,533991,4345960,23337,4903288
te.wikipedia.org,2024-11,715466,4554080,23899,5293445
te.wikipedia.org,2024-12,606782,4329061,23746,4959589
te.wikipedia.org,2025-01,1230946,5078958,23146,6333050
te.wikipedia.org,2025-02,1071324,4057811,21052,5150187
te.wikipedia.org,2025-03,1032237,4208019,19739,5259995
te.wikipedia.org,2025-04,706224,4717778,17075,5441077
te.wikipedia.org,2025-05,793559,5304753,18603,6116915
te.wikipedia.org,2025-06,684192,3130943,15881,3831016
te.wikipedia.org,2025-07,1965808,3810002,18180,5793990
te.wikipedia.org,2025-08,1010138,4187520,19297,5216955
te.wikipedia.org,2025-09,785830,3693386,16592,4495808
te.wikipedia.org,2025-10,1012251,3297038,15498,4324787
te.wikipedia.org,2025-11,1945196,3253504,15425,5214125
te.wikipedia.org,2025-12,1259449,2739492,14865,4013806
te.wikipedia.org,2026-01,1196658,3320657,19501,4536816
te.wikipedia.org,2026-02,698840,2371650,12904,3083394
te.wikipedia.org,2026-03,576587,2225787,12563,2814937
te.wikipedia.org,2026-04,894797,2205439,11584,3111820
te.wikipedia.org,2026-05,1016387,2145502,11678,3173567
te.wikipedia.org,2026-06,888811,2197049,12745,3098605
te.wikipedia.org,2026-07,987560,2893801,12697,3894058
te.wiktionary.org,2015-07,20868,21134,,42002
te.wiktionary.org,2015-08,14331,4585,,18916
te.wiktionary.org,2015-09,22784,4266,,27050
te.wiktionary.org,2015-10,18633,4521,,23154
te.wiktionary.org,2015-11,17877,5153,,23030
te.wiktionary.org,2015-12,33163,23436,,56599
te.wiktionary.org,2016-01,25977,9754,,35731
te.wiktionary.org,2016-02,26212,8918,,35130
te.wiktionary.org,2016-03,53690,10453,,64143
te.wiktionary.org,2016-04,82680,10976,,93656
te.wiktionary.org,2016-05,105224,15365,,120589
te.wiktionary.org,2016-06,70730,6174,,76904
te.wiktionary.org,2016-07,22259,10614,,32873
te.wiktionary.org,2016-08,52575,10724,,63299
te.wiktionary.org,2016-09,33921,8577,,42498
te.wiktionary.org,2016-10,75522,9874,,85396
te.wiktionary.org,2016-11,30874,9584,,40458
te.wiktionary.org,2016-12,47671,10601,,58272
te.wiktionary.org,2017-01,32937,8981,,41918
te.wiktionary.org,2017-02,21687,8456,,30143
te.wiktionary.org,2017-03,58826,11476,,70302
te.wiktionary.org,2017-04,21919,10340,,32259
te.wiktionary.org,2017-05,31399,9276,,40675
te.wiktionary.org,2017-06,20338,11016,,31354
te.wiktionary.org,2017-07,26637,13081,,39718
te.wiktionary.org,2017-08,27076,14548,,41624
te.wiktionary.org,2017-09,29449,14269,,43718
te.wiktionary.org,2017-10,28202,16821,,45023
te.wiktionary.org,2017-11,28423,16417,,44840
te.wiktionary.org,2017-12,29516,16170,,45686
te.wiktionary.org,2018-01,32882,16639,,49521
te.wiktionary.org,2018-02,880050,117103,,997153
te.wiktionary.org,2018-03,17886,16538,,34424
te.wiktionary.org,2018-04,47895,13672,,61567
te.wiktionary.org,2018-05,175453,16159,,191612
te.wiktionary.org,2018-06,200862,19325,,220187
te.wiktionary.org,2018-07,43860,24829,,68689
te.wiktionary.org,2018-08,42422,36586,,79008
te.wiktionary.org,2018-09,37712,34612,,72324
te.wiktionary.org,2018-10,32748,37374,,70122
te.wiktionary.org,2018-11,28332,39313,,67645
te.wiktionary.org,2018-12,17754,63253,,81007
te.wiktionary.org,2019-01,38207,50547,,88754
te.wiktionary.org,2019-02,33345,42629,,75974
te.wiktionary.org,2019-03,32037,51283,,83320
te.wiktionary.org,2019-04,38582,39129,,77711
te.wiktionary.org,2019-05,29102,30446,,59548
te.wiktionary.org,2019-06,25629,30157,5,55791
te.wiktionary.org,2019-07,71581,42859,,114440
te.wiktionary.org,2019-08,117032,52006,,169038
te.wiktionary.org,2019-09,60083,63501,,123584
te.wiktionary.org,2019-10,27639,82613,,110252
te.wiktionary.org,2019-11,54262,88202,4,142468
te.wiktionary.org,2019-12,19658,80171,6,99835
te.wiktionary.org,2020-01,16453,81046,,97499
te.wiktionary.org,2020-02,28155,73849,,102004
te.wiktionary.org,2020-03,20223,85381,,105604
te.wiktionary.org,2020-04,26306,108221,7,134534
te.wiktionary.org,2020-05,43536,75866,1,119403
te.wiktionary.org,2020-06,21370,55784,5,77159
te.wiktionary.org,2020-07,30109,45853,1,75963
te.wiktionary.org,2020-08,28695,47549,,76244
te.wiktionary.org,2020-09,33108,54520,,87628
te.wiktionary.org,2020-10,38257,50383,,88640
te.wiktionary.org,2020-11,19318,45184,,64502
te.wiktionary.org,2020-12,19665,65430,,85095
te.wiktionary.org,2021-01,22656,88389,,111045
te.wiktionary.org,2021-02,27442,82488,,109930
te.wiktionary.org,2021-03,25105,98946,,124051
te.wiktionary.org,2021-04,47293,96561,,143854
te.wiktionary.org,2021-05,19393,129834,,149227
te.wiktionary.org,2021-06,19193,119462,,138655
te.wiktionary.org,2021-07,28636,159307,,187943
te.wiktionary.org,2021-08,54911,166731,,221642
te.wiktionary.org,2021-09,23783,125724,,149507
te.wiktionary.org,2021-10,23360,144083,,167443
te.wiktionary.org,2021-11,27135,135413,,162548
te.wiktionary.org,2021-12,21177,133219,,154396
te.wiktionary.org,2022-01,31116,139235,,170351
te.wiktionary.org,2022-02,68478,111651,,180129
te.wiktionary.org,2022-03,84732,139316,,224048
te.wiktionary.org,2022-04,48183,143175,,191358
te.wiktionary.org,2022-05,48745,142810,,191555
te.wiktionary.org,2022-06,46890,149670,,196560
te.wiktionary.org,2022-07,41790,202574,,244364
te.wiktionary.org,2022-08,56242,225388,,281630
te.wiktionary.org,2022-09,39240,256088,,295328
te.wiktionary.org,2022-10,51021,271536,,322557
te.wiktionary.org,2022-11,48491,298771,,347262
te.wiktionary.org,2022-12,51692,209713,,261405
te.wiktionary.org,2023-01,31120,237648,,268768
te.wiktionary.org,2023-02,47487,280634,,328121
te.wiktionary.org,2023-03,56963,321098,,378061
te.wiktionary.org,2023-04,30381,217784,,248165
te.wiktionary.org,2023-05,26695,228536,,255231
te.wiktionary.org,2023-06,52108,253179,,305287
te.wiktionary.org,2023-07,47681,315716,,363397
te.wiktionary.org,2023-08,58453,290013,,348466
te.wiktionary.org,2023-09,46231,259522,,305753
te.wiktionary.org,2023-10,55013,343523,,398536
te.wiktionary.org,2023-11,36663,290777,,327440
te.wiktionary.org,2023-12,51157,327259,,378416
te.wiktionary.org,2024-01,139238,349589,,488827
te.wiktionary.org,2024-02,24960,380205,,405165
te.wiktionary.org,2024-03,27352,417836,,445188
te.wiktionary.org,2024-04,85067,409331,,494398
te.wiktionary.org,2024-05,51686,291718,,343404
te.wiktionary.org,2024-06,65180,329298,,394478
te.wiktionary.org,2024-07,36028,388887,,424915
te.wiktionary.org,2024-08,134843,374569,,509412
te.wiktionary.org,2024-09,68049,357000,,425049
te.wiktionary.org,2024-10,67449,427332,,494781
te.wiktionary.org,2024-11,140666,347643,,488309
te.wiktionary.org,2024-12,272544,501127,,773671
te.wiktionary.org,2025-01,174392,402815,,577207
te.wiktionary.org,2025-02,166432,307431,,473863
te.wiktionary.org,2025-03,277884,322554,,600438
te.wiktionary.org,2025-04,29437,243381,,272818
te.wiktionary.org,2025-05,119038,298346,,417384
te.wiktionary.org,2025-06,95713,328542,,424255
te.wiktionary.org,2025-07,156097,370824,,526921
te.wiktionary.org,2025-08,226134,259964,,486098
te.wiktionary.org,2025-09,167890,498249,,666139
te.wiktionary.org,2025-10,335350,194919,,530269
te.wiktionary.org,2025-11,237403,157477,,394880
te.wiktionary.org,2025-12,149678,105549,,255227
te.wiktionary.org,2026-01,154016,140363,,294379
te.wiktionary.org,2026-02,78866,110515,,189381
te.wiktionary.org,2026-03,78277,107961,,186238
te.wiktionary.org,2026-04,109589,87859,,197448
te.wiktionary.org,2026-05,101286,100575,,201861
te.wiktionary.org,2026-06,207083,125149,,332232
te.wiktionary.org,2026-07,123360,110829,,234189
te.wikisource.org,2015-07,27110,5765,,32875
te.wikisource.org,2015-08,23917,6908,,30825
te.wikisource.org,2015-09,26333,7465,,33798
te.wikisource.org,2015-10,35739,7810,,43549
te.wikisource.org,2015-11,30705,7014,,37719
te.wikisource.org,2015-12,49565,8726,,58291
te.wikisource.org,2016-01,40609,7843,,48452
te.wikisource.org,2016-02,48074,11214,,59288
te.wikisource.org,2016-03,44292,7590,8,51890
te.wikisource.org,2016-04,51959,9873,31,61863
te.wikisource.org,2016-05,54378,7277,,61655
te.wikisource.org,2016-06,73350,8492,,81842
te.wikisource.org,2016-07,29119,10387,167,39673
te.wikisource.org,2016-08,27901,11584,47,39532
te.wikisource.org,2016-09,23361,11628,18,35007
te.wikisource.org,2016-10,22175,11209,8,33392
te.wikisource.org,2016-11,110165,11092,1,121258
te.wikisource.org,2016-12,32620,13374,30,46024
te.wikisource.org,2017-01,23453,13045,,36498
te.wikisource.org,2017-02,22682,16317,18,39017
te.wikisource.org,2017-03,26061,18275,7,44343
te.wikisource.org,2017-04,20708,19824,4,40536
te.wikisource.org,2017-05,22602,18763,8,41373
te.wikisource.org,2017-06,28964,20328,23,49315
te.wikisource.org,2017-07,28630,28876,3,57509
te.wikisource.org,2017-08,35203,30941,51,66195
te.wikisource.org,2017-09,45085,32318,19,77422
te.wikisource.org,2017-10,34917,30959,4,65880
te.wikisource.org,2017-11,24408,31463,10,55881
te.wikisource.org,2017-12,28844,32948,,61792
te.wikisource.org,2018-01,25576,36386,,61962
te.wikisource.org,2018-02,27424,34599,,62023
te.wikisource.org,2018-03,41729,37857,,79586
te.wikisource.org,2018-04,38458,34267,,72725
te.wikisource.org,2018-05,32964,31976,,64940
te.wikisource.org,2018-06,34083,38911,,72994
te.wikisource.org,2018-07,44364,48230,,92594
te.wikisource.org,2018-08,37295,52148,1,89444
te.wikisource.org,2018-09,47015,53287,,100302
te.wikisource.org,2018-10,35021,55094,,90115
te.wikisource.org,2018-11,34562,52096,,86658
te.wikisource.org,2018-12,30017,56407,,86424
te.wikisource.org,2019-01,33899,59573,,93472
te.wikisource.org,2019-02,32617,58061,,90678
te.wikisource.org,2019-03,41165,61046,,102211
te.wikisource.org,2019-04,42110,51659,,93769
te.wikisource.org,2019-05,45619,54463,,100082
te.wikisource.org,2019-06,30195,56461,,86656
te.wikisource.org,2019-07,52535,81180,,133715
te.wikisource.org,2019-08,131625,109194,,240819
te.wikisource.org,2019-09,57239,144189,1,201429
te.wikisource.org,2019-10,49195,223931,7,273133
te.wikisource.org,2019-11,36205,241722,11,277938
te.wikisource.org,2019-12,36859,205992,88,242939
te.wikisource.org,2020-01,41343,207829,11,249183
te.wikisource.org,2020-02,33628,180349,,213977
te.wikisource.org,2020-03,36699,194060,3,230762
te.wikisource.org,2020-04,49187,246137,,295324
te.wikisource.org,2020-05,74546,120170,56,194772
te.wikisource.org,2020-06,42275,91434,19,133728
te.wikisource.org,2020-07,52972,101576,1,154549
te.wikisource.org,2020-08,45721,104601,,150322
te.wikisource.org,2020-09,58899,106313,,165212
te.wikisource.org,2020-10,59458,119681,,179139
te.wikisource.org,2020-11,60401,112517,,172918
te.wikisource.org,2020-12,76951,149369,,226320
te.wikisource.org,2021-01,71863,150164,,222027
te.wikisource.org,2021-02,69324,142298,,211622
te.wikisource.org,2021-03,56435,163470,,219905
te.wikisource.org,2021-04,62997,173667,,236664
te.wikisource.org,2021-05,57834,199304,,257138
te.wikisource.org,2021-06,51428,188833,,240261
te.wikisource.org,2021-07,61850,166671,,228521
te.wikisource.org,2021-08,108967,147316,,256283
te.wikisource.org,2021-09,55105,141241,,196346
te.wikisource.org,2021-10,48302,148870,,197172
te.wikisource.org,2021-11,53627,148386,,202013
te.wikisource.org,2021-12,49818,134568,,184386
te.wikisource.org,2022-01,41818,122411,,164229
te.wikisource.org,2022-02,35623,113350,,148973
te.wikisource.org,2022-03,61429,133312,,194741
te.wikisource.org,2022-04,44265,130119,,174384
te.wikisource.org,2022-05,53819,131033,,184852
te.wikisource.org,2022-06,44860,130982,,175842
te.wikisource.org,2022-07,52821,175861,,228682
te.wikisource.org,2022-08,61565,211226,,272791
te.wikisource.org,2022-09,39342,200584,,239926
te.wikisource.org,2022-10,48154,202713,,250867
te.wikisource.org,2022-11,69643,233739,,303382
te.wikisource.org,2022-12,74029,185697,,259726
te.wikisource.org,2023-01,33475,185916,,219391
te.wikisource.org,2023-02,57863,210278,,268141
te.wikisource.org,2023-03,83580,244559,,328139
te.wikisource.org,2023-04,42251,178279,,220530
te.wikisource.org,2023-05,39978,227962,,267940
te.wikisource.org,2023-06,52779,245774,,298553
te.wikisource.org,2023-07,71826,258674,,330500
te.wikisource.org,2023-08,50760,235233,,285993
te.wikisource.org,2023-09,38587,234647,,273234
te.wikisource.org,2023-10,74262,293534,,367796
te.wikisource.org,2023-11,34575,275377,,309952
te.wikisource.org,2023-12,42723,313288,,356011
te.wikisource.org,2024-01,68654,301055,,369709
te.wikisource.org,2024-02,37244,292261,,329505
te.wikisource.org,2024-03,49482,304889,,354371
te.wikisource.org,2024-04,65349,363857,,429206
te.wikisource.org,2024-05,44821,265374,,310195
te.wikisource.org,2024-06,158428,377571,,535999
te.wikisource.org,2024-07,93432,325560,,418992
te.wikisource.org,2024-08,131844,384674,,516518
te.wikisource.org,2024-09,123422,340629,,464051
te.wikisource.org,2024-10,137972,368103,,506075
te.wikisource.org,2024-11,106987,282787,,389774
te.wikisource.org,2024-12,97341,265464,,362805
te.wikisource.org,2025-01,91927,297586,,389513
te.wikisource.org,2025-02,118529,306796,,425325
te.wikisource.org,2025-03,136113,355890,,492003
te.wikisource.org,2025-04,154619,333394,,488013
te.wikisource.org,2025-05,204410,468454,,672864
te.wikisource.org,2025-06,111400,259800,,371200
te.wikisource.org,2025-07,166540,390686,,557226
te.wikisource.org,2025-08,120561,363239,,483800
te.wikisource.org,2025-09,140425,316330,,456755
te.wikisource.org,2025-10,190624,243230,,433854
te.wikisource.org,2025-11,325798,230768,,556566
te.wikisource.org,2025-12,108452,225753,,334205
te.wikisource.org,2026-01,120283,212398,,332681
te.wikisource.org,2026-02,204283,174230,,378513
te.wikisource.org,2026-03,89663,258171,,347834
te.wikisource.org,2026-04,158340,270626,,428966
te.wikisource.org,2026-05,174924,280414,,455338
te.wikisource.org,2026-06,570829,264634,,835463
te.wikisource.org,2026-07,243135,345810,,588945
te.wikiquote.org,2015-07,9334,2721,,12055
te.wikiquote.org,2015-08,11468,1715,,13183
te.wikiquote.org,2015-09,11059,1476,,12535
te.wikiquote.org,2015-10,6528,1490,,8018
te.wikiquote.org,2015-11,4983,1396,,6379
te.wikiquote.org,2015-12,4721,2071,,6792
te.wikiquote.org,2016-01,7634,2801,,10435
te.wikiquote.org,2016-02,6561,2705,,9266
te.wikiquote.org,2016-03,4936,1611,,6547
te.wikiquote.org,2016-04,4875,16467,,21342
te.wikiquote.org,2016-05,5977,4790,,10767
te.wikiquote.org,2016-06,52335,1397,,53732
te.wikiquote.org,2016-07,8507,1747,,10254
te.wikiquote.org,2016-08,6233,3002,,9235
te.wikiquote.org,2016-09,4477,1667,,6144
te.wikiquote.org,2016-10,5120,2082,,7202
te.wikiquote.org,2016-11,3552,1944,1,5497
te.wikiquote.org,2016-12,12546,3623,,16169
te.wikiquote.org,2017-01,4326,1842,,6168
te.wikiquote.org,2017-02,7823,1828,,9651
te.wikiquote.org,2017-03,7645,2331,,9976
te.wikiquote.org,2017-04,4192,1570,,5762
te.wikiquote.org,2017-05,4001,1768,,5769
te.wikiquote.org,2017-06,3685,1749,,5434
te.wikiquote.org,2017-07,4616,3175,,7791
te.wikiquote.org,2017-08,7980,3195,,11175
te.wikiquote.org,2017-09,6653,3288,,9941
te.wikiquote.org,2017-10,4423,3331,,7754
te.wikiquote.org,2017-11,4586,2975,,7561
te.wikiquote.org,2017-12,5210,2467,,7677
te.wikiquote.org,2018-01,4931,4252,,9183
te.wikiquote.org,2018-02,6160,2480,,8640
te.wikiquote.org,2018-03,7246,2418,,9664
te.wikiquote.org,2018-04,4930,1906,,6836
te.wikiquote.org,2018-05,4822,2400,,7222
te.wikiquote.org,2018-06,5153,2568,,7721
te.wikiquote.org,2018-07,5818,4748,,10566
te.wikiquote.org,2018-08,7798,6721,,14519
te.wikiquote.org,2018-09,6356,7949,,14305
te.wikiquote.org,2018-10,6201,8926,,15127
te.wikiquote.org,2018-11,8159,7035,,15194
te.wikiquote.org,2018-12,6901,7390,,14291
te.wikiquote.org,2019-01,13022,11791,,24813
te.wikiquote.org,2019-02,11240,13850,,25090
te.wikiquote.org,2019-03,12018,10688,,22706
te.wikiquote.org,2019-04,17838,11145,,28983
te.wikiquote.org,2019-05,18055,7943,,25998
te.wikiquote.org,2019-06,13510,9922,,23432
te.wikiquote.org,2019-07,26807,23455,,50262
te.wikiquote.org,2019-08,39838,24259,,64097
te.wikiquote.org,2019-09,18817,29732,,48549
te.wikiquote.org,2019-10,17756,24970,,42726
te.wikiquote.org,2019-11,10214,29700,,39914
te.wikiquote.org,2019-12,8920,25454,,34374
te.wikiquote.org,2020-01,7429,25027,,32456
te.wikiquote.org,2020-02,8015,21234,,29249
te.wikiquote.org,2020-03,8623,19187,,27810
te.wikiquote.org,2020-04,10720,21171,,31891
te.wikiquote.org,2020-05,10143,12367,,22510
te.wikiquote.org,2020-06,6921,10457,,17378
te.wikiquote.org,2020-07,12851,11126,,23977
te.wikiquote.org,2020-08,17065,13383,,30448
te.wikiquote.org,2020-09,16053,13651,,29704
te.wikiquote.org,2020-10,22614,12802,,35416
te.wikiquote.org,2020-11,7756,12112,,19868
te.wikiquote.org,2020-12,6964,13788,,20752
te.wikiquote.org,2021-01,12940,18059,,30999
te.wikiquote.org,2021-02,11550,15162,,26712
te.wikiquote.org,2021-03,12475,17369,,29844
te.wikiquote.org,2021-04,10144,14599,,24743
te.wikiquote.org,2021-05,10086,13246,,23332
te.wikiquote.org,2021-06,11669,11116,,22785
te.wikiquote.org,2021-07,10537,11824,,22361
te.wikiquote.org,2021-08,19524,12096,,31620
te.wikiquote.org,2021-09,7785,15044,,22829
te.wikiquote.org,2021-10,9692,14012,,23704
te.wikiquote.org,2021-11,6194,13643,,19837
te.wikiquote.org,2021-12,5126,13494,,18620
te.wikiquote.org,2022-01,5515,11607,,17122
te.wikiquote.org,2022-02,5411,11670,,17081
te.wikiquote.org,2022-03,9560,13849,,23409
te.wikiquote.org,2022-04,9475,11262,,20737
te.wikiquote.org,2022-05,16060,12780,,28840
te.wikiquote.org,2022-06,12688,12700,,25388
te.wikiquote.org,2022-07,13289,16249,,29538
te.wikiquote.org,2022-08,13760,21863,,35623
te.wikiquote.org,2022-09,7937,15860,,23797
te.wikiquote.org,2022-10,13280,18882,,32162
te.wikiquote.org,2022-11,8697,10602,,19299
te.wikiquote.org,2022-12,16022,10886,,26908
te.wikiquote.org,2023-01,5336,6519,,11855
te.wikiquote.org,2023-02,9804,8001,,17805
te.wikiquote.org,2023-03,11930,10551,,22481
te.wikiquote.org,2023-04,6951,6786,,13737
te.wikiquote.org,2023-05,8684,9783,,18467
te.wikiquote.org,2023-06,5924,8188,,14112
te.wikiquote.org,2023-07,8562,14037,,22599
te.wikiquote.org,2023-08,9112,8479,,17591
te.wikiquote.org,2023-09,7071,6410,,13481
te.wikiquote.org,2023-10,7338,8487,,15825
te.wikiquote.org,2023-11,9374,7521,,16895
te.wikiquote.org,2023-12,12804,8021,,20825
te.wikiquote.org,2024-01,7920,6753,,14673
te.wikiquote.org,2024-02,4966,6825,,11791
te.wikiquote.org,2024-03,7235,6862,,14097
te.wikiquote.org,2024-04,10480,7033,,17513
te.wikiquote.org,2024-05,8590,6621,,15211
te.wikiquote.org,2024-06,20636,16820,,37456
te.wikiquote.org,2024-07,8330,12688,,21018
te.wikiquote.org,2024-08,10252,8988,,19240
te.wikiquote.org,2024-09,22962,22534,,45496
te.wikiquote.org,2024-10,16532,43416,,59948
te.wikiquote.org,2024-11,10911,9450,,20361
te.wikiquote.org,2024-12,36903,10974,,47877
te.wikiquote.org,2025-01,19648,21940,,41588
te.wikiquote.org,2025-02,37057,23320,,60377
te.wikiquote.org,2025-03,14328,10013,,24341
te.wikiquote.org,2025-04,7808,3733,,11541
te.wikiquote.org,2025-05,31612,21667,,53279
te.wikiquote.org,2025-06,85717,60246,,145963
te.wikiquote.org,2025-07,12307,319748,,332055
te.wikiquote.org,2025-08,18106,10990,,29096
te.wikiquote.org,2025-09,31102,37167,,68269
te.wikiquote.org,2025-10,23331,44606,,67937
te.wikiquote.org,2025-11,11686,7058,,18744
te.wikiquote.org,2025-12,22719,3231,,25950
te.wikiquote.org,2026-01,14292,4101,,18393
te.wikiquote.org,2026-02,11244,5026,,16270
te.wikiquote.org,2026-03,26894,5381,,32275
te.wikiquote.org,2026-04,28938,2789,,31727
te.wikiquote.org,2026-05,39631,3029,,42660
te.wikiquote.org,2026-06,31218,7798,,39016
te.wikiquote.org,2026-07,56556,18820,,75376
te.wikibooks.org,2015-07,3925,579,,4504
te.wikibooks.org,2015-08,4177,794,,4971
te.wikibooks.org,2015-09,4409,667,,5076
te.wikibooks.org,2015-10,3366,858,,4224
te.wikibooks.org,2015-11,2322,1007,,3329
te.wikibooks.org,2015-12,2501,894,,3395
te.wikibooks.org,2016-01,3544,1017,,4561
te.wikibooks.org,2016-02,2450,1025,,3475
te.wikibooks.org,2016-03,2478,987,,3465
te.wikibooks.org,2016-04,4043,1008,,5051
te.wikibooks.org,2016-05,3542,995,,4537
te.wikibooks.org,2016-06,55823,1050,,56873
te.wikibooks.org,2016-07,2252,998,,3250
te.wikibooks.org,2016-08,2961,1214,,4175
te.wikibooks.org,2016-09,2565,1141,,3706
te.wikibooks.org,2016-10,3216,1275,,4491
te.wikibooks.org,2016-11,1644,1470,,3114
te.wikibooks.org,2016-12,2333,1715,,4048
te.wikibooks.org,2017-01,2119,1701,,3820
te.wikibooks.org,2017-02,2110,1994,,4104
te.wikibooks.org,2017-03,2182,2689,,4871
te.wikibooks.org,2017-04,2224,3067,,5291
te.wikibooks.org,2017-05,1922,3203,,5125
te.wikibooks.org,2017-06,2090,3594,3,5687
te.wikibooks.org,2017-07,2663,4390,2,7055
te.wikibooks.org,2017-08,4976,4479,6,9461
te.wikibooks.org,2017-09,4946,4614,,9560
te.wikibooks.org,2017-10,2036,4377,,6413
te.wikibooks.org,2017-11,3303,4229,,7532
te.wikibooks.org,2017-12,2116,4086,,6202
te.wikibooks.org,2018-01,2525,3919,,6444
te.wikibooks.org,2018-02,2751,3450,,6201
te.wikibooks.org,2018-03,3431,3947,,7378
te.wikibooks.org,2018-04,3406,3747,,7153
te.wikibooks.org,2018-05,3489,3884,,7373
te.wikibooks.org,2018-06,3462,5886,,9348
te.wikibooks.org,2018-07,4087,4933,,9020
te.wikibooks.org,2018-08,4871,5151,,10022
te.wikibooks.org,2018-09,3943,4821,,8764
te.wikibooks.org,2018-10,3744,5382,,9126
te.wikibooks.org,2018-11,4886,4777,,9663
te.wikibooks.org,2018-12,4417,4829,,9246
te.wikibooks.org,2019-01,8144,4048,,12192
te.wikibooks.org,2019-02,6495,4581,,11076
te.wikibooks.org,2019-03,7760,4260,,12020
te.wikibooks.org,2019-04,11640,4037,,15677
te.wikibooks.org,2019-05,9889,3811,,13700
te.wikibooks.org,2019-06,5882,3698,,9580
te.wikibooks.org,2019-07,13141,4011,,17152
te.wikibooks.org,2019-08,17293,4561,,21854
te.wikibooks.org,2019-09,10972,5094,,16066
te.wikibooks.org,2019-10,10328,7008,,17336
te.wikibooks.org,2019-11,4108,7907,,12015
te.wikibooks.org,2019-12,3523,7918,,11441
te.wikibooks.org,2020-01,2913,7627,,10540
te.wikibooks.org,2020-02,3236,8013,,11249
te.wikibooks.org,2020-03,4956,7409,,12365
te.wikibooks.org,2020-04,4643,9003,,13646
te.wikibooks.org,2020-05,4399,9417,,13816
te.wikibooks.org,2020-06,3562,8574,14,12150
te.wikibooks.org,2020-07,12690,9590,,22280
te.wikibooks.org,2020-08,22407,11856,,34263
te.wikibooks.org,2020-09,27549,13659,,41208
te.wikibooks.org,2020-10,10768,11974,,22742
te.wikibooks.org,2020-11,8435,12434,,20869
te.wikibooks.org,2020-12,5726,12606,,18332
te.wikibooks.org,2021-01,6316,10863,,17179
te.wikibooks.org,2021-02,10721,10020,,20741
te.wikibooks.org,2021-03,8040,11119,,19159
te.wikibooks.org,2021-04,7078,11150,,18228
te.wikibooks.org,2021-05,5685,12715,,18400
te.wikibooks.org,2021-06,6642,14225,,20867
te.wikibooks.org,2021-07,12261,11127,,23388
te.wikibooks.org,2021-08,11097,10330,,21427
te.wikibooks.org,2021-09,4043,11813,,15856
te.wikibooks.org,2021-10,6998,12630,,19628
te.wikibooks.org,2021-11,4792,15005,,19797
te.wikibooks.org,2021-12,4629,12900,,17529
te.wikibooks.org,2022-01,4650,11150,,15800
te.wikibooks.org,2022-02,11798,10738,,22536
te.wikibooks.org,2022-03,30061,11450,,41511
te.wikibooks.org,2022-04,8953,11367,,20320
te.wikibooks.org,2022-05,7037,10456,,17493
te.wikibooks.org,2022-06,6797,11699,,18496
te.wikibooks.org,2022-07,6706,16080,,22786
te.wikibooks.org,2022-08,6020,14787,,20807
te.wikibooks.org,2022-09,5204,19660,,24864
te.wikibooks.org,2022-10,8061,20864,,28925
te.wikibooks.org,2022-11,5915,23943,,29858
te.wikibooks.org,2022-12,8176,16414,,24590
te.wikibooks.org,2023-01,4595,18767,,23362
te.wikibooks.org,2023-02,5689,22707,,28396
te.wikibooks.org,2023-03,8070,23322,,31392
te.wikibooks.org,2023-04,6058,14387,,20445
te.wikibooks.org,2023-05,6259,17538,,23797
te.wikibooks.org,2023-06,8944,20145,,29089
te.wikibooks.org,2023-07,5656,16969,,22625
te.wikibooks.org,2023-08,6696,15820,,22516
te.wikibooks.org,2023-09,5894,14540,,20434
te.wikibooks.org,2023-10,4864,18399,,23263
te.wikibooks.org,2023-11,5478,19609,,25087
te.wikibooks.org,2023-12,11527,23587,,35114
te.wikibooks.org,2024-01,10267,19748,,30015
te.wikibooks.org,2024-02,5967,20399,,26366
te.wikibooks.org,2024-03,13901,30067,,43968
te.wikibooks.org,2024-04,11358,20391,,31749
te.wikibooks.org,2024-05,9115,12033,,21148
te.wikibooks.org,2024-06,17816,34970,,52786
te.wikibooks.org,2024-07,4125,15434,,19559
te.wikibooks.org,2024-08,10043,13400,,23443
te.wikibooks.org,2024-09,12843,25742,,38585
te.wikibooks.org,2024-10,8549,30976,,39525
te.wikibooks.org,2024-11,21063,18791,,39854
te.wikibooks.org,2024-12,50442,35180,,85622
te.wikibooks.org,2025-01,29099,26485,,55584
te.wikibooks.org,2025-02,26920,31847,,58767
te.wikibooks.org,2025-03,19048,19383,,38431
te.wikibooks.org,2025-04,10991,17392,,28383
te.wikibooks.org,2025-05,44602,26725,,71327
te.wikibooks.org,2025-06,105418,98403,,203821
te.wikibooks.org,2025-07,23405,144453,,167858
te.wikibooks.org,2025-08,88448,32541,,120989
te.wikibooks.org,2025-09,74067,302478,,376545
te.wikibooks.org,2025-10,88065,74680,,162745
te.wikibooks.org,2025-11,40058,9956,,50014
te.wikibooks.org,2025-12,31933,6058,,37991
te.wikibooks.org,2026-01,20858,7062,,27920
te.wikibooks.org,2026-02,18449,6937,,25386
te.wikibooks.org,2026-03,34126,10899,,45025
te.wikibooks.org,2026-04,59152,6124,,65276
te.wikibooks.org,2026-05,196303,5246,,201549
te.wikibooks.org,2026-06,36409,22325,,58734
te.wikibooks.org,2026-07,93455,29063,,122518
ur.wikipedia.org,2015-07,1002755,965016,26132,1993903
ur.wikipedia.org,2015-08,1107699,921724,29170,2058593
ur.wikipedia.org,2015-09,1208642,1322866,30921,2562429
ur.wikipedia.org,2015-10,1156649,1231994,34148,2422791
ur.wikipedia.org,2015-11,1095325,1127951,35776,2259052
ur.wikipedia.org,2015-12,944689,1114351,38370,2097410
ur.wikipedia.org,2016-01,1377022,1073361,36296,2486679
ur.wikipedia.org,2016-02,1313139,953142,29838,2296119
ur.wikipedia.org,2016-03,1204641,1132219,31727,2368587
ur.wikipedia.org,2016-04,1158849,1232587,19816,2411252
ur.wikipedia.org,2016-05,1987836,1290223,33272,3311331
ur.wikipedia.org,2016-06,1219332,1289434,33996,2542762
ur.wikipedia.org,2016-07,1026135,1067310,32485,2125930
ur.wikipedia.org,2016-08,1118758,1242809,37725,2399292
ur.wikipedia.org,2016-09,1057485,1157979,34179,2249643
ur.wikipedia.org,2016-10,1391660,1346213,36745,2774618
ur.wikipedia.org,2016-11,1505829,1185548,39357,2730734
ur.wikipedia.org,2016-12,1392422,1198542,40292,2631256
ur.wikipedia.org,2017-01,1255116,1332806,40648,2628570
ur.wikipedia.org,2017-02,1271000,1267944,34906,2573850
ur.wikipedia.org,2017-03,1196814,1345245,48488,2590547
ur.wikipedia.org,2017-04,1078086,1299210,36531,2413827
ur.wikipedia.org,2017-05,1043872,1377873,41146,2462891
ur.wikipedia.org,2017-06,960715,1392490,44462,2397667
ur.wikipedia.org,2017-07,1117670,1416828,37834,2572332
ur.wikipedia.org,2017-08,1085079,1483915,44537,2613531
ur.wikipedia.org,2017-09,1221266,1471958,51434,2744658
ur.wikipedia.org,2017-10,1092305,1626627,55307,2774239
ur.wikipedia.org,2017-11,1130965,1453247,54777,2638989
ur.wikipedia.org,2017-12,1051888,1503360,54641,2609889
ur.wikipedia.org,2018-01,1039417,1491314,47479,2578210
ur.wikipedia.org,2018-02,1022869,1427088,44230,2494187
ur.wikipedia.org,2018-03,1068562,1644715,45673,2758950
ur.wikipedia.org,2018-04,846991,1514183,36334,2397508
ur.wikipedia.org,2018-05,867159,1532999,40527,2440685
ur.wikipedia.org,2018-06,909286,1380512,38876,2328674
ur.wikipedia.org,2018-07,1182992,1528798,43219,2755009
ur.wikipedia.org,2018-08,765019,1850182,49205,2664406
ur.wikipedia.org,2018-09,959060,2042155,64650,3065865
ur.wikipedia.org,2018-10,820017,2009624,60926,2890567
ur.wikipedia.org,2018-11,1143890,1690970,56490,2891350
ur.wikipedia.org,2018-12,802096,1717664,56475,2576235
ur.wikipedia.org,2019-01,1777914,1905057,54749,3737720
ur.wikipedia.org,2019-02,1038584,1642449,45902,2726935
ur.wikipedia.org,2019-03,965090,1893961,57089,2916140
ur.wikipedia.org,2019-04,864956,1764746,51360,2681062
ur.wikipedia.org,2019-05,741800,1835717,47722,2625239
ur.wikipedia.org,2019-06,698073,1599862,42983,2340918
ur.wikipedia.org,2019-07,848819,1875383,44254,2768456
ur.wikipedia.org,2019-08,968026,1923614,52475,2944115
ur.wikipedia.org,2019-09,892113,2394672,66169,3352954
ur.wikipedia.org,2019-10,1189236,2401817,61209,3652262
ur.wikipedia.org,2019-11,973163,2493624,62046,3528833
ur.wikipedia.org,2019-12,858022,2428817,84459,3371298
ur.wikipedia.org,2020-01,927146,2490999,84471,3502616
ur.wikipedia.org,2020-02,1580441,2374490,66939,4021870
ur.wikipedia.org,2020-03,1351926,2510266,70307,3932499
ur.wikipedia.org,2020-04,951251,3197288,96322,4244861
ur.wikipedia.org,2020-05,710927,2926285,75258,3712470
ur.wikipedia.org,2020-06,696267,2469410,21726,3187403
ur.wikipedia.org,2020-07,740257,2810996,66124,3617377
ur.wikipedia.org,2020-08,645297,3511904,61545,4218746
ur.wikipedia.org,2020-09,1239632,2945877,59812,4245321
ur.wikipedia.org,2020-10,937155,2984757,65025,3986937
ur.wikipedia.org,2020-11,555004,2587412,65635,3208051
ur.wikipedia.org,2020-12,542608,2471577,72106,3086291
ur.wikipedia.org,2021-01,506642,2721198,66377,3294217
ur.wikipedia.org,2021-02,906294,2326620,64532,3297446
ur.wikipedia.org,2021-03,539309,2553831,66725,3159865
ur.wikipedia.org,2021-04,521917,2260622,63927,2846466
ur.wikipedia.org,2021-05,513251,2599566,70584,3183401
ur.wikipedia.org,2021-06,573745,2613934,59229,3246908
ur.wikipedia.org,2021-07,541013,2336848,59113,2936974
ur.wikipedia.org,2021-08,744897,3084748,72807,3902452
ur.wikipedia.org,2021-09,618612,2451870,56865,3127347
ur.wikipedia.org,2021-10,832860,2510897,52042,3395799
ur.wikipedia.org,2021-11,1038243,2401915,53451,3493609
ur.wikipedia.org,2021-12,529816,2646271,64866,3240953
ur.wikipedia.org,2022-01,674818,2844965,67178,3586961
ur.wikipedia.org,2022-02,799646,2487825,60949,3348420
ur.wikipedia.org,2022-03,828724,2497142,59044,3384910
ur.wikipedia.org,2022-04,661360,2258370,59020,2978750
ur.wikipedia.org,2022-05,680192,2462069,61439,3203700
ur.wikipedia.org,2022-06,760953,2892009,57537,3710499
ur.wikipedia.org,2022-07,636565,2740421,59455,3436441
ur.wikipedia.org,2022-08,668626,3147942,68175,3884743
ur.wikipedia.org,2022-09,675158,3119479,62172,3856809
ur.wikipedia.org,2022-10,694720,3236271,60578,3991569
ur.wikipedia.org,2022-11,670623,3421446,63409,4155478
ur.wikipedia.org,2022-12,661941,2997722,66288,3725951
ur.wikipedia.org,2023-01,672097,3204156,69128,3945381
ur.wikipedia.org,2023-02,615783,3044210,64921,3724914
ur.wikipedia.org,2023-03,702991,3394034,63020,4160045
ur.wikipedia.org,2023-04,584559,2838688,55353,3478600
ur.wikipedia.org,2023-05,677523,4003703,51648,4732874
ur.wikipedia.org,2023-06,1180499,4581494,50121,5812114
ur.wikipedia.org,2023-07,1015346,4833451,57267,5906064
ur.wikipedia.org,2023-08,984888,4759429,54706,5799023
ur.wikipedia.org,2023-09,777765,3882575,48311,4708651
ur.wikipedia.org,2023-10,896035,4419051,53970,5369056
ur.wikipedia.org,2023-11,760402,3995526,51038,4806966
ur.wikipedia.org,2023-12,784409,4071299,51638,4907346
ur.wikipedia.org,2024-01,1532228,4389944,51136,5973308
ur.wikipedia.org,2024-02,714969,3976496,46423,4737888
ur.wikipedia.org,2024-03,883547,4382730,56322,5322599
ur.wikipedia.org,2024-04,776989,4130943,44107,4952039
ur.wikipedia.org,2024-05,848281,3753233,46772,4648286
ur.wikipedia.org,2024-06,694963,2986602,34851,3716416
ur.wikipedia.org,2024-07,726783,3836539,49620,4612942
ur.wikipedia.org,2024-08,852781,3918041,45079,4815901
ur.wikipedia.org,2024-09,555352,2781467,40053,3376872
ur.wikipedia.org,2024-10,563858,2844155,48318,3456331
ur.wikipedia.org,2024-11,667896,2693364,37889,3399149
ur.wikipedia.org,2024-12,887602,2801548,41583,3730733
ur.wikipedia.org,2025-01,2249519,3238611,38736,5526866
ur.wikipedia.org,2025-02,2161533,3006371,34139,5202043
ur.wikipedia.org,2025-03,1279045,2877656,35347,4192048
ur.wikipedia.org,2025-04,1142201,2267822,30488,3440511
ur.wikipedia.org,2025-05,874119,2456590,30575,3361284
ur.wikipedia.org,2025-06,955350,2051291,24621,3031262
ur.wikipedia.org,2025-07,3533298,4243425,30125,7806848
ur.wikipedia.org,2025-08,2363985,2237800,34320,4636105
ur.wikipedia.org,2025-09,860550,1967614,25560,2853724
ur.wikipedia.org,2025-10,3052630,1890341,24372,4967343
ur.wikipedia.org,2025-11,3269023,2588991,20718,5878732
ur.wikipedia.org,2025-12,1557135,1594628,22487,3174250
ur.wikipedia.org,2026-01,1732151,1454679,23069,3209899
ur.wikipedia.org,2026-02,1024298,1162690,19106,2206094
ur.wikipedia.org,2026-03,919065,1147198,19361,2085624
ur.wikipedia.org,2026-04,2139504,1176039,17847,3333390
ur.wikipedia.org,2026-05,3910849,1037656,18521,4967026
ur.wikipedia.org,2026-06,2013179,1219754,19009,3251942
ur.wikipedia.org,2026-07,3133035,2139238,15745,5288018
ur.wiktionary.org,2015-07,7769,3507,,11276
ur.wiktionary.org,2015-08,7862,4382,,12244
ur.wiktionary.org,2015-09,8348,2673,,11021
ur.wiktionary.org,2015-10,5309,3006,,8315
ur.wiktionary.org,2015-11,4984,2999,,7983
ur.wiktionary.org,2015-12,5583,3748,,9331
ur.wiktionary.org,2016-01,5448,3298,,8746
ur.wiktionary.org,2016-02,5401,3247,,8648
ur.wiktionary.org,2016-03,11183,3114,,14297
ur.wiktionary.org,2016-04,10836,8697,,19533
ur.wiktionary.org,2016-05,9211,4054,,13265
ur.wiktionary.org,2016-06,5209,3102,,8311
ur.wiktionary.org,2016-07,5210,4254,,9464
ur.wiktionary.org,2016-08,5620,3283,,8903
ur.wiktionary.org,2016-09,4876,2882,,7758
ur.wiktionary.org,2016-10,7452,3630,3,11085
ur.wiktionary.org,2016-11,4535,3273,,7808
ur.wiktionary.org,2016-12,5020,3624,,8644
ur.wiktionary.org,2017-01,5217,3949,,9166
ur.wiktionary.org,2017-02,4615,4676,,9291
ur.wiktionary.org,2017-03,6902,5080,,11982
ur.wiktionary.org,2017-04,4565,4900,,9465
ur.wiktionary.org,2017-05,4898,4463,,9361
ur.wiktionary.org,2017-06,4843,4204,,9047
ur.wiktionary.org,2017-07,6558,5640,,12198
ur.wiktionary.org,2017-08,7433,5139,,12572
ur.wiktionary.org,2017-09,8020,5232,,13252
ur.wiktionary.org,2017-10,5834,5890,,11724
ur.wiktionary.org,2017-11,7665,5484,,13149
ur.wiktionary.org,2017-12,6320,5691,,12011
ur.wiktionary.org,2018-01,15755,9532,,25287
ur.wiktionary.org,2018-02,10728,6462,,17190
ur.wiktionary.org,2018-03,9231,6497,,15728
ur.wiktionary.org,2018-04,36950,6991,,43941
ur.wiktionary.org,2018-05,106186,19802,,125988
ur.wiktionary.org,2018-06,138799,6821,,145620
ur.wiktionary.org,2018-07,19708,11771,,31479
ur.wiktionary.org,2018-08,27359,13248,,40607
ur.wiktionary.org,2018-09,30729,13336,,44065
ur.wiktionary.org,2018-10,24148,13251,,37399
ur.wiktionary.org,2018-11,20764,14474,,35238
ur.wiktionary.org,2018-12,12442,21925,,34367
ur.wiktionary.org,2019-01,76931,18302,,95233
ur.wiktionary.org,2019-02,17699,12771,,30470
ur.wiktionary.org,2019-03,20133,14582,,34715
ur.wiktionary.org,2019-04,26210,13611,,39821
ur.wiktionary.org,2019-05,21193,9800,,30993
ur.wiktionary.org,2019-06,15982,9493,,25475
ur.wiktionary.org,2019-07,55346,16013,,71359
ur.wiktionary.org,2019-08,86043,18897,,104940
ur.wiktionary.org,2019-09,45728,15800,,61528
ur.wiktionary.org,2019-10,18904,15592,,34496
ur.wiktionary.org,2019-11,32564,16436,,49000
ur.wiktionary.org,2019-12,12838,16040,6,28884
ur.wiktionary.org,2020-01,10297,17598,2,27897
ur.wiktionary.org,2020-02,17083,19522,,36605
ur.wiktionary.org,2020-03,12431,22233,3,34667
ur.wiktionary.org,2020-04,13717,29798,14,43529
ur.wiktionary.org,2020-05,27687,15736,4,43427
ur.wiktionary.org,2020-06,11450,19279,3,30732
ur.wiktionary.org,2020-07,17899,22398,5,40302
ur.wiktionary.org,2020-08,19722,19904,,39626
ur.wiktionary.org,2020-09,32480,21690,,54170
ur.wiktionary.org,2020-10,36807,22207,,59014
ur.wiktionary.org,2020-11,14159,21313,,35472
ur.wiktionary.org,2020-12,13960,25108,,39068
ur.wiktionary.org,2021-01,17661,26080,,43741
ur.wiktionary.org,2021-02,19703,24436,,44139
ur.wiktionary.org,2021-03,17804,23553,,41357
ur.wiktionary.org,2021-04,25467,21931,,47398
ur.wiktionary.org,2021-05,13779,19759,,33538
ur.wiktionary.org,2021-06,13694,24151,,37845
ur.wiktionary.org,2021-07,16800,20921,,37721
ur.wiktionary.org,2021-08,48527,20633,,69160
ur.wiktionary.org,2021-09,14663,22415,,37078
ur.wiktionary.org,2021-10,18532,24079,,42611
ur.wiktionary.org,2021-11,18067,23693,,41760
ur.wiktionary.org,2021-12,14762,23180,,37942
ur.wiktionary.org,2022-01,14157,23360,,37517
ur.wiktionary.org,2022-02,35990,20229,,56219
ur.wiktionary.org,2022-03,77152,21992,,99144
ur.wiktionary.org,2022-04,31744,17737,,49481
ur.wiktionary.org,2022-05,29581,25187,,54768
ur.wiktionary.org,2022-06,31083,33801,,64884
ur.wiktionary.org,2022-07,24162,35070,,59232
ur.wiktionary.org,2022-08,40597,52983,,93580
ur.wiktionary.org,2022-09,20550,39786,,60336
ur.wiktionary.org,2022-10,35061,49588,,84649
ur.wiktionary.org,2022-11,30121,48415,,78536
ur.wiktionary.org,2022-12,41002,50064,,91066
ur.wiktionary.org,2023-01,14041,34578,,48619
ur.wiktionary.org,2023-02,42083,52493,,94576
ur.wiktionary.org,2023-03,57056,65213,,122269
ur.wiktionary.org,2023-04,18908,29971,,48879
ur.wiktionary.org,2023-05,23707,64499,,88206
ur.wiktionary.org,2023-06,38185,115675,,153860
ur.wiktionary.org,2023-07,31149,113681,,144830
ur.wiktionary.org,2023-08,39056,67755,,106811
ur.wiktionary.org,2023-09,30975,57072,,88047
ur.wiktionary.org,2023-10,32800,52809,,85609
ur.wiktionary.org,2023-11,28199,42786,,70985
ur.wiktionary.org,2023-12,32309,37395,,69704
ur.wiktionary.org,2024-01,37711,40965,,78676
ur.wiktionary.org,2024-02,10238,39478,,49716
ur.wiktionary.org,2024-03,17932,49694,,67626
ur.wiktionary.org,2024-04,35481,51465,,86946
ur.wiktionary.org,2024-05,35837,42921,,78758
ur.wiktionary.org,2024-06,65805,57667,,123472
ur.wiktionary.org,2024-07,19064,40003,,59067
ur.wiktionary.org,2024-08,23054,30856,,53910
ur.wiktionary.org,2024-09,17038,64193,,81231
ur.wiktionary.org,2024-10,29555,122360,,151915
ur.wiktionary.org,2024-11,29568,39695,,69263
ur.wiktionary.org,2024-12,81693,68256,,149949
ur.wiktionary.org,2025-01,67339,48071,,115410
ur.wiktionary.org,2025-02,95162,57120,,152282
ur.wiktionary.org,2025-03,63191,49005,,112196
ur.wiktionary.org,2025-04,17916,20743,,38659
ur.wiktionary.org,2025-05,64391,54240,,118631
ur.wiktionary.org,2025-06,90422,73784,,164206
ur.wiktionary.org,2025-07,254773,103880,,358653
ur.wiktionary.org,2025-08,140494,66811,,207305
ur.wiktionary.org,2025-09,218699,86301,,305000
ur.wiktionary.org,2025-10,214447,63650,,278097
ur.wiktionary.org,2025-11,139183,31424,,170607
ur.wiktionary.org,2025-12,74310,18202,,92512
ur.wiktionary.org,2026-01,85592,15997,,101589
ur.wiktionary.org,2026-02,42710,22324,,65034
ur.wiktionary.org,2026-03,42164,17912,,60076
ur.wiktionary.org,2026-04,45731,15168,,60899
ur.wiktionary.org,2026-05,56391,14341,,70732
ur.wiktionary.org,2026-06,179448,43550,,222998
ur.wiktionary.org,2026-07,67684,17925,,85609
ur.wikisource.org,2026-03,9061,1472,,10533
ur.wikisource.org,2026-04,11735,3080,,14815
ur.wikisource.org,2026-05,36261,3957,,40218
ur.wikisource.org,2026-06,46506,9142,,55648
ur.wikisource.org,2026-07,105204,27804,,133008
ur.wikiquote.org,2015-07,7229,1966,,9195
ur.wikiquote.org,2015-08,8938,1587,,10525
ur.wikiquote.org,2015-09,9523,1188,,10711
ur.wikiquote.org,2015-10,5275,1547,,6822
ur.wikiquote.org,2015-11,4097,1431,,5528
ur.wikiquote.org,2015-12,4119,1294,,5413
ur.wikiquote.org,2016-01,5307,1509,,6816
ur.wikiquote.org,2016-02,7303,2164,,9467
ur.wikiquote.org,2016-03,3316,1151,,4467
ur.wikiquote.org,2016-04,5802,12578,,18380
ur.wikiquote.org,2016-05,8461,1196,,9657
ur.wikiquote.org,2016-06,57234,1215,,58449
ur.wikiquote.org,2016-07,6115,1103,,7218
ur.wikiquote.org,2016-08,7645,3118,,10763
ur.wikiquote.org,2016-09,3604,1586,,5190
ur.wikiquote.org,2016-10,3960,1624,,5584
ur.wikiquote.org,2016-11,3164,1749,,4913
ur.wikiquote.org,2016-12,5210,1586,,6796
ur.wikiquote.org,2017-01,3457,1871,,5328
ur.wikiquote.org,2017-02,7069,1842,,8911
ur.wikiquote.org,2017-03,7423,2568,,9991
ur.wikiquote.org,2017-04,4660,1996,,6656
ur.wikiquote.org,2017-05,4502,1644,,6146
ur.wikiquote.org,2017-06,3985,1971,,5956
ur.wikiquote.org,2017-07,4382,2402,,6784
ur.wikiquote.org,2017-08,6921,1858,,8779
ur.wikiquote.org,2017-09,5479,1979,,7458
ur.wikiquote.org,2017-10,4863,2427,,7290
ur.wikiquote.org,2017-11,5758,3336,,9094
ur.wikiquote.org,2017-12,18227,5066,,23293
ur.wikiquote.org,2018-01,4175,2485,,6660
ur.wikiquote.org,2018-02,6186,2635,,8821
ur.wikiquote.org,2018-03,7892,2303,,10195
ur.wikiquote.org,2018-04,7397,1558,,8955
ur.wikiquote.org,2018-05,6458,1477,,7935
ur.wikiquote.org,2018-06,5742,1303,,7045
ur.wikiquote.org,2018-07,6491,1516,,8007
ur.wikiquote.org,2018-08,8038,2470,,10508
ur.wikiquote.org,2018-09,6835,3526,,10361
ur.wikiquote.org,2018-10,7202,3099,,10301
ur.wikiquote.org,2018-11,7876,3859,,11735
ur.wikiquote.org,2018-12,8074,3353,,11427
ur.wikiquote.org,2019-01,28391,8224,,36615
ur.wikiquote.org,2019-02,10550,6146,,16696
ur.wikiquote.org,2019-03,13430,8971,,22401
ur.wikiquote.org,2019-04,15193,6085,,21278
ur.wikiquote.org,2019-05,13453,1980,,15433
ur.wikiquote.org,2019-06,10143,1532,,11675
ur.wikiquote.org,2019-07,20934,2128,,23062
ur.wikiquote.org,2019-08,36987,2792,,39779
ur.wikiquote.org,2019-09,18258,3493,,21751
ur.wikiquote.org,2019-10,15754,2844,,18598
ur.wikiquote.org,2019-11,7370,2791,,10161
ur.wikiquote.org,2019-12,6848,3070,,9918
ur.wikiquote.org,2020-01,5462,2479,,7941
ur.wikiquote.org,2020-02,6439,2438,,8877
ur.wikiquote.org,2020-03,7323,2884,,10207
ur.wikiquote.org,2020-04,9301,3672,,12973
ur.wikiquote.org,2020-05,8110,2566,,10676
ur.wikiquote.org,2020-06,5404,2794,,8198
ur.wikiquote.org,2020-07,9582,2229,,11811
ur.wikiquote.org,2020-08,23307,3763,,27070
ur.wikiquote.org,2020-09,24265,3140,,27405
ur.wikiquote.org,2020-10,30931,1969,,32900
ur.wikiquote.org,2020-11,7122,2125,,9247
ur.wikiquote.org,2020-12,5711,2340,,8051
ur.wikiquote.org,2021-01,10503,2340,,12843
ur.wikiquote.org,2021-02,12215,2047,,14262
ur.wikiquote.org,2021-03,11198,1925,,13123
ur.wikiquote.org,2021-04,8491,2096,,10587
ur.wikiquote.org,2021-05,8321,1789,,10110
ur.wikiquote.org,2021-06,11556,1787,,13343
ur.wikiquote.org,2021-07,10381,1681,,12062
ur.wikiquote.org,2021-08,21674,1218,,22892
ur.wikiquote.org,2021-09,7500,3021,,10521
ur.wikiquote.org,2021-10,7806,3301,,11107
ur.wikiquote.org,2021-11,4447,1867,,6314
ur.wikiquote.org,2021-12,3804,1251,,5055
ur.wikiquote.org,2022-01,4763,1473,,6236
ur.wikiquote.org,2022-02,4196,998,,5194
ur.wikiquote.org,2022-03,6481,1543,,8024
ur.wikiquote.org,2022-04,7188,1256,,8444
ur.wikiquote.org,2022-05,11625,4301,,15926
ur.wikiquote.org,2022-06,10333,4694,,15027
ur.wikiquote.org,2022-07,13110,5636,,18746
ur.wikiquote.org,2022-08,10782,7263,,18045
ur.wikiquote.org,2022-09,6125,3442,,9567
ur.wikiquote.org,2022-10,12534,7158,,19692
ur.wikiquote.org,2022-11,7313,3957,,11270
ur.wikiquote.org,2022-12,13184,6116,,19300
ur.wikiquote.org,2023-01,4988,2712,,7700
ur.wikiquote.org,2023-02,7457,3967,,11424
ur.wikiquote.org,2023-03,12105,6214,,18319
ur.wikiquote.org,2023-04,8716,4905,,13621
ur.wikiquote.org,2023-05,9203,8492,,17695
ur.wikiquote.org,2023-06,7177,6584,,13761
ur.wikiquote.org,2023-07,8252,6802,,15054
ur.wikiquote.org,2023-08,8597,4999,,13596
ur.wikiquote.org,2023-09,9496,3826,,13322
ur.wikiquote.org,2023-10,9234,5081,,14315
ur.wikiquote.org,2023-11,5079,2540,,7619
ur.wikiquote.org,2023-12,9185,2591,,11776
ur.wikiquote.org,2024-01,7019,2352,,9371
ur.wikiquote.org,2024-02,5602,1695,,7297
ur.wikiquote.org,2024-03,7926,2997,,10923
ur.wikiquote.org,2024-04,13097,4161,,17258
ur.wikiquote.org,2024-05,7689,4180,,11869
ur.wikiquote.org,2024-06,12649,11663,,24312
ur.wikiquote.org,2024-07,7088,8804,,15892
ur.wikiquote.org,2024-08,11124,6309,,17433
ur.wikiquote.org,2024-09,9602,9487,,19089
ur.wikiquote.org,2024-10,7741,14208,,21949
ur.wikiquote.org,2024-11,10505,10495,,21000
ur.wikiquote.org,2024-12,34110,7150,,41260
ur.wikiquote.org,2025-01,61832,5312,,67144
ur.wikiquote.org,2025-02,22509,23534,,46043
ur.wikiquote.org,2025-03,11106,7516,,18622
ur.wikiquote.org,2025-04,6037,5416,,11453
ur.wikiquote.org,2025-05,21566,23578,,45144
ur.wikiquote.org,2025-06,58462,35970,,94432
ur.wikiquote.org,2025-07,6679,143124,,149803
ur.wikiquote.org,2025-08,25963,7237,,33200
ur.wikiquote.org,2025-09,27564,32346,,59910
ur.wikiquote.org,2025-10,35774,22735,,58509
ur.wikiquote.org,2025-11,33062,5349,,38411
ur.wikiquote.org,2025-12,39785,3000,,42785
ur.wikiquote.org,2026-01,17075,3317,,20392
ur.wikiquote.org,2026-02,10489,6011,,16500
ur.wikiquote.org,2026-03,14396,4911,,19307
ur.wikiquote.org,2026-04,23101,2486,,25587
ur.wikiquote.org,2026-05,32811,2497,,35308
ur.wikiquote.org,2026-06,23672,5673,,29345
ur.wikiquote.org,2026-07,51177,11440,,62617
ur.wikibooks.org,2015-07,9764,4332,,14096
ur.wikibooks.org,2015-08,12565,6476,,19041
ur.wikibooks.org,2015-09,9350,5180,,14530
ur.wikibooks.org,2015-10,7226,5387,,12613
ur.wikibooks.org,2015-11,5304,5037,,10341
ur.wikibooks.org,2015-12,5741,5250,,10991
ur.wikibooks.org,2016-01,5501,5564,,11065
ur.wikibooks.org,2016-02,5740,5700,,11440
ur.wikibooks.org,2016-03,4320,6600,,10920
ur.wikibooks.org,2016-04,5732,14172,,19904
ur.wikibooks.org,2016-05,10203,7715,,17918
ur.wikibooks.org,2016-06,21685,5108,,26793
ur.wikibooks.org,2016-07,3740,4424,,8164
ur.wikibooks.org,2016-08,4206,5105,,9311
ur.wikibooks.org,2016-09,3685,4777,,8462
ur.wikibooks.org,2016-10,5280,5238,32,10550
ur.wikibooks.org,2016-11,3491,5433,,8924
ur.wikibooks.org,2016-12,4506,5472,,9978
ur.wikibooks.org,2017-01,3840,6159,,9999
ur.wikibooks.org,2017-02,3851,6714,,10565
ur.wikibooks.org,2017-03,4445,8850,19,13314
ur.wikibooks.org,2017-04,4413,7716,,12129
ur.wikibooks.org,2017-05,3627,7363,,10990
ur.wikibooks.org,2017-06,3496,6982,,10478
ur.wikibooks.org,2017-07,4085,7292,,11377
ur.wikibooks.org,2017-08,5980,6945,,12925
ur.wikibooks.org,2017-09,5009,6666,,11675
ur.wikibooks.org,2017-10,3836,7725,,11561
ur.wikibooks.org,2017-11,7026,7321,,14347
ur.wikibooks.org,2017-12,6051,9052,,15103
ur.wikibooks.org,2018-01,3188,7515,,10703
ur.wikibooks.org,2018-02,4697,6654,2,11353
ur.wikibooks.org,2018-03,5954,7709,,13663
ur.wikibooks.org,2018-04,5135,5522,,10657
ur.wikibooks.org,2018-05,4962,5815,,10777
ur.wikibooks.org,2018-06,4368,5764,,10132
ur.wikibooks.org,2018-07,6274,7270,,13544
ur.wikibooks.org,2018-08,5462,6536,1,11999
ur.wikibooks.org,2018-09,5183,7639,,12822
ur.wikibooks.org,2018-10,4924,7784,,12708
ur.wikibooks.org,2018-11,5706,7354,,13060
ur.wikibooks.org,2018-12,5674,8527,,14201
ur.wikibooks.org,2019-01,18638,9840,,28478
ur.wikibooks.org,2019-02,17776,10525,,28301
ur.wikibooks.org,2019-03,10496,9058,,19554
ur.wikibooks.org,2019-04,14254,11164,,25418
ur.wikibooks.org,2019-05,12241,10055,,22296
ur.wikibooks.org,2019-06,8037,13831,,21868
ur.wikibooks.org,2019-07,16417,18063,,34480
ur.wikibooks.org,2019-08,24000,17221,,41221
ur.wikibooks.org,2019-09,13394,18839,,32233
ur.wikibooks.org,2019-10,13219,19576,,32795
ur.wikibooks.org,2019-11,5532,23146,,28678
ur.wikibooks.org,2019-12,5483,22333,,27816
ur.wikibooks.org,2020-01,4692,19907,,24599
ur.wikibooks.org,2020-02,5093,18043,,23136
ur.wikibooks.org,2020-03,6990,19641,,26631
ur.wikibooks.org,2020-04,6894,20463,,27357
ur.wikibooks.org,2020-05,5630,14549,4,20183
ur.wikibooks.org,2020-06,5331,14018,,19349
ur.wikibooks.org,2020-07,12693,14655,,27348
ur.wikibooks.org,2020-08,21341,14945,,36286
ur.wikibooks.org,2020-09,34399,17643,,52042
ur.wikibooks.org,2020-10,31244,15613,,46857
ur.wikibooks.org,2020-11,9905,14596,,24501
ur.wikibooks.org,2020-12,5817,14135,,19952
ur.wikibooks.org,2021-01,6872,14236,,21108
ur.wikibooks.org,2021-02,8726,12863,,21589
ur.wikibooks.org,2021-03,7694,14649,,22343
ur.wikibooks.org,2021-04,6101,12481,,18582
ur.wikibooks.org,2021-05,6402,12995,,19397
ur.wikibooks.org,2021-06,10080,13743,,23823
ur.wikibooks.org,2021-07,7839,11559,,19398
ur.wikibooks.org,2021-08,14782,10548,,25330
ur.wikibooks.org,2021-09,4172,9740,,13912
ur.wikibooks.org,2021-10,6216,9538,,15754
ur.wikibooks.org,2021-11,7749,13005,,20754
ur.wikibooks.org,2021-12,4176,12752,,16928
ur.wikibooks.org,2022-01,3884,11649,,15533
ur.wikibooks.org,2022-02,12254,12086,,24340
ur.wikibooks.org,2022-03,29467,12739,,42206
ur.wikibooks.org,2022-04,8179,11176,,19355
ur.wikibooks.org,2022-05,7479,11980,,19459
ur.wikibooks.org,2022-06,5656,15477,,21133
ur.wikibooks.org,2022-07,6573,14099,,20672
ur.wikibooks.org,2022-08,7095,11355,,18450
ur.wikibooks.org,2022-09,5083,8882,,13965
ur.wikibooks.org,2022-10,7260,10921,,18181
ur.wikibooks.org,2022-11,6501,11071,,17572
ur.wikibooks.org,2022-12,7320,10895,,18215
ur.wikibooks.org,2023-01,4940,8630,,13570
ur.wikibooks.org,2023-02,5146,8219,,13365
ur.wikibooks.org,2023-03,6585,7401,,13986
ur.wikibooks.org,2023-04,4242,5571,,9813
ur.wikibooks.org,2023-05,5606,7670,,13276
ur.wikibooks.org,2023-06,8317,11541,,19858
ur.wikibooks.org,2023-07,5343,6628,,11971
ur.wikibooks.org,2023-08,6797,6438,,13235
ur.wikibooks.org,2023-09,5531,7011,,12542
ur.wikibooks.org,2023-10,5071,9505,,14576
ur.wikibooks.org,2023-11,4783,10907,,15690
ur.wikibooks.org,2023-12,12104,12640,,24744
ur.wikibooks.org,2024-01,4427,11409,,15836
ur.wikibooks.org,2024-02,3353,9547,,12900
ur.wikibooks.org,2024-03,4948,12201,,17149
ur.wikibooks.org,2024-04,7733,11054,,18787
ur.wikibooks.org,2024-05,5906,11353,,17259
ur.wikibooks.org,2024-06,13193,15480,,28673
ur.wikibooks.org,2024-07,3939,12610,,16549
ur.wikibooks.org,2024-08,8850,12456,,21306
ur.wikibooks.org,2024-09,8668,12459,,21127
ur.wikibooks.org,2024-10,18114,12884,,30998
ur.wikibooks.org,2024-11,13436,11951,,25387
ur.wikibooks.org,2024-12,28773,11935,,40708
ur.wikibooks.org,2025-01,20702,11698,,32400
ur.wikibooks.org,2025-02,22174,18453,,40627
ur.wikibooks.org,2025-03,16460,10952,,27412
ur.wikibooks.org,2025-04,7104,10834,,17938
ur.wikibooks.org,2025-05,38798,35558,,74356
ur.wikibooks.org,2025-06,106034,79942,,185976
ur.wikibooks.org,2025-07,8685,505263,,513948
ur.wikibooks.org,2025-08,56309,92872,,149181
ur.wikibooks.org,2025-09,50513,107047,,157560
ur.wikibooks.org,2025-10,47734,77057,,124791
ur.wikibooks.org,2025-11,43226,6066,,49292
ur.wikibooks.org,2025-12,40168,3436,,43604
ur.wikibooks.org,2026-01,9099,3624,,12723
ur.wikibooks.org,2026-02,17592,4430,,22022
ur.wikibooks.org,2026-03,33052,7194,,40246
ur.wikibooks.org,2026-04,36441,3919,,40360
ur.wikibooks.org,2026-05,195859,10479,,206338
ur.wikibooks.org,2026-06,32472,9462,,41934
ur.wikibooks.org,2026-07,21306,4132,,25438
