domain,month,rank,country,views_ceil
anp.wikipedia.org,2026-07,1,US,38000
anp.wikipedia.org,2026-07,2,IN,17000
anp.wikipedia.org,2026-07,3,SG,11000
anp.wikipedia.org,2026-07,4,BR,6000
anp.wikipedia.org,2026-07,8,GB,3000
anp.wikipedia.org,2026-07,9,MX,2000
anp.wikipedia.org,2026-07,10,PL,2000
anp.wikipedia.org,2026-07,11,CA,2000
anp.wikipedia.org,2026-07,12,FR,2000
anp.wikipedia.org,2026-07,13,NL,2000
anp.wikipedia.org,2026-07,14,DE,2000
anp.wikipedia.org,2026-07,16,AR,1000
anp.wikipedia.org,2026-07,17,ID,1000
anp.wikipedia.org,2026-07,19,ZA,1000
anp.wikipedia.org,2026-07,20,ES,1000
anp.wikipedia.org,2026-07,21,PH,1000
anp.wikipedia.org,2026-07,22,JP,1000
anp.wikipedia.org,2026-07,23,TH,1000
anp.wikipedia.org,2026-07,25,SE,1000
anp.wikipedia.org,2026-07,26,CO,1000
anp.wikipedia.org,2026-07,27,UA,1000
anp.wikipedia.org,2026-07,29,CL,1000
anp.wikipedia.org,2026-07,30,MY,1000
anp.wikipedia.org,2026-07,31,MA,1000
anp.wikipedia.org,2026-07,33,IT,1000
anp.wikipedia.org,2026-07,34,TN,1000
anp.wikipedia.org,2026-07,35,AU,1000
anp.wikipedia.org,2026-07,36,RO,1000
anp.wikipedia.org,2026-07,37,PE,1000
anp.wikipedia.org,2026-07,39,EC,1000
anp.wikipedia.org,2026-07,41,GR,1000
anp.wikipedia.org,2026-07,42,KR,1000
anp.wikipedia.org,2026-07,43,TW,1000
anp.wikipedia.org,2026-07,44,CH,1000
anp.wikipedia.org,2026-07,47,DZ,1000
anp.wikipedia.org,2026-07,49,IL,1000
anp.wikipedia.org,2026-07,50,UY,1000
anp.wikipedia.org,2026-07,51,JO,1000
anp.wikipedia.org,2026-07,52,NG,1000
anp.wikipedia.org,2026-07,53,NP,1000
anp.wikipedia.org,2026-07,54,FI,1000
anp.wikipedia.org,2026-07,55,CZ,1000
anp.wikipedia.org,2026-07,56,PT,1000
anp.wikipedia.org,2026-07,57,BG,1000
anp.wikipedia.org,2026-07,58,PY,1000
anp.wikipedia.org,2026-07,59,KE,1000
anp.wikipedia.org,2026-07,60,OM,1000
anp.wikipedia.org,2026-07,62,AT,1000
anp.wikipedia.org,2026-07,63,IE,1000
anp.wikipedia.org,2026-07,64,BE,1000
anp.wikipedia.org,2026-07,65,BO,1000
anp.wikipedia.org,2026-07,66,DO,1000
as.wikipedia.org,2026-07,1,IN,436000
as.wikipedia.org,2026-07,2,US,133000
as.wikipedia.org,2026-07,3,SG,39000
as.wikipedia.org,2026-07,4,BR,18000
as.wikipedia.org,2026-07,5,MX,7000
as.wikipedia.org,2026-07,7,GB,5000
as.wikipedia.org,2026-07,8,PL,5000
as.wikipedia.org,2026-07,9,NL,5000
as.wikipedia.org,2026-07,11,DE,5000
as.wikipedia.org,2026-07,13,FR,4000
as.wikipedia.org,2026-07,14,ID,4000
as.wikipedia.org,2026-07,15,CA,4000
as.wikipedia.org,2026-07,16,ES,3000
as.wikipedia.org,2026-07,19,UA,3000
as.wikipedia.org,2026-07,20,JP,3000
as.wikipedia.org,2026-07,22,AR,3000
as.wikipedia.org,2026-07,23,CO,2000
as.wikipedia.org,2026-07,24,IT,2000
as.wikipedia.org,2026-07,25,TH,2000
as.wikipedia.org,2026-07,26,AU,2000
as.wikipedia.org,2026-07,27,PH,2000
as.wikipedia.org,2026-07,29,ZA,2000
as.wikipedia.org,2026-07,30,SE,2000
as.wikipedia.org,2026-07,31,RO,2000
as.wikipedia.org,2026-07,32,PE,2000
as.wikipedia.org,2026-07,34,CL,2000
as.wikipedia.org,2026-07,37,KR,1000
as.wikipedia.org,2026-07,38,MA,1000
as.wikipedia.org,2026-07,39,MY,1000
as.wikipedia.org,2026-07,41,TW,1000
as.wikipedia.org,2026-07,42,EC,1000
as.wikipedia.org,2026-07,44,CH,1000
as.wikipedia.org,2026-07,45,IL,1000
as.wikipedia.org,2026-07,46,GR,1000
as.wikipedia.org,2026-07,47,DZ,1000
as.wikipedia.org,2026-07,49,BG,1000
as.wikipedia.org,2026-07,50,HU,1000
as.wikipedia.org,2026-07,51,PT,1000
as.wikipedia.org,2026-07,52,AT,1000
as.wikipedia.org,2026-07,53,BE,1000
as.wikipedia.org,2026-07,54,JO,1000
as.wikipedia.org,2026-07,55,PY,1000
as.wikipedia.org,2026-07,56,CZ,1000
as.wikipedia.org,2026-07,57,IE,1000
as.wikipedia.org,2026-07,58,FI,1000
as.wikipedia.org,2026-07,61,NO,1000
as.wikipedia.org,2026-07,63,BO,1000
as.wikipedia.org,2026-07,64,DO,1000
as.wikipedia.org,2026-07,65,RS,1000
as.wikipedia.org,2026-07,66,TN,1000
as.wikipedia.org,2026-07,67,NG,1000
as.wikipedia.org,2026-07,67,LT,1000
as.wikipedia.org,2026-07,69,OM,1000
as.wikipedia.org,2026-07,70,DK,1000
as.wikipedia.org,2026-07,70,NZ,1000
as.wikipedia.org,2026-07,72,MD,1000
as.wikipedia.org,2026-07,73,UY,1000
as.wikipedia.org,2026-07,75,KE,1000
as.wikipedia.org,2026-07,76,NP,1000
as.wikipedia.org,2026-07,78,LV,1000
as.wikipedia.org,2026-07,80,GT,1000
as.wikipedia.org,2026-07,80,LK,1000
as.wikipedia.org,2026-07,82,QA,1000
as.wikipedia.org,2026-07,84,SK,1000
as.wikipedia.org,2026-07,85,PA,1000
as.wikipedia.org,2026-07,86,HR,1000
as.wikipedia.org,2026-07,88,KW,1000
as.wikipedia.org,2026-07,89,BA,1000
as.wikipedia.org,2026-07,90,SN,1000
as.wikipedia.org,2026-07,91,GE,1000
as.wikipedia.org,2026-07,92,CR,1000
as.wikipedia.org,2026-07,94,AM,1000
as.wikipedia.org,2026-07,96,CI,1000
as.wikipedia.org,2026-07,97,MN,1000
as.wikisource.org,2026-07,1,IN,65000
as.wikisource.org,2026-07,2,US,57000
as.wikisource.org,2026-07,3,BR,24000
as.wikisource.org,2026-07,4,SG,19000
as.wikisource.org,2026-07,6,MX,9000
as.wikisource.org,2026-07,7,PH,6000
as.wikisource.org,2026-07,9,AR,6000
as.wikisource.org,2026-07,10,ID,6000
as.wikisource.org,2026-07,14,UA,4000
as.wikisource.org,2026-07,15,ZA,4000
as.wikisource.org,2026-07,16,GB,4000
as.wikisource.org,2026-07,17,FR,3000
as.wikisource.org,2026-07,18,TH,3000
as.wikisource.org,2026-07,20,CO,3000
as.wikisource.org,2026-07,21,MA,3000
as.wikisource.org,2026-07,22,CA,3000
as.wikisource.org,2026-07,24,TN,2000
as.wikisource.org,2026-07,27,ES,2000
as.wikisource.org,2026-07,29,CL,2000
as.wikisource.org,2026-07,30,PL,2000
as.wikisource.org,2026-07,31,NL,2000
as.wikisource.org,2026-07,32,MY,2000
as.wikisource.org,2026-07,33,DZ,2000
as.wikisource.org,2026-07,34,UY,2000
as.wikisource.org,2026-07,36,DE,2000
as.wikisource.org,2026-07,37,EC,2000
as.wikisource.org,2026-07,38,JO,2000
as.wikisource.org,2026-07,39,JP,2000
as.wikisource.org,2026-07,40,PE,1000
as.wikisource.org,2026-07,41,IT,1000
as.wikisource.org,2026-07,43,PY,1000
as.wikisource.org,2026-07,44,KE,1000
as.wikisource.org,2026-07,45,OM,1000
as.wikisource.org,2026-07,48,IL,1000
as.wikisource.org,2026-07,49,SE,1000
as.wikisource.org,2026-07,51,BO,1000
as.wikisource.org,2026-07,52,NG,1000
as.wikisource.org,2026-07,53,LT,1000
as.wikisource.org,2026-07,54,AU,1000
as.wikisource.org,2026-07,55,DO,1000
as.wikisource.org,2026-07,56,CR,1000
as.wikisource.org,2026-07,57,SN,1000
as.wikisource.org,2026-07,58,PA,1000
as.wikisource.org,2026-07,60,NP,1000
as.wikisource.org,2026-07,61,RO,1000
as.wikisource.org,2026-07,61,IE,1000
as.wikisource.org,2026-07,64,BE,1000
as.wikisource.org,2026-07,65,GR,1000
as.wikisource.org,2026-07,67,PT,1000
as.wikisource.org,2026-07,68,GH,1000
as.wikisource.org,2026-07,69,BG,1000
as.wikisource.org,2026-07,70,BF,1000
as.wikisource.org,2026-07,71,LB,1000
as.wikisource.org,2026-07,72,TW,1000
as.wikisource.org,2026-07,73,CI,1000
as.wikisource.org,2026-07,75,CH,1000
as.wikisource.org,2026-07,76,JM,1000
as.wikisource.org,2026-07,77,AO,1000
as.wikisource.org,2026-07,78,AL,1000
as.wikisource.org,2026-07,79,MD,1000
as.wikisource.org,2026-07,80,KR,1000
as.wikisource.org,2026-07,81,TZ,1000
as.wikisource.org,2026-07,84,QA,1000
as.wikisource.org,2026-07,86,TG,1000
as.wikisource.org,2026-07,88,FI,1000
as.wikisource.org,2026-07,89,LY,1000
as.wikisource.org,2026-07,90,KG,1000
as.wikisource.org,2026-07,92,NO,1000
as.wikisource.org,2026-07,92,RS,1000
as.wikisource.org,2026-07,94,KW,1000
as.wikisource.org,2026-07,95,CD,1000
as.wikisource.org,2026-07,96,AT,1000
as.wikisource.org,2026-07,97,LV,1000
as.wikisource.org,2026-07,97,BA,1000
as.wikisource.org,2026-07,99,AM,1000
as.wikisource.org,2026-07,100,UG,1000
as.wikisource.org,2026-07,101,GE,1000
as.wikisource.org,2026-07,102,HU,1000
as.wikisource.org,2026-07,103,GT,1000
as.wikisource.org,2026-07,104,SV,1000
as.wikisource.org,2026-07,105,CZ,1000
as.wikisource.org,2026-07,106,GA,1000
as.wikisource.org,2026-07,107,CG,1000
as.wikisource.org,2026-07,108,MN,1000
as.wikisource.org,2026-07,109,MK,1000
as.wikisource.org,2026-07,110,GY,1000
as.wikisource.org,2026-07,112,XK,1000
as.wikisource.org,2026-07,113,BJ,1000
as.wikisource.org,2026-07,114,ZW,1000
as.wikisource.org,2026-07,115,TT,1000
as.wikiquote.org,2026-07,1,US,13000
as.wikiquote.org,2026-07,2,IN,10000
as.wikiquote.org,2026-07,3,SG,6000
as.wikiquote.org,2026-07,4,BR,4000
as.wikiquote.org,2026-07,5,PH,4000
as.wikiquote.org,2026-07,9,UA,2000
as.wikiquote.org,2026-07,10,ID,2000
as.wikiquote.org,2026-07,13,MX,2000
as.wikiquote.org,2026-07,15,MA,2000
as.wikiquote.org,2026-07,16,TH,2000
as.wikiquote.org,2026-07,17,FR,1000
as.wikiquote.org,2026-07,18,ES,1000
as.wikiquote.org,2026-07,21,ZA,1000
as.wikiquote.org,2026-07,22,DZ,1000
as.wikiquote.org,2026-07,23,GB,1000
as.wikiquote.org,2026-07,25,AR,1000
as.wikiquote.org,2026-07,27,PL,1000
as.wikiquote.org,2026-07,28,CA,1000
as.wikiquote.org,2026-07,29,CO,1000
as.wikiquote.org,2026-07,30,PE,1000
as.wikiquote.org,2026-07,31,UY,1000
as.wikiquote.org,2026-07,32,JO,1000
as.wikiquote.org,2026-07,33,NL,1000
as.wikiquote.org,2026-07,34,RO,1000
as.wikiquote.org,2026-07,35,KE,1000
as.wikiquote.org,2026-07,37,PY,1000
as.wikiquote.org,2026-07,38,JP,1000
as.wikiquote.org,2026-07,39,GR,1000
as.wikiquote.org,2026-07,42,SE,1000
as.wikiquote.org,2026-07,43,OM,1000
as.wikiquote.org,2026-07,43,BG,1000
as.wikiquote.org,2026-07,45,DE,1000
as.wikiquote.org,2026-07,46,LB,1000
as.wikiquote.org,2026-07,48,TN,1000
as.wikiquote.org,2026-07,50,SN,1000
as.wikiquote.org,2026-07,51,PA,1000
as.wikiquote.org,2026-07,52,BO,1000
as.wikiquote.org,2026-07,54,CR,1000
as.wikiquote.org,2026-07,55,DO,1000
as.wikiquote.org,2026-07,56,MY,1000
as.wikiquote.org,2026-07,57,IL,1000
as.wikiquote.org,2026-07,59,NG,1000
as.wikiquote.org,2026-07,61,IT,1000
as.wikiquote.org,2026-07,64,LY,1000
as.wikiquote.org,2026-07,65,EC,1000
as.wikiquote.org,2026-07,66,JM,1000
awa.wikipedia.org,2026-07,1,IN,183000
awa.wikipedia.org,2026-07,2,US,39000
awa.wikipedia.org,2026-07,3,SG,11000
awa.wikipedia.org,2026-07,4,BR,6000
awa.wikipedia.org,2026-07,6,GB,4000
awa.wikipedia.org,2026-07,7,CA,3000
awa.wikipedia.org,2026-07,9,MX,3000
awa.wikipedia.org,2026-07,11,PL,2000
awa.wikipedia.org,2026-07,12,NL,2000
awa.wikipedia.org,2026-07,14,NP,2000
awa.wikipedia.org,2026-07,15,DE,2000
awa.wikipedia.org,2026-07,16,ES,1000
awa.wikipedia.org,2026-07,17,FR,1000
awa.wikipedia.org,2026-07,18,AR,1000
awa.wikipedia.org,2026-07,19,AU,1000
awa.wikipedia.org,2026-07,22,ZA,1000
awa.wikipedia.org,2026-07,23,ID,1000
awa.wikipedia.org,2026-07,23,JP,1000
awa.wikipedia.org,2026-07,25,CO,1000
awa.wikipedia.org,2026-07,27,SE,1000
awa.wikipedia.org,2026-07,28,UA,1000
awa.wikipedia.org,2026-07,29,PH,1000
awa.wikipedia.org,2026-07,30,TH,1000
awa.wikipedia.org,2026-07,32,MA,1000
awa.wikipedia.org,2026-07,33,IT,1000
awa.wikipedia.org,2026-07,33,CL,1000
awa.wikipedia.org,2026-07,35,RO,1000
awa.wikipedia.org,2026-07,36,EC,1000
awa.wikipedia.org,2026-07,40,PE,1000
awa.wikipedia.org,2026-07,41,MY,1000
awa.wikipedia.org,2026-07,42,TW,1000
awa.wikipedia.org,2026-07,43,GR,1000
awa.wikipedia.org,2026-07,45,CH,1000
awa.wikipedia.org,2026-07,46,DZ,1000
awa.wikipedia.org,2026-07,46,TN,1000
awa.wikipedia.org,2026-07,48,IE,1000
awa.wikipedia.org,2026-07,49,IL,1000
awa.wikipedia.org,2026-07,50,KR,1000
awa.wikipedia.org,2026-07,51,UY,1000
awa.wikipedia.org,2026-07,54,JO,1000
awa.wikipedia.org,2026-07,55,NZ,1000
awa.wikipedia.org,2026-07,56,NG,1000
awa.wikipedia.org,2026-07,57,PT,1000
awa.wikipedia.org,2026-07,58,BG,1000
awa.wikipedia.org,2026-07,59,FI,1000
awa.wikipedia.org,2026-07,59,BE,1000
awa.wikipedia.org,2026-07,61,HU,1000
awa.wikipedia.org,2026-07,62,DO,1000
awa.wikipedia.org,2026-07,63,OM,1000
awa.wikipedia.org,2026-07,65,NO,1000
awa.wikipedia.org,2026-07,66,CZ,1000
awa.wikipedia.org,2026-07,66,PY,1000
bn.wikipedia.org,2026-07,2,IN,2381000
bn.wikipedia.org,2026-07,3,US,825000
bn.wikipedia.org,2026-07,4,SG,225000
bn.wikipedia.org,2026-07,6,BR,171000
bn.wikipedia.org,2026-07,9,MY,60000
bn.wikipedia.org,2026-07,10,MX,57000
bn.wikipedia.org,2026-07,12,GB,51000
bn.wikipedia.org,2026-07,13,NL,45000
bn.wikipedia.org,2026-07,14,FR,37000
bn.wikipedia.org,2026-07,15,ID,36000
bn.wikipedia.org,2026-07,16,IT,34000
bn.wikipedia.org,2026-07,17,DE,33000
bn.wikipedia.org,2026-07,18,QA,30000
bn.wikipedia.org,2026-07,19,CA,29000
bn.wikipedia.org,2026-07,20,AR,28000
bn.wikipedia.org,2026-07,21,OM,26000
bn.wikipedia.org,2026-07,22,UA,23000
bn.wikipedia.org,2026-07,23,PL,22000
bn.wikipedia.org,2026-07,24,JP,21000
bn.wikipedia.org,2026-07,25,CO,19000
bn.wikipedia.org,2026-07,27,ES,17000
bn.wikipedia.org,2026-07,28,KW,16000
bn.wikipedia.org,2026-07,30,AU,14000
bn.wikipedia.org,2026-07,31,ZA,13000
bn.wikipedia.org,2026-07,32,MA,12000
bn.wikipedia.org,2026-07,33,TH,11000
bn.wikipedia.org,2026-07,34,KR,11000
bn.wikipedia.org,2026-07,35,SE,11000
bn.wikipedia.org,2026-07,36,PH,11000
bn.wikipedia.org,2026-07,37,CL,10000
bn.wikipedia.org,2026-07,39,PE,9000
bn.wikipedia.org,2026-07,40,EC,9000
bn.wikipedia.org,2026-07,42,RO,7000
bn.wikipedia.org,2026-07,43,PT,7000
bn.wikipedia.org,2026-07,49,MV,6000
bn.wikipedia.org,2026-07,50,DZ,5000
bn.wikipedia.org,2026-07,51,IE,5000
bn.wikipedia.org,2026-07,52,GR,5000
bn.wikipedia.org,2026-07,53,PY,5000
bn.wikipedia.org,2026-07,54,TW,5000
bn.wikipedia.org,2026-07,55,FI,4000
bn.wikipedia.org,2026-07,57,TN,4000
bn.wikipedia.org,2026-07,58,UY,4000
bn.wikipedia.org,2026-07,60,NP,4000
bn.wikipedia.org,2026-07,61,BE,4000
bn.wikipedia.org,2026-07,62,IL,4000
bn.wikipedia.org,2026-07,64,CH,3000
bn.wikipedia.org,2026-07,65,BG,3000
bn.wikipedia.org,2026-07,66,BO,3000
bn.wikipedia.org,2026-07,67,CZ,3000
bn.wikipedia.org,2026-07,68,JO,3000
bn.wikipedia.org,2026-07,69,LT,3000
bn.wikipedia.org,2026-07,70,HU,3000
bn.wikipedia.org,2026-07,71,DO,3000
bn.wikipedia.org,2026-07,72,AT,3000
bn.wikipedia.org,2026-07,73,RS,3000
bn.wikipedia.org,2026-07,75,NG,3000
bn.wikipedia.org,2026-07,76,NO,2000
bn.wikipedia.org,2026-07,77,PA,2000
bn.wikipedia.org,2026-07,78,DK,2000
bn.wikipedia.org,2026-07,79,CY,2000
bn.wikipedia.org,2026-07,81,NZ,2000
bn.wikipedia.org,2026-07,82,LY,2000
bn.wikipedia.org,2026-07,83,LK,2000
bn.wikipedia.org,2026-07,84,MD,2000
bn.wikipedia.org,2026-07,85,GT,2000
bn.wikipedia.org,2026-07,86,KE,2000
bn.wikipedia.org,2026-07,88,KG,2000
bn.wikipedia.org,2026-07,89,CR,2000
bn.wikipedia.org,2026-07,90,SK,2000
bn.wikipedia.org,2026-07,91,BA,2000
bn.wikipedia.org,2026-07,92,LB,2000
bn.wikipedia.org,2026-07,93,TT,2000
bn.wikipedia.org,2026-07,94,HR,2000
bn.wikipedia.org,2026-07,95,AM,2000
bn.wikipedia.org,2026-07,96,CI,2000
bn.wikipedia.org,2026-07,97,SN,2000
bn.wikipedia.org,2026-07,100,AL,1000
bn.wikipedia.org,2026-07,101,GE,1000
bn.wikipedia.org,2026-07,102,BN,1000
bn.wikipedia.org,2026-07,103,SV,1000
bn.wikipedia.org,2026-07,104,LV,1000
bn.wikipedia.org,2026-07,105,CD,1000
bn.wikipedia.org,2026-07,106,--,1000
bn.wikipedia.org,2026-07,107,MN,1000
bn.wikipedia.org,2026-07,107,MU,1000
bn.wikipedia.org,2026-07,110,BF,1000
bn.wikipedia.org,2026-07,111,JM,1000
bn.wikipedia.org,2026-07,113,SI,1000
bn.wikipedia.org,2026-07,115,AO,1000
bn.wikipedia.org,2026-07,116,PR,1000
bn.wikipedia.org,2026-07,117,MT,1000
bn.wikipedia.org,2026-07,118,EE,1000
bn.wikipedia.org,2026-07,119,GH,1000
bn.wikipedia.org,2026-07,120,MK,1000
bn.wikipedia.org,2026-07,121,TG,1000
bn.wikipedia.org,2026-07,122,XK,1000
bn.wikipedia.org,2026-07,123,BB,1000
bn.wikipedia.org,2026-07,125,MZ,1000
bn.wikipedia.org,2026-07,126,TZ,1000
bn.wikipedia.org,2026-07,127,SC,1000
bn.wikipedia.org,2026-07,129,BS,1000
bn.wikipedia.org,2026-07,130,GA,1000
bn.wikipedia.org,2026-07,131,LU,1000
bn.wikipedia.org,2026-07,133,GY,1000
bn.wikipedia.org,2026-07,135,UG,1000
bn.wikipedia.org,2026-07,137,ML,1000
bn.wikipedia.org,2026-07,138,CG,1000
bn.wikipedia.org,2026-07,141,ZW,1000
bn.wikipedia.org,2026-07,142,CM,1000
bn.wikipedia.org,2026-07,143,BJ,1000
bn.wikipedia.org,2026-07,144,ZM,1000
bn.wikipedia.org,2026-07,145,MG,1000
bn.wikipedia.org,2026-07,146,BW,1000
bn.wikipedia.org,2026-07,148,RE,1000
bn.wikipedia.org,2026-07,149,IS,1000
bn.wikipedia.org,2026-07,150,CF,1000
bn.wikipedia.org,2026-07,151,BZ,1000
bn.wikipedia.org,2026-07,152,NA,1000
bn.wikipedia.org,2026-07,153,SO,1000
bn.wikipedia.org,2026-07,153,SR,1000
bn.wikipedia.org,2026-07,156,FJ,1000
bn.wikipedia.org,2026-07,157,MR,1000
bn.wikipedia.org,2026-07,158,MW,1000
bn.wikipedia.org,2026-07,159,SS,1000
bn.wiktionary.org,2026-07,1,US,125000
bn.wiktionary.org,2026-07,2,IN,38000
bn.wiktionary.org,2026-07,4,BR,21000
bn.wiktionary.org,2026-07,5,SG,18000
bn.wiktionary.org,2026-07,6,MX,10000
bn.wiktionary.org,2026-07,9,ID,6000
bn.wiktionary.org,2026-07,10,PH,5000
bn.wiktionary.org,2026-07,11,UA,5000
bn.wiktionary.org,2026-07,12,GB,5000
bn.wiktionary.org,2026-07,15,NL,4000
bn.wiktionary.org,2026-07,16,DE,4000
bn.wiktionary.org,2026-07,17,AR,4000
bn.wiktionary.org,2026-07,18,CA,4000
bn.wiktionary.org,2026-07,20,ZA,3000
bn.wiktionary.org,2026-07,21,MA,3000
bn.wiktionary.org,2026-07,23,JP,3000
bn.wiktionary.org,2026-07,24,FR,3000
bn.wiktionary.org,2026-07,25,ES,3000
bn.wiktionary.org,2026-07,29,TH,2000
bn.wiktionary.org,2026-07,30,CO,2000
bn.wiktionary.org,2026-07,32,MY,2000
bn.wiktionary.org,2026-07,33,JO,2000
bn.wiktionary.org,2026-07,35,IT,2000
bn.wiktionary.org,2026-07,36,AU,2000
bn.wiktionary.org,2026-07,37,DZ,2000
bn.wiktionary.org,2026-07,38,UY,2000
bn.wiktionary.org,2026-07,39,PL,2000
bn.wiktionary.org,2026-07,40,PE,2000
bn.wiktionary.org,2026-07,41,LT,2000
bn.wiktionary.org,2026-07,42,RO,1000
bn.wiktionary.org,2026-07,44,OM,1000
bn.wiktionary.org,2026-07,45,CL,1000
bn.wiktionary.org,2026-07,46,EC,1000
bn.wiktionary.org,2026-07,49,TN,1000
bn.wiktionary.org,2026-07,50,PY,1000
bn.wiktionary.org,2026-07,52,KE,1000
bn.wiktionary.org,2026-07,53,QA,1000
bn.wiktionary.org,2026-07,54,IL,1000
bn.wiktionary.org,2026-07,55,IE,1000
bn.wiktionary.org,2026-07,57,SE,1000
bn.wiktionary.org,2026-07,58,DO,1000
bn.wiktionary.org,2026-07,60,PA,1000
bn.wiktionary.org,2026-07,61,SN,1000
bn.wiktionary.org,2026-07,62,BO,1000
bn.wiktionary.org,2026-07,63,CR,1000
bn.wiktionary.org,2026-07,64,BE,1000
bn.wiktionary.org,2026-07,65,LB,1000
bn.wiktionary.org,2026-07,66,GR,1000
bn.wiktionary.org,2026-07,68,NG,1000
bn.wiktionary.org,2026-07,69,NP,1000
bn.wiktionary.org,2026-07,70,PT,1000
bn.wiktionary.org,2026-07,71,BG,1000
bn.wiktionary.org,2026-07,73,KR,1000
bn.wiktionary.org,2026-07,74,TW,1000
bn.wiktionary.org,2026-07,75,KW,1000
bn.wiktionary.org,2026-07,76,SC,1000
bn.wiktionary.org,2026-07,77,FI,1000
bn.wiktionary.org,2026-07,78,KG,1000
bn.wiktionary.org,2026-07,79,JM,1000
bn.wiktionary.org,2026-07,80,CI,1000
bn.wiktionary.org,2026-07,83,HU,1000
bn.wiktionary.org,2026-07,84,AL,1000
bn.wiktionary.org,2026-07,85,RS,1000
bn.wiktionary.org,2026-07,86,MD,1000
bn.wiktionary.org,2026-07,88,GE,1000
bn.wiktionary.org,2026-07,89,AO,1000
bn.wiktionary.org,2026-07,90,CH,1000
bn.wiktionary.org,2026-07,91,CZ,1000
bn.wiktionary.org,2026-07,92,AT,1000
bn.wiktionary.org,2026-07,93,AM,1000
bn.wiktionary.org,2026-07,94,BF,1000
bn.wiktionary.org,2026-07,95,LY,1000
bn.wiktionary.org,2026-07,96,CG,1000
bn.wiktionary.org,2026-07,97,BA,1000
bn.wiktionary.org,2026-07,98,GT,1000
bn.wiktionary.org,2026-07,101,TZ,1000
bn.wiktionary.org,2026-07,102,DK,1000
bn.wiktionary.org,2026-07,103,GY,1000
bn.wiktionary.org,2026-07,104,GH,1000
bn.wiktionary.org,2026-07,105,NZ,1000
bn.wiktionary.org,2026-07,106,SV,1000
bn.wiktionary.org,2026-07,107,TG,1000
bn.wiktionary.org,2026-07,107,NO,1000
bn.wiktionary.org,2026-07,109,MV,1000
bn.wiktionary.org,2026-07,110,SK,1000
bn.wiktionary.org,2026-07,111,LK,1000
bn.wikisource.org,2026-07,1,US,279000
bn.wikisource.org,2026-07,2,IN,216000
bn.wikisource.org,2026-07,3,BR,74000
bn.wikisource.org,2026-07,6,MX,35000
bn.wikisource.org,2026-07,7,SG,26000
bn.wikisource.org,2026-07,8,NL,25000
bn.wikisource.org,2026-07,10,ID,19000
bn.wikisource.org,2026-07,12,AR,17000
bn.wikisource.org,2026-07,14,UA,13000
bn.wikisource.org,2026-07,15,PH,13000
bn.wikisource.org,2026-07,16,LT,12000
bn.wikisource.org,2026-07,19,CO,10000
bn.wikisource.org,2026-07,20,MA,9000
bn.wikisource.org,2026-07,21,ZA,9000
bn.wikisource.org,2026-07,22,FR,9000
bn.wikisource.org,2026-07,23,GB,9000
bn.wikisource.org,2026-07,24,DE,8000
bn.wikisource.org,2026-07,25,TH,8000
bn.wikisource.org,2026-07,28,MY,6000
bn.wikisource.org,2026-07,29,CA,6000
bn.wikisource.org,2026-07,30,CL,6000
bn.wikisource.org,2026-07,31,ES,5000
bn.wikisource.org,2026-07,33,TN,5000
bn.wikisource.org,2026-07,34,IT,5000
bn.wikisource.org,2026-07,35,DZ,5000
bn.wikisource.org,2026-07,38,UY,4000
bn.wikisource.org,2026-07,39,EC,4000
bn.wikisource.org,2026-07,40,IE,4000
bn.wikisource.org,2026-07,41,PL,4000
bn.wikisource.org,2026-07,42,JO,3000
bn.wikisource.org,2026-07,43,PE,3000
bn.wikisource.org,2026-07,44,BE,3000
bn.wikisource.org,2026-07,46,JP,3000
bn.wikisource.org,2026-07,47,AU,3000
bn.wikisource.org,2026-07,48,OM,3000
bn.wikisource.org,2026-07,50,NP,3000
bn.wikisource.org,2026-07,51,IL,3000
bn.wikisource.org,2026-07,52,CH,3000
bn.wikisource.org,2026-07,53,KE,2000
bn.wikisource.org,2026-07,54,NO,2000
bn.wikisource.org,2026-07,56,PY,2000
bn.wikisource.org,2026-07,57,NG,2000
bn.wikisource.org,2026-07,58,BO,2000
bn.wikisource.org,2026-07,59,DO,2000
bn.wikisource.org,2026-07,60,AT,2000
bn.wikisource.org,2026-07,61,PA,2000
bn.wikisource.org,2026-07,64,CR,2000
bn.wikisource.org,2026-07,64,LV,2000
bn.wikisource.org,2026-07,66,AL,2000
bn.wikisource.org,2026-07,67,GR,2000
bn.wikisource.org,2026-07,68,RO,2000
bn.wikisource.org,2026-07,69,PT,2000
bn.wikisource.org,2026-07,70,SE,2000
bn.wikisource.org,2026-07,71,FI,2000
bn.wikisource.org,2026-07,72,KR,2000
bn.wikisource.org,2026-07,74,BG,2000
bn.wikisource.org,2026-07,76,SN,2000
bn.wikisource.org,2026-07,78,LB,1000
bn.wikisource.org,2026-07,79,CI,1000
bn.wikisource.org,2026-07,80,MK,1000
bn.wikisource.org,2026-07,82,MD,1000
bn.wikisource.org,2026-07,83,TW,1000
bn.wikisource.org,2026-07,84,KW,1000
bn.wikisource.org,2026-07,85,GH,1000
bn.wikisource.org,2026-07,86,QA,1000
bn.wikisource.org,2026-07,87,JM,1000
bn.wikisource.org,2026-07,88,AM,1000
bn.wikisource.org,2026-07,89,BF,1000
bn.wikisource.org,2026-07,90,AO,1000
bn.wikisource.org,2026-07,91,RS,1000
bn.wikisource.org,2026-07,92,GT,1000
bn.wikisource.org,2026-07,94,TZ,1000
bn.wikisource.org,2026-07,95,HU,1000
bn.wikisource.org,2026-07,97,KG,1000
bn.wikisource.org,2026-07,98,TG,1000
bn.wikisource.org,2026-07,100,BA,1000
bn.wikisource.org,2026-07,101,GE,1000
bn.wikisource.org,2026-07,102,SV,1000
bn.wikisource.org,2026-07,103,CZ,1000
bn.wikisource.org,2026-07,104,LY,1000
bn.wikisource.org,2026-07,105,CD,1000
bn.wikisource.org,2026-07,106,NZ,1000
bn.wikisource.org,2026-07,107,GA,1000
bn.wikisource.org,2026-07,109,UG,1000
bn.wikisource.org,2026-07,110,TT,1000
bn.wikisource.org,2026-07,111,CG,1000
bn.wikisource.org,2026-07,112,HR,1000
bn.wikisource.org,2026-07,113,SK,1000
bn.wikisource.org,2026-07,114,MN,1000
bn.wikisource.org,2026-07,115,LK,1000
bn.wikisource.org,2026-07,116,GY,1000
bn.wikisource.org,2026-07,117,XK,1000
bn.wikisource.org,2026-07,118,ML,1000
bn.wikisource.org,2026-07,119,PR,1000
bn.wikisource.org,2026-07,120,ZM,1000
bn.wikisource.org,2026-07,121,BJ,1000
bn.wikisource.org,2026-07,122,DK,1000
bn.wikisource.org,2026-07,123,ZW,1000
bn.wikisource.org,2026-07,124,CY,1000
bn.wikisource.org,2026-07,125,CM,1000
bn.wikisource.org,2026-07,126,NA,1000
bn.wikisource.org,2026-07,127,MG,1000
bn.wikisource.org,2026-07,129,EE,1000
bn.wikisource.org,2026-07,129,MU,1000
bn.wikisource.org,2026-07,131,SC,1000
bn.wikisource.org,2026-07,133,MW,1000
bn.wikisource.org,2026-07,133,SI,1000
bn.wikisource.org,2026-07,135,MT,1000
bn.wikisource.org,2026-07,136,MZ,1000
bn.wikisource.org,2026-07,137,MV,1000
bn.wikisource.org,2026-07,138,BN,1000
bn.wikisource.org,2026-07,139,SR,1000
bn.wikisource.org,2026-07,141,MR,1000
bn.wikisource.org,2026-07,142,HT,1000
bn.wikisource.org,2026-07,143,SO,1000
bn.wikisource.org,2026-07,144,BW,1000
bn.wikisource.org,2026-07,145,SL,1000
bn.wikiquote.org,2026-07,1,US,365000
bn.wikiquote.org,2026-07,3,BR,24000
bn.wikiquote.org,2026-07,4,GB,24000
bn.wikiquote.org,2026-07,5,SG,23000
bn.wikiquote.org,2026-07,6,IN,23000
bn.wikiquote.org,2026-07,7,MX,23000
bn.wikiquote.org,2026-07,8,CA,15000
bn.wikiquote.org,2026-07,9,PL,12000
bn.wikiquote.org,2026-07,11,ES,8000
bn.wikiquote.org,2026-07,12,JP,8000
bn.wikiquote.org,2026-07,14,SE,8000
bn.wikiquote.org,2026-07,15,ZA,7000
bn.wikiquote.org,2026-07,16,PH,6000
bn.wikiquote.org,2026-07,17,MA,5000
bn.wikiquote.org,2026-07,18,AR,5000
bn.wikiquote.org,2026-07,19,CO,4000
bn.wikiquote.org,2026-07,20,UA,4000
bn.wikiquote.org,2026-07,23,NL,4000
bn.wikiquote.org,2026-07,25,ID,4000
bn.wikiquote.org,2026-07,29,DZ,3000
bn.wikiquote.org,2026-07,30,FR,3000
bn.wikiquote.org,2026-07,32,UY,2000
bn.wikiquote.org,2026-07,33,TH,2000
bn.wikiquote.org,2026-07,34,DE,2000
bn.wikiquote.org,2026-07,35,PE,2000
bn.wikiquote.org,2026-07,36,IL,2000
bn.wikiquote.org,2026-07,37,IT,2000
bn.wikiquote.org,2026-07,38,CL,2000
bn.wikiquote.org,2026-07,39,EC,2000
bn.wikiquote.org,2026-07,41,JO,2000
bn.wikiquote.org,2026-07,42,TN,2000
bn.wikiquote.org,2026-07,45,PA,1000
bn.wikiquote.org,2026-07,46,DO,1000
bn.wikiquote.org,2026-07,47,CR,1000
bn.wikiquote.org,2026-07,48,KE,1000
bn.wikiquote.org,2026-07,48,RO,1000
bn.wikiquote.org,2026-07,51,BO,1000
bn.wikiquote.org,2026-07,52,OM,1000
bn.wikiquote.org,2026-07,53,PY,1000
bn.wikiquote.org,2026-07,54,LB,1000
bn.wikiquote.org,2026-07,56,BG,1000
bn.wikiquote.org,2026-07,58,IE,1000
bn.wikiquote.org,2026-07,60,MY,1000
bn.wikiquote.org,2026-07,61,JM,1000
bn.wikiquote.org,2026-07,62,GR,1000
bn.wikiquote.org,2026-07,63,SN,1000
bn.wikiquote.org,2026-07,65,SV,1000
bn.wikiquote.org,2026-07,66,AL,1000
bn.wikiquote.org,2026-07,67,NP,1000
bn.wikiquote.org,2026-07,68,RS,1000
bn.wikiquote.org,2026-07,69,GT,1000
bn.wikiquote.org,2026-07,70,GY,1000
bn.wikiquote.org,2026-07,71,CI,1000
bn.wikiquote.org,2026-07,73,NG,1000
bn.wikiquote.org,2026-07,75,LT,1000
bn.wikiquote.org,2026-07,76,MD,1000
bn.wikiquote.org,2026-07,79,QA,1000
bn.wikiquote.org,2026-07,80,GE,1000
bn.wikiquote.org,2026-07,81,HU,1000
bn.wikiquote.org,2026-07,82,AM,1000
bn.wikiquote.org,2026-07,83,KW,1000
bn.wikiquote.org,2026-07,84,KG,1000
bn.wikiquote.org,2026-07,85,SR,1000
bn.wikiquote.org,2026-07,86,AO,1000
bn.wikiquote.org,2026-07,87,AT,1000
bn.wikiquote.org,2026-07,88,PR,1000
bn.wikiquote.org,2026-07,89,AU,1000
bn.wikiquote.org,2026-07,90,BE,1000
bn.wikiquote.org,2026-07,91,BF,1000
bn.wikiquote.org,2026-07,92,LY,1000
bn.wikiquote.org,2026-07,94,TT,1000
bn.wikiquote.org,2026-07,95,CG,1000
bn.wikiquote.org,2026-07,96,DM,1000
bn.wikiquote.org,2026-07,97,GD,1000
bn.wikiquote.org,2026-07,98,BA,1000
bn.wikiquote.org,2026-07,99,GA,1000
bn.wikiquote.org,2026-07,100,TG,1000
bn.wikiquote.org,2026-07,100,MN,1000
bn.wikiquote.org,2026-07,103,FI,1000
bn.wikiquote.org,2026-07,104,TZ,1000
bn.wikibooks.org,2026-07,1,US,138000
bn.wikibooks.org,2026-07,2,SG,15000
bn.wikibooks.org,2026-07,3,IN,14000
bn.wikibooks.org,2026-07,6,BR,9000
bn.wikibooks.org,2026-07,7,MX,4000
bn.wikibooks.org,2026-07,10,SC,3000
bn.wikibooks.org,2026-07,11,NL,3000
bn.wikibooks.org,2026-07,12,AR,3000
bn.wikibooks.org,2026-07,13,ID,3000
bn.wikibooks.org,2026-07,15,DE,2000
bn.wikibooks.org,2026-07,16,GB,2000
bn.wikibooks.org,2026-07,17,MA,2000
bn.wikibooks.org,2026-07,18,JP,2000
bn.wikibooks.org,2026-07,20,CO,2000
bn.wikibooks.org,2026-07,21,PH,2000
bn.wikibooks.org,2026-07,23,FR,2000
bn.wikibooks.org,2026-07,24,CA,2000
bn.wikibooks.org,2026-07,25,ZA,2000
bn.wikibooks.org,2026-07,26,LT,1000
bn.wikibooks.org,2026-07,27,UA,1000
bn.wikibooks.org,2026-07,28,MY,1000
bn.wikibooks.org,2026-07,29,ES,1000
bn.wikibooks.org,2026-07,30,AU,1000
bn.wikibooks.org,2026-07,32,CL,1000
bn.wikibooks.org,2026-07,34,IT,1000
bn.wikibooks.org,2026-07,35,TH,1000
bn.wikibooks.org,2026-07,36,UY,1000
bn.wikibooks.org,2026-07,37,PE,1000
bn.wikibooks.org,2026-07,38,DZ,1000
bn.wikibooks.org,2026-07,39,PL,1000
bn.wikibooks.org,2026-07,41,EC,1000
bn.wikibooks.org,2026-07,43,TN,1000
bn.wikibooks.org,2026-07,45,IE,1000
bn.wikibooks.org,2026-07,46,RO,1000
bn.wikibooks.org,2026-07,47,IL,1000
bn.wikibooks.org,2026-07,49,JO,1000
bn.wikibooks.org,2026-07,51,PT,1000
bn.wikibooks.org,2026-07,52,GR,1000
bn.wikibooks.org,2026-07,53,FI,1000
bn.wikibooks.org,2026-07,54,BE,1000
bn.wikibooks.org,2026-07,55,OM,1000
bn.wikibooks.org,2026-07,57,BO,1000
bn.wikibooks.org,2026-07,58,DO,1000
bn.wikibooks.org,2026-07,59,PA,1000
bn.wikibooks.org,2026-07,60,TW,1000
bn.wikibooks.org,2026-07,61,NG,1000
bn.wikibooks.org,2026-07,62,GH,1000
bn.wikibooks.org,2026-07,63,CY,1000
bn.wikibooks.org,2026-07,63,SE,1000
bn.wikibooks.org,2026-07,65,PY,1000
bn.wikibooks.org,2026-07,66,NP,1000
bn.wikibooks.org,2026-07,67,KR,1000
bn.wikibooks.org,2026-07,68,KE,1000
bn.wikibooks.org,2026-07,70,IS,1000
bn.wikibooks.org,2026-07,71,CR,1000
bn.wikibooks.org,2026-07,71,KW,1000
bn.wikibooks.org,2026-07,73,SN,1000
bn.wikibooks.org,2026-07,74,BF,1000
bn.wikibooks.org,2026-07,76,QA,1000
bn.wikibooks.org,2026-07,77,HU,1000
bn.wikibooks.org,2026-07,79,CZ,1000
bn.wikibooks.org,2026-07,80,DK,1000
bn.wikibooks.org,2026-07,81,BG,1000
bn.wikibooks.org,2026-07,83,LV,1000
bn.wikibooks.org,2026-07,84,RS,1000
bn.wikibooks.org,2026-07,85,SV,1000
bn.wikibooks.org,2026-07,87,LB,1000
bn.wikibooks.org,2026-07,88,AT,1000
bn.wikibooks.org,2026-07,89,GT,1000
bn.wikibooks.org,2026-07,90,CH,1000
bn.wikibooks.org,2026-07,90,TZ,1000
bn.wikibooks.org,2026-07,93,CI,1000
bn.wikibooks.org,2026-07,94,EE,1000
bn.wikivoyage.org,2026-07,1,US,76000
bn.wikivoyage.org,2026-07,2,NL,24000
bn.wikivoyage.org,2026-07,4,BR,14000
bn.wikivoyage.org,2026-07,5,LT,12000
bn.wikivoyage.org,2026-07,6,IN,11000
bn.wikivoyage.org,2026-07,8,SG,9000
bn.wikivoyage.org,2026-07,10,MX,5000
bn.wikivoyage.org,2026-07,11,ID,5000
bn.wikivoyage.org,2026-07,12,GB,4000
bn.wikivoyage.org,2026-07,13,TH,4000
bn.wikivoyage.org,2026-07,14,MY,3000
bn.wikivoyage.org,2026-07,15,DE,3000
bn.wikivoyage.org,2026-07,17,PH,2000
bn.wikivoyage.org,2026-07,19,AR,2000
bn.wikivoyage.org,2026-07,19,CO,2000
bn.wikivoyage.org,2026-07,21,FR,2000
bn.wikivoyage.org,2026-07,22,CA,2000
bn.wikivoyage.org,2026-07,23,ES,2000
bn.wikivoyage.org,2026-07,24,NP,2000
bn.wikivoyage.org,2026-07,26,IT,2000
bn.wikivoyage.org,2026-07,27,PL,2000
bn.wikivoyage.org,2026-07,28,UA,2000
bn.wikivoyage.org,2026-07,29,AU,2000
bn.wikivoyage.org,2026-07,30,JP,2000
bn.wikivoyage.org,2026-07,33,MA,1000
bn.wikivoyage.org,2026-07,34,CL,1000
bn.wikivoyage.org,2026-07,36,PE,1000
bn.wikivoyage.org,2026-07,37,ZA,1000
bn.wikivoyage.org,2026-07,40,RO,1000
bn.wikivoyage.org,2026-07,42,PT,1000
bn.wikivoyage.org,2026-07,43,EC,1000
bn.wikivoyage.org,2026-07,44,GR,1000
bn.wikivoyage.org,2026-07,45,TW,1000
bn.wikivoyage.org,2026-07,46,IE,1000
bn.wikivoyage.org,2026-07,47,DZ,1000
bn.wikivoyage.org,2026-07,48,KR,1000
bn.wikivoyage.org,2026-07,49,IL,1000
bn.wikivoyage.org,2026-07,50,SE,1000
bn.wikivoyage.org,2026-07,51,HU,1000
bn.wikivoyage.org,2026-07,53,BE,1000
bn.wikivoyage.org,2026-07,54,TN,1000
bn.wikivoyage.org,2026-07,55,CZ,1000
bn.wikivoyage.org,2026-07,56,BG,1000
bn.wikivoyage.org,2026-07,57,RS,1000
bn.wikivoyage.org,2026-07,59,BO,1000
bn.wikivoyage.org,2026-07,60,PY,1000
bn.wikivoyage.org,2026-07,61,OM,1000
bn.wikivoyage.org,2026-07,62,NZ,1000
bn.wikivoyage.org,2026-07,64,KW,1000
bn.wikivoyage.org,2026-07,65,FI,1000
bn.wikivoyage.org,2026-07,66,DO,1000
bn.wikivoyage.org,2026-07,67,UY,1000
bn.wikivoyage.org,2026-07,68,QA,1000
bn.wikivoyage.org,2026-07,70,JO,1000
bn.wikivoyage.org,2026-07,70,AT,1000
bn.wikivoyage.org,2026-07,72,KE,1000
bn.wikivoyage.org,2026-07,74,CH,1000
bn.wikivoyage.org,2026-07,74,NG,1000
bn.wikivoyage.org,2026-07,76,NO,1000
bn.wikivoyage.org,2026-07,76,GT,1000
bn.wikivoyage.org,2026-07,78,MD,1000
bn.wikivoyage.org,2026-07,80,SK,1000
bn.wikivoyage.org,2026-07,81,LK,1000
bn.wikivoyage.org,2026-07,82,PA,1000
bn.wikivoyage.org,2026-07,83,AM,1000
bn.wikivoyage.org,2026-07,84,DK,1000
bn.wikivoyage.org,2026-07,84,GE,1000
bn.wikivoyage.org,2026-07,87,MN,1000
bn.wikivoyage.org,2026-07,89,CR,1000
bn.wikivoyage.org,2026-07,90,BA,1000
bpy.wikipedia.org,2026-07,1,US,113000
bpy.wikipedia.org,2026-07,2,TH,40000
bpy.wikipedia.org,2026-07,3,SG,22000
bpy.wikipedia.org,2026-07,4,BR,18000
bpy.wikipedia.org,2026-07,5,IN,18000
bpy.wikipedia.org,2026-07,7,MX,6000
bpy.wikipedia.org,2026-07,9,SK,5000
bpy.wikipedia.org,2026-07,10,PL,5000
bpy.wikipedia.org,2026-07,11,GB,4000
bpy.wikipedia.org,2026-07,13,DE,3000
bpy.wikipedia.org,2026-07,14,ID,3000
bpy.wikipedia.org,2026-07,17,FR,3000
bpy.wikipedia.org,2026-07,18,NL,2000
bpy.wikipedia.org,2026-07,19,AR,2000
bpy.wikipedia.org,2026-07,20,CO,2000
bpy.wikipedia.org,2026-07,21,ES,2000
bpy.wikipedia.org,2026-07,22,CA,2000
bpy.wikipedia.org,2026-07,23,UA,2000
bpy.wikipedia.org,2026-07,24,IT,2000
bpy.wikipedia.org,2026-07,25,PH,2000
bpy.wikipedia.org,2026-07,26,AU,2000
bpy.wikipedia.org,2026-07,27,JP,2000
bpy.wikipedia.org,2026-07,29,CL,2000
bpy.wikipedia.org,2026-07,30,PE,2000
bpy.wikipedia.org,2026-07,31,ZA,2000
bpy.wikipedia.org,2026-07,32,RO,1000
bpy.wikipedia.org,2026-07,33,MA,1000
bpy.wikipedia.org,2026-07,34,MY,1000
bpy.wikipedia.org,2026-07,37,TW,1000
bpy.wikipedia.org,2026-07,39,GR,1000
bpy.wikipedia.org,2026-07,40,EC,1000
bpy.wikipedia.org,2026-07,41,SE,1000
bpy.wikipedia.org,2026-07,42,DZ,1000
bpy.wikipedia.org,2026-07,43,KR,1000
bpy.wikipedia.org,2026-07,45,HU,1000
bpy.wikipedia.org,2026-07,47,PT,1000
bpy.wikipedia.org,2026-07,48,IL,1000
bpy.wikipedia.org,2026-07,49,BG,1000
bpy.wikipedia.org,2026-07,50,CH,1000
bpy.wikipedia.org,2026-07,51,CZ,1000
bpy.wikipedia.org,2026-07,52,TN,1000
bpy.wikipedia.org,2026-07,53,IE,1000
bpy.wikipedia.org,2026-07,53,BO,1000
bpy.wikipedia.org,2026-07,55,BE,1000
bpy.wikipedia.org,2026-07,56,RS,1000
bpy.wikipedia.org,2026-07,57,PY,1000
bpy.wikipedia.org,2026-07,60,JO,1000
bpy.wikipedia.org,2026-07,61,NZ,1000
bpy.wikipedia.org,2026-07,62,MD,1000
bpy.wikipedia.org,2026-07,63,OM,1000
bpy.wikipedia.org,2026-07,64,UY,1000
bpy.wikipedia.org,2026-07,65,DO,1000
bpy.wikipedia.org,2026-07,66,QA,1000
bpy.wikipedia.org,2026-07,68,NG,1000
bpy.wikipedia.org,2026-07,69,FI,1000
bpy.wikipedia.org,2026-07,70,LT,1000
bpy.wikipedia.org,2026-07,71,GT,1000
bpy.wikipedia.org,2026-07,73,NP,1000
bpy.wikipedia.org,2026-07,74,NO,1000
bpy.wikipedia.org,2026-07,74,KE,1000
bpy.wikipedia.org,2026-07,76,KW,1000
bpy.wikipedia.org,2026-07,77,AT,1000
bpy.wikipedia.org,2026-07,78,PA,1000
bpy.wikipedia.org,2026-07,79,LK,1000
bpy.wikipedia.org,2026-07,80,HR,1000
bpy.wikipedia.org,2026-07,82,MN,1000
bpy.wikipedia.org,2026-07,83,BA,1000
bpy.wikipedia.org,2026-07,84,DK,1000
bpy.wikipedia.org,2026-07,84,GE,1000
bpy.wikipedia.org,2026-07,86,CR,1000
bpy.wikipedia.org,2026-07,88,LV,1000
bpy.wikipedia.org,2026-07,91,SN,1000
dty.wikipedia.org,2026-07,1,US,43000
dty.wikipedia.org,2026-07,2,SG,13000
dty.wikipedia.org,2026-07,3,BR,10000
dty.wikipedia.org,2026-07,4,IN,7000
dty.wikipedia.org,2026-07,6,NP,5000
dty.wikipedia.org,2026-07,7,MX,4000
dty.wikipedia.org,2026-07,8,GB,3000
dty.wikipedia.org,2026-07,10,AR,2000
dty.wikipedia.org,2026-07,11,TH,2000
dty.wikipedia.org,2026-07,12,DE,2000
dty.wikipedia.org,2026-07,14,FR,2000
dty.wikipedia.org,2026-07,15,ID,2000
dty.wikipedia.org,2026-07,16,CO,2000
dty.wikipedia.org,2026-07,18,PL,2000
dty.wikipedia.org,2026-07,19,ES,2000
dty.wikipedia.org,2026-07,20,CA,2000
dty.wikipedia.org,2026-07,21,PH,2000
dty.wikipedia.org,2026-07,22,ZA,1000
dty.wikipedia.org,2026-07,23,UA,1000
dty.wikipedia.org,2026-07,24,NL,1000
dty.wikipedia.org,2026-07,25,CL,1000
dty.wikipedia.org,2026-07,26,IT,1000
dty.wikipedia.org,2026-07,27,AU,1000
dty.wikipedia.org,2026-07,29,JP,1000
dty.wikipedia.org,2026-07,30,MA,1000
dty.wikipedia.org,2026-07,32,PE,1000
dty.wikipedia.org,2026-07,33,RO,1000
dty.wikipedia.org,2026-07,34,MY,1000
dty.wikipedia.org,2026-07,36,GR,1000
dty.wikipedia.org,2026-07,37,SE,1000
dty.wikipedia.org,2026-07,40,TW,1000
dty.wikipedia.org,2026-07,41,EC,1000
dty.wikipedia.org,2026-07,42,KR,1000
dty.wikipedia.org,2026-07,43,DZ,1000
dty.wikipedia.org,2026-07,46,TN,1000
dty.wikipedia.org,2026-07,47,BG,1000
dty.wikipedia.org,2026-07,48,IL,1000
dty.wikipedia.org,2026-07,49,HU,1000
dty.wikipedia.org,2026-07,50,PT,1000
dty.wikipedia.org,2026-07,51,BE,1000
dty.wikipedia.org,2026-07,52,CZ,1000
dty.wikipedia.org,2026-07,52,CH,1000
dty.wikipedia.org,2026-07,54,PY,1000
dty.wikipedia.org,2026-07,55,RS,1000
dty.wikipedia.org,2026-07,56,UY,1000
dty.wikipedia.org,2026-07,56,JO,1000
dty.wikipedia.org,2026-07,58,BO,1000
dty.wikipedia.org,2026-07,58,IE,1000
dty.wikipedia.org,2026-07,60,NG,1000
dty.wikipedia.org,2026-07,61,SK,1000
dty.wikipedia.org,2026-07,62,KE,1000
dty.wikipedia.org,2026-07,63,NZ,1000
dty.wikipedia.org,2026-07,64,NO,1000
dty.wikipedia.org,2026-07,65,FI,1000
dty.wikipedia.org,2026-07,67,DO,1000
dty.wikipedia.org,2026-07,69,MD,1000
dty.wikipedia.org,2026-07,71,GT,1000
dty.wikipedia.org,2026-07,72,AT,1000
dty.wikipedia.org,2026-07,73,QA,1000
dty.wikipedia.org,2026-07,74,MN,1000
dty.wikipedia.org,2026-07,75,PA,1000
dty.wikipedia.org,2026-07,77,CR,1000
dv.wikipedia.org,2026-07,1,US,60000
dv.wikipedia.org,2026-07,2,BR,27000
dv.wikipedia.org,2026-07,3,IN,18000
dv.wikipedia.org,2026-07,5,SG,15000
dv.wikipedia.org,2026-07,7,MX,7000
dv.wikipedia.org,2026-07,8,AR,6000
dv.wikipedia.org,2026-07,11,ID,6000
dv.wikipedia.org,2026-07,12,FR,6000
dv.wikipedia.org,2026-07,14,PL,5000
dv.wikipedia.org,2026-07,15,MV,5000
dv.wikipedia.org,2026-07,16,PH,4000
dv.wikipedia.org,2026-07,17,CO,4000
dv.wikipedia.org,2026-07,18,ZA,4000
dv.wikipedia.org,2026-07,19,TH,4000
dv.wikipedia.org,2026-07,20,UA,4000
dv.wikipedia.org,2026-07,21,GB,3000
dv.wikipedia.org,2026-07,22,TN,3000
dv.wikipedia.org,2026-07,23,MA,3000
dv.wikipedia.org,2026-07,24,CL,3000
dv.wikipedia.org,2026-07,25,MY,3000
dv.wikipedia.org,2026-07,26,DE,3000
dv.wikipedia.org,2026-07,27,CA,3000
dv.wikipedia.org,2026-07,28,ES,3000
dv.wikipedia.org,2026-07,29,NL,2000
dv.wikipedia.org,2026-07,30,EC,2000
dv.wikipedia.org,2026-07,34,DZ,2000
dv.wikipedia.org,2026-07,35,IT,2000
dv.wikipedia.org,2026-07,36,AU,2000
dv.wikipedia.org,2026-07,40,JP,2000
dv.wikipedia.org,2026-07,41,UY,2000
dv.wikipedia.org,2026-07,42,PE,2000
dv.wikipedia.org,2026-07,43,JO,2000
dv.wikipedia.org,2026-07,44,RO,1000
dv.wikipedia.org,2026-07,45,TW,1000
dv.wikipedia.org,2026-07,46,IL,1000
dv.wikipedia.org,2026-07,47,NG,1000
dv.wikipedia.org,2026-07,49,OM,1000
dv.wikipedia.org,2026-07,50,KE,1000
dv.wikipedia.org,2026-07,51,KR,1000
dv.wikipedia.org,2026-07,52,PY,1000
dv.wikipedia.org,2026-07,53,NP,1000
dv.wikipedia.org,2026-07,54,BO,1000
dv.wikipedia.org,2026-07,55,GR,1000
dv.wikipedia.org,2026-07,58,SE,1000
dv.wikipedia.org,2026-07,59,PT,1000
dv.wikipedia.org,2026-07,61,BE,1000
dv.wikipedia.org,2026-07,62,DO,1000
dv.wikipedia.org,2026-07,63,BG,1000
dv.wikipedia.org,2026-07,64,IE,1000
dv.wikipedia.org,2026-07,65,GH,1000
dv.wikipedia.org,2026-07,66,HU,1000
dv.wikipedia.org,2026-07,67,SN,1000
dv.wikipedia.org,2026-07,69,CH,1000
dv.wikipedia.org,2026-07,70,MD,1000
dv.wikipedia.org,2026-07,71,CI,1000
dv.wikipedia.org,2026-07,72,BF,1000
dv.wikipedia.org,2026-07,74,RS,1000
dv.wikipedia.org,2026-07,75,CZ,1000
dv.wikipedia.org,2026-07,76,CR,1000
dv.wikipedia.org,2026-07,79,QA,1000
dv.wikipedia.org,2026-07,82,PA,1000
dv.wikipedia.org,2026-07,83,TZ,1000
dv.wikipedia.org,2026-07,84,KW,1000
dv.wikipedia.org,2026-07,85,AO,1000
dv.wikipedia.org,2026-07,85,AT,1000
dv.wikipedia.org,2026-07,89,TG,1000
dv.wikipedia.org,2026-07,90,LT,1000
dv.wikipedia.org,2026-07,91,GE,1000
dv.wikipedia.org,2026-07,92,NZ,1000
dv.wikipedia.org,2026-07,93,GT,1000
dv.wikipedia.org,2026-07,94,BA,1000
dv.wikipedia.org,2026-07,94,AL,1000
dv.wikipedia.org,2026-07,96,LB,1000
dv.wikipedia.org,2026-07,97,NO,1000
dv.wikipedia.org,2026-07,98,SK,1000
dv.wikipedia.org,2026-07,99,JM,1000
dv.wikipedia.org,2026-07,100,LK,1000
dv.wikipedia.org,2026-07,101,CD,1000
dv.wikipedia.org,2026-07,102,MN,1000
dv.wikipedia.org,2026-07,103,DK,1000
dv.wikipedia.org,2026-07,104,UG,1000
dv.wikipedia.org,2026-07,105,KG,1000
dv.wikipedia.org,2026-07,106,LY,1000
dv.wikipedia.org,2026-07,107,AM,1000
dv.wikipedia.org,2026-07,108,FI,1000
dv.wikipedia.org,2026-07,109,HR,1000
dv.wikipedia.org,2026-07,110,SV,1000
dv.wikipedia.org,2026-07,111,ZM,1000
dv.wikipedia.org,2026-07,112,TT,1000
dv.wikipedia.org,2026-07,113,GA,1000
dv.wikipedia.org,2026-07,115,BJ,1000
dv.wikipedia.org,2026-07,116,XK,1000
dv.wikipedia.org,2026-07,116,LV,1000
dv.wikipedia.org,2026-07,118,NA,1000
dv.wikipedia.org,2026-07,119,SI,1000
dv.wikipedia.org,2026-07,119,ZW,1000
dv.wikipedia.org,2026-07,121,PR,1000
dv.wikipedia.org,2026-07,122,CG,1000
dv.wikipedia.org,2026-07,123,MW,1000
dv.wikipedia.org,2026-07,124,HT,1000
dv.wikipedia.org,2026-07,125,MG,1000
dv.wiktionary.org,2026-07,1,US,8000
dv.wiktionary.org,2026-07,2,SG,5000
dv.wiktionary.org,2026-07,3,BR,1000
dv.wiktionary.org,2026-07,5,ID,1000
dv.wiktionary.org,2026-07,6,IN,1000
dv.wiktionary.org,2026-07,7,MX,1000
dv.wiktionary.org,2026-07,8,DE,1000
dv.wiktionary.org,2026-07,9,FR,1000
dv.wiktionary.org,2026-07,10,JP,1000
dv.wiktionary.org,2026-07,11,NL,1000
dv.wiktionary.org,2026-07,12,GB,1000
gom.wikipedia.org,2026-07,1,US,31000
gom.wikipedia.org,2026-07,2,IN,11000
gom.wikipedia.org,2026-07,3,SG,7000
gom.wikipedia.org,2026-07,4,BR,5000
gom.wikipedia.org,2026-07,5,GB,3000
gom.wikipedia.org,2026-07,8,MX,2000
gom.wikipedia.org,2026-07,9,PL,1000
gom.wikipedia.org,2026-07,10,DE,1000
gom.wikipedia.org,2026-07,11,FR,1000
gom.wikipedia.org,2026-07,12,ID,1000
gom.wikipedia.org,2026-07,13,NL,1000
gom.wikipedia.org,2026-07,14,UA,1000
gom.wikipedia.org,2026-07,15,AR,1000
gom.wikipedia.org,2026-07,16,CO,1000
gom.wikipedia.org,2026-07,18,TH,1000
gom.wikipedia.org,2026-07,19,ES,1000
gom.wikipedia.org,2026-07,20,CA,1000
gom.wikipedia.org,2026-07,21,IE,1000
gom.wikipedia.org,2026-07,24,AU,1000
gom.wikipedia.org,2026-07,26,RO,1000
gom.wikipedia.org,2026-07,27,PE,1000
gom.wikipedia.org,2026-07,28,IT,1000
gom.wikipedia.org,2026-07,29,PH,1000
gom.wikipedia.org,2026-07,30,GR,1000
gom.wikipedia.org,2026-07,31,CL,1000
gom.wikipedia.org,2026-07,33,TW,1000
gom.wikipedia.org,2026-07,34,JP,1000
gom.wikipedia.org,2026-07,35,ZA,1000
gom.wikipedia.org,2026-07,37,SE,1000
gom.wikipedia.org,2026-07,38,MA,1000
gom.wikipedia.org,2026-07,40,CH,1000
gom.wikipedia.org,2026-07,42,PT,1000
gom.wikipedia.org,2026-07,43,IL,1000
gom.wikipedia.org,2026-07,44,KW,1000
gom.wikipedia.org,2026-07,44,KR,1000
gom.wikipedia.org,2026-07,46,DZ,1000
gom.wikipedia.org,2026-07,46,EC,1000
gom.wikipedia.org,2026-07,48,FI,1000
gom.wikipedia.org,2026-07,49,MY,1000
gom.wikipedia.org,2026-07,50,HU,1000
gom.wiktionary.org,2026-07,1,US,6000
gom.wiktionary.org,2026-07,2,SG,1000
gom.wiktionary.org,2026-07,3,IN,1000
gom.wiktionary.org,2026-07,4,BR,1000
gom.wiktionary.org,2026-07,5,MX,1000
gom.wiktionary.org,2026-07,6,GB,1000
gom.wiktionary.org,2026-07,8,DE,1000
gom.wiktionary.org,2026-07,9,FR,1000
gom.wiktionary.org,2026-07,10,CA,1000
gu.wikipedia.org,2026-07,1,IN,472000
gu.wikipedia.org,2026-07,2,US,135000
gu.wikipedia.org,2026-07,3,SG,30000
gu.wikipedia.org,2026-07,4,BR,22000
gu.wikipedia.org,2026-07,6,MX,8000
gu.wikipedia.org,2026-07,7,GB,6000
gu.wikipedia.org,2026-07,8,PL,5000
gu.wikipedia.org,2026-07,9,ID,4000
gu.wikipedia.org,2026-07,10,DE,4000
gu.wikipedia.org,2026-07,11,NL,4000
gu.wikipedia.org,2026-07,12,CA,3000
gu.wikipedia.org,2026-07,13,AR,3000
gu.wikipedia.org,2026-07,15,CO,3000
gu.wikipedia.org,2026-07,17,FR,3000
gu.wikipedia.org,2026-07,18,ES,3000
gu.wikipedia.org,2026-07,19,UA,3000
gu.wikipedia.org,2026-07,21,AU,2000
gu.wikipedia.org,2026-07,22,PH,2000
gu.wikipedia.org,2026-07,23,TH,2000
gu.wikipedia.org,2026-07,24,IT,2000
gu.wikipedia.org,2026-07,25,JP,2000
gu.wikipedia.org,2026-07,26,ZA,2000
gu.wikipedia.org,2026-07,27,CL,2000
gu.wikipedia.org,2026-07,28,PE,2000
gu.wikipedia.org,2026-07,30,MA,2000
gu.wikipedia.org,2026-07,31,RO,2000
gu.wikipedia.org,2026-07,34,TW,1000
gu.wikipedia.org,2026-07,36,SE,1000
gu.wikipedia.org,2026-07,38,EC,1000
gu.wikipedia.org,2026-07,39,MY,1000
gu.wikipedia.org,2026-07,40,GR,1000
gu.wikipedia.org,2026-07,41,KR,1000
gu.wikipedia.org,2026-07,42,DZ,1000
gu.wikipedia.org,2026-07,45,IL,1000
gu.wikipedia.org,2026-07,46,BG,1000
gu.wikipedia.org,2026-07,47,PT,1000
gu.wikipedia.org,2026-07,48,HU,1000
gu.wikipedia.org,2026-07,49,CZ,1000
gu.wikipedia.org,2026-07,50,CH,1000
gu.wikipedia.org,2026-07,51,BE,1000
gu.wikipedia.org,2026-07,52,RS,1000
gu.wikipedia.org,2026-07,53,BO,1000
gu.wikipedia.org,2026-07,54,KE,1000
gu.wikipedia.org,2026-07,55,IE,1000
gu.wikipedia.org,2026-07,58,PY,1000
gu.wikipedia.org,2026-07,59,NZ,1000
gu.wikipedia.org,2026-07,60,AT,1000
gu.wikipedia.org,2026-07,61,TN,1000
gu.wikipedia.org,2026-07,63,JO,1000
gu.wikipedia.org,2026-07,64,DO,1000
gu.wikipedia.org,2026-07,65,UY,1000
gu.wikipedia.org,2026-07,66,NO,1000
gu.wikipedia.org,2026-07,67,NG,1000
gu.wikipedia.org,2026-07,68,MD,1000
gu.wikipedia.org,2026-07,69,FI,1000
gu.wikipedia.org,2026-07,71,GT,1000
gu.wikipedia.org,2026-07,72,NP,1000
gu.wikipedia.org,2026-07,73,DK,1000
gu.wikipedia.org,2026-07,74,SK,1000
gu.wikipedia.org,2026-07,75,PA,1000
gu.wikipedia.org,2026-07,76,AM,1000
gu.wikipedia.org,2026-07,78,OM,1000
gu.wikipedia.org,2026-07,79,LT,1000
gu.wikipedia.org,2026-07,80,LK,1000
gu.wikipedia.org,2026-07,83,KW,1000
gu.wikipedia.org,2026-07,84,MN,1000
gu.wikipedia.org,2026-07,85,QA,1000
gu.wikipedia.org,2026-07,86,HR,1000
gu.wikipedia.org,2026-07,87,LV,1000
gu.wikipedia.org,2026-07,87,CR,1000
gu.wikipedia.org,2026-07,89,GE,1000
gu.wikipedia.org,2026-07,91,BA,1000
gu.wikipedia.org,2026-07,92,SN,1000
gu.wikipedia.org,2026-07,95,AL,1000
gu.wikipedia.org,2026-07,97,CI,1000
gu.wikipedia.org,2026-07,98,GH,1000
gu.wikipedia.org,2026-07,99,BF,1000
gu.wikipedia.org,2026-07,100,AO,1000
gu.wiktionary.org,2026-07,1,US,8000
gu.wiktionary.org,2026-07,2,SG,3000
gu.wiktionary.org,2026-07,3,IN,2000
gu.wiktionary.org,2026-07,4,BR,1000
gu.wiktionary.org,2026-07,5,MX,1000
gu.wiktionary.org,2026-07,7,ID,1000
gu.wiktionary.org,2026-07,8,GB,1000
gu.wiktionary.org,2026-07,9,DE,1000
gu.wiktionary.org,2026-07,10,UA,1000
gu.wiktionary.org,2026-07,11,TW,1000
gu.wiktionary.org,2026-07,12,RO,1000
gu.wiktionary.org,2026-07,13,NL,1000
gu.wiktionary.org,2026-07,14,FR,1000
gu.wiktionary.org,2026-07,15,JP,1000
gu.wikiquote.org,2026-07,1,BR,33000
gu.wikiquote.org,2026-07,3,US,23000
gu.wikiquote.org,2026-07,4,IN,22000
gu.wikiquote.org,2026-07,7,AR,9000
gu.wikiquote.org,2026-07,9,PH,8000
gu.wikiquote.org,2026-07,10,MX,7000
gu.wikiquote.org,2026-07,11,FR,7000
gu.wikiquote.org,2026-07,12,ID,7000
gu.wikiquote.org,2026-07,14,ZA,6000
gu.wikiquote.org,2026-07,15,TN,6000
gu.wikiquote.org,2026-07,16,UA,6000
gu.wikiquote.org,2026-07,17,TH,5000
gu.wikiquote.org,2026-07,18,SG,5000
gu.wikiquote.org,2026-07,19,CO,5000
gu.wikiquote.org,2026-07,20,MA,5000
gu.wikiquote.org,2026-07,21,CL,4000
gu.wikiquote.org,2026-07,22,MY,4000
gu.wikiquote.org,2026-07,25,DZ,3000
gu.wikiquote.org,2026-07,26,EC,3000
gu.wikiquote.org,2026-07,29,UY,3000
gu.wikiquote.org,2026-07,32,JO,2000
gu.wikiquote.org,2026-07,33,ES,2000
gu.wikiquote.org,2026-07,34,OM,2000
gu.wikiquote.org,2026-07,35,KE,2000
gu.wikiquote.org,2026-07,37,IT,2000
gu.wikiquote.org,2026-07,38,NG,2000
gu.wikiquote.org,2026-07,39,PL,2000
gu.wikiquote.org,2026-07,40,PE,2000
gu.wikiquote.org,2026-07,41,PY,2000
gu.wikiquote.org,2026-07,43,BO,2000
gu.wikiquote.org,2026-07,44,CA,2000
gu.wikiquote.org,2026-07,45,IL,1000
gu.wikiquote.org,2026-07,46,NP,1000
gu.wikiquote.org,2026-07,48,DE,1000
gu.wikiquote.org,2026-07,50,DO,1000
gu.wikiquote.org,2026-07,50,GH,1000
gu.wikiquote.org,2026-07,52,SN,1000
gu.wikiquote.org,2026-07,53,GB,1000
gu.wikiquote.org,2026-07,54,PT,1000
gu.wikiquote.org,2026-07,55,BF,1000
gu.wikiquote.org,2026-07,56,PA,1000
gu.wikiquote.org,2026-07,58,BE,1000
gu.wikiquote.org,2026-07,59,CI,1000
gu.wikiquote.org,2026-07,60,MD,1000
gu.wikiquote.org,2026-07,61,CR,1000
gu.wikiquote.org,2026-07,61,AU,1000
gu.wikiquote.org,2026-07,64,TW,1000
gu.wikiquote.org,2026-07,66,QA,1000
gu.wikiquote.org,2026-07,67,KR,1000
gu.wikiquote.org,2026-07,68,TZ,1000
gu.wikiquote.org,2026-07,69,IE,1000
gu.wikiquote.org,2026-07,70,BG,1000
gu.wikiquote.org,2026-07,71,TG,1000
gu.wikiquote.org,2026-07,72,JP,1000
gu.wikiquote.org,2026-07,73,GR,1000
gu.wikiquote.org,2026-07,74,RO,1000
gu.wikiquote.org,2026-07,75,LB,1000
gu.wikiquote.org,2026-07,76,AO,1000
gu.wikiquote.org,2026-07,78,NL,1000
gu.wikiquote.org,2026-07,79,CD,1000
gu.wikiquote.org,2026-07,80,KW,1000
gu.wikiquote.org,2026-07,81,JM,1000
gu.wikiquote.org,2026-07,84,BA,1000
gu.wikiquote.org,2026-07,86,AL,1000
gu.wikiquote.org,2026-07,87,RS,1000
gu.wikiquote.org,2026-07,88,GE,1000
gu.wikiquote.org,2026-07,89,LY,1000
gu.wikiquote.org,2026-07,90,UG,1000
gu.wikiquote.org,2026-07,91,KG,1000
gu.wikiquote.org,2026-07,92,GA,1000
gu.wikiquote.org,2026-07,94,SV,1000
gu.wikiquote.org,2026-07,96,GT,1000
gu.wikiquote.org,2026-07,97,ZM,1000
gu.wikiquote.org,2026-07,98,AM,1000
gu.wikiquote.org,2026-07,99,BJ,1000
gu.wikiquote.org,2026-07,100,CH,1000
gu.wikiquote.org,2026-07,101,CG,1000
gu.wikiquote.org,2026-07,102,MN,1000
gu.wikiquote.org,2026-07,103,NA,1000
gu.wikiquote.org,2026-07,104,SE,1000
gu.wikiquote.org,2026-07,105,ZW,1000
gu.wikiquote.org,2026-07,106,CZ,1000
gu.wikiquote.org,2026-07,107,ML,1000
gu.wikiquote.org,2026-07,107,MG,1000
gu.wikiquote.org,2026-07,109,TT,1000
gu.wikiquote.org,2026-07,110,AT,1000
gu.wikiquote.org,2026-07,111,HU,1000
gu.wikiquote.org,2026-07,112,CM,1000
gu.wikiquote.org,2026-07,113,HT,1000
gu.wikiquote.org,2026-07,114,XK,1000
gu.wikiquote.org,2026-07,115,MW,1000
gu.wikiquote.org,2026-07,116,MK,1000
gu.wikiquote.org,2026-07,117,PR,1000
gu.wikiquote.org,2026-07,118,MU,1000
gu.wikiquote.org,2026-07,119,LK,1000
gu.wikiquote.org,2026-07,120,LV,1000
gu.wikiquote.org,2026-07,121,SK,1000
gu.wikiquote.org,2026-07,123,LT,1000
gu.wikiquote.org,2026-07,123,GY,1000
gu.wikiquote.org,2026-07,123,MZ,1000
gu.wikiquote.org,2026-07,126,HR,1000
gu.wikiquote.org,2026-07,128,NZ,1000
gu.wikiquote.org,2026-07,129,MR,1000
gu.wikiquote.org,2026-07,130,SR,1000
hi.wikipedia.org,2026-07,1,IN,13845000
hi.wikipedia.org,2026-07,2,US,805000
hi.wikipedia.org,2026-07,3,BR,217000
hi.wikipedia.org,2026-07,4,SG,130000
hi.wikipedia.org,2026-07,5,NL,99000
hi.wikipedia.org,2026-07,7,MX,78000
hi.wikipedia.org,2026-07,8,GB,63000
hi.wikipedia.org,2026-07,10,FR,46000
hi.wikipedia.org,2026-07,11,TH,42000
hi.wikipedia.org,2026-07,12,CA,40000
hi.wikipedia.org,2026-07,13,AR,40000
hi.wikipedia.org,2026-07,14,ID,39000
hi.wikipedia.org,2026-07,16,DE,36000
hi.wikipedia.org,2026-07,18,NP,31000
hi.wikipedia.org,2026-07,19,PL,28000
hi.wikipedia.org,2026-07,20,ZA,27000
hi.wikipedia.org,2026-07,22,ES,25000
hi.wikipedia.org,2026-07,23,JP,25000
hi.wikipedia.org,2026-07,24,UA,25000
hi.wikipedia.org,2026-07,26,CO,23000
hi.wikipedia.org,2026-07,27,PH,22000
hi.wikipedia.org,2026-07,28,IT,16000
hi.wikipedia.org,2026-07,30,CL,15000
hi.wikipedia.org,2026-07,31,MA,15000
hi.wikipedia.org,2026-07,32,MY,15000
hi.wikipedia.org,2026-07,33,SE,14000
hi.wikipedia.org,2026-07,34,AU,13000
hi.wikipedia.org,2026-07,35,TN,12000
hi.wikipedia.org,2026-07,36,EC,11000
hi.wikipedia.org,2026-07,40,SK,9000
hi.wikipedia.org,2026-07,42,DZ,8000
hi.wikipedia.org,2026-07,43,PE,8000
hi.wikipedia.org,2026-07,44,OM,8000
hi.wikipedia.org,2026-07,45,IL,7000
hi.wikipedia.org,2026-07,46,UY,7000
hi.wikipedia.org,2026-07,47,KW,7000
hi.wikipedia.org,2026-07,48,QA,7000
hi.wikipedia.org,2026-07,49,RO,7000
hi.wikipedia.org,2026-07,50,KR,7000
hi.wikipedia.org,2026-07,51,JO,7000
hi.wikipedia.org,2026-07,53,TW,6000
hi.wikipedia.org,2026-07,55,NG,6000
hi.wikipedia.org,2026-07,56,PY,5000
hi.wikipedia.org,2026-07,58,PT,5000
hi.wikipedia.org,2026-07,59,BO,5000
hi.wikipedia.org,2026-07,60,KE,5000
hi.wikipedia.org,2026-07,61,BE,5000
hi.wikipedia.org,2026-07,62,IE,5000
hi.wikipedia.org,2026-07,65,LK,4000
hi.wikipedia.org,2026-07,66,GR,4000
hi.wikipedia.org,2026-07,67,DO,4000
hi.wikipedia.org,2026-07,68,BG,3000
hi.wikipedia.org,2026-07,69,CH,3000
hi.wikipedia.org,2026-07,71,NZ,3000
hi.wikipedia.org,2026-07,72,HU,3000
hi.wikipedia.org,2026-07,73,FI,3000
hi.wikipedia.org,2026-07,75,CZ,3000
hi.wikipedia.org,2026-07,76,PA,3000
hi.wikipedia.org,2026-07,77,RS,3000
hi.wikipedia.org,2026-07,79,CR,3000
hi.wikipedia.org,2026-07,80,GH,3000
hi.wikipedia.org,2026-07,81,SN,3000
hi.wikipedia.org,2026-07,82,MD,3000
hi.wikipedia.org,2026-07,83,MU,3000
hi.wikipedia.org,2026-07,84,CI,3000
hi.wikipedia.org,2026-07,85,AT,3000
hi.wikipedia.org,2026-07,86,NO,3000
hi.wikipedia.org,2026-07,90,BF,2000
hi.wikipedia.org,2026-07,92,TZ,2000
hi.wikipedia.org,2026-07,93,LT,2000
hi.wikipedia.org,2026-07,95,AO,2000
hi.wikipedia.org,2026-07,96,BA,2000
hi.wikipedia.org,2026-07,97,AL,2000
hi.wikipedia.org,2026-07,98,JM,2000
hi.wikipedia.org,2026-07,99,AM,2000
hi.wikipedia.org,2026-07,100,GE,2000
hi.wikipedia.org,2026-07,101,GT,2000
hi.wikipedia.org,2026-07,102,CD,2000
hi.wikipedia.org,2026-07,103,LV,2000
hi.wikipedia.org,2026-07,104,TG,2000
hi.wikipedia.org,2026-07,105,HR,2000
hi.wikipedia.org,2026-07,106,KG,2000
hi.wikipedia.org,2026-07,107,LB,2000
hi.wikipedia.org,2026-07,108,DK,2000
hi.wikipedia.org,2026-07,109,UG,2000
hi.wikipedia.org,2026-07,110,MN,2000
hi.wikipedia.org,2026-07,111,TT,2000
hi.wikipedia.org,2026-07,112,SV,2000
hi.wikipedia.org,2026-07,113,GA,1000
hi.wikipedia.org,2026-07,115,LY,1000
hi.wikipedia.org,2026-07,116,MV,1000
hi.wikipedia.org,2026-07,117,--,1000
hi.wikipedia.org,2026-07,118,XK,1000
hi.wikipedia.org,2026-07,119,ZM,1000
hi.wikipedia.org,2026-07,120,CY,1000
hi.wikipedia.org,2026-07,121,BJ,1000
hi.wikipedia.org,2026-07,122,MK,1000
hi.wikipedia.org,2026-07,123,CM,1000
hi.wikipedia.org,2026-07,124,PR,1000
hi.wikipedia.org,2026-07,125,CG,1000
hi.wikipedia.org,2026-07,126,EE,1000
hi.wikipedia.org,2026-07,127,GY,1000
hi.wikipedia.org,2026-07,128,ZW,1000
hi.wikipedia.org,2026-07,129,SI,1000
hi.wikipedia.org,2026-07,130,ML,1000
hi.wikipedia.org,2026-07,131,NA,1000
hi.wikipedia.org,2026-07,132,MG,1000
hi.wikipedia.org,2026-07,133,MW,1000
hi.wikipedia.org,2026-07,135,BN,1000
hi.wikipedia.org,2026-07,137,SR,1000
hi.wikipedia.org,2026-07,138,SC,1000
hi.wikipedia.org,2026-07,139,MT,1000
hi.wikipedia.org,2026-07,141,FJ,1000
hi.wikipedia.org,2026-07,142,LU,1000
hi.wikipedia.org,2026-07,143,MZ,1000
hi.wikipedia.org,2026-07,144,HT,1000
hi.wikipedia.org,2026-07,147,SO,1000
hi.wikipedia.org,2026-07,148,BW,1000
hi.wikipedia.org,2026-07,150,BB,1000
hi.wikipedia.org,2026-07,151,MR,1000
hi.wikipedia.org,2026-07,152,SL,1000
hi.wikipedia.org,2026-07,153,RE,1000
hi.wikipedia.org,2026-07,154,BS,1000
hi.wikipedia.org,2026-07,155,GN,1000
hi.wikipedia.org,2026-07,156,GD,1000
hi.wikipedia.org,2026-07,158,LR,1000
hi.wikipedia.org,2026-07,159,IS,1000
hi.wikipedia.org,2026-07,160,ME,1000
hi.wikipedia.org,2026-07,162,BZ,1000
hi.wikipedia.org,2026-07,162,DM,1000
hi.wikipedia.org,2026-07,164,SZ,1000
hi.wikipedia.org,2026-07,165,GP,1000
hi.wikipedia.org,2026-07,166,GM,1000
hi.wikipedia.org,2026-07,167,LS,1000
hi.wikipedia.org,2026-07,168,CV,1000
hi.wikipedia.org,2026-07,170,NE,1000
hi.wikipedia.org,2026-07,170,CW,1000
hi.wikipedia.org,2026-07,172,PG,1000
hi.wikipedia.org,2026-07,173,SS,1000
hi.wikipedia.org,2026-07,174,GF,1000
hi.wikipedia.org,2026-07,175,LC,1000
hi.wiktionary.org,2026-07,1,IN,113000
hi.wiktionary.org,2026-07,2,US,95000
hi.wiktionary.org,2026-07,3,SG,19000
hi.wiktionary.org,2026-07,4,BR,9000
hi.wiktionary.org,2026-07,7,MX,4000
hi.wiktionary.org,2026-07,8,NL,3000
hi.wiktionary.org,2026-07,9,ID,3000
hi.wiktionary.org,2026-07,10,GB,3000
hi.wiktionary.org,2026-07,11,FR,3000
hi.wiktionary.org,2026-07,12,PH,3000
hi.wiktionary.org,2026-07,15,DE,2000
hi.wiktionary.org,2026-07,16,UA,2000
hi.wiktionary.org,2026-07,18,CA,2000
hi.wiktionary.org,2026-07,19,AR,2000
hi.wiktionary.org,2026-07,20,JP,2000
hi.wiktionary.org,2026-07,22,MA,2000
hi.wiktionary.org,2026-07,23,ZA,2000
hi.wiktionary.org,2026-07,24,ES,2000
hi.wiktionary.org,2026-07,25,CO,2000
hi.wiktionary.org,2026-07,26,TH,2000
hi.wiktionary.org,2026-07,30,PL,1000
hi.wiktionary.org,2026-07,33,RO,1000
hi.wiktionary.org,2026-07,34,IT,1000
hi.wiktionary.org,2026-07,36,DZ,1000
hi.wiktionary.org,2026-07,37,LT,1000
hi.wiktionary.org,2026-07,38,JO,1000
hi.wiktionary.org,2026-07,39,PE,1000
hi.wiktionary.org,2026-07,40,NP,1000
hi.wiktionary.org,2026-07,41,AU,1000
hi.wiktionary.org,2026-07,42,SE,1000
hi.wiktionary.org,2026-07,43,UY,1000
hi.wiktionary.org,2026-07,44,MY,1000
hi.wiktionary.org,2026-07,45,FI,1000
hi.wiktionary.org,2026-07,47,CL,1000
hi.wiktionary.org,2026-07,48,PY,1000
hi.wiktionary.org,2026-07,50,EC,1000
hi.wiktionary.org,2026-07,51,KE,1000
hi.wiktionary.org,2026-07,53,GR,1000
hi.wiktionary.org,2026-07,54,OM,1000
hi.wiktionary.org,2026-07,55,NG,1000
hi.wiktionary.org,2026-07,56,BG,1000
hi.wiktionary.org,2026-07,57,BO,1000
hi.wiktionary.org,2026-07,58,IL,1000
hi.wiktionary.org,2026-07,60,TN,1000
hi.wiktionary.org,2026-07,61,DO,1000
hi.wiktionary.org,2026-07,62,BE,1000
hi.wiktionary.org,2026-07,63,PA,1000
hi.wiktionary.org,2026-07,64,CR,1000
hi.wiktionary.org,2026-07,65,PT,1000
hi.wiktionary.org,2026-07,66,KR,1000
hi.wiktionary.org,2026-07,68,SN,1000
hi.wiktionary.org,2026-07,69,LB,1000
hi.wiktionary.org,2026-07,69,TW,1000
hi.wiktionary.org,2026-07,72,IE,1000
hi.wiktionary.org,2026-07,73,JM,1000
hi.wiktionary.org,2026-07,75,CH,1000
hi.wiktionary.org,2026-07,79,HU,1000
hi.wiktionary.org,2026-07,80,AL,1000
hi.wiktionary.org,2026-07,81,RS,1000
hi.wiktionary.org,2026-07,82,CI,1000
hi.wiktionary.org,2026-07,84,KG,1000
hi.wiktionary.org,2026-07,85,QA,1000
hi.wiktionary.org,2026-07,85,AO,1000
hi.wiktionary.org,2026-07,87,CZ,1000
hi.wiktionary.org,2026-07,88,GE,1000
hi.wiktionary.org,2026-07,89,LY,1000
hi.wikisource.org,2026-07,1,US,94000
hi.wikisource.org,2026-07,2,IN,88000
hi.wikisource.org,2026-07,3,SG,18000
hi.wikisource.org,2026-07,4,BR,8000
hi.wikisource.org,2026-07,5,PH,5000
hi.wikisource.org,2026-07,8,MX,4000
hi.wikisource.org,2026-07,9,UA,3000
hi.wikisource.org,2026-07,11,ID,3000
hi.wikisource.org,2026-07,14,NL,3000
hi.wikisource.org,2026-07,16,GB,2000
hi.wikisource.org,2026-07,17,MA,2000
hi.wikisource.org,2026-07,19,DE,2000
hi.wikisource.org,2026-07,20,AR,2000
hi.wikisource.org,2026-07,21,TH,2000
hi.wikisource.org,2026-07,22,ES,2000
hi.wikisource.org,2026-07,23,ZA,2000
hi.wikisource.org,2026-07,25,CA,2000
hi.wikisource.org,2026-07,28,CO,2000
hi.wikisource.org,2026-07,29,DZ,2000
hi.wikisource.org,2026-07,30,PL,1000
hi.wikisource.org,2026-07,31,PE,1000
hi.wikisource.org,2026-07,32,UY,1000
hi.wikisource.org,2026-07,34,FR,1000
hi.wikisource.org,2026-07,35,RO,1000
hi.wikisource.org,2026-07,36,JO,1000
hi.wikisource.org,2026-07,37,JP,1000
hi.wikisource.org,2026-07,38,LT,1000
hi.wikisource.org,2026-07,40,KE,1000
hi.wikisource.org,2026-07,41,PY,1000
hi.wikisource.org,2026-07,42,SE,1000
hi.wikisource.org,2026-07,43,OM,1000
hi.wikisource.org,2026-07,45,TN,1000
hi.wikisource.org,2026-07,47,GR,1000
hi.wikisource.org,2026-07,49,CL,1000
hi.wikisource.org,2026-07,50,AU,1000
hi.wikisource.org,2026-07,51,BO,1000
hi.wikisource.org,2026-07,52,LB,1000
hi.wikisource.org,2026-07,53,MY,1000
hi.wikisource.org,2026-07,54,BG,1000
hi.wikisource.org,2026-07,55,DO,1000
hi.wikisource.org,2026-07,57,IT,1000
hi.wikisource.org,2026-07,57,CR,1000
hi.wikisource.org,2026-07,59,PA,1000
hi.wikisource.org,2026-07,60,EC,1000
hi.wikisource.org,2026-07,61,SN,1000
hi.wikisource.org,2026-07,62,NP,1000
hi.wikisource.org,2026-07,63,IL,1000
hi.wikisource.org,2026-07,67,NG,1000
hi.wikisource.org,2026-07,68,JM,1000
hi.wikisource.org,2026-07,69,PT,1000
hi.wikisource.org,2026-07,72,BE,1000
hi.wikisource.org,2026-07,73,MU,1000
hi.wikisource.org,2026-07,74,KG,1000
hi.wikisource.org,2026-07,75,CI,1000
hi.wikisource.org,2026-07,76,IE,1000
hi.wikisource.org,2026-07,77,AO,1000
hi.wikisource.org,2026-07,78,AL,1000
hi.wikisource.org,2026-07,79,BF,1000
hi.wikisource.org,2026-07,80,LY,1000
hi.wikisource.org,2026-07,81,CH,1000
hi.wikisource.org,2026-07,82,RS,1000
hi.wikisource.org,2026-07,83,QA,1000
hi.wikisource.org,2026-07,84,MD,1000
hi.wikisource.org,2026-07,85,GE,1000
hi.wikisource.org,2026-07,86,CG,1000
hi.wikisource.org,2026-07,88,FI,1000
hi.wikiquote.org,2026-07,1,US,32000
hi.wikiquote.org,2026-07,2,IN,18000
hi.wikiquote.org,2026-07,3,SG,7000
hi.wikiquote.org,2026-07,4,BR,6000
hi.wikiquote.org,2026-07,5,NL,5000
hi.wikiquote.org,2026-07,7,PH,4000
hi.wikiquote.org,2026-07,9,LT,3000
hi.wikiquote.org,2026-07,10,MX,2000
hi.wikiquote.org,2026-07,11,ID,2000
hi.wikiquote.org,2026-07,15,UA,2000
hi.wikiquote.org,2026-07,17,TH,2000
hi.wikiquote.org,2026-07,19,MA,2000
hi.wikiquote.org,2026-07,20,DE,2000
hi.wikiquote.org,2026-07,21,AR,1000
hi.wikiquote.org,2026-07,22,ES,1000
hi.wikiquote.org,2026-07,25,ZA,1000
hi.wikiquote.org,2026-07,26,GB,1000
hi.wikiquote.org,2026-07,27,DZ,1000
hi.wikiquote.org,2026-07,28,FR,1000
hi.wikiquote.org,2026-07,29,CO,1000
hi.wikiquote.org,2026-07,31,PL,1000
hi.wikiquote.org,2026-07,32,CA,1000
hi.wikiquote.org,2026-07,33,PE,1000
hi.wikiquote.org,2026-07,34,UY,1000
hi.wikiquote.org,2026-07,35,BG,1000
hi.wikiquote.org,2026-07,36,MY,1000
hi.wikiquote.org,2026-07,37,JO,1000
hi.wikiquote.org,2026-07,39,RO,1000
hi.wikiquote.org,2026-07,40,KE,1000
hi.wikiquote.org,2026-07,41,GR,1000
hi.wikiquote.org,2026-07,43,PY,1000
hi.wikiquote.org,2026-07,44,TN,1000
hi.wikiquote.org,2026-07,45,OM,1000
hi.wikiquote.org,2026-07,46,NP,1000
hi.wikiquote.org,2026-07,48,EC,1000
hi.wikiquote.org,2026-07,49,CL,1000
hi.wikiquote.org,2026-07,50,BO,1000
hi.wikiquote.org,2026-07,51,JP,1000
hi.wikiquote.org,2026-07,53,PA,1000
hi.wikiquote.org,2026-07,54,CR,1000
hi.wikiquote.org,2026-07,56,IT,1000
hi.wikiquote.org,2026-07,58,DO,1000
hi.wikiquote.org,2026-07,58,LB,1000
hi.wikiquote.org,2026-07,60,NG,1000
hi.wikiquote.org,2026-07,60,SN,1000
hi.wikiquote.org,2026-07,62,IL,1000
hi.wikiquote.org,2026-07,63,AU,1000
hi.wikiquote.org,2026-07,68,SE,1000
hi.wikiquote.org,2026-07,69,BF,1000
hi.wikiquote.org,2026-07,69,BE,1000
hi.wikiquote.org,2026-07,71,JM,1000
hi.wikiquote.org,2026-07,72,AO,1000
hi.wikiquote.org,2026-07,73,LY,1000
hi.wikiquote.org,2026-07,74,RS,1000
hi.wikiquote.org,2026-07,75,TW,1000
hi.wikiquote.org,2026-07,75,CI,1000
hi.wikiquote.org,2026-07,78,CG,1000
hi.wikiquote.org,2026-07,79,KG,1000
hi.wikibooks.org,2026-07,1,US,167000
hi.wikibooks.org,2026-07,2,IN,92000
hi.wikibooks.org,2026-07,3,SG,12000
hi.wikibooks.org,2026-07,5,BR,6000
hi.wikibooks.org,2026-07,6,GB,5000
hi.wikibooks.org,2026-07,7,MX,4000
hi.wikibooks.org,2026-07,9,CA,3000
hi.wikibooks.org,2026-07,10,JP,3000
hi.wikibooks.org,2026-07,11,SC,3000
hi.wikibooks.org,2026-07,12,PL,3000
hi.wikibooks.org,2026-07,13,NL,2000
hi.wikibooks.org,2026-07,14,ES,2000
hi.wikibooks.org,2026-07,15,DE,2000
hi.wikibooks.org,2026-07,16,AR,2000
hi.wikibooks.org,2026-07,17,ZA,2000
hi.wikibooks.org,2026-07,19,FR,2000
hi.wikibooks.org,2026-07,20,ID,2000
hi.wikibooks.org,2026-07,22,MA,2000
hi.wikibooks.org,2026-07,23,SE,2000
hi.wikibooks.org,2026-07,24,PH,2000
hi.wikibooks.org,2026-07,25,CO,1000
hi.wikibooks.org,2026-07,28,UA,1000
hi.wikibooks.org,2026-07,29,MY,1000
hi.wikibooks.org,2026-07,32,LT,1000
hi.wikibooks.org,2026-07,33,IT,1000
hi.wikibooks.org,2026-07,34,UY,1000
hi.wikibooks.org,2026-07,36,CL,1000
hi.wikibooks.org,2026-07,37,DZ,1000
hi.wikibooks.org,2026-07,39,PE,1000
hi.wikibooks.org,2026-07,40,IL,1000
hi.wikibooks.org,2026-07,41,RO,1000
hi.wikibooks.org,2026-07,42,EC,1000
hi.wikibooks.org,2026-07,43,TN,1000
hi.wikibooks.org,2026-07,44,TH,1000
hi.wikibooks.org,2026-07,46,AU,1000
hi.wikibooks.org,2026-07,48,FI,1000
hi.wikibooks.org,2026-07,49,BE,1000
hi.wikibooks.org,2026-07,51,JO,1000
hi.wikibooks.org,2026-07,52,PA,1000
hi.wikibooks.org,2026-07,53,PT,1000
hi.wikibooks.org,2026-07,55,NG,1000
hi.wikibooks.org,2026-07,55,DO,1000
hi.wikibooks.org,2026-07,57,OM,1000
hi.wikibooks.org,2026-07,58,GR,1000
hi.wikibooks.org,2026-07,60,NP,1000
hi.wikibooks.org,2026-07,61,IS,1000
hi.wikibooks.org,2026-07,62,BO,1000
hi.wikibooks.org,2026-07,63,CY,1000
hi.wikibooks.org,2026-07,64,CR,1000
hi.wikibooks.org,2026-07,66,PY,1000
hi.wikibooks.org,2026-07,67,TW,1000
hi.wikibooks.org,2026-07,67,GH,1000
hi.wikibooks.org,2026-07,69,DK,1000
hi.wikibooks.org,2026-07,71,IE,1000
hi.wikibooks.org,2026-07,72,KR,1000
hi.wikibooks.org,2026-07,73,BG,1000
hi.wikibooks.org,2026-07,75,KE,1000
hi.wikibooks.org,2026-07,76,KW,1000
hi.wikibooks.org,2026-07,78,EE,1000
hi.wikivoyage.org,2026-07,1,US,33000
hi.wikivoyage.org,2026-07,2,IN,7000
hi.wikivoyage.org,2026-07,3,SG,4000
hi.wikivoyage.org,2026-07,5,BR,2000
hi.wikivoyage.org,2026-07,6,GB,1000
hi.wikivoyage.org,2026-07,7,PL,1000
hi.wikivoyage.org,2026-07,8,MX,1000
hi.wikivoyage.org,2026-07,9,CA,1000
hi.wikivoyage.org,2026-07,10,NL,1000
hi.wikivoyage.org,2026-07,11,AR,1000
hi.wikivoyage.org,2026-07,12,DE,1000
hi.wikivoyage.org,2026-07,14,ZA,1000
hi.wikivoyage.org,2026-07,15,ES,1000
hi.wikivoyage.org,2026-07,16,CO,1000
hi.wikivoyage.org,2026-07,17,ID,1000
hi.wikivoyage.org,2026-07,18,FR,1000
hi.wikivoyage.org,2026-07,19,SE,1000
hi.wikivoyage.org,2026-07,20,JP,1000
hi.wikivoyage.org,2026-07,21,MA,1000
hi.wikivoyage.org,2026-07,23,BG,1000
hi.wikivoyage.org,2026-07,25,UA,1000
hi.wikivoyage.org,2026-07,26,RO,1000
hi.wikivoyage.org,2026-07,28,IT,1000
hi.wikivoyage.org,2026-07,30,CL,1000
hi.wikivoyage.org,2026-07,31,PH,1000
hi.wikivoyage.org,2026-07,33,TH,1000
hi.wikiversity.org,2026-07,1,US,22000
hi.wikiversity.org,2026-07,2,IN,5000
hi.wikiversity.org,2026-07,3,BR,3000
hi.wikiversity.org,2026-07,5,SG,2000
hi.wikiversity.org,2026-07,6,DE,2000
hi.wikiversity.org,2026-07,7,NL,2000
hi.wikiversity.org,2026-07,8,MX,1000
hi.wikiversity.org,2026-07,9,LT,1000
hi.wikiversity.org,2026-07,10,AR,1000
hi.wikiversity.org,2026-07,11,ID,1000
hi.wikiversity.org,2026-07,14,FR,1000
hi.wikiversity.org,2026-07,15,PH,1000
hi.wikiversity.org,2026-07,17,CO,1000
hi.wikiversity.org,2026-07,18,CA,1000
hi.wikiversity.org,2026-07,19,TH,1000
hi.wikiversity.org,2026-07,21,GB,1000
hi.wikiversity.org,2026-07,22,ZA,1000
hi.wikiversity.org,2026-07,24,MY,1000
hi.wikiversity.org,2026-07,25,CL,1000
hi.wikiversity.org,2026-07,26,UA,1000
hi.wikiversity.org,2026-07,27,TN,1000
hi.wikiversity.org,2026-07,28,PL,1000
hi.wikiversity.org,2026-07,30,EC,1000
hi.wikiversity.org,2026-07,31,MA,1000
hi.wikiversity.org,2026-07,32,ES,1000
hi.wikiversity.org,2026-07,34,IT,1000
hi.wikiversity.org,2026-07,36,BE,1000
hi.wikiversity.org,2026-07,37,AU,1000
hi.wikiversity.org,2026-07,39,UY,1000
hi.wikiversity.org,2026-07,40,DZ,1000
hi.wikiversity.org,2026-07,40,PE,1000
hi.wikiversity.org,2026-07,43,NP,1000
hi.wikiversity.org,2026-07,44,JP,1000
kn.wikipedia.org,2026-07,1,IN,1086000
kn.wikipedia.org,2026-07,2,US,210000
kn.wikipedia.org,2026-07,3,BR,45000
kn.wikipedia.org,2026-07,4,SG,39000
kn.wikipedia.org,2026-07,5,MX,16000
kn.wikipedia.org,2026-07,7,KE,11000
kn.wikipedia.org,2026-07,8,NL,10000
kn.wikipedia.org,2026-07,9,GB,9000
kn.wikipedia.org,2026-07,10,DE,7000
kn.wikipedia.org,2026-07,11,ID,7000
kn.wikipedia.org,2026-07,13,PL,6000
kn.wikipedia.org,2026-07,14,AR,6000
kn.wikipedia.org,2026-07,15,CO,6000
kn.wikipedia.org,2026-07,17,ES,5000
kn.wikipedia.org,2026-07,18,FR,5000
kn.wikipedia.org,2026-07,19,UA,5000
kn.wikipedia.org,2026-07,20,CA,4000
kn.wikipedia.org,2026-07,21,TH,4000
kn.wikipedia.org,2026-07,22,PH,4000
kn.wikipedia.org,2026-07,23,AU,4000
kn.wikipedia.org,2026-07,24,IT,4000
kn.wikipedia.org,2026-07,25,JP,4000
kn.wikipedia.org,2026-07,27,ZA,4000
kn.wikipedia.org,2026-07,28,CL,3000
kn.wikipedia.org,2026-07,30,PE,3000
kn.wikipedia.org,2026-07,31,MA,3000
kn.wikipedia.org,2026-07,35,RO,2000
kn.wikipedia.org,2026-07,36,SE,2000
kn.wikipedia.org,2026-07,37,EC,2000
kn.wikipedia.org,2026-07,40,KR,2000
kn.wikipedia.org,2026-07,41,MY,2000
kn.wikipedia.org,2026-07,42,TW,2000
kn.wikipedia.org,2026-07,43,DZ,2000
kn.wikipedia.org,2026-07,44,GR,2000
kn.wikipedia.org,2026-07,45,IL,2000
kn.wikipedia.org,2026-07,47,HU,2000
kn.wikipedia.org,2026-07,48,PT,2000
kn.wikipedia.org,2026-07,49,BG,2000
kn.wikipedia.org,2026-07,50,BE,2000
kn.wikipedia.org,2026-07,52,CZ,2000
kn.wikipedia.org,2026-07,53,IE,1000
kn.wikipedia.org,2026-07,54,TN,1000
kn.wikipedia.org,2026-07,55,RS,1000
kn.wikipedia.org,2026-07,56,PY,1000
kn.wikipedia.org,2026-07,57,JO,1000
kn.wikipedia.org,2026-07,59,CH,1000
kn.wikipedia.org,2026-07,60,BO,1000
kn.wikipedia.org,2026-07,62,UY,1000
kn.wikipedia.org,2026-07,63,NG,1000
kn.wikipedia.org,2026-07,64,OM,1000
kn.wikipedia.org,2026-07,65,NZ,1000
kn.wikipedia.org,2026-07,66,AT,1000
kn.wikipedia.org,2026-07,67,DO,1000
kn.wikipedia.org,2026-07,70,FI,1000
kn.wikipedia.org,2026-07,71,MD,1000
kn.wikipedia.org,2026-07,72,GT,1000
kn.wikipedia.org,2026-07,73,NO,1000
kn.wikipedia.org,2026-07,74,LK,1000
kn.wikipedia.org,2026-07,75,NP,1000
kn.wikipedia.org,2026-07,76,SK,1000
kn.wikipedia.org,2026-07,77,KW,1000
kn.wikipedia.org,2026-07,78,DK,1000
kn.wikipedia.org,2026-07,79,HR,1000
kn.wikipedia.org,2026-07,81,PA,1000
kn.wikipedia.org,2026-07,82,LT,1000
kn.wikipedia.org,2026-07,83,QA,1000
kn.wikipedia.org,2026-07,86,GE,1000
kn.wikipedia.org,2026-07,87,CR,1000
kn.wikipedia.org,2026-07,88,LV,1000
kn.wikipedia.org,2026-07,88,BA,1000
kn.wikipedia.org,2026-07,90,MN,1000
kn.wikipedia.org,2026-07,91,AM,1000
kn.wikipedia.org,2026-07,92,CI,1000
kn.wikipedia.org,2026-07,93,SN,1000
kn.wikipedia.org,2026-07,95,BF,1000
kn.wikipedia.org,2026-07,97,KG,1000
kn.wikipedia.org,2026-07,99,AL,1000
kn.wikipedia.org,2026-07,100,AO,1000
kn.wikipedia.org,2026-07,101,GH,1000
kn.wikipedia.org,2026-07,103,TZ,1000
kn.wikipedia.org,2026-07,104,CY,1000
kn.wikipedia.org,2026-07,104,TT,1000
kn.wikipedia.org,2026-07,106,SV,1000
kn.wikipedia.org,2026-07,108,SI,1000
kn.wikipedia.org,2026-07,109,MK,1000
kn.wikipedia.org,2026-07,110,XK,1000
kn.wikipedia.org,2026-07,111,GA,1000
kn.wikipedia.org,2026-07,112,EE,1000
kn.wikipedia.org,2026-07,113,PR,1000
kn.wikipedia.org,2026-07,114,TG,1000
kn.wikipedia.org,2026-07,116,CD,1000
kn.wikipedia.org,2026-07,119,JM,1000
kn.wikipedia.org,2026-07,120,ZW,1000
kn.wikipedia.org,2026-07,121,UG,1000
kn.wiktionary.org,2026-07,1,IN,331000
kn.wiktionary.org,2026-07,2,US,52000
kn.wiktionary.org,2026-07,3,SG,21000
kn.wiktionary.org,2026-07,4,BR,8000
kn.wiktionary.org,2026-07,6,MX,4000
kn.wiktionary.org,2026-07,8,ID,2000
kn.wiktionary.org,2026-07,9,GB,2000
kn.wiktionary.org,2026-07,10,AR,2000
kn.wiktionary.org,2026-07,11,UA,2000
kn.wiktionary.org,2026-07,12,JP,1000
kn.wiktionary.org,2026-07,13,CO,1000
kn.wiktionary.org,2026-07,14,DE,1000
kn.wiktionary.org,2026-07,15,NL,1000
kn.wiktionary.org,2026-07,16,MA,1000
kn.wiktionary.org,2026-07,17,CA,1000
kn.wiktionary.org,2026-07,18,ZA,1000
kn.wiktionary.org,2026-07,21,FR,1000
kn.wiktionary.org,2026-07,23,EC,1000
kn.wiktionary.org,2026-07,25,CL,1000
kn.wiktionary.org,2026-07,28,ES,1000
kn.wiktionary.org,2026-07,30,TH,1000
kn.wiktionary.org,2026-07,32,PH,1000
kn.wiktionary.org,2026-07,33,RO,1000
kn.wiktionary.org,2026-07,34,DZ,1000
kn.wiktionary.org,2026-07,35,PE,1000
kn.wiktionary.org,2026-07,36,TW,1000
kn.wiktionary.org,2026-07,37,PL,1000
kn.wiktionary.org,2026-07,39,AU,1000
kn.wiktionary.org,2026-07,40,UY,1000
kn.wiktionary.org,2026-07,41,IT,1000
kn.wiktionary.org,2026-07,44,TN,1000
kn.wiktionary.org,2026-07,46,JO,1000
kn.wiktionary.org,2026-07,47,FI,1000
kn.wiktionary.org,2026-07,48,MY,1000
kn.wiktionary.org,2026-07,49,PY,1000
kn.wiktionary.org,2026-07,51,IL,1000
kn.wiktionary.org,2026-07,52,DO,1000
kn.wiktionary.org,2026-07,53,BO,1000
kn.wiktionary.org,2026-07,54,SE,1000
kn.wiktionary.org,2026-07,55,GR,1000
kn.wiktionary.org,2026-07,56,SC,1000
kn.wiktionary.org,2026-07,57,IE,1000
kn.wiktionary.org,2026-07,58,PT,1000
kn.wiktionary.org,2026-07,60,NG,1000
kn.wiktionary.org,2026-07,62,PA,1000
kn.wiktionary.org,2026-07,63,CR,1000
kn.wiktionary.org,2026-07,64,--,1000
kn.wikisource.org,2026-07,1,IN,78000
kn.wikisource.org,2026-07,2,US,56000
kn.wikisource.org,2026-07,3,SG,14000
kn.wikisource.org,2026-07,4,BR,7000
kn.wikisource.org,2026-07,5,PH,5000
kn.wikisource.org,2026-07,8,NL,3000
kn.wikisource.org,2026-07,10,MX,3000
kn.wikisource.org,2026-07,11,ID,3000
kn.wikisource.org,2026-07,14,UA,3000
kn.wikisource.org,2026-07,17,TH,2000
kn.wikisource.org,2026-07,19,MA,2000
kn.wikisource.org,2026-07,20,AR,2000
kn.wikisource.org,2026-07,23,GB,2000
kn.wikisource.org,2026-07,24,LT,2000
kn.wikisource.org,2026-07,25,ZA,2000
kn.wikisource.org,2026-07,27,ES,2000
kn.wikisource.org,2026-07,28,DZ,1000
kn.wikisource.org,2026-07,29,CO,1000
kn.wikisource.org,2026-07,30,PE,1000
kn.wikisource.org,2026-07,31,UY,1000
kn.wikisource.org,2026-07,32,DE,1000
kn.wikisource.org,2026-07,34,JO,1000
kn.wikisource.org,2026-07,35,FR,1000
kn.wikisource.org,2026-07,36,CA,1000
kn.wikisource.org,2026-07,37,MY,1000
kn.wikisource.org,2026-07,38,RO,1000
kn.wikisource.org,2026-07,39,KE,1000
kn.wikisource.org,2026-07,40,PL,1000
kn.wikisource.org,2026-07,41,PY,1000
kn.wikisource.org,2026-07,42,TN,1000
kn.wikisource.org,2026-07,43,OM,1000
kn.wikisource.org,2026-07,47,GR,1000
kn.wikisource.org,2026-07,49,CL,1000
kn.wikisource.org,2026-07,50,BG,1000
kn.wikisource.org,2026-07,50,IT,1000
kn.wikisource.org,2026-07,52,CR,1000
kn.wikisource.org,2026-07,53,BO,1000
kn.wikisource.org,2026-07,54,PA,1000
kn.wikisource.org,2026-07,55,JP,1000
kn.wikisource.org,2026-07,56,AU,1000
kn.wikisource.org,2026-07,57,LB,1000
kn.wikisource.org,2026-07,58,EC,1000
kn.wikisource.org,2026-07,60,DO,1000
kn.wikisource.org,2026-07,61,NP,1000
kn.wikisource.org,2026-07,62,SN,1000
kn.wikisource.org,2026-07,63,IL,1000
kn.wikisource.org,2026-07,65,NG,1000
kn.wikisource.org,2026-07,67,IE,1000
kn.wikisource.org,2026-07,69,JM,1000
kn.wikisource.org,2026-07,70,SE,1000
kn.wikisource.org,2026-07,72,CI,1000
kn.wikisource.org,2026-07,73,LY,1000
kn.wikisource.org,2026-07,73,AO,1000
kn.wikisource.org,2026-07,75,PT,1000
kn.wikisource.org,2026-07,77,RS,1000
kn.wikisource.org,2026-07,78,BF,1000
kn.wikisource.org,2026-07,80,AL,1000
kn.wikisource.org,2026-07,81,KG,1000
kn.wikisource.org,2026-07,82,TZ,1000
kn.wikisource.org,2026-07,83,GE,1000
kn.wikisource.org,2026-07,84,MD,1000
kn.wikiquote.org,2026-07,1,IN,9000
kn.wikiquote.org,2026-07,2,US,8000
kn.wikiquote.org,2026-07,3,BR,6000
kn.wikiquote.org,2026-07,4,PH,4000
kn.wikiquote.org,2026-07,5,SG,4000
kn.wikiquote.org,2026-07,11,UA,2000
kn.wikiquote.org,2026-07,12,ID,2000
kn.wikiquote.org,2026-07,13,MX,2000
kn.wikiquote.org,2026-07,15,TH,2000
kn.wikiquote.org,2026-07,16,MA,2000
kn.wikiquote.org,2026-07,17,AR,2000
kn.wikiquote.org,2026-07,19,NL,2000
kn.wikiquote.org,2026-07,21,ZA,1000
kn.wikiquote.org,2026-07,23,DZ,1000
kn.wikiquote.org,2026-07,24,CO,1000
kn.wikiquote.org,2026-07,25,ES,1000
kn.wikiquote.org,2026-07,27,UY,1000
kn.wikiquote.org,2026-07,28,PE,1000
kn.wikiquote.org,2026-07,29,LT,1000
kn.wikiquote.org,2026-07,30,JO,1000
kn.wikiquote.org,2026-07,31,FR,1000
kn.wikiquote.org,2026-07,32,TN,1000
kn.wikiquote.org,2026-07,33,KE,1000
kn.wikiquote.org,2026-07,34,MY,1000
kn.wikiquote.org,2026-07,36,PY,1000
kn.wikiquote.org,2026-07,37,OM,1000
kn.wikiquote.org,2026-07,39,RO,1000
kn.wikiquote.org,2026-07,41,CL,1000
kn.wikiquote.org,2026-07,42,PL,1000
kn.wikiquote.org,2026-07,44,GR,1000
kn.wikiquote.org,2026-07,45,EC,1000
kn.wikiquote.org,2026-07,46,PA,1000
kn.wikiquote.org,2026-07,47,DO,1000
kn.wikiquote.org,2026-07,47,BO,1000
kn.wikiquote.org,2026-07,49,CR,1000
kn.wikiquote.org,2026-07,50,GB,1000
kn.wikiquote.org,2026-07,51,LB,1000
kn.wikiquote.org,2026-07,51,BG,1000
kn.wikiquote.org,2026-07,54,DE,1000
kn.wikiquote.org,2026-07,55,IL,1000
kn.wikiquote.org,2026-07,56,SN,1000
kn.wikiquote.org,2026-07,57,NP,1000
kn.wikiquote.org,2026-07,58,IT,1000
kn.wikiquote.org,2026-07,59,NG,1000
kn.wikiquote.org,2026-07,62,CA,1000
kn.wikiquote.org,2026-07,62,BF,1000
kn.wikiquote.org,2026-07,65,AU,1000
kn.wikiquote.org,2026-07,66,LY,1000
kn.wikiquote.org,2026-07,66,JM,1000
kn.wikiquote.org,2026-07,68,KG,1000
kn.wikiquote.org,2026-07,69,CI,1000
kn.wikiquote.org,2026-07,71,AO,1000
kn.wikiquote.org,2026-07,72,QA,1000
ks.wikipedia.org,2026-07,1,US,67000
ks.wikipedia.org,2026-07,2,SG,22000
ks.wikipedia.org,2026-07,3,IN,19000
ks.wikipedia.org,2026-07,4,BR,14000
ks.wikipedia.org,2026-07,6,MX,5000
ks.wikipedia.org,2026-07,8,PL,4000
ks.wikipedia.org,2026-07,11,AR,3000
ks.wikipedia.org,2026-07,12,ID,3000
ks.wikipedia.org,2026-07,13,FR,3000
ks.wikipedia.org,2026-07,14,GB,3000
ks.wikipedia.org,2026-07,15,DE,2000
ks.wikipedia.org,2026-07,17,PH,2000
ks.wikipedia.org,2026-07,17,CO,2000
ks.wikipedia.org,2026-07,19,UA,2000
ks.wikipedia.org,2026-07,20,NL,2000
ks.wikipedia.org,2026-07,21,ZA,2000
ks.wikipedia.org,2026-07,22,TH,2000
ks.wikipedia.org,2026-07,23,CA,2000
ks.wikipedia.org,2026-07,24,MA,2000
ks.wikipedia.org,2026-07,25,ES,2000
ks.wikipedia.org,2026-07,26,CL,1000
ks.wikipedia.org,2026-07,27,IT,1000
ks.wikipedia.org,2026-07,29,AU,1000
ks.wikipedia.org,2026-07,30,MY,1000
ks.wikipedia.org,2026-07,31,JP,1000
ks.wikipedia.org,2026-07,32,TN,1000
ks.wikipedia.org,2026-07,34,EC,1000
ks.wikipedia.org,2026-07,39,PE,1000
ks.wikipedia.org,2026-07,41,DZ,1000
ks.wikipedia.org,2026-07,42,RO,1000
ks.wikipedia.org,2026-07,43,SE,1000
ks.wikipedia.org,2026-07,44,TW,1000
ks.wikipedia.org,2026-07,45,JO,1000
ks.wikipedia.org,2026-07,46,UY,1000
ks.wikipedia.org,2026-07,47,GR,1000
ks.wikipedia.org,2026-07,49,KR,1000
ks.wikipedia.org,2026-07,50,IL,1000
ks.wikipedia.org,2026-07,51,CH,1000
ks.wikipedia.org,2026-07,53,PY,1000
ks.wikipedia.org,2026-07,54,NG,1000
ks.wikipedia.org,2026-07,55,PT,1000
ks.wikipedia.org,2026-07,56,BO,1000
ks.wikipedia.org,2026-07,57,BG,1000
ks.wikipedia.org,2026-07,58,KE,1000
ks.wikipedia.org,2026-07,59,HU,1000
ks.wikipedia.org,2026-07,60,OM,1000
ks.wikipedia.org,2026-07,62,DO,1000
ks.wikipedia.org,2026-07,63,SO,1000
ks.wikipedia.org,2026-07,64,NP,1000
ks.wikipedia.org,2026-07,65,BE,1000
ks.wikipedia.org,2026-07,66,CZ,1000
ks.wikipedia.org,2026-07,67,RS,1000
ks.wikipedia.org,2026-07,67,IE,1000
ks.wikipedia.org,2026-07,69,FI,1000
ks.wikipedia.org,2026-07,71,NO,1000
ks.wikipedia.org,2026-07,72,MD,1000
ks.wikipedia.org,2026-07,73,PA,1000
ks.wikipedia.org,2026-07,74,AT,1000
ks.wikipedia.org,2026-07,76,GH,1000
ks.wikipedia.org,2026-07,77,SN,1000
ks.wikipedia.org,2026-07,79,QA,1000
ks.wikipedia.org,2026-07,79,CR,1000
ks.wikipedia.org,2026-07,81,BF,1000
ks.wikipedia.org,2026-07,82,CI,1000
ks.wikipedia.org,2026-07,83,SK,1000
ks.wikipedia.org,2026-07,84,LT,1000
ks.wikipedia.org,2026-07,87,NZ,1000
ks.wikipedia.org,2026-07,88,GT,1000
ks.wikipedia.org,2026-07,90,LK,1000
ks.wikipedia.org,2026-07,90,KW,1000
ks.wikipedia.org,2026-07,93,BA,1000
ks.wikipedia.org,2026-07,94,AO,1000
ks.wiktionary.org,2026-07,1,US,12000
ks.wiktionary.org,2026-07,2,SG,4000
ks.wiktionary.org,2026-07,3,BR,2000
ks.wiktionary.org,2026-07,4,IN,1000
ks.wiktionary.org,2026-07,5,MX,1000
ks.wiktionary.org,2026-07,7,ID,1000
ks.wiktionary.org,2026-07,8,GB,1000
ks.wiktionary.org,2026-07,9,FR,1000
ks.wiktionary.org,2026-07,10,DE,1000
ks.wiktionary.org,2026-07,14,UA,1000
ks.wiktionary.org,2026-07,15,JP,1000
ks.wiktionary.org,2026-07,16,NL,1000
ks.wiktionary.org,2026-07,17,PH,1000
ks.wiktionary.org,2026-07,18,AR,1000
ks.wiktionary.org,2026-07,20,CA,1000
ks.wiktionary.org,2026-07,22,AU,1000
ks.wiktionary.org,2026-07,23,ZA,1000
ks.wiktionary.org,2026-07,24,CO,1000
ks.wiktionary.org,2026-07,26,MA,1000
mag.wikipedia.org,2026-07,1,US,326000
mag.wikipedia.org,2026-07,3,ID,3000
mag.wikipedia.org,2026-07,4,PH,3000
mag.wikipedia.org,2026-07,5,IN,3000
mag.wikipedia.org,2026-07,7,MY,2000
mag.wikipedia.org,2026-07,8,BR,2000
mag.wikipedia.org,2026-07,10,GB,1000
mag.wikipedia.org,2026-07,11,MX,1000
mag.wikipedia.org,2026-07,13,SG,1000
mag.wikipedia.org,2026-07,14,FR,1000
mag.wikipedia.org,2026-07,15,UA,1000
mag.wikipedia.org,2026-07,16,CA,1000
mag.wikipedia.org,2026-07,17,TH,1000
mag.wikipedia.org,2026-07,18,DE,1000
mag.wikipedia.org,2026-07,19,IT,1000
mag.wikipedia.org,2026-07,19,KR,1000
mag.wikipedia.org,2026-07,21,ES,1000
mag.wikipedia.org,2026-07,22,JP,1000
mag.wikipedia.org,2026-07,23,AU,1000
mag.wikipedia.org,2026-07,24,NL,1000
mag.wikipedia.org,2026-07,25,PL,1000
mag.wikipedia.org,2026-07,28,AR,1000
mag.wikipedia.org,2026-07,29,ZA,1000
mag.wikipedia.org,2026-07,30,CO,1000
mag.wikipedia.org,2026-07,31,RO,1000
mai.wikipedia.org,2026-07,1,US,261000
mai.wikipedia.org,2026-07,2,IN,53000
mai.wikipedia.org,2026-07,3,SG,20000
mai.wikipedia.org,2026-07,4,BR,17000
mai.wikipedia.org,2026-07,6,MX,6000
mai.wikipedia.org,2026-07,7,PL,5000
mai.wikipedia.org,2026-07,8,GB,4000
mai.wikipedia.org,2026-07,9,ID,4000
mai.wikipedia.org,2026-07,10,NP,3000
mai.wikipedia.org,2026-07,11,NL,3000
mai.wikipedia.org,2026-07,12,DE,3000
mai.wikipedia.org,2026-07,13,AR,3000
mai.wikipedia.org,2026-07,18,PH,3000
mai.wikipedia.org,2026-07,19,CO,2000
mai.wikipedia.org,2026-07,20,FR,2000
mai.wikipedia.org,2026-07,21,UA,2000
mai.wikipedia.org,2026-07,22,TH,2000
mai.wikipedia.org,2026-07,23,CA,2000
mai.wikipedia.org,2026-07,24,ES,2000
mai.wikipedia.org,2026-07,26,ZA,2000
mai.wikipedia.org,2026-07,27,JP,2000
mai.wikipedia.org,2026-07,28,MY,2000
mai.wikipedia.org,2026-07,29,AU,2000
mai.wikipedia.org,2026-07,30,CL,2000
mai.wikipedia.org,2026-07,31,IT,2000
mai.wikipedia.org,2026-07,33,MA,1000
mai.wikipedia.org,2026-07,34,PE,1000
mai.wikipedia.org,2026-07,35,RO,1000
mai.wikipedia.org,2026-07,39,EC,1000
mai.wikipedia.org,2026-07,40,TW,1000
mai.wikipedia.org,2026-07,41,SE,1000
mai.wikipedia.org,2026-07,42,GR,1000
mai.wikipedia.org,2026-07,43,DZ,1000
mai.wikipedia.org,2026-07,46,KR,1000
mai.wikipedia.org,2026-07,47,TN,1000
mai.wikipedia.org,2026-07,48,IL,1000
mai.wikipedia.org,2026-07,49,HU,1000
mai.wikipedia.org,2026-07,50,PT,1000
mai.wikipedia.org,2026-07,51,BG,1000
mai.wikipedia.org,2026-07,52,CZ,1000
mai.wikipedia.org,2026-07,53,BE,1000
mai.wikipedia.org,2026-07,55,CH,1000
mai.wikipedia.org,2026-07,55,IE,1000
mai.wikipedia.org,2026-07,57,UY,1000
mai.wikipedia.org,2026-07,59,BO,1000
mai.wikipedia.org,2026-07,60,RS,1000
mai.wikipedia.org,2026-07,61,NG,1000
mai.wikipedia.org,2026-07,62,JO,1000
mai.wikipedia.org,2026-07,63,PY,1000
mai.wikipedia.org,2026-07,64,DO,1000
mai.wikipedia.org,2026-07,66,AT,1000
mai.wikipedia.org,2026-07,67,MD,1000
mai.wikipedia.org,2026-07,68,NZ,1000
mai.wikipedia.org,2026-07,69,KE,1000
mai.wikipedia.org,2026-07,71,NO,1000
mai.wikipedia.org,2026-07,72,OM,1000
mai.wikipedia.org,2026-07,73,FI,1000
mai.wikipedia.org,2026-07,74,SK,1000
mai.wikipedia.org,2026-07,75,QA,1000
mai.wikipedia.org,2026-07,76,LT,1000
mai.wikipedia.org,2026-07,77,GT,1000
mai.wikipedia.org,2026-07,77,PA,1000
mai.wikipedia.org,2026-07,79,LK,1000
mai.wikipedia.org,2026-07,80,KW,1000
mai.wikipedia.org,2026-07,81,CR,1000
mai.wikipedia.org,2026-07,82,MN,1000
mai.wikipedia.org,2026-07,83,CI,1000
mai.wikipedia.org,2026-07,85,SN,1000
mai.wikipedia.org,2026-07,86,HR,1000
mai.wikipedia.org,2026-07,88,BA,1000
mai.wikipedia.org,2026-07,89,DK,1000
mai.wikipedia.org,2026-07,91,GE,1000
mai.wikipedia.org,2026-07,92,GH,1000
mai.wikipedia.org,2026-07,93,LV,1000
ml.wikipedia.org,2026-07,1,IN,2092000
ml.wikipedia.org,2026-07,2,US,310000
ml.wikipedia.org,2026-07,3,SG,73000
ml.wikipedia.org,2026-07,5,BR,45000
ml.wikipedia.org,2026-07,7,MX,19000
ml.wikipedia.org,2026-07,8,GB,16000
ml.wikipedia.org,2026-07,10,NL,12000
ml.wikipedia.org,2026-07,11,QA,11000
ml.wikipedia.org,2026-07,12,ID,10000
ml.wikipedia.org,2026-07,13,DE,10000
ml.wikipedia.org,2026-07,14,OM,8000
ml.wikipedia.org,2026-07,15,CA,8000
ml.wikipedia.org,2026-07,16,FR,8000
ml.wikipedia.org,2026-07,17,PL,8000
ml.wikipedia.org,2026-07,18,KW,7000
ml.wikipedia.org,2026-07,19,UA,7000
ml.wikipedia.org,2026-07,21,AR,6000
ml.wikipedia.org,2026-07,22,JP,6000
ml.wikipedia.org,2026-07,23,ES,5000
ml.wikipedia.org,2026-07,26,AU,5000
ml.wikipedia.org,2026-07,27,CO,5000
ml.wikipedia.org,2026-07,28,IT,4000
ml.wikipedia.org,2026-07,29,PH,4000
ml.wikipedia.org,2026-07,30,TH,4000
ml.wikipedia.org,2026-07,31,SE,4000
ml.wikipedia.org,2026-07,32,ZA,4000
ml.wikipedia.org,2026-07,33,MY,3000
ml.wikipedia.org,2026-07,36,LT,3000
ml.wikipedia.org,2026-07,37,CL,3000
ml.wikipedia.org,2026-07,38,RO,3000
ml.wikipedia.org,2026-07,40,MA,3000
ml.wikipedia.org,2026-07,41,IL,2000
ml.wikipedia.org,2026-07,42,IE,2000
ml.wikipedia.org,2026-07,43,PE,2000
ml.wikipedia.org,2026-07,45,EC,2000
ml.wikipedia.org,2026-07,46,TW,2000
ml.wikipedia.org,2026-07,47,KR,2000
ml.wikipedia.org,2026-07,51,DZ,2000
ml.wikipedia.org,2026-07,52,CH,2000
ml.wikipedia.org,2026-07,54,GR,2000
ml.wikipedia.org,2026-07,56,NZ,2000
ml.wikipedia.org,2026-07,57,PT,2000
ml.wikipedia.org,2026-07,58,BE,1000
ml.wikipedia.org,2026-07,58,JO,1000
ml.wikipedia.org,2026-07,60,BG,1000
ml.wikipedia.org,2026-07,61,CZ,1000
ml.wikipedia.org,2026-07,62,PY,1000
ml.wikipedia.org,2026-07,63,HU,1000
ml.wikipedia.org,2026-07,64,UY,1000
ml.wikipedia.org,2026-07,66,TN,1000
ml.wikipedia.org,2026-07,67,FI,1000
ml.wikipedia.org,2026-07,68,AT,1000
ml.wikipedia.org,2026-07,69,NG,1000
ml.wikipedia.org,2026-07,70,NP,1000
ml.wikipedia.org,2026-07,71,BO,1000
ml.wikipedia.org,2026-07,72,KE,1000
ml.wikipedia.org,2026-07,73,NO,1000
ml.wikipedia.org,2026-07,74,RS,1000
ml.wikipedia.org,2026-07,75,MD,1000
ml.wikipedia.org,2026-07,76,DO,1000
ml.wikipedia.org,2026-07,78,LK,1000
ml.wikipedia.org,2026-07,80,DK,1000
ml.wikipedia.org,2026-07,81,SK,1000
ml.wikipedia.org,2026-07,82,PA,1000
ml.wikipedia.org,2026-07,84,LV,1000
ml.wikipedia.org,2026-07,85,MT,1000
ml.wikipedia.org,2026-07,86,BA,1000
ml.wikipedia.org,2026-07,87,CR,1000
ml.wikipedia.org,2026-07,88,MV,1000
ml.wikipedia.org,2026-07,90,SN,1000
ml.wikipedia.org,2026-07,91,HR,1000
ml.wikipedia.org,2026-07,92,AM,1000
ml.wikipedia.org,2026-07,93,GE,1000
ml.wikipedia.org,2026-07,94,CI,1000
ml.wikipedia.org,2026-07,95,GT,1000
ml.wikipedia.org,2026-07,97,GH,1000
ml.wikipedia.org,2026-07,101,TZ,1000
ml.wikipedia.org,2026-07,102,MN,1000
ml.wikipedia.org,2026-07,103,KG,1000
ml.wikipedia.org,2026-07,104,AL,1000
ml.wikipedia.org,2026-07,105,EE,1000
ml.wikipedia.org,2026-07,106,BF,1000
ml.wikipedia.org,2026-07,107,AO,1000
ml.wikipedia.org,2026-07,108,SI,1000
ml.wikipedia.org,2026-07,109,SC,1000
ml.wikipedia.org,2026-07,111,TT,1000
ml.wikipedia.org,2026-07,112,JM,1000
ml.wikipedia.org,2026-07,112,CD,1000
ml.wikipedia.org,2026-07,114,SV,1000
ml.wikipedia.org,2026-07,115,LB,1000
ml.wikipedia.org,2026-07,116,UG,1000
ml.wikipedia.org,2026-07,117,XK,1000
ml.wikipedia.org,2026-07,118,LY,1000
ml.wikipedia.org,2026-07,121,--,1000
ml.wikipedia.org,2026-07,122,TG,1000
ml.wikipedia.org,2026-07,123,CY,1000
ml.wikipedia.org,2026-07,124,GA,1000
ml.wikipedia.org,2026-07,125,MK,1000
ml.wikipedia.org,2026-07,126,PR,1000
ml.wikipedia.org,2026-07,127,MU,1000
ml.wiktionary.org,2026-07,1,IN,36000
ml.wiktionary.org,2026-07,2,US,33000
ml.wiktionary.org,2026-07,3,SG,21000
ml.wiktionary.org,2026-07,4,BR,10000
ml.wiktionary.org,2026-07,5,MX,5000
ml.wiktionary.org,2026-07,6,PH,5000
ml.wiktionary.org,2026-07,7,ID,5000
ml.wiktionary.org,2026-07,8,UA,4000
ml.wiktionary.org,2026-07,13,DE,2000
ml.wiktionary.org,2026-07,14,GB,2000
ml.wiktionary.org,2026-07,18,MA,2000
ml.wiktionary.org,2026-07,22,AR,2000
ml.wiktionary.org,2026-07,23,TH,2000
ml.wiktionary.org,2026-07,24,JP,2000
ml.wiktionary.org,2026-07,25,ZA,2000
ml.wiktionary.org,2026-07,27,ES,2000
ml.wiktionary.org,2026-07,28,CA,1000
ml.wiktionary.org,2026-07,29,CO,1000
ml.wiktionary.org,2026-07,30,NL,1000
ml.wiktionary.org,2026-07,31,JO,1000
ml.wiktionary.org,2026-07,32,DZ,1000
ml.wiktionary.org,2026-07,34,PE,1000
ml.wiktionary.org,2026-07,35,RO,1000
ml.wiktionary.org,2026-07,36,FR,1000
ml.wiktionary.org,2026-07,38,UY,1000
ml.wiktionary.org,2026-07,40,KE,1000
ml.wiktionary.org,2026-07,41,PY,1000
ml.wiktionary.org,2026-07,42,OM,1000
ml.wiktionary.org,2026-07,45,PL,1000
ml.wiktionary.org,2026-07,46,AU,1000
ml.wiktionary.org,2026-07,47,MY,1000
ml.wiktionary.org,2026-07,48,PA,1000
ml.wiktionary.org,2026-07,49,GR,1000
ml.wiktionary.org,2026-07,50,DO,1000
ml.wiktionary.org,2026-07,52,IT,1000
ml.wiktionary.org,2026-07,53,CR,1000
ml.wiktionary.org,2026-07,54,BO,1000
ml.wiktionary.org,2026-07,55,LB,1000
ml.wiktionary.org,2026-07,56,SN,1000
ml.wiktionary.org,2026-07,57,IL,1000
ml.wiktionary.org,2026-07,59,NG,1000
ml.wiktionary.org,2026-07,60,BG,1000
ml.wiktionary.org,2026-07,61,TN,1000
ml.wiktionary.org,2026-07,62,QA,1000
ml.wiktionary.org,2026-07,66,FI,1000
ml.wiktionary.org,2026-07,67,CL,1000
ml.wiktionary.org,2026-07,68,JM,1000
ml.wiktionary.org,2026-07,70,EC,1000
ml.wiktionary.org,2026-07,71,NP,1000
ml.wiktionary.org,2026-07,72,SE,1000
ml.wiktionary.org,2026-07,73,SC,1000
ml.wiktionary.org,2026-07,74,KG,1000
ml.wiktionary.org,2026-07,75,CG,1000
ml.wiktionary.org,2026-07,76,LY,1000
ml.wiktionary.org,2026-07,77,AL,1000
ml.wiktionary.org,2026-07,78,GE,1000
ml.wiktionary.org,2026-07,79,LT,1000
ml.wiktionary.org,2026-07,80,CI,1000
ml.wiktionary.org,2026-07,81,BE,1000
ml.wiktionary.org,2026-07,81,AO,1000
ml.wiktionary.org,2026-07,83,BF,1000
ml.wiktionary.org,2026-07,83,MD,1000
ml.wiktionary.org,2026-07,85,MK,1000
ml.wiktionary.org,2026-07,86,PT,1000
ml.wiktionary.org,2026-07,88,KR,1000
ml.wiktionary.org,2026-07,89,TZ,1000
ml.wikisource.org,2026-07,1,IN,177000
ml.wikisource.org,2026-07,2,US,66000
ml.wikisource.org,2026-07,3,SG,15000
ml.wikisource.org,2026-07,5,BR,5000
ml.wikisource.org,2026-07,6,PH,4000
ml.wikisource.org,2026-07,7,GB,3000
ml.wikisource.org,2026-07,8,NL,3000
ml.wikisource.org,2026-07,11,DE,3000
ml.wikisource.org,2026-07,12,MX,2000
ml.wikisource.org,2026-07,14,ID,2000
ml.wikisource.org,2026-07,15,CA,2000
ml.wikisource.org,2026-07,16,UA,2000
ml.wikisource.org,2026-07,19,KW,2000
ml.wikisource.org,2026-07,20,OM,2000
ml.wikisource.org,2026-07,23,TH,2000
ml.wikisource.org,2026-07,26,QA,2000
ml.wikisource.org,2026-07,27,LT,1000
ml.wikisource.org,2026-07,28,MA,1000
ml.wikisource.org,2026-07,29,ES,1000
ml.wikisource.org,2026-07,30,AR,1000
ml.wikisource.org,2026-07,31,FR,1000
ml.wikisource.org,2026-07,32,AU,1000
ml.wikisource.org,2026-07,34,ZA,1000
ml.wikisource.org,2026-07,36,DZ,1000
ml.wikisource.org,2026-07,38,IT,1000
ml.wikisource.org,2026-07,39,PL,1000
ml.wikisource.org,2026-07,40,CO,1000
ml.wikisource.org,2026-07,41,PE,1000
ml.wikisource.org,2026-07,42,UY,1000
ml.wikisource.org,2026-07,43,RO,1000
ml.wikisource.org,2026-07,44,JO,1000
ml.wikisource.org,2026-07,45,MY,1000
ml.wikisource.org,2026-07,46,JP,1000
ml.wikisource.org,2026-07,47,KE,1000
ml.wikisource.org,2026-07,48,IE,1000
ml.wikisource.org,2026-07,49,GR,1000
ml.wikisource.org,2026-07,50,PY,1000
ml.wikisource.org,2026-07,51,SE,1000
ml.wikisource.org,2026-07,54,IL,1000
ml.wikisource.org,2026-07,56,BG,1000
ml.wikisource.org,2026-07,56,FI,1000
ml.wikisource.org,2026-07,59,CR,1000
ml.wikisource.org,2026-07,60,BE,1000
ml.wikisource.org,2026-07,61,CH,1000
ml.wikisource.org,2026-07,61,NZ,1000
ml.wikisource.org,2026-07,63,NO,1000
ml.wikisource.org,2026-07,64,CL,1000
ml.wikisource.org,2026-07,65,BO,1000
ml.wikisource.org,2026-07,66,LB,1000
ml.wikisource.org,2026-07,67,TN,1000
ml.wikisource.org,2026-07,68,NP,1000
ml.wikisource.org,2026-07,69,PA,1000
ml.wikisource.org,2026-07,70,DO,1000
ml.wikisource.org,2026-07,72,SN,1000
ml.wikisource.org,2026-07,74,PT,1000
ml.wikisource.org,2026-07,75,AL,1000
ml.wikisource.org,2026-07,76,NG,1000
ml.wikisource.org,2026-07,77,EC,1000
ml.wikisource.org,2026-07,79,AT,1000
ml.wikisource.org,2026-07,82,LV,1000
ml.wikiquote.org,2026-07,1,IN,25000
ml.wikiquote.org,2026-07,2,US,12000
ml.wikiquote.org,2026-07,3,SG,6000
ml.wikiquote.org,2026-07,4,BR,5000
ml.wikiquote.org,2026-07,5,PH,3000
ml.wikiquote.org,2026-07,6,NL,3000
ml.wikiquote.org,2026-07,10,DE,2000
ml.wikiquote.org,2026-07,13,ID,2000
ml.wikiquote.org,2026-07,14,MX,2000
ml.wikiquote.org,2026-07,15,UA,2000
ml.wikiquote.org,2026-07,16,LT,2000
ml.wikiquote.org,2026-07,19,TH,2000
ml.wikiquote.org,2026-07,20,GB,2000
ml.wikiquote.org,2026-07,22,MA,2000
ml.wikiquote.org,2026-07,23,ES,1000
ml.wikiquote.org,2026-07,24,ZA,1000
ml.wikiquote.org,2026-07,25,AR,1000
ml.wikiquote.org,2026-07,29,CA,1000
ml.wikiquote.org,2026-07,30,DZ,1000
ml.wikiquote.org,2026-07,31,CO,1000
ml.wikiquote.org,2026-07,32,PL,1000
ml.wikiquote.org,2026-07,33,PE,1000
ml.wikiquote.org,2026-07,34,UY,1000
ml.wikiquote.org,2026-07,35,MY,1000
ml.wikiquote.org,2026-07,36,JO,1000
ml.wikiquote.org,2026-07,37,OM,1000
ml.wikiquote.org,2026-07,38,FR,1000
ml.wikiquote.org,2026-07,39,KE,1000
ml.wikiquote.org,2026-07,40,PY,1000
ml.wikiquote.org,2026-07,42,RO,1000
ml.wikiquote.org,2026-07,43,GR,1000
ml.wikiquote.org,2026-07,44,JP,1000
ml.wikiquote.org,2026-07,46,IT,1000
ml.wikiquote.org,2026-07,47,QA,1000
ml.wikiquote.org,2026-07,48,AU,1000
ml.wikiquote.org,2026-07,49,TN,1000
ml.wikiquote.org,2026-07,50,SE,1000
ml.wikiquote.org,2026-07,51,BG,1000
ml.wikiquote.org,2026-07,53,LB,1000
ml.wikiquote.org,2026-07,54,BO,1000
ml.wikiquote.org,2026-07,55,PA,1000
ml.wikiquote.org,2026-07,56,CR,1000
ml.wikiquote.org,2026-07,56,CL,1000
ml.wikiquote.org,2026-07,59,NP,1000
ml.wikiquote.org,2026-07,60,DO,1000
ml.wikiquote.org,2026-07,61,SN,1000
ml.wikiquote.org,2026-07,63,IL,1000
ml.wikiquote.org,2026-07,66,EC,1000
ml.wikiquote.org,2026-07,68,KW,1000
ml.wikiquote.org,2026-07,70,NG,1000
ml.wikiquote.org,2026-07,71,JM,1000
ml.wikibooks.org,2026-07,1,US,16000
ml.wikibooks.org,2026-07,2,IN,6000
ml.wikibooks.org,2026-07,3,SG,6000
ml.wikibooks.org,2026-07,4,BR,5000
ml.wikibooks.org,2026-07,6,SC,3000
ml.wikibooks.org,2026-07,7,GB,2000
ml.wikibooks.org,2026-07,9,JP,2000
ml.wikibooks.org,2026-07,10,ID,2000
ml.wikibooks.org,2026-07,11,MX,2000
ml.wikibooks.org,2026-07,12,DE,2000
ml.wikibooks.org,2026-07,14,NL,2000
ml.wikibooks.org,2026-07,16,PH,1000
ml.wikibooks.org,2026-07,17,AR,1000
ml.wikibooks.org,2026-07,18,ES,1000
ml.wikibooks.org,2026-07,19,CO,1000
ml.wikibooks.org,2026-07,20,CA,1000
ml.wikibooks.org,2026-07,21,FR,1000
ml.wikibooks.org,2026-07,23,PL,1000
ml.wikibooks.org,2026-07,24,MY,1000
ml.wikibooks.org,2026-07,25,IT,1000
ml.wikibooks.org,2026-07,26,LT,1000
ml.wikibooks.org,2026-07,27,ZA,1000
ml.wikibooks.org,2026-07,28,TH,1000
ml.wikibooks.org,2026-07,29,UA,1000
ml.wikibooks.org,2026-07,30,MA,1000
ml.wikibooks.org,2026-07,31,CL,1000
ml.wikibooks.org,2026-07,32,AU,1000
ml.wikibooks.org,2026-07,34,PE,1000
ml.wikibooks.org,2026-07,35,RO,1000
ml.wikibooks.org,2026-07,37,EC,1000
ml.wikibooks.org,2026-07,39,BE,1000
ml.wikibooks.org,2026-07,40,GR,1000
ml.wikibooks.org,2026-07,41,PT,1000
ml.wikibooks.org,2026-07,42,FI,1000
ml.wikibooks.org,2026-07,43,SE,1000
ml.wikibooks.org,2026-07,44,DZ,1000
ml.wikibooks.org,2026-07,45,TW,1000
ml.wikibooks.org,2026-07,49,IS,1000
ml.wikibooks.org,2026-07,50,CY,1000
ml.wikibooks.org,2026-07,51,KR,1000
ml.wikibooks.org,2026-07,52,IL,1000
ml.wikibooks.org,2026-07,53,PY,1000
ml.wikibooks.org,2026-07,54,CZ,1000
ml.wikibooks.org,2026-07,54,HU,1000
ml.wikibooks.org,2026-07,56,GH,1000
ml.wikibooks.org,2026-07,57,BG,1000
ml.wikibooks.org,2026-07,58,TN,1000
ml.wikibooks.org,2026-07,59,DK,1000
mni.wikipedia.org,2026-07,1,US,90000
mni.wikipedia.org,2026-07,2,BR,74000
mni.wikipedia.org,2026-07,3,IN,45000
mni.wikipedia.org,2026-07,6,AR,20000
mni.wikipedia.org,2026-07,7,MX,19000
mni.wikipedia.org,2026-07,9,PH,14000
mni.wikipedia.org,2026-07,11,FR,13000
mni.wikipedia.org,2026-07,13,ID,12000
mni.wikipedia.org,2026-07,14,SG,12000
mni.wikipedia.org,2026-07,15,MA,11000
mni.wikipedia.org,2026-07,16,ZA,11000
mni.wikipedia.org,2026-07,17,CO,11000
mni.wikipedia.org,2026-07,18,TN,9000
mni.wikipedia.org,2026-07,19,CL,9000
mni.wikipedia.org,2026-07,21,TH,8000
mni.wikipedia.org,2026-07,22,UA,7000
mni.wikipedia.org,2026-07,24,UY,7000
mni.wikipedia.org,2026-07,25,MY,7000
mni.wikipedia.org,2026-07,26,DE,7000
mni.wikipedia.org,2026-07,27,EC,6000
mni.wikipedia.org,2026-07,28,DZ,6000
mni.wikipedia.org,2026-07,29,JO,5000
mni.wikipedia.org,2026-07,32,ES,5000
mni.wikipedia.org,2026-07,33,GB,5000
mni.wikipedia.org,2026-07,34,CA,4000
mni.wikipedia.org,2026-07,36,BO,4000
mni.wikipedia.org,2026-07,37,PY,4000
mni.wikipedia.org,2026-07,38,IT,4000
mni.wikipedia.org,2026-07,40,OM,3000
mni.wikipedia.org,2026-07,41,PL,3000
mni.wikipedia.org,2026-07,43,NG,3000
mni.wikipedia.org,2026-07,44,KE,3000
mni.wikipedia.org,2026-07,45,NP,3000
mni.wikipedia.org,2026-07,46,PE,3000
mni.wikipedia.org,2026-07,47,IL,3000
mni.wikipedia.org,2026-07,50,DO,3000
mni.wikipedia.org,2026-07,51,PA,3000
mni.wikipedia.org,2026-07,52,CR,2000
mni.wikipedia.org,2026-07,53,SN,2000
mni.wikipedia.org,2026-07,55,PT,2000
mni.wikipedia.org,2026-07,58,AU,2000
mni.wikipedia.org,2026-07,59,JP,2000
mni.wikipedia.org,2026-07,60,GH,2000
mni.wikipedia.org,2026-07,61,NL,2000
mni.wikipedia.org,2026-07,62,CI,2000
mni.wikipedia.org,2026-07,63,TW,2000
mni.wikipedia.org,2026-07,64,JM,2000
mni.wikipedia.org,2026-07,65,BE,2000
mni.wikipedia.org,2026-07,66,BF,2000
mni.wikipedia.org,2026-07,68,KR,2000
mni.wikipedia.org,2026-07,69,IE,2000
mni.wikipedia.org,2026-07,70,AO,2000
mni.wikipedia.org,2026-07,74,GR,2000
mni.wikipedia.org,2026-07,75,MD,2000
mni.wikipedia.org,2026-07,76,LB,1000
mni.wikipedia.org,2026-07,78,TZ,1000
mni.wikipedia.org,2026-07,79,QA,1000
mni.wikipedia.org,2026-07,80,TG,1000
mni.wikipedia.org,2026-07,81,BG,1000
mni.wikipedia.org,2026-07,82,KW,1000
mni.wikipedia.org,2026-07,83,RO,1000
mni.wikipedia.org,2026-07,85,LY,1000
mni.wikipedia.org,2026-07,86,AL,1000
mni.wikipedia.org,2026-07,87,GE,1000
mni.wikipedia.org,2026-07,88,SE,1000
mni.wikipedia.org,2026-07,89,RS,1000
mni.wikipedia.org,2026-07,90,BA,1000
mni.wikipedia.org,2026-07,91,SV,1000
mni.wikipedia.org,2026-07,92,GT,1000
mni.wikipedia.org,2026-07,93,CH,1000
mni.wikipedia.org,2026-07,94,KG,1000
mni.wikipedia.org,2026-07,95,GA,1000
mni.wikipedia.org,2026-07,96,CD,1000
mni.wikipedia.org,2026-07,98,UG,1000
mni.wikipedia.org,2026-07,99,HU,1000
mni.wikipedia.org,2026-07,101,CZ,1000
mni.wikipedia.org,2026-07,102,MN,1000
mni.wikipedia.org,2026-07,103,AT,1000
mni.wikipedia.org,2026-07,104,AM,1000
mni.wikipedia.org,2026-07,105,TT,1000
mni.wikipedia.org,2026-07,106,BJ,1000
mni.wikipedia.org,2026-07,107,SR,1000
mni.wikipedia.org,2026-07,108,LK,1000
mni.wikipedia.org,2026-07,109,ZW,1000
mni.wikipedia.org,2026-07,110,ML,1000
mni.wikipedia.org,2026-07,111,XK,1000
mni.wikipedia.org,2026-07,111,ZM,1000
mni.wikipedia.org,2026-07,113,PR,1000
mni.wikipedia.org,2026-07,114,CG,1000
mni.wikipedia.org,2026-07,115,CM,1000
mni.wikipedia.org,2026-07,116,NA,1000
mni.wikipedia.org,2026-07,117,GY,1000
mni.wikipedia.org,2026-07,118,MZ,1000
mni.wikipedia.org,2026-07,119,NZ,1000
mni.wikipedia.org,2026-07,120,SK,1000
mni.wikipedia.org,2026-07,121,MG,1000
mni.wikipedia.org,2026-07,122,HR,1000
mni.wikipedia.org,2026-07,123,FI,1000
mni.wikipedia.org,2026-07,124,MR,1000
mni.wikipedia.org,2026-07,125,HT,1000
mni.wikipedia.org,2026-07,126,MW,1000
mni.wikipedia.org,2026-07,126,LV,1000
mni.wikipedia.org,2026-07,128,MK,1000
mni.wikipedia.org,2026-07,130,NO,1000
mni.wikipedia.org,2026-07,131,LT,1000
mni.wikipedia.org,2026-07,132,MU,1000
mni.wikipedia.org,2026-07,133,SI,1000
mni.wikipedia.org,2026-07,136,SL,1000
mni.wikipedia.org,2026-07,137,DK,1000
mni.wikipedia.org,2026-07,138,SO,1000
mni.wikipedia.org,2026-07,139,BW,1000
mni.wikipedia.org,2026-07,140,BN,1000
mni.wikipedia.org,2026-07,141,CY,1000
mni.wikipedia.org,2026-07,142,GN,1000
mni.wikipedia.org,2026-07,143,MV,1000
mni.wikipedia.org,2026-07,144,EE,1000
mni.wikipedia.org,2026-07,145,LU,1000
mni.wikipedia.org,2026-07,146,MT,1000
mni.wikipedia.org,2026-07,147,FJ,1000
mni.wikipedia.org,2026-07,148,CV,1000
mni.wikipedia.org,2026-07,149,RE,1000
mni.wikipedia.org,2026-07,150,BB,1000
mni.wikipedia.org,2026-07,151,LR,1000
mni.wikipedia.org,2026-07,152,ME,1000
mni.wikipedia.org,2026-07,153,SC,1000
mni.wiktionary.org,2026-07,1,US,2000
mni.wiktionary.org,2026-07,2,SG,1000
mni.wiktionary.org,2026-07,3,BR,1000
mni.wiktionary.org,2026-07,4,MX,1000
mni.wiktionary.org,2026-07,5,IN,1000
mni.wiktionary.org,2026-07,9,ID,1000
mr.wikipedia.org,2026-07,1,IN,2184000
mr.wikipedia.org,2026-07,2,US,256000
mr.wikipedia.org,2026-07,3,BR,67000
mr.wikipedia.org,2026-07,4,SG,61000
mr.wikipedia.org,2026-07,6,MX,23000
mr.wikipedia.org,2026-07,7,ID,14000
mr.wikipedia.org,2026-07,8,NL,13000
mr.wikipedia.org,2026-07,9,AR,12000
mr.wikipedia.org,2026-07,11,GB,11000
mr.wikipedia.org,2026-07,12,PL,9000
mr.wikipedia.org,2026-07,15,FR,9000
mr.wikipedia.org,2026-07,16,UA,8000
mr.wikipedia.org,2026-07,17,DE,8000
mr.wikipedia.org,2026-07,19,CO,8000
mr.wikipedia.org,2026-07,20,IE,8000
mr.wikipedia.org,2026-07,21,ZA,7000
mr.wikipedia.org,2026-07,22,PH,7000
mr.wikipedia.org,2026-07,23,TH,6000
mr.wikipedia.org,2026-07,24,CA,6000
mr.wikipedia.org,2026-07,25,ES,6000
mr.wikipedia.org,2026-07,26,CL,5000
mr.wikipedia.org,2026-07,27,MA,5000
mr.wikipedia.org,2026-07,28,BO,5000
mr.wikipedia.org,2026-07,29,JP,5000
mr.wikipedia.org,2026-07,30,MY,5000
mr.wikipedia.org,2026-07,32,AU,4000
mr.wikipedia.org,2026-07,33,IT,4000
mr.wikipedia.org,2026-07,34,TN,4000
mr.wikipedia.org,2026-07,36,EC,4000
mr.wikipedia.org,2026-07,40,PE,3000
mr.wikipedia.org,2026-07,41,DZ,3000
mr.wikipedia.org,2026-07,43,RO,3000
mr.wikipedia.org,2026-07,44,UY,3000
mr.wikipedia.org,2026-07,45,SE,3000
mr.wikipedia.org,2026-07,46,JO,2000
mr.wikipedia.org,2026-07,48,TW,2000
mr.wikipedia.org,2026-07,49,IL,2000
mr.wikipedia.org,2026-07,50,KR,2000
mr.wikipedia.org,2026-07,51,PY,2000
mr.wikipedia.org,2026-07,52,NG,2000
mr.wikipedia.org,2026-07,53,OM,2000
mr.wikipedia.org,2026-07,54,PT,2000
mr.wikipedia.org,2026-07,55,KE,2000
mr.wikipedia.org,2026-07,56,NP,2000
mr.wikipedia.org,2026-07,57,GR,2000
mr.wikipedia.org,2026-07,60,BE,2000
mr.wikipedia.org,2026-07,62,BG,2000
mr.wikipedia.org,2026-07,63,DO,2000
mr.wikipedia.org,2026-07,64,HU,2000
mr.wikipedia.org,2026-07,65,CZ,1000
mr.wikipedia.org,2026-07,66,RS,1000
mr.wikipedia.org,2026-07,67,CH,1000
mr.wikipedia.org,2026-07,69,GH,1000
mr.wikipedia.org,2026-07,70,MD,1000
mr.wikipedia.org,2026-07,72,PA,1000
mr.wikipedia.org,2026-07,72,KW,1000
mr.wikipedia.org,2026-07,74,NO,1000
mr.wikipedia.org,2026-07,75,FI,1000
mr.wikipedia.org,2026-07,76,SN,1000
mr.wikipedia.org,2026-07,77,QA,1000
mr.wikipedia.org,2026-07,78,CR,1000
mr.wikipedia.org,2026-07,79,CI,1000
mr.wikipedia.org,2026-07,80,BF,1000
mr.wikipedia.org,2026-07,82,NZ,1000
mr.wikipedia.org,2026-07,84,LT,1000
mr.wikipedia.org,2026-07,87,AT,1000
mr.wikipedia.org,2026-07,88,GT,1000
mr.wikipedia.org,2026-07,89,GE,1000
mr.wikipedia.org,2026-07,90,AO,1000
mr.wikipedia.org,2026-07,91,TZ,1000
mr.wikipedia.org,2026-07,92,LK,1000
mr.wikipedia.org,2026-07,93,SK,1000
mr.wikipedia.org,2026-07,95,BA,1000
mr.wikipedia.org,2026-07,97,KG,1000
mr.wikipedia.org,2026-07,98,AL,1000
mr.wikipedia.org,2026-07,99,DK,1000
mr.wikipedia.org,2026-07,100,TG,1000
mr.wikipedia.org,2026-07,101,JM,1000
mr.wikipedia.org,2026-07,102,LB,1000
mr.wikipedia.org,2026-07,103,MN,1000
mr.wikipedia.org,2026-07,104,CD,1000
mr.wikipedia.org,2026-07,105,AM,1000
mr.wikipedia.org,2026-07,106,HR,1000
mr.wikipedia.org,2026-07,107,LY,1000
mr.wikipedia.org,2026-07,108,LV,1000
mr.wikipedia.org,2026-07,110,UG,1000
mr.wikipedia.org,2026-07,111,TT,1000
mr.wikipedia.org,2026-07,112,GA,1000
mr.wikipedia.org,2026-07,113,SV,1000
mr.wikipedia.org,2026-07,115,XK,1000
mr.wikipedia.org,2026-07,116,PR,1000
mr.wikipedia.org,2026-07,117,BJ,1000
mr.wikipedia.org,2026-07,118,ZM,1000
mr.wikipedia.org,2026-07,119,MK,1000
mr.wikipedia.org,2026-07,120,EE,1000
mr.wikipedia.org,2026-07,121,ZW,1000
mr.wikipedia.org,2026-07,122,--,1000
mr.wikipedia.org,2026-07,122,SI,1000
mr.wikipedia.org,2026-07,124,CY,1000
mr.wikipedia.org,2026-07,125,MU,1000
mr.wikipedia.org,2026-07,126,MG,1000
mr.wikipedia.org,2026-07,127,CG,1000
mr.wikipedia.org,2026-07,128,ML,1000
mr.wikipedia.org,2026-07,129,CM,1000
mr.wikipedia.org,2026-07,130,NA,1000
mr.wikipedia.org,2026-07,133,MW,1000
mr.wikipedia.org,2026-07,135,GY,1000
mr.wikipedia.org,2026-07,136,SC,1000
mr.wikipedia.org,2026-07,138,MZ,1000
mr.wikipedia.org,2026-07,138,HT,1000
mr.wikipedia.org,2026-07,140,BW,1000
mr.wikipedia.org,2026-07,141,MT,1000
mr.wikipedia.org,2026-07,142,LU,1000
mr.wikipedia.org,2026-07,142,MV,1000
mr.wikipedia.org,2026-07,144,BN,1000
mr.wikipedia.org,2026-07,145,SO,1000
mr.wiktionary.org,2026-07,1,US,13000
mr.wiktionary.org,2026-07,2,IN,9000
mr.wiktionary.org,2026-07,3,SG,7000
mr.wiktionary.org,2026-07,4,BR,2000
mr.wiktionary.org,2026-07,5,MX,1000
mr.wiktionary.org,2026-07,8,ID,1000
mr.wiktionary.org,2026-07,9,GB,1000
mr.wiktionary.org,2026-07,10,AR,1000
mr.wiktionary.org,2026-07,12,FR,1000
mr.wiktionary.org,2026-07,14,UA,1000
mr.wiktionary.org,2026-07,16,PH,1000
mr.wiktionary.org,2026-07,17,DE,1000
mr.wiktionary.org,2026-07,18,ZA,1000
mr.wiktionary.org,2026-07,19,CO,1000
mr.wiktionary.org,2026-07,21,NL,1000
mr.wiktionary.org,2026-07,22,JP,1000
mr.wiktionary.org,2026-07,23,CL,1000
mr.wiktionary.org,2026-07,24,MA,1000
mr.wiktionary.org,2026-07,25,CA,1000
mr.wiktionary.org,2026-07,26,RO,1000
mr.wiktionary.org,2026-07,27,GR,1000
mr.wiktionary.org,2026-07,29,EC,1000
mr.wiktionary.org,2026-07,30,TH,1000
mr.wiktionary.org,2026-07,31,ES,1000
mr.wiktionary.org,2026-07,33,TN,1000
mr.wikisource.org,2026-07,1,IN,480000
mr.wikisource.org,2026-07,2,US,54000
mr.wikisource.org,2026-07,3,SG,11000
mr.wikisource.org,2026-07,4,BR,4000
mr.wikisource.org,2026-07,5,GB,3000
mr.wikisource.org,2026-07,6,PH,3000
mr.wikisource.org,2026-07,7,NL,3000
mr.wikisource.org,2026-07,11,MX,2000
mr.wikisource.org,2026-07,12,CA,2000
mr.wikisource.org,2026-07,13,DE,2000
mr.wikisource.org,2026-07,16,UA,2000
mr.wikisource.org,2026-07,19,ID,2000
mr.wikisource.org,2026-07,21,AU,1000
mr.wikisource.org,2026-07,23,TH,1000
mr.wikisource.org,2026-07,24,MA,1000
mr.wikisource.org,2026-07,25,ES,1000
mr.wikisource.org,2026-07,26,AR,1000
mr.wikisource.org,2026-07,27,PL,1000
mr.wikisource.org,2026-07,28,ZA,1000
mr.wikisource.org,2026-07,31,DZ,1000
mr.wikisource.org,2026-07,32,FR,1000
mr.wikisource.org,2026-07,33,CO,1000
mr.wikisource.org,2026-07,34,JP,1000
mr.wikisource.org,2026-07,35,PE,1000
mr.wikisource.org,2026-07,37,IE,1000
mr.wikisource.org,2026-07,38,LT,1000
mr.wikisource.org,2026-07,39,SE,1000
mr.wikisource.org,2026-07,40,IT,1000
mr.wikisource.org,2026-07,41,UY,1000
mr.wikisource.org,2026-07,42,JO,1000
mr.wikisource.org,2026-07,43,RO,1000
mr.wikisource.org,2026-07,44,QA,1000
mr.wikisource.org,2026-07,45,OM,1000
mr.wikisource.org,2026-07,46,MY,1000
mr.wikisource.org,2026-07,47,BE,1000
mr.wikisource.org,2026-07,48,CR,1000
mr.wikisource.org,2026-07,49,PY,1000
mr.wikisource.org,2026-07,51,GR,1000
mr.wikisource.org,2026-07,52,KE,1000
mr.wikisource.org,2026-07,53,NZ,1000
mr.wikisource.org,2026-07,54,NO,1000
mr.wikisource.org,2026-07,55,CH,1000
mr.wikisource.org,2026-07,58,NP,1000
mr.wikisource.org,2026-07,59,BG,1000
mr.wikisource.org,2026-07,60,LB,1000
mr.wikisource.org,2026-07,61,BO,1000
mr.wikisource.org,2026-07,62,PA,1000
mr.wikisource.org,2026-07,65,DO,1000
mr.wikisource.org,2026-07,66,TN,1000
mr.wikisource.org,2026-07,67,AT,1000
mr.wikisource.org,2026-07,68,CL,1000
mr.wikisource.org,2026-07,69,IL,1000
mr.wikisource.org,2026-07,70,AO,1000
mr.wikisource.org,2026-07,71,SN,1000
mr.wikisource.org,2026-07,71,TW,1000
mr.wikisource.org,2026-07,73,EC,1000
mr.wikisource.org,2026-07,73,FI,1000
mr.wikisource.org,2026-07,75,CD,1000
mr.wikisource.org,2026-07,75,AL,1000
mr.wikisource.org,2026-07,77,LV,1000
mr.wikiquote.org,2026-07,1,US,9000
mr.wikiquote.org,2026-07,2,IN,5000
mr.wikiquote.org,2026-07,3,SG,4000
mr.wikiquote.org,2026-07,4,BR,2000
mr.wikiquote.org,2026-07,5,PH,2000
mr.wikiquote.org,2026-07,7,ID,1000
mr.wikiquote.org,2026-07,9,UA,1000
mr.wikiquote.org,2026-07,14,TH,1000
mr.wikiquote.org,2026-07,15,MX,1000
mr.wikiquote.org,2026-07,16,MA,1000
mr.wikiquote.org,2026-07,17,AR,1000
mr.wikiquote.org,2026-07,19,ZA,1000
mr.wikiquote.org,2026-07,20,DZ,1000
mr.wikiquote.org,2026-07,23,ES,1000
mr.wikiquote.org,2026-07,25,CO,1000
mr.wikiquote.org,2026-07,26,PL,1000
mr.wikiquote.org,2026-07,27,UY,1000
mr.wikiquote.org,2026-07,28,PE,1000
mr.wikiquote.org,2026-07,29,JO,1000
mr.wikiquote.org,2026-07,31,KE,1000
mr.wikiquote.org,2026-07,32,PY,1000
mr.wikiquote.org,2026-07,33,MY,1000
mr.wikiquote.org,2026-07,35,OM,1000
mr.wikiquote.org,2026-07,36,GR,1000
mr.wikiquote.org,2026-07,37,TN,1000
mr.wikiquote.org,2026-07,37,FR,1000
mr.wikiquote.org,2026-07,37,GB,1000
mr.wikiquote.org,2026-07,41,DE,1000
mr.wikiquote.org,2026-07,41,RO,1000
mr.wikiquote.org,2026-07,45,NL,1000
mr.wikiquote.org,2026-07,45,BG,1000
mr.wikiquote.org,2026-07,47,CL,1000
mr.wikiquote.org,2026-07,49,LB,1000
mr.wikiquote.org,2026-07,50,CR,1000
mr.wikibooks.org,2026-07,1,US,54000
mr.wikibooks.org,2026-07,2,BR,48000
mr.wikibooks.org,2026-07,3,IN,37000
mr.wikibooks.org,2026-07,8,FR,11000
mr.wikibooks.org,2026-07,9,PH,11000
mr.wikibooks.org,2026-07,10,AR,11000
mr.wikibooks.org,2026-07,12,MX,11000
mr.wikibooks.org,2026-07,13,ID,10000
mr.wikibooks.org,2026-07,14,GB,9000
mr.wikibooks.org,2026-07,15,ES,9000
mr.wikibooks.org,2026-07,16,DE,8000
mr.wikibooks.org,2026-07,17,SG,8000
mr.wikibooks.org,2026-07,18,IT,7000
mr.wikibooks.org,2026-07,19,CL,7000
mr.wikibooks.org,2026-07,20,MA,7000
mr.wikibooks.org,2026-07,22,MY,6000
mr.wikibooks.org,2026-07,23,ZA,6000
mr.wikibooks.org,2026-07,24,CO,5000
mr.wikibooks.org,2026-07,26,CA,5000
mr.wikibooks.org,2026-07,27,UY,5000
mr.wikibooks.org,2026-07,28,TH,4000
mr.wikibooks.org,2026-07,31,NP,4000
mr.wikibooks.org,2026-07,34,UA,3000
mr.wikibooks.org,2026-07,35,JO,3000
mr.wikibooks.org,2026-07,36,PT,3000
mr.wikibooks.org,2026-07,37,PY,3000
mr.wikibooks.org,2026-07,38,EC,3000
mr.wikibooks.org,2026-07,39,DZ,3000
mr.wikibooks.org,2026-07,41,BO,3000
mr.wikibooks.org,2026-07,42,TN,3000
mr.wikibooks.org,2026-07,44,SC,3000
mr.wikibooks.org,2026-07,46,OM,3000
mr.wikibooks.org,2026-07,47,NL,2000
mr.wikibooks.org,2026-07,48,KE,2000
mr.wikibooks.org,2026-07,49,PE,2000
mr.wikibooks.org,2026-07,51,PA,2000
mr.wikibooks.org,2026-07,52,JP,2000
mr.wikibooks.org,2026-07,53,PL,2000
mr.wikibooks.org,2026-07,54,CR,2000
mr.wikibooks.org,2026-07,55,IL,2000
mr.wikibooks.org,2026-07,57,NG,2000
mr.wikibooks.org,2026-07,58,JM,2000
mr.wikibooks.org,2026-07,59,AU,2000
mr.wikibooks.org,2026-07,60,DO,2000
mr.wikibooks.org,2026-07,61,SN,2000
mr.wikibooks.org,2026-07,64,CI,1000
mr.wikibooks.org,2026-07,65,AL,1000
mr.wikibooks.org,2026-07,66,TW,1000
mr.wikibooks.org,2026-07,67,LB,1000
mr.wikibooks.org,2026-07,69,BE,1000
mr.wikibooks.org,2026-07,70,BF,1000
mr.wikibooks.org,2026-07,71,AO,1000
mr.wikibooks.org,2026-07,73,GH,1000
mr.wikibooks.org,2026-07,74,GE,1000
mr.wikibooks.org,2026-07,75,KG,1000
mr.wikibooks.org,2026-07,76,QA,1000
mr.wikibooks.org,2026-07,77,BG,1000
mr.wikibooks.org,2026-07,78,GR,1000
mr.wikibooks.org,2026-07,79,LY,1000
mr.wikibooks.org,2026-07,80,TZ,1000
mr.wikibooks.org,2026-07,81,KR,1000
mr.wikibooks.org,2026-07,82,RO,1000
mr.wikibooks.org,2026-07,83,IE,1000
mr.wikibooks.org,2026-07,85,KW,1000
mr.wikibooks.org,2026-07,86,RS,1000
mr.wikibooks.org,2026-07,87,TG,1000
mr.wikibooks.org,2026-07,89,SE,1000
mr.wikibooks.org,2026-07,90,MD,1000
mr.wikibooks.org,2026-07,91,MN,1000
mr.wikibooks.org,2026-07,92,CD,1000
mr.wikibooks.org,2026-07,92,GA,1000
mr.wikibooks.org,2026-07,94,UG,1000
mr.wikibooks.org,2026-07,95,SV,1000
mr.wikibooks.org,2026-07,96,GT,1000
mr.wikibooks.org,2026-07,97,HU,1000
mr.wikibooks.org,2026-07,98,AM,1000
mr.wikibooks.org,2026-07,101,BJ,1000
mr.wikibooks.org,2026-07,102,SR,1000
mr.wikibooks.org,2026-07,102,BA,1000
mr.wikibooks.org,2026-07,104,LT,1000
mr.wikibooks.org,2026-07,105,CZ,1000
mr.wikibooks.org,2026-07,106,XK,1000
mr.wikibooks.org,2026-07,107,CG,1000
mr.wikibooks.org,2026-07,108,AT,1000
mr.wikibooks.org,2026-07,109,GY,1000
mr.wikibooks.org,2026-07,110,ZM,1000
mr.wikibooks.org,2026-07,111,CM,1000
mr.wikibooks.org,2026-07,112,ZW,1000
mr.wikibooks.org,2026-07,112,CY,1000
mr.wikibooks.org,2026-07,114,FI,1000
mr.wikibooks.org,2026-07,115,CH,1000
mr.wikibooks.org,2026-07,116,LK,1000
mr.wikibooks.org,2026-07,117,NZ,1000
mr.wikibooks.org,2026-07,118,TT,1000
mr.wikibooks.org,2026-07,119,MZ,1000
mr.wikibooks.org,2026-07,120,ML,1000
mr.wikibooks.org,2026-07,121,MG,1000
mr.wikibooks.org,2026-07,122,NA,1000
mr.wikibooks.org,2026-07,123,DK,1000
mr.wikibooks.org,2026-07,125,MK,1000
mr.wikibooks.org,2026-07,126,NO,1000
mr.wikibooks.org,2026-07,127,MR,1000
mr.wikibooks.org,2026-07,128,SK,1000
mr.wikibooks.org,2026-07,129,LV,1000
mr.wikibooks.org,2026-07,130,MW,1000
mr.wikibooks.org,2026-07,131,HR,1000
mr.wikibooks.org,2026-07,132,HT,1000
mr.wikibooks.org,2026-07,133,SO,1000
mr.wikibooks.org,2026-07,134,EE,1000
mr.wikibooks.org,2026-07,137,SL,1000
mr.wikibooks.org,2026-07,137,MU,1000
mr.wikibooks.org,2026-07,140,IS,1000
mr.wikibooks.org,2026-07,141,BW,1000
mr.wikibooks.org,2026-07,142,PR,1000
mr.wikibooks.org,2026-07,143,ME,1000
ne.wikipedia.org,2026-07,1,NP,226000
ne.wikipedia.org,2026-07,2,US,157000
ne.wikipedia.org,2026-07,3,SG,37000
ne.wikipedia.org,2026-07,4,BR,34000
ne.wikipedia.org,2026-07,5,IN,32000
ne.wikipedia.org,2026-07,6,GB,14000
ne.wikipedia.org,2026-07,7,MX,13000
ne.wikipedia.org,2026-07,9,CA,8000
ne.wikipedia.org,2026-07,10,PL,7000
ne.wikipedia.org,2026-07,11,JP,7000
ne.wikipedia.org,2026-07,13,ES,6000
ne.wikipedia.org,2026-07,14,DE,6000
ne.wikipedia.org,2026-07,15,ID,5000
ne.wikipedia.org,2026-07,18,AR,5000
ne.wikipedia.org,2026-07,19,NL,4000
ne.wikipedia.org,2026-07,20,FR,4000
ne.wikipedia.org,2026-07,21,CO,4000
ne.wikipedia.org,2026-07,22,ZA,4000
ne.wikipedia.org,2026-07,23,SE,4000
ne.wikipedia.org,2026-07,25,UA,4000
ne.wikipedia.org,2026-07,26,TH,3000
ne.wikipedia.org,2026-07,27,MY,3000
ne.wikipedia.org,2026-07,28,AU,3000
ne.wikipedia.org,2026-07,29,IT,3000
ne.wikipedia.org,2026-07,30,PH,3000
ne.wikipedia.org,2026-07,31,CL,3000
ne.wikipedia.org,2026-07,33,PE,2000
ne.wikipedia.org,2026-07,34,KR,2000
ne.wikipedia.org,2026-07,35,RO,2000
ne.wikipedia.org,2026-07,37,MA,2000
ne.wikipedia.org,2026-07,40,TW,2000
ne.wikipedia.org,2026-07,41,EC,2000
ne.wikipedia.org,2026-07,42,QA,2000
ne.wikipedia.org,2026-07,43,GR,2000
ne.wikipedia.org,2026-07,44,DZ,2000
ne.wikipedia.org,2026-07,47,IL,2000
ne.wikipedia.org,2026-07,48,PT,1000
ne.wikipedia.org,2026-07,50,HU,1000
ne.wikipedia.org,2026-07,51,CZ,1000
ne.wikipedia.org,2026-07,52,BE,1000
ne.wikipedia.org,2026-07,53,BG,1000
ne.wikipedia.org,2026-07,54,IE,1000
ne.wikipedia.org,2026-07,55,FI,1000
ne.wikipedia.org,2026-07,56,KW,1000
ne.wikipedia.org,2026-07,57,RS,1000
ne.wikipedia.org,2026-07,58,PY,1000
ne.wikipedia.org,2026-07,59,CH,1000
ne.wikipedia.org,2026-07,60,BO,1000
ne.wikipedia.org,2026-07,61,AT,1000
ne.wikipedia.org,2026-07,63,NO,1000
ne.wikipedia.org,2026-07,64,JO,1000
ne.wikipedia.org,2026-07,65,TN,1000
ne.wikipedia.org,2026-07,67,UY,1000
ne.wikipedia.org,2026-07,68,NG,1000
ne.wikipedia.org,2026-07,69,NZ,1000
ne.wikipedia.org,2026-07,70,MD,1000
ne.wikipedia.org,2026-07,71,DO,1000
ne.wikipedia.org,2026-07,72,KE,1000
ne.wikipedia.org,2026-07,73,DK,1000
ne.wikipedia.org,2026-07,74,GT,1000
ne.wikipedia.org,2026-07,75,LT,1000
ne.wikipedia.org,2026-07,78,HR,1000
ne.wikipedia.org,2026-07,79,LK,1000
ne.wikipedia.org,2026-07,80,OM,1000
ne.wikipedia.org,2026-07,81,SK,1000
ne.wikipedia.org,2026-07,83,PA,1000
ne.wikipedia.org,2026-07,84,BA,1000
ne.wikipedia.org,2026-07,86,CR,1000
ne.wikipedia.org,2026-07,87,MN,1000
ne.wikipedia.org,2026-07,88,LV,1000
ne.wikipedia.org,2026-07,92,CI,1000
ne.wikipedia.org,2026-07,93,GE,1000
ne.wikipedia.org,2026-07,95,SN,1000
ne.wikipedia.org,2026-07,96,AM,1000
ne.wikipedia.org,2026-07,97,CY,1000
ne.wikipedia.org,2026-07,98,BF,1000
ne.wikipedia.org,2026-07,99,GH,1000
ne.wikipedia.org,2026-07,100,AL,1000
ne.wikipedia.org,2026-07,101,MU,1000
ne.wikipedia.org,2026-07,102,SI,1000
ne.wikipedia.org,2026-07,103,SV,1000
ne.wikipedia.org,2026-07,104,KG,1000
ne.wikipedia.org,2026-07,106,MK,1000
ne.wikipedia.org,2026-07,106,EE,1000
ne.wikipedia.org,2026-07,106,PR,1000
ne.wikipedia.org,2026-07,109,AO,1000
ne.wikipedia.org,2026-07,110,TZ,1000
ne.wikipedia.org,2026-07,111,TG,1000
ne.wikipedia.org,2026-07,112,TT,1000
ne.wikipedia.org,2026-07,113,XK,1000
ne.wikipedia.org,2026-07,114,CD,1000
ne.wiktionary.org,2026-07,1,US,25000
ne.wiktionary.org,2026-07,2,SG,5000
ne.wiktionary.org,2026-07,3,BR,3000
ne.wiktionary.org,2026-07,4,NP,3000
ne.wiktionary.org,2026-07,5,IN,2000
ne.wiktionary.org,2026-07,6,MX,2000
ne.wiktionary.org,2026-07,7,ID,1000
ne.wiktionary.org,2026-07,9,GB,1000
ne.wiktionary.org,2026-07,11,UA,1000
ne.wiktionary.org,2026-07,12,AR,1000
ne.wiktionary.org,2026-07,14,FR,1000
ne.wiktionary.org,2026-07,15,DE,1000
ne.wiktionary.org,2026-07,18,NL,1000
ne.wiktionary.org,2026-07,19,ZA,1000
ne.wiktionary.org,2026-07,20,JP,1000
ne.wiktionary.org,2026-07,21,CO,1000
ne.wiktionary.org,2026-07,22,PH,1000
ne.wiktionary.org,2026-07,23,MA,1000
ne.wiktionary.org,2026-07,24,CA,1000
ne.wiktionary.org,2026-07,25,PL,1000
ne.wiktionary.org,2026-07,29,CL,1000
ne.wiktionary.org,2026-07,30,TH,1000
ne.wiktionary.org,2026-07,31,ES,1000
ne.wiktionary.org,2026-07,33,MY,1000
ne.wiktionary.org,2026-07,34,TW,1000
ne.wiktionary.org,2026-07,35,GR,1000
ne.wiktionary.org,2026-07,36,RO,1000
ne.wiktionary.org,2026-07,37,TN,1000
ne.wikibooks.org,2026-07,1,US,26000
ne.wikibooks.org,2026-07,2,IN,11000
ne.wikibooks.org,2026-07,3,SG,7000
ne.wikibooks.org,2026-07,4,BR,6000
ne.wikibooks.org,2026-07,6,NP,4000
ne.wikibooks.org,2026-07,7,GB,3000
ne.wikibooks.org,2026-07,8,SC,3000
ne.wikibooks.org,2026-07,9,JP,3000
ne.wikibooks.org,2026-07,10,MX,2000
ne.wikibooks.org,2026-07,12,DE,2000
ne.wikibooks.org,2026-07,14,PL,2000
ne.wikibooks.org,2026-07,15,FR,2000
ne.wikibooks.org,2026-07,16,ID,2000
ne.wikibooks.org,2026-07,18,CA,2000
ne.wikibooks.org,2026-07,19,ES,2000
ne.wikibooks.org,2026-07,20,IT,2000
ne.wikibooks.org,2026-07,21,PH,1000
ne.wikibooks.org,2026-07,22,NL,1000
ne.wikibooks.org,2026-07,23,AR,1000
ne.wikibooks.org,2026-07,25,CO,1000
ne.wikibooks.org,2026-07,26,SE,1000
ne.wikibooks.org,2026-07,27,ZA,1000
ne.wikibooks.org,2026-07,28,MY,1000
ne.wikibooks.org,2026-07,29,MA,1000
ne.wikibooks.org,2026-07,30,TH,1000
ne.wikibooks.org,2026-07,31,AU,1000
ne.wikibooks.org,2026-07,33,CL,1000
ne.wikibooks.org,2026-07,34,UA,1000
ne.wikibooks.org,2026-07,35,PE,1000
ne.wikibooks.org,2026-07,37,RO,1000
ne.wikibooks.org,2026-07,38,TW,1000
ne.wikibooks.org,2026-07,40,LT,1000
ne.wikibooks.org,2026-07,41,EC,1000
ne.wikibooks.org,2026-07,42,DZ,1000
ne.wikibooks.org,2026-07,43,PT,1000
ne.wikibooks.org,2026-07,44,GR,1000
ne.wikibooks.org,2026-07,45,BE,1000
ne.wikibooks.org,2026-07,47,KR,1000
ne.wikibooks.org,2026-07,49,CY,1000
ne.wikibooks.org,2026-07,50,IL,1000
ne.wikibooks.org,2026-07,51,FI,1000
ne.wikibooks.org,2026-07,52,CZ,1000
ne.wikibooks.org,2026-07,54,IS,1000
ne.wikibooks.org,2026-07,55,PY,1000
ne.wikibooks.org,2026-07,56,HU,1000
ne.wikibooks.org,2026-07,57,BG,1000
ne.wikibooks.org,2026-07,57,DK,1000
ne.wikibooks.org,2026-07,59,TN,1000
ne.wikibooks.org,2026-07,59,BO,1000
ne.wikibooks.org,2026-07,61,UY,1000
ne.wikibooks.org,2026-07,61,JO,1000
ne.wikibooks.org,2026-07,63,GH,1000
ne.wikibooks.org,2026-07,65,RS,1000
ne.wikibooks.org,2026-07,66,IE,1000
new.wikipedia.org,2026-07,1,US,136000
new.wikipedia.org,2026-07,2,BR,132000
new.wikipedia.org,2026-07,3,IN,99000
new.wikipedia.org,2026-07,6,MX,37000
new.wikipedia.org,2026-07,7,SG,33000
new.wikipedia.org,2026-07,8,AR,32000
new.wikipedia.org,2026-07,10,PH,27000
new.wikipedia.org,2026-07,12,ID,23000
new.wikipedia.org,2026-07,13,FR,20000
new.wikipedia.org,2026-07,14,CO,19000
new.wikipedia.org,2026-07,16,ZA,18000
new.wikipedia.org,2026-07,17,CL,16000
new.wikipedia.org,2026-07,18,MA,16000
new.wikipedia.org,2026-07,19,TN,14000
new.wikipedia.org,2026-07,20,TH,14000
new.wikipedia.org,2026-07,21,UA,13000
new.wikipedia.org,2026-07,23,MY,12000
new.wikipedia.org,2026-07,25,UY,10000
new.wikipedia.org,2026-07,26,EC,10000
new.wikipedia.org,2026-07,27,GB,10000
new.wikipedia.org,2026-07,28,DE,10000
new.wikipedia.org,2026-07,29,CA,9000
new.wikipedia.org,2026-07,30,ES,9000
new.wikipedia.org,2026-07,31,DZ,9000
new.wikipedia.org,2026-07,33,PL,8000
new.wikipedia.org,2026-07,35,JO,8000
new.wikipedia.org,2026-07,36,IT,8000
new.wikipedia.org,2026-07,40,NP,6000
new.wikipedia.org,2026-07,41,BO,6000
new.wikipedia.org,2026-07,42,PY,6000
new.wikipedia.org,2026-07,43,OM,5000
new.wikipedia.org,2026-07,44,PE,5000
new.wikipedia.org,2026-07,45,NL,5000
new.wikipedia.org,2026-07,46,KE,5000
new.wikipedia.org,2026-07,47,AU,5000
new.wikipedia.org,2026-07,50,IL,4000
new.wikipedia.org,2026-07,51,NG,4000
new.wikipedia.org,2026-07,52,PT,4000
new.wikipedia.org,2026-07,53,DO,4000
new.wikipedia.org,2026-07,54,PA,4000
new.wikipedia.org,2026-07,55,CR,4000
new.wikipedia.org,2026-07,56,JP,4000
new.wikipedia.org,2026-07,58,SN,3000
new.wikipedia.org,2026-07,59,RO,3000
new.wikipedia.org,2026-07,60,BE,3000
new.wikipedia.org,2026-07,62,TW,3000
new.wikipedia.org,2026-07,63,JM,3000
new.wikipedia.org,2026-07,64,GR,3000
new.wikipedia.org,2026-07,65,GH,3000
new.wikipedia.org,2026-07,66,CI,3000
new.wikipedia.org,2026-07,67,IE,3000
new.wikipedia.org,2026-07,68,KR,3000
new.wikipedia.org,2026-07,69,BG,3000
new.wikipedia.org,2026-07,71,CH,2000
new.wikipedia.org,2026-07,72,MD,2000
new.wikipedia.org,2026-07,74,BF,2000
new.wikipedia.org,2026-07,76,AT,2000
new.wikipedia.org,2026-07,78,HU,2000
new.wikipedia.org,2026-07,80,AO,2000
new.wikipedia.org,2026-07,81,SE,2000
new.wikipedia.org,2026-07,82,LB,2000
new.wikipedia.org,2026-07,83,QA,2000
new.wikipedia.org,2026-07,84,RS,2000
new.wikipedia.org,2026-07,85,TZ,2000
new.wikipedia.org,2026-07,87,AL,2000
new.wikipedia.org,2026-07,89,LU,2000
new.wikipedia.org,2026-07,90,KW,2000
new.wikipedia.org,2026-07,91,GE,2000
new.wikipedia.org,2026-07,92,KG,2000
new.wikipedia.org,2026-07,93,CZ,2000
new.wikipedia.org,2026-07,94,TG,2000
new.wikipedia.org,2026-07,95,BA,2000
new.wikipedia.org,2026-07,96,GT,2000
new.wikipedia.org,2026-07,97,LY,2000
new.wikipedia.org,2026-07,98,NO,2000
new.wikipedia.org,2026-07,100,MN,2000
new.wikipedia.org,2026-07,101,GA,2000
new.wikipedia.org,2026-07,102,SV,2000
new.wikipedia.org,2026-07,103,DK,2000
new.wikipedia.org,2026-07,104,CD,1000
new.wikipedia.org,2026-07,105,AM,1000
new.wikipedia.org,2026-07,106,UG,1000
new.wikipedia.org,2026-07,107,LK,1000
new.wikipedia.org,2026-07,108,HR,1000
new.wikipedia.org,2026-07,109,LV,1000
new.wikipedia.org,2026-07,110,NZ,1000
new.wikipedia.org,2026-07,111,SK,1000
new.wikipedia.org,2026-07,112,TT,1000
new.wikipedia.org,2026-07,113,BJ,1000
new.wikipedia.org,2026-07,114,XK,1000
new.wikipedia.org,2026-07,115,ZM,1000
new.wikipedia.org,2026-07,116,LT,1000
new.wikipedia.org,2026-07,117,FI,1000
new.wikipedia.org,2026-07,118,ZW,1000
new.wikipedia.org,2026-07,118,CG,1000
new.wikipedia.org,2026-07,120,ML,1000
new.wikipedia.org,2026-07,121,PR,1000
new.wikipedia.org,2026-07,122,MG,1000
new.wikipedia.org,2026-07,123,SR,1000
new.wikipedia.org,2026-07,124,NA,1000
new.wikipedia.org,2026-07,125,CM,1000
new.wikipedia.org,2026-07,126,GY,1000
new.wikipedia.org,2026-07,127,MK,1000
new.wikipedia.org,2026-07,128,MZ,1000
new.wikipedia.org,2026-07,129,MU,1000
new.wikipedia.org,2026-07,131,MW,1000
new.wikipedia.org,2026-07,132,HT,1000
new.wikipedia.org,2026-07,133,MR,1000
new.wikipedia.org,2026-07,135,EE,1000
new.wikipedia.org,2026-07,136,CY,1000
new.wikipedia.org,2026-07,138,SI,1000
new.wikipedia.org,2026-07,139,BW,1000
new.wikipedia.org,2026-07,140,SO,1000
new.wikipedia.org,2026-07,141,BN,1000
new.wikipedia.org,2026-07,142,MV,1000
new.wikipedia.org,2026-07,143,IS,1000
new.wikipedia.org,2026-07,144,MT,1000
new.wikipedia.org,2026-07,146,FJ,1000
new.wikipedia.org,2026-07,147,SL,1000
new.wikipedia.org,2026-07,148,SC,1000
new.wikipedia.org,2026-07,149,RE,1000
new.wikipedia.org,2026-07,150,GN,1000
new.wikipedia.org,2026-07,151,BB,1000
new.wikipedia.org,2026-07,152,CV,1000
new.wikipedia.org,2026-07,153,ME,1000
new.wikipedia.org,2026-07,154,LS,1000
new.wikipedia.org,2026-07,155,GP,1000
new.wikipedia.org,2026-07,156,GM,1000
new.wikipedia.org,2026-07,157,MQ,1000
new.wikipedia.org,2026-07,158,LR,1000
new.wikipedia.org,2026-07,159,BZ,1000
new.wikipedia.org,2026-07,160,SZ,1000
new.wikipedia.org,2026-07,161,NE,1000
new.wikipedia.org,2026-07,162,GF,1000
new.wikipedia.org,2026-07,163,YT,1000
new.wikipedia.org,2026-07,167,BS,1000
new.wikipedia.org,2026-07,168,PG,1000
or.wikipedia.org,2026-07,1,IN,159000
or.wikipedia.org,2026-07,2,US,124000
or.wikipedia.org,2026-07,3,SG,35000
or.wikipedia.org,2026-07,4,BR,30000
or.wikipedia.org,2026-07,6,MX,10000
or.wikipedia.org,2026-07,7,GB,6000
or.wikipedia.org,2026-07,8,AR,5000
or.wikipedia.org,2026-07,9,PL,5000
or.wikipedia.org,2026-07,10,NL,5000
or.wikipedia.org,2026-07,12,ID,5000
or.wikipedia.org,2026-07,14,CO,4000
or.wikipedia.org,2026-07,15,DE,4000
or.wikipedia.org,2026-07,17,FR,4000
or.wikipedia.org,2026-07,18,PH,4000
or.wikipedia.org,2026-07,19,TH,4000
or.wikipedia.org,2026-07,20,ES,3000
or.wikipedia.org,2026-07,21,UA,3000
or.wikipedia.org,2026-07,22,CA,3000
or.wikipedia.org,2026-07,23,ZA,3000
or.wikipedia.org,2026-07,24,MA,3000
or.wikipedia.org,2026-07,26,CL,3000
or.wikipedia.org,2026-07,27,IT,3000
or.wikipedia.org,2026-07,28,AU,2000
or.wikipedia.org,2026-07,29,JP,2000
or.wikipedia.org,2026-07,31,PE,2000
or.wikipedia.org,2026-07,32,MY,2000
or.wikipedia.org,2026-07,33,EC,2000
or.wikipedia.org,2026-07,37,RO,2000
or.wikipedia.org,2026-07,38,DZ,2000
or.wikipedia.org,2026-07,39,TN,2000
or.wikipedia.org,2026-07,40,SE,2000
or.wikipedia.org,2026-07,41,TW,2000
or.wikipedia.org,2026-07,44,GR,1000
or.wikipedia.org,2026-07,44,IL,1000
or.wikipedia.org,2026-07,46,UY,1000
or.wikipedia.org,2026-07,47,KR,1000
or.wikipedia.org,2026-07,48,BG,1000
or.wikipedia.org,2026-07,49,HU,1000
or.wikipedia.org,2026-07,51,PT,1000
or.wikipedia.org,2026-07,52,BO,1000
or.wikipedia.org,2026-07,54,JO,1000
or.wikipedia.org,2026-07,55,BE,1000
or.wikipedia.org,2026-07,57,CZ,1000
or.wikipedia.org,2026-07,58,CH,1000
or.wikipedia.org,2026-07,59,NG,1000
or.wikipedia.org,2026-07,60,PY,1000
or.wikipedia.org,2026-07,61,IE,1000
or.wikipedia.org,2026-07,62,DO,1000
or.wikipedia.org,2026-07,63,RS,1000
or.wikipedia.org,2026-07,64,KE,1000
or.wikipedia.org,2026-07,65,OM,1000
or.wikipedia.org,2026-07,66,NP,1000
or.wikipedia.org,2026-07,67,PA,1000
or.wikipedia.org,2026-07,69,AT,1000
or.wikipedia.org,2026-07,69,MD,1000
or.wikipedia.org,2026-07,71,SK,1000
or.wikipedia.org,2026-07,72,GT,1000
or.wikipedia.org,2026-07,73,FI,1000
or.wikipedia.org,2026-07,74,NZ,1000
or.wikipedia.org,2026-07,75,CR,1000
or.wikipedia.org,2026-07,77,NO,1000
or.wikipedia.org,2026-07,78,LT,1000
or.wikipedia.org,2026-07,80,CI,1000
or.wikipedia.org,2026-07,81,QA,1000
or.wikipedia.org,2026-07,82,GH,1000
or.wikipedia.org,2026-07,84,KW,1000
or.wikipedia.org,2026-07,86,SN,1000
or.wikipedia.org,2026-07,87,LK,1000
or.wikipedia.org,2026-07,88,BA,1000
or.wikipedia.org,2026-07,89,GE,1000
or.wikipedia.org,2026-07,90,DK,1000
or.wikipedia.org,2026-07,91,MN,1000
or.wikipedia.org,2026-07,92,AL,1000
or.wikipedia.org,2026-07,93,HR,1000
or.wikipedia.org,2026-07,94,BF,1000
or.wikipedia.org,2026-07,97,SV,1000
or.wikipedia.org,2026-07,99,AO,1000
or.wikipedia.org,2026-07,100,KG,1000
or.wikipedia.org,2026-07,101,TZ,1000
or.wikipedia.org,2026-07,103,LV,1000
or.wikipedia.org,2026-07,105,GA,1000
or.wikipedia.org,2026-07,106,AM,1000
or.wikipedia.org,2026-07,107,TG,1000
or.wikipedia.org,2026-07,107,MK,1000
or.wikipedia.org,2026-07,109,XK,1000
or.wikipedia.org,2026-07,110,JM,1000
or.wikipedia.org,2026-07,111,PR,1000
or.wikipedia.org,2026-07,112,TT,1000
or.wikipedia.org,2026-07,113,LB,1000
or.wikipedia.org,2026-07,114,UG,1000
or.wikipedia.org,2026-07,115,CY,1000
or.wikipedia.org,2026-07,116,SI,1000
or.wiktionary.org,2026-07,1,US,28000
or.wiktionary.org,2026-07,2,IN,11000
or.wiktionary.org,2026-07,3,BR,4000
or.wiktionary.org,2026-07,4,SG,4000
or.wiktionary.org,2026-07,6,MX,2000
or.wiktionary.org,2026-07,7,AR,1000
or.wiktionary.org,2026-07,9,GB,1000
or.wiktionary.org,2026-07,10,ZA,1000
or.wiktionary.org,2026-07,11,ID,1000
or.wiktionary.org,2026-07,14,FR,1000
or.wiktionary.org,2026-07,16,UA,1000
or.wiktionary.org,2026-07,17,CO,1000
or.wiktionary.org,2026-07,18,PH,1000
or.wiktionary.org,2026-07,19,CA,1000
or.wiktionary.org,2026-07,19,MA,1000
or.wiktionary.org,2026-07,22,DE,1000
or.wiktionary.org,2026-07,23,JP,1000
or.wiktionary.org,2026-07,24,CL,1000
or.wiktionary.org,2026-07,25,NL,1000
or.wiktionary.org,2026-07,26,ES,1000
or.wiktionary.org,2026-07,28,RO,1000
or.wiktionary.org,2026-07,31,TH,1000
or.wiktionary.org,2026-07,32,PL,1000
or.wiktionary.org,2026-07,33,MY,1000
or.wiktionary.org,2026-07,34,TN,1000
or.wiktionary.org,2026-07,35,EC,1000
or.wiktionary.org,2026-07,36,JO,1000
or.wiktionary.org,2026-07,37,UY,1000
or.wiktionary.org,2026-07,40,DZ,1000
or.wiktionary.org,2026-07,41,NG,1000
or.wiktionary.org,2026-07,42,PE,1000
or.wiktionary.org,2026-07,44,AU,1000
or.wiktionary.org,2026-07,45,SE,1000
or.wiktionary.org,2026-07,46,KE,1000
or.wiktionary.org,2026-07,47,BO,1000
or.wiktionary.org,2026-07,49,IL,1000
or.wikisource.org,2026-07,1,IN,31000
or.wikisource.org,2026-07,2,US,20000
or.wikisource.org,2026-07,3,SG,7000
or.wikisource.org,2026-07,4,BR,4000
or.wikisource.org,2026-07,5,PH,3000
or.wikisource.org,2026-07,6,NL,3000
or.wikisource.org,2026-07,8,MX,2000
or.wikisource.org,2026-07,10,ID,2000
or.wikisource.org,2026-07,11,UA,2000
or.wikisource.org,2026-07,13,GB,2000
or.wikisource.org,2026-07,17,MA,1000
or.wikisource.org,2026-07,18,TH,1000
or.wikisource.org,2026-07,20,ES,1000
or.wikisource.org,2026-07,21,CA,1000
or.wikisource.org,2026-07,22,ZA,1000
or.wikisource.org,2026-07,24,PL,1000
or.wikisource.org,2026-07,26,AR,1000
or.wikisource.org,2026-07,27,DZ,1000
or.wikisource.org,2026-07,29,CO,1000
or.wikisource.org,2026-07,30,PE,1000
or.wikisource.org,2026-07,31,LT,1000
or.wikisource.org,2026-07,32,JP,1000
or.wikisource.org,2026-07,33,UY,1000
or.wikisource.org,2026-07,34,SE,1000
or.wikisource.org,2026-07,35,JO,1000
or.wikisource.org,2026-07,36,DE,1000
or.wikisource.org,2026-07,38,PY,1000
or.wikisource.org,2026-07,39,RO,1000
or.wikisource.org,2026-07,40,KE,1000
or.wikisource.org,2026-07,41,GR,1000
or.wikisource.org,2026-07,44,BG,1000
or.wikisource.org,2026-07,45,OM,1000
or.wikisource.org,2026-07,46,FR,1000
or.wikisource.org,2026-07,47,MY,1000
or.wikisource.org,2026-07,49,LB,1000
or.wikisource.org,2026-07,49,CR,1000
or.wikisource.org,2026-07,51,BO,1000
or.wikisource.org,2026-07,52,PA,1000
or.wikisource.org,2026-07,54,SN,1000
or.wikisource.org,2026-07,55,IT,1000
or.wikisource.org,2026-07,56,IL,1000
or.wikisource.org,2026-07,56,TN,1000
or.wikisource.org,2026-07,58,NP,1000
or.wikisource.org,2026-07,59,DO,1000
or.wikisource.org,2026-07,62,JM,1000
or.wikisource.org,2026-07,63,AU,1000
pa.wiktionary.org,2026-07,1,US,11000
pa.wiktionary.org,2026-07,2,SG,4000
pa.wiktionary.org,2026-07,3,IN,2000
pa.wiktionary.org,2026-07,4,BR,1000
pa.wiktionary.org,2026-07,5,MX,1000
pa.wiktionary.org,2026-07,7,GB,1000
pa.wiktionary.org,2026-07,8,ID,1000
pa.wiktionary.org,2026-07,9,NL,1000
pa.wiktionary.org,2026-07,10,CA,1000
pa.wiktionary.org,2026-07,11,DE,1000
pa.wiktionary.org,2026-07,12,JP,1000
pa.wiktionary.org,2026-07,14,RO,1000
pa.wiktionary.org,2026-07,15,FR,1000
pa.wiktionary.org,2026-07,16,UA,1000
pa.wiktionary.org,2026-07,17,AR,1000
pa.wiktionary.org,2026-07,19,ES,1000
pa.wikisource.org,2026-07,1,US,53000
pa.wikisource.org,2026-07,2,IN,18000
pa.wikisource.org,2026-07,3,SG,10000
pa.wikisource.org,2026-07,4,BR,5000
pa.wikisource.org,2026-07,5,PH,3000
pa.wikisource.org,2026-07,6,MX,3000
pa.wikisource.org,2026-07,8,ID,3000
pa.wikisource.org,2026-07,10,UA,2000
pa.wikisource.org,2026-07,13,CA,2000
pa.wikisource.org,2026-07,16,GB,2000
pa.wikisource.org,2026-07,20,NL,1000
pa.wikisource.org,2026-07,21,TH,1000
pa.wikisource.org,2026-07,22,MA,1000
pa.wikisource.org,2026-07,23,ES,1000
pa.wikisource.org,2026-07,24,AR,1000
pa.wikisource.org,2026-07,27,DE,1000
pa.wikisource.org,2026-07,28,ZA,1000
pa.wikisource.org,2026-07,28,DZ,1000
pa.wikisource.org,2026-07,30,PL,1000
pa.wikisource.org,2026-07,31,CO,1000
pa.wikisource.org,2026-07,32,FR,1000
pa.wikisource.org,2026-07,33,PE,1000
pa.wikisource.org,2026-07,34,UY,1000
pa.wikisource.org,2026-07,35,JO,1000
pa.wikisource.org,2026-07,36,AU,1000
pa.wikisource.org,2026-07,37,LT,1000
pa.wikisource.org,2026-07,38,IT,1000
pa.wikisource.org,2026-07,39,MY,1000
pa.wikisource.org,2026-07,40,KE,1000
pa.wikisource.org,2026-07,42,RO,1000
pa.wikisource.org,2026-07,43,PY,1000
pa.wikisource.org,2026-07,46,GR,1000
pa.wikisource.org,2026-07,48,JP,1000
pa.wikisource.org,2026-07,49,BG,1000
pa.wikisource.org,2026-07,50,OM,1000
pa.wikisource.org,2026-07,51,PA,1000
pa.wikisource.org,2026-07,53,IL,1000
pa.wikisource.org,2026-07,54,DO,1000
pa.wikisource.org,2026-07,55,TN,1000
pa.wikisource.org,2026-07,56,IE,1000
pa.wikisource.org,2026-07,57,CH,1000
pa.wikisource.org,2026-07,58,BE,1000
pa.wikisource.org,2026-07,59,LB,1000
pa.wikisource.org,2026-07,61,CL,1000
pa.wikisource.org,2026-07,62,BO,1000
pa.wikisource.org,2026-07,64,NO,1000
pa.wikisource.org,2026-07,65,CR,1000
pa.wikisource.org,2026-07,66,EC,1000
pa.wikisource.org,2026-07,67,SC,1000
pa.wikisource.org,2026-07,68,SE,1000
pa.wikisource.org,2026-07,69,NP,1000
pa.wikisource.org,2026-07,70,SN,1000
pa.wikisource.org,2026-07,71,AL,1000
pa.wikibooks.org,2026-07,1,US,15000
pa.wikibooks.org,2026-07,3,IN,4000
pa.wikibooks.org,2026-07,4,SG,4000
pa.wikibooks.org,2026-07,5,SC,3000
pa.wikibooks.org,2026-07,6,JP,2000
pa.wikibooks.org,2026-07,7,BR,2000
pa.wikibooks.org,2026-07,8,ID,1000
pa.wikibooks.org,2026-07,10,PH,1000
pa.wikibooks.org,2026-07,13,GB,1000
pa.wikibooks.org,2026-07,14,MX,1000
pa.wikibooks.org,2026-07,15,DE,1000
pa.wikibooks.org,2026-07,16,MY,1000
pa.wikibooks.org,2026-07,17,FR,1000
pa.wikibooks.org,2026-07,19,ES,1000
pa.wikibooks.org,2026-07,20,PL,1000
pa.wikibooks.org,2026-07,21,AR,1000
pa.wikibooks.org,2026-07,22,CA,1000
pa.wikibooks.org,2026-07,23,IT,1000
pa.wikibooks.org,2026-07,24,UA,1000
pa.wikibooks.org,2026-07,26,CO,1000
pa.wikibooks.org,2026-07,27,NL,1000
pa.wikibooks.org,2026-07,28,FI,1000
pa.wikibooks.org,2026-07,29,BE,1000
pa.wikibooks.org,2026-07,30,ZA,1000
pa.wikibooks.org,2026-07,31,LT,1000
pa.wikibooks.org,2026-07,32,MA,1000
pa.wikibooks.org,2026-07,33,IS,1000
pa.wikibooks.org,2026-07,33,PT,1000
pa.wikibooks.org,2026-07,35,AU,1000
pa.wikibooks.org,2026-07,36,CY,1000
pa.wikibooks.org,2026-07,38,GH,1000
pa.wikibooks.org,2026-07,40,JO,1000
pa.wikibooks.org,2026-07,41,CL,1000
pa.wikibooks.org,2026-07,42,RO,1000
pi.wikipedia.org,2026-07,1,US,26000
pi.wikipedia.org,2026-07,2,BR,12000
pi.wikipedia.org,2026-07,3,IN,8000
pi.wikipedia.org,2026-07,5,SG,5000
pi.wikipedia.org,2026-07,8,AR,4000
pi.wikipedia.org,2026-07,9,MX,4000
pi.wikipedia.org,2026-07,11,TH,3000
pi.wikipedia.org,2026-07,12,FR,3000
pi.wikipedia.org,2026-07,13,ID,3000
pi.wikipedia.org,2026-07,14,ZA,3000
pi.wikipedia.org,2026-07,15,PH,3000
pi.wikipedia.org,2026-07,17,CO,2000
pi.wikipedia.org,2026-07,18,MA,2000
pi.wikipedia.org,2026-07,19,TN,2000
pi.wikipedia.org,2026-07,20,CL,2000
pi.wikipedia.org,2026-07,21,UA,2000
pi.wikipedia.org,2026-07,22,MY,1000
pi.wikipedia.org,2026-07,24,GB,1000
pi.wikipedia.org,2026-07,26,EC,1000
pi.wikipedia.org,2026-07,28,DE,1000
pi.wikipedia.org,2026-07,29,UY,1000
pi.wikipedia.org,2026-07,30,DZ,1000
pi.wikipedia.org,2026-07,31,ES,1000
pi.wikipedia.org,2026-07,33,JO,1000
pi.wikipedia.org,2026-07,35,PL,1000
pi.wikipedia.org,2026-07,37,CA,1000
pi.wikipedia.org,2026-07,38,IT,1000
pi.wikipedia.org,2026-07,39,NG,1000
pi.wikipedia.org,2026-07,40,NL,1000
pi.wikipedia.org,2026-07,41,OM,1000
pi.wikipedia.org,2026-07,43,KE,1000
pi.wikipedia.org,2026-07,44,PE,1000
pi.wikipedia.org,2026-07,46,BO,1000
pi.wikipedia.org,2026-07,47,AU,1000
pi.wikipedia.org,2026-07,48,IL,1000
pi.wikipedia.org,2026-07,49,PY,1000
pi.wikipedia.org,2026-07,51,RO,1000
pi.wikipedia.org,2026-07,53,JP,1000
pi.wikipedia.org,2026-07,54,TW,1000
pi.wikipedia.org,2026-07,55,DO,1000
pi.wikipedia.org,2026-07,57,PT,1000
pi.wikipedia.org,2026-07,58,SK,1000
pi.wikipedia.org,2026-07,59,NP,1000
pi.wikipedia.org,2026-07,60,PA,1000
pi.wikipedia.org,2026-07,61,GR,1000
pi.wikipedia.org,2026-07,63,KR,1000
pi.wikipedia.org,2026-07,64,CI,1000
pi.wikipedia.org,2026-07,65,CR,1000
pi.wikipedia.org,2026-07,67,GH,1000
pi.wikipedia.org,2026-07,68,SN,1000
pi.wikipedia.org,2026-07,69,BF,1000
pi.wikipedia.org,2026-07,70,TZ,1000
pi.wikipedia.org,2026-07,71,BE,1000
pi.wikipedia.org,2026-07,72,MD,1000
pi.wikipedia.org,2026-07,73,CH,1000
pi.wikipedia.org,2026-07,75,AO,1000
pi.wikipedia.org,2026-07,77,BG,1000
pi.wikipedia.org,2026-07,78,SE,1000
pi.wikipedia.org,2026-07,79,QA,1000
pi.wikipedia.org,2026-07,79,IE,1000
pi.wikipedia.org,2026-07,82,LB,1000
pi.wikipedia.org,2026-07,84,JM,1000
pi.wikipedia.org,2026-07,84,KW,1000
pi.wikipedia.org,2026-07,86,TG,1000
pi.wikipedia.org,2026-07,86,GE,1000
pi.wikipedia.org,2026-07,88,RS,1000
pi.wikipedia.org,2026-07,89,CD,1000
pi.wikipedia.org,2026-07,90,LY,1000
pi.wikipedia.org,2026-07,91,AL,1000
pi.wikipedia.org,2026-07,92,UG,1000
pi.wikipedia.org,2026-07,94,CZ,1000
pi.wikipedia.org,2026-07,95,AT,1000
pi.wikipedia.org,2026-07,95,GT,1000
pi.wikipedia.org,2026-07,97,KG,1000
pnb.wikipedia.org,2026-07,1,US,216000
pnb.wikipedia.org,2026-07,2,BR,43000
pnb.wikipedia.org,2026-07,3,SG,40000
pnb.wikipedia.org,2026-07,4,IN,30000
pnb.wikipedia.org,2026-07,6,MX,16000
pnb.wikipedia.org,2026-07,7,GB,15000
pnb.wikipedia.org,2026-07,9,PL,12000
pnb.wikipedia.org,2026-07,10,CA,8000
pnb.wikipedia.org,2026-07,11,DE,7000
pnb.wikipedia.org,2026-07,12,ID,7000
pnb.wikipedia.org,2026-07,13,ES,7000
pnb.wikipedia.org,2026-07,16,JP,5000
pnb.wikipedia.org,2026-07,17,AR,5000
pnb.wikipedia.org,2026-07,18,FR,5000
pnb.wikipedia.org,2026-07,19,CO,5000
pnb.wikipedia.org,2026-07,20,NL,5000
pnb.wikipedia.org,2026-07,21,UA,4000
pnb.wikipedia.org,2026-07,22,ZA,4000
pnb.wikipedia.org,2026-07,23,TH,4000
pnb.wikipedia.org,2026-07,24,PH,4000
pnb.wikipedia.org,2026-07,25,IT,4000
pnb.wikipedia.org,2026-07,26,AU,4000
pnb.wikipedia.org,2026-07,27,SE,4000
pnb.wikipedia.org,2026-07,30,CL,3000
pnb.wikipedia.org,2026-07,31,PE,3000
pnb.wikipedia.org,2026-07,32,MA,3000
pnb.wikipedia.org,2026-07,36,RO,2000
pnb.wikipedia.org,2026-07,37,MY,2000
pnb.wikipedia.org,2026-07,39,TW,2000
pnb.wikipedia.org,2026-07,41,EC,2000
pnb.wikipedia.org,2026-07,42,GR,2000
pnb.wikipedia.org,2026-07,43,BG,2000
pnb.wikipedia.org,2026-07,44,AT,2000
pnb.wikipedia.org,2026-07,45,DZ,2000
pnb.wikipedia.org,2026-07,46,KR,2000
pnb.wikipedia.org,2026-07,47,IL,2000
pnb.wikipedia.org,2026-07,48,HU,2000
pnb.wikipedia.org,2026-07,49,PT,2000
pnb.wikipedia.org,2026-07,51,CZ,1000
pnb.wikipedia.org,2026-07,52,BE,1000
pnb.wikipedia.org,2026-07,53,IE,1000
pnb.wikipedia.org,2026-07,54,RS,1000
pnb.wikipedia.org,2026-07,55,CH,1000
pnb.wikipedia.org,2026-07,56,PY,1000
pnb.wikipedia.org,2026-07,57,BO,1000
pnb.wikipedia.org,2026-07,59,NZ,1000
pnb.wikipedia.org,2026-07,61,TN,1000
pnb.wikipedia.org,2026-07,63,NO,1000
pnb.wikipedia.org,2026-07,64,DO,1000
pnb.wikipedia.org,2026-07,65,JO,1000
pnb.wikipedia.org,2026-07,65,FI,1000
pnb.wikipedia.org,2026-07,67,MD,1000
pnb.wikipedia.org,2026-07,68,GT,1000
pnb.wikipedia.org,2026-07,69,UY,1000
pnb.wikipedia.org,2026-07,70,SK,1000
pnb.wikipedia.org,2026-07,71,NG,1000
pnb.wikipedia.org,2026-07,72,KE,1000
pnb.wikipedia.org,2026-07,72,KW,1000
pnb.wikipedia.org,2026-07,74,LT,1000
pnb.wikipedia.org,2026-07,75,DK,1000
pnb.wikipedia.org,2026-07,77,LK,1000
pnb.wikipedia.org,2026-07,79,NP,1000
pnb.wikipedia.org,2026-07,80,MN,1000
pnb.wikipedia.org,2026-07,81,HR,1000
pnb.wikipedia.org,2026-07,83,BA,1000
pnb.wikipedia.org,2026-07,84,OM,1000
pnb.wikipedia.org,2026-07,85,QA,1000
pnb.wikipedia.org,2026-07,86,CR,1000
pnb.wikipedia.org,2026-07,87,PA,1000
pnb.wikipedia.org,2026-07,89,GE,1000
pnb.wikipedia.org,2026-07,90,LV,1000
pnb.wikipedia.org,2026-07,92,AM,1000
pnb.wikipedia.org,2026-07,94,KG,1000
pnb.wikipedia.org,2026-07,96,BF,1000
pnb.wikipedia.org,2026-07,97,AL,1000
pnb.wikipedia.org,2026-07,98,CI,1000
pnb.wikipedia.org,2026-07,99,GH,1000
pnb.wikipedia.org,2026-07,100,SN,1000
pnb.wikipedia.org,2026-07,102,XK,1000
pnb.wikipedia.org,2026-07,103,SV,1000
pnb.wikipedia.org,2026-07,104,CY,1000
pnb.wikipedia.org,2026-07,105,SI,1000
pnb.wikipedia.org,2026-07,106,TT,1000
pnb.wikipedia.org,2026-07,107,AO,1000
pnb.wikipedia.org,2026-07,107,MK,1000
pnb.wikipedia.org,2026-07,110,EE,1000
pnb.wikipedia.org,2026-07,111,GA,1000
pnb.wikipedia.org,2026-07,112,TZ,1000
pnb.wikipedia.org,2026-07,113,PR,1000
pnb.wiktionary.org,2026-07,1,US,6000
pnb.wiktionary.org,2026-07,2,BR,2000
pnb.wiktionary.org,2026-07,3,SG,2000
pnb.wiktionary.org,2026-07,4,MX,1000
pnb.wiktionary.org,2026-07,5,IN,1000
pnb.wiktionary.org,2026-07,6,ID,1000
pnb.wiktionary.org,2026-07,8,UA,1000
pnb.wiktionary.org,2026-07,11,DE,1000
pnb.wiktionary.org,2026-07,12,GB,1000
pnb.wiktionary.org,2026-07,13,AR,1000
pnb.wiktionary.org,2026-07,14,FR,1000
sa.wikipedia.org,2026-07,1,US,81000
sa.wikipedia.org,2026-07,2,SG,25000
sa.wikipedia.org,2026-07,3,IN,23000
sa.wikipedia.org,2026-07,4,BR,18000
sa.wikipedia.org,2026-07,6,MX,6000
sa.wikipedia.org,2026-07,8,PL,5000
sa.wikipedia.org,2026-07,9,GB,4000
sa.wikipedia.org,2026-07,10,DE,4000
sa.wikipedia.org,2026-07,11,ID,4000
sa.wikipedia.org,2026-07,12,NL,3000
sa.wikipedia.org,2026-07,13,FR,3000
sa.wikipedia.org,2026-07,14,CA,3000
sa.wikipedia.org,2026-07,16,AR,3000
sa.wikipedia.org,2026-07,17,CO,3000
sa.wikipedia.org,2026-07,18,ES,2000
sa.wikipedia.org,2026-07,20,UA,2000
sa.wikipedia.org,2026-07,21,IT,2000
sa.wikipedia.org,2026-07,22,TH,2000
sa.wikipedia.org,2026-07,23,FI,2000
sa.wikipedia.org,2026-07,24,PH,2000
sa.wikipedia.org,2026-07,25,JP,2000
sa.wikipedia.org,2026-07,26,AU,2000
sa.wikipedia.org,2026-07,27,CL,2000
sa.wikipedia.org,2026-07,28,PE,2000
sa.wikipedia.org,2026-07,30,ZA,1000
sa.wikipedia.org,2026-07,31,RO,1000
sa.wikipedia.org,2026-07,32,SE,1000
sa.wikipedia.org,2026-07,34,MA,1000
sa.wikipedia.org,2026-07,36,GR,1000
sa.wikipedia.org,2026-07,37,TW,1000
sa.wikipedia.org,2026-07,39,MY,1000
sa.wikipedia.org,2026-07,40,NP,1000
sa.wikipedia.org,2026-07,41,EC,1000
sa.wikipedia.org,2026-07,43,DZ,1000
sa.wikipedia.org,2026-07,44,KR,1000
sa.wikipedia.org,2026-07,45,IL,1000
sa.wikipedia.org,2026-07,47,PT,1000
sa.wikipedia.org,2026-07,49,HU,1000
sa.wikipedia.org,2026-07,51,CZ,1000
sa.wikipedia.org,2026-07,52,CH,1000
sa.wikipedia.org,2026-07,53,IE,1000
sa.wikipedia.org,2026-07,54,BG,1000
sa.wikipedia.org,2026-07,55,BE,1000
sa.wikipedia.org,2026-07,56,RS,1000
sa.wikipedia.org,2026-07,57,NO,1000
sa.wikipedia.org,2026-07,57,BO,1000
sa.wikipedia.org,2026-07,61,NZ,1000
sa.wikipedia.org,2026-07,61,PY,1000
sa.wikipedia.org,2026-07,63,AT,1000
sa.wikipedia.org,2026-07,64,TN,1000
sa.wikipedia.org,2026-07,65,MD,1000
sa.wikipedia.org,2026-07,66,KE,1000
sa.wikipedia.org,2026-07,67,LV,1000
sa.wikipedia.org,2026-07,68,LT,1000
sa.wikipedia.org,2026-07,69,NG,1000
sa.wikipedia.org,2026-07,69,UY,1000
sa.wikipedia.org,2026-07,71,DO,1000
sa.wikipedia.org,2026-07,72,JO,1000
sa.wikipedia.org,2026-07,72,LK,1000
sa.wikipedia.org,2026-07,74,DK,1000
sa.wikipedia.org,2026-07,76,GT,1000
sa.wikipedia.org,2026-07,77,SK,1000
sa.wikipedia.org,2026-07,78,HR,1000
sa.wikipedia.org,2026-07,80,PA,1000
sa.wikipedia.org,2026-07,81,OM,1000
sa.wikipedia.org,2026-07,83,GE,1000
sa.wikipedia.org,2026-07,84,CR,1000
sa.wikipedia.org,2026-07,85,MN,1000
sa.wikipedia.org,2026-07,87,BA,1000
sa.wikipedia.org,2026-07,89,KW,1000
sa.wiktionary.org,2026-07,1,US,64000
sa.wiktionary.org,2026-07,2,IN,30000
sa.wiktionary.org,2026-07,3,BR,9000
sa.wiktionary.org,2026-07,4,SG,8000
sa.wiktionary.org,2026-07,5,MX,5000
sa.wiktionary.org,2026-07,6,GB,5000
sa.wiktionary.org,2026-07,8,CA,3000
sa.wiktionary.org,2026-07,10,PL,3000
sa.wiktionary.org,2026-07,11,JP,3000
sa.wiktionary.org,2026-07,12,ID,2000
sa.wiktionary.org,2026-07,13,ZA,2000
sa.wiktionary.org,2026-07,14,ES,2000
sa.wiktionary.org,2026-07,15,SE,2000
sa.wiktionary.org,2026-07,16,UA,2000
sa.wiktionary.org,2026-07,17,AR,2000
sa.wiktionary.org,2026-07,18,NL,2000
sa.wiktionary.org,2026-07,20,FR,1000
sa.wiktionary.org,2026-07,23,CO,1000
sa.wiktionary.org,2026-07,24,DE,1000
sa.wiktionary.org,2026-07,26,AU,1000
sa.wiktionary.org,2026-07,28,PH,1000
sa.wiktionary.org,2026-07,29,CL,1000
sa.wiktionary.org,2026-07,30,MA,1000
sa.wiktionary.org,2026-07,32,TH,1000
sa.wiktionary.org,2026-07,33,IT,1000
sa.wiktionary.org,2026-07,34,EC,1000
sa.wiktionary.org,2026-07,36,TN,1000
sa.wiktionary.org,2026-07,38,IL,1000
sa.wiktionary.org,2026-07,39,NZ,1000
sa.wiktionary.org,2026-07,40,RO,1000
sa.wiktionary.org,2026-07,41,UY,1000
sa.wiktionary.org,2026-07,42,MY,1000
sa.wiktionary.org,2026-07,43,PE,1000
sa.wiktionary.org,2026-07,47,DZ,1000
sa.wiktionary.org,2026-07,48,NP,1000
sa.wiktionary.org,2026-07,50,GR,1000
sa.wiktionary.org,2026-07,51,PT,1000
sa.wiktionary.org,2026-07,52,FI,1000
sa.wiktionary.org,2026-07,53,BO,1000
sa.wiktionary.org,2026-07,54,NG,1000
sa.wiktionary.org,2026-07,55,PY,1000
sa.wiktionary.org,2026-07,56,JO,1000
sa.wiktionary.org,2026-07,59,PA,1000
sa.wiktionary.org,2026-07,60,OM,1000
sa.wiktionary.org,2026-07,61,TW,1000
sa.wikisource.org,2026-07,1,IN,208000
sa.wikisource.org,2026-07,2,US,112000
sa.wikisource.org,2026-07,3,SG,14000
sa.wikisource.org,2026-07,4,BR,11000
sa.wikisource.org,2026-07,5,NL,6000
sa.wikisource.org,2026-07,6,MX,5000
sa.wikisource.org,2026-07,7,PH,5000
sa.wikisource.org,2026-07,9,ID,4000
sa.wikisource.org,2026-07,11,NP,4000
sa.wikisource.org,2026-07,12,UA,4000
sa.wikisource.org,2026-07,13,GB,3000
sa.wikisource.org,2026-07,15,JP,3000
sa.wikisource.org,2026-07,20,CA,2000
sa.wikisource.org,2026-07,21,AR,2000
sa.wikisource.org,2026-07,22,TH,2000
sa.wikisource.org,2026-07,23,ES,2000
sa.wikisource.org,2026-07,26,LT,2000
sa.wikisource.org,2026-07,27,DE,2000
sa.wikisource.org,2026-07,28,ZA,2000
sa.wikisource.org,2026-07,29,MA,2000
sa.wikisource.org,2026-07,30,PL,2000
sa.wikisource.org,2026-07,31,CO,2000
sa.wikisource.org,2026-07,33,FR,1000
sa.wikisource.org,2026-07,36,DZ,1000
sa.wikisource.org,2026-07,37,PE,1000
sa.wikisource.org,2026-07,38,AU,1000
sa.wikisource.org,2026-07,39,SE,1000
sa.wikisource.org,2026-07,40,RO,1000
sa.wikisource.org,2026-07,41,IT,1000
sa.wikisource.org,2026-07,42,JO,1000
sa.wikisource.org,2026-07,43,UY,1000
sa.wikisource.org,2026-07,44,MY,1000
sa.wikisource.org,2026-07,45,KE,1000
sa.wikisource.org,2026-07,46,PY,1000
sa.wikisource.org,2026-07,48,CL,1000
sa.wikisource.org,2026-07,51,BG,1000
sa.wikisource.org,2026-07,52,TW,1000
sa.wikisource.org,2026-07,53,OM,1000
sa.wikisource.org,2026-07,54,GR,1000
sa.wikisource.org,2026-07,55,EC,1000
sa.wikisource.org,2026-07,56,BE,1000
sa.wikisource.org,2026-07,57,IL,1000
sa.wikisource.org,2026-07,59,PA,1000
sa.wikisource.org,2026-07,61,DO,1000
sa.wikisource.org,2026-07,62,LB,1000
sa.wikisource.org,2026-07,63,CR,1000
sa.wikisource.org,2026-07,64,BO,1000
sa.wikisource.org,2026-07,64,TN,1000
sa.wikisource.org,2026-07,67,IE,1000
sa.wikisource.org,2026-07,68,PT,1000
sa.wikisource.org,2026-07,69,NG,1000
sa.wikisource.org,2026-07,73,SN,1000
sa.wikisource.org,2026-07,74,CH,1000
sa.wikisource.org,2026-07,75,JM,1000
sa.wikisource.org,2026-07,76,LK,1000
sa.wikisource.org,2026-07,77,KG,1000
sa.wikisource.org,2026-07,78,AL,1000
sa.wikisource.org,2026-07,80,RS,1000
sa.wikisource.org,2026-07,81,AO,1000
sa.wikisource.org,2026-07,82,CI,1000
sa.wikisource.org,2026-07,83,MD,1000
sa.wikisource.org,2026-07,84,KR,1000
sa.wikisource.org,2026-07,85,AT,1000
sa.wikisource.org,2026-07,86,HU,1000
sa.wikisource.org,2026-07,86,FI,1000
sa.wikisource.org,2026-07,88,GE,1000
sa.wikisource.org,2026-07,89,BF,1000
sa.wikisource.org,2026-07,89,CG,1000
sa.wikisource.org,2026-07,92,NO,1000
sa.wikisource.org,2026-07,94,LY,1000
sa.wikiquote.org,2026-07,1,US,16000
sa.wikiquote.org,2026-07,2,IN,16000
sa.wikiquote.org,2026-07,3,SG,5000
sa.wikiquote.org,2026-07,4,PH,4000
sa.wikiquote.org,2026-07,5,BR,4000
sa.wikiquote.org,2026-07,7,ID,2000
sa.wikiquote.org,2026-07,10,UA,2000
sa.wikiquote.org,2026-07,13,MX,2000
sa.wikiquote.org,2026-07,15,TH,2000
sa.wikiquote.org,2026-07,17,MA,1000
sa.wikiquote.org,2026-07,18,NL,1000
sa.wikiquote.org,2026-07,20,AR,1000
sa.wikiquote.org,2026-07,23,ZA,1000
sa.wikiquote.org,2026-07,24,ES,1000
sa.wikiquote.org,2026-07,25,DZ,1000
sa.wikiquote.org,2026-07,26,CO,1000
sa.wikiquote.org,2026-07,27,PE,1000
sa.wikiquote.org,2026-07,28,UY,1000
sa.wikiquote.org,2026-07,29,LT,1000
sa.wikiquote.org,2026-07,30,JO,1000
sa.wikiquote.org,2026-07,31,RO,1000
sa.wikiquote.org,2026-07,32,GB,1000
sa.wikiquote.org,2026-07,33,PL,1000
sa.wikiquote.org,2026-07,34,PY,1000
sa.wikiquote.org,2026-07,36,KE,1000
sa.wikiquote.org,2026-07,37,FR,1000
sa.wikiquote.org,2026-07,40,CA,1000
sa.wikiquote.org,2026-07,41,GR,1000
sa.wikiquote.org,2026-07,42,DE,1000
sa.wikiquote.org,2026-07,42,OM,1000
sa.wikiquote.org,2026-07,44,BO,1000
sa.wikiquote.org,2026-07,45,LB,1000
sa.wikiquote.org,2026-07,46,BG,1000
sa.wikiquote.org,2026-07,47,CR,1000
sa.wikiquote.org,2026-07,48,MY,1000
sa.wikiquote.org,2026-07,49,NP,1000
sa.wikiquote.org,2026-07,49,PA,1000
sa.wikiquote.org,2026-07,52,DO,1000
sa.wikiquote.org,2026-07,53,IL,1000
sa.wikiquote.org,2026-07,54,TN,1000
sa.wikiquote.org,2026-07,56,AU,1000
sa.wikiquote.org,2026-07,56,SN,1000
sa.wikiquote.org,2026-07,59,JM,1000
sa.wikiquote.org,2026-07,60,IT,1000
sa.wikiquote.org,2026-07,63,NG,1000
sa.wikiquote.org,2026-07,65,EC,1000
sa.wikiquote.org,2026-07,66,JP,1000
sa.wikibooks.org,2026-07,1,US,36000
sa.wikibooks.org,2026-07,2,IN,8000
sa.wikibooks.org,2026-07,3,SG,6000
sa.wikibooks.org,2026-07,4,BR,5000
sa.wikibooks.org,2026-07,6,SC,3000
sa.wikibooks.org,2026-07,8,GB,2000
sa.wikibooks.org,2026-07,9,JP,2000
sa.wikibooks.org,2026-07,11,MX,2000
sa.wikibooks.org,2026-07,12,ID,2000
sa.wikibooks.org,2026-07,13,PH,1000
sa.wikibooks.org,2026-07,16,AR,1000
sa.wikibooks.org,2026-07,17,FR,1000
sa.wikibooks.org,2026-07,18,DE,1000
sa.wikibooks.org,2026-07,19,ES,1000
sa.wikibooks.org,2026-07,20,CO,1000
sa.wikibooks.org,2026-07,21,CA,1000
sa.wikibooks.org,2026-07,22,MY,1000
sa.wikibooks.org,2026-07,23,NL,1000
sa.wikibooks.org,2026-07,24,IT,1000
sa.wikibooks.org,2026-07,25,TH,1000
sa.wikibooks.org,2026-07,26,PL,1000
sa.wikibooks.org,2026-07,27,UA,1000
sa.wikibooks.org,2026-07,28,CL,1000
sa.wikibooks.org,2026-07,29,MA,1000
sa.wikibooks.org,2026-07,30,ZA,1000
sa.wikibooks.org,2026-07,32,AU,1000
sa.wikibooks.org,2026-07,34,RO,1000
sa.wikibooks.org,2026-07,35,PE,1000
sa.wikibooks.org,2026-07,36,GR,1000
sa.wikibooks.org,2026-07,38,EC,1000
sa.wikibooks.org,2026-07,39,PT,1000
sa.wikibooks.org,2026-07,40,BE,1000
sa.wikibooks.org,2026-07,41,LT,1000
sa.wikibooks.org,2026-07,42,DZ,1000
sa.wikibooks.org,2026-07,43,FI,1000
sa.wikibooks.org,2026-07,44,TN,1000
sa.wikibooks.org,2026-07,45,TW,1000
sa.wikibooks.org,2026-07,48,CY,1000
sa.wikibooks.org,2026-07,49,KR,1000
sa.wikibooks.org,2026-07,50,IS,1000
sa.wikibooks.org,2026-07,51,GH,1000
sa.wikibooks.org,2026-07,52,HU,1000
sa.wikibooks.org,2026-07,53,IL,1000
sa.wikibooks.org,2026-07,54,LV,1000
sa.wikibooks.org,2026-07,55,CZ,1000
sa.wikibooks.org,2026-07,56,BO,1000
sa.wikibooks.org,2026-07,56,UY,1000
sa.wikibooks.org,2026-07,58,SE,1000
sat.wikipedia.org,2026-07,1,US,56000
sat.wikipedia.org,2026-07,2,IN,26000
sat.wikipedia.org,2026-07,3,SG,18000
sat.wikipedia.org,2026-07,4,BR,15000
sat.wikipedia.org,2026-07,6,MX,6000
sat.wikipedia.org,2026-07,7,GB,3000
sat.wikipedia.org,2026-07,8,ID,3000
sat.wikipedia.org,2026-07,11,AR,3000
sat.wikipedia.org,2026-07,13,DE,3000
sat.wikipedia.org,2026-07,14,PH,2000
sat.wikipedia.org,2026-07,15,CO,2000
sat.wikipedia.org,2026-07,16,FR,2000
sat.wikipedia.org,2026-07,17,UA,2000
sat.wikipedia.org,2026-07,18,PL,2000
sat.wikipedia.org,2026-07,19,CA,2000
sat.wikipedia.org,2026-07,21,ES,2000
sat.wikipedia.org,2026-07,22,MA,2000
sat.wikipedia.org,2026-07,23,TH,2000
sat.wikipedia.org,2026-07,24,CL,2000
sat.wikipedia.org,2026-07,25,NL,2000
sat.wikipedia.org,2026-07,26,ZA,2000
sat.wikipedia.org,2026-07,27,IT,2000
sat.wikipedia.org,2026-07,30,AU,1000
sat.wikipedia.org,2026-07,31,JP,1000
sat.wikipedia.org,2026-07,33,PE,1000
sat.wikipedia.org,2026-07,35,MY,1000
sat.wikipedia.org,2026-07,36,EC,1000
sat.wikipedia.org,2026-07,37,DZ,1000
sat.wikipedia.org,2026-07,38,RO,1000
sat.wikipedia.org,2026-07,39,UY,1000
sat.wikipedia.org,2026-07,41,TN,1000
sat.wikipedia.org,2026-07,44,TW,1000
sat.wikipedia.org,2026-07,46,GR,1000
sat.wikipedia.org,2026-07,47,SE,1000
sat.wikipedia.org,2026-07,48,JO,1000
sat.wikipedia.org,2026-07,49,KR,1000
sat.wikipedia.org,2026-07,50,BO,1000
sat.wikipedia.org,2026-07,51,PY,1000
sat.wikipedia.org,2026-07,52,IL,1000
sat.wikipedia.org,2026-07,53,PT,1000
sat.wikipedia.org,2026-07,55,BG,1000
sat.wikipedia.org,2026-07,56,NP,1000
sat.wikipedia.org,2026-07,58,HU,1000
sat.wikipedia.org,2026-07,60,CH,1000
sat.wikipedia.org,2026-07,61,IE,1000
sat.wikipedia.org,2026-07,62,KE,1000
sat.wikipedia.org,2026-07,63,OM,1000
sat.wikipedia.org,2026-07,64,BE,1000
sat.wikipedia.org,2026-07,66,PA,1000
sat.wikipedia.org,2026-07,67,CZ,1000
sat.wikipedia.org,2026-07,68,MD,1000
sat.wikipedia.org,2026-07,69,NG,1000
sat.wikipedia.org,2026-07,69,RS,1000
sat.wikipedia.org,2026-07,71,DO,1000
sat.wikipedia.org,2026-07,72,CR,1000
sat.wikipedia.org,2026-07,73,SN,1000
sat.wikipedia.org,2026-07,74,FI,1000
sat.wikipedia.org,2026-07,75,NO,1000
sat.wikipedia.org,2026-07,77,LT,1000
sat.wikipedia.org,2026-07,78,AT,1000
sat.wikipedia.org,2026-07,78,NZ,1000
sat.wikipedia.org,2026-07,80,LK,1000
sat.wikipedia.org,2026-07,81,CI,1000
sat.wikipedia.org,2026-07,83,SK,1000
sat.wikipedia.org,2026-07,85,MN,1000
sat.wikipedia.org,2026-07,86,JM,1000
sat.wikipedia.org,2026-07,88,BA,1000
sat.wikipedia.org,2026-07,89,GT,1000
sat.wikipedia.org,2026-07,90,KW,1000
sat.wikipedia.org,2026-07,90,HR,1000
sat.wikipedia.org,2026-07,92,DK,1000
sat.wikipedia.org,2026-07,93,GE,1000
sat.wikipedia.org,2026-07,93,AL,1000
sat.wikipedia.org,2026-07,95,BF,1000
sat.wikipedia.org,2026-07,96,LV,1000
sat.wikipedia.org,2026-07,97,KG,1000
sat.wikipedia.org,2026-07,98,AO,1000
sat.wikipedia.org,2026-07,98,QA,1000
sat.wikipedia.org,2026-07,100,LB,1000
sat.wikipedia.org,2026-07,102,GH,1000
sat.wiktionary.org,2026-07,1,IN,10000
sat.wiktionary.org,2026-07,2,US,9000
sat.wiktionary.org,2026-07,3,SG,3000
sat.wiktionary.org,2026-07,4,BR,1000
sat.wiktionary.org,2026-07,6,MX,1000
sat.wiktionary.org,2026-07,7,ID,1000
sat.wiktionary.org,2026-07,8,JP,1000
sat.wiktionary.org,2026-07,9,GB,1000
sat.wiktionary.org,2026-07,11,DE,1000
sat.wiktionary.org,2026-07,12,FR,1000
sat.wiktionary.org,2026-07,12,NL,1000
sat.wiktionary.org,2026-07,14,AR,1000
sat.wiktionary.org,2026-07,16,UA,1000
sd.wikipedia.org,2026-07,1,US,100000
sd.wikipedia.org,2026-07,2,SG,30000
sd.wikipedia.org,2026-07,4,BR,26000
sd.wikipedia.org,2026-07,5,IN,16000
sd.wikipedia.org,2026-07,6,MX,11000
sd.wikipedia.org,2026-07,8,GB,8000
sd.wikipedia.org,2026-07,9,PL,8000
sd.wikipedia.org,2026-07,10,ID,5000
sd.wikipedia.org,2026-07,11,DE,4000
sd.wikipedia.org,2026-07,13,CA,4000
sd.wikipedia.org,2026-07,14,UA,4000
sd.wikipedia.org,2026-07,16,ES,3000
sd.wikipedia.org,2026-07,17,NL,3000
sd.wikipedia.org,2026-07,18,FR,3000
sd.wikipedia.org,2026-07,19,AR,3000
sd.wikipedia.org,2026-07,21,CO,3000
sd.wikipedia.org,2026-07,22,JP,3000
sd.wikipedia.org,2026-07,23,ZA,2000
sd.wikipedia.org,2026-07,24,IT,2000
sd.wikipedia.org,2026-07,25,SE,2000
sd.wikipedia.org,2026-07,26,TH,2000
sd.wikipedia.org,2026-07,27,PH,2000
sd.wikipedia.org,2026-07,28,AU,2000
sd.wikipedia.org,2026-07,30,CL,2000
sd.wikipedia.org,2026-07,31,PE,2000
sd.wikipedia.org,2026-07,32,MA,2000
sd.wikipedia.org,2026-07,35,RO,2000
sd.wikipedia.org,2026-07,37,TW,1000
sd.wikipedia.org,2026-07,39,DZ,1000
sd.wikipedia.org,2026-07,40,GR,1000
sd.wikipedia.org,2026-07,41,EC,1000
sd.wikipedia.org,2026-07,42,MY,1000
sd.wikipedia.org,2026-07,43,IL,1000
sd.wikipedia.org,2026-07,44,KR,1000
sd.wikipedia.org,2026-07,45,CH,1000
sd.wikipedia.org,2026-07,46,HU,1000
sd.wikipedia.org,2026-07,49,PT,1000
sd.wikipedia.org,2026-07,50,IE,1000
sd.wikipedia.org,2026-07,50,BG,1000
sd.wikipedia.org,2026-07,52,CZ,1000
sd.wikipedia.org,2026-07,55,BE,1000
sd.wikipedia.org,2026-07,56,RS,1000
sd.wikipedia.org,2026-07,57,TN,1000
sd.wikipedia.org,2026-07,58,BO,1000
sd.wikipedia.org,2026-07,59,NO,1000
sd.wikipedia.org,2026-07,60,PY,1000
sd.wikipedia.org,2026-07,61,FI,1000
sd.wikipedia.org,2026-07,62,JO,1000
sd.wikipedia.org,2026-07,63,MD,1000
sd.wikipedia.org,2026-07,64,AT,1000
sd.wikipedia.org,2026-07,65,NG,1000
sd.wikipedia.org,2026-07,66,NZ,1000
sd.wikipedia.org,2026-07,67,UY,1000
sd.wikipedia.org,2026-07,69,DO,1000
sd.wikipedia.org,2026-07,70,KE,1000
sd.wikipedia.org,2026-07,71,LT,1000
sd.wikipedia.org,2026-07,72,GT,1000
sd.wikipedia.org,2026-07,73,NP,1000
sd.wikipedia.org,2026-07,74,DK,1000
sd.wikipedia.org,2026-07,75,SK,1000
sd.wikipedia.org,2026-07,77,PA,1000
sd.wikipedia.org,2026-07,78,BA,1000
sd.wikipedia.org,2026-07,79,LV,1000
sd.wikipedia.org,2026-07,81,MN,1000
sd.wikipedia.org,2026-07,82,GE,1000
sd.wikipedia.org,2026-07,83,LK,1000
sd.wikipedia.org,2026-07,84,CR,1000
sd.wikipedia.org,2026-07,85,AM,1000
sd.wikipedia.org,2026-07,85,HR,1000
sd.wikipedia.org,2026-07,87,OM,1000
sd.wikipedia.org,2026-07,88,KW,1000
sd.wikipedia.org,2026-07,89,CI,1000
sd.wikipedia.org,2026-07,91,QA,1000
sd.wikipedia.org,2026-07,93,AL,1000
sd.wikipedia.org,2026-07,94,KG,1000
sd.wikipedia.org,2026-07,97,SN,1000
sd.wikipedia.org,2026-07,97,BF,1000
sd.wikipedia.org,2026-07,99,GH,1000
sd.wiktionary.org,2026-07,1,BR,48000
sd.wiktionary.org,2026-07,3,AR,17000
sd.wiktionary.org,2026-07,4,MX,15000
sd.wiktionary.org,2026-07,6,ZA,12000
sd.wiktionary.org,2026-07,7,IN,12000
sd.wiktionary.org,2026-07,8,US,10000
sd.wiktionary.org,2026-07,9,MA,8000
sd.wiktionary.org,2026-07,10,CO,7000
sd.wiktionary.org,2026-07,12,NG,5000
sd.wiktionary.org,2026-07,13,CL,5000
sd.wiktionary.org,2026-07,16,SG,4000
sd.wiktionary.org,2026-07,17,DZ,4000
sd.wiktionary.org,2026-07,18,ID,4000
sd.wiktionary.org,2026-07,19,GB,4000
sd.wiktionary.org,2026-07,20,JO,4000
sd.wiktionary.org,2026-07,21,UA,3000
sd.wiktionary.org,2026-07,23,PH,3000
sd.wiktionary.org,2026-07,25,UY,3000
sd.wiktionary.org,2026-07,26,EC,3000
sd.wiktionary.org,2026-07,28,KE,3000
sd.wiktionary.org,2026-07,32,TN,3000
sd.wiktionary.org,2026-07,33,PY,2000
sd.wiktionary.org,2026-07,34,OM,2000
sd.wiktionary.org,2026-07,35,BO,2000
sd.wiktionary.org,2026-07,38,IL,2000
sd.wiktionary.org,2026-07,40,CG,2000
sd.wiktionary.org,2026-07,41,CA,2000
sd.wiktionary.org,2026-07,42,PE,2000
sd.wiktionary.org,2026-07,44,SN,2000
sd.wiktionary.org,2026-07,45,DO,2000
sd.wiktionary.org,2026-07,46,CI,2000
sd.wiktionary.org,2026-07,48,CR,2000
sd.wiktionary.org,2026-07,49,NP,1000
sd.wiktionary.org,2026-07,50,PA,1000
sd.wiktionary.org,2026-07,51,JM,1000
sd.wiktionary.org,2026-07,52,MY,1000
sd.wiktionary.org,2026-07,53,FR,1000
sd.wiktionary.org,2026-07,54,LB,1000
sd.wiktionary.org,2026-07,57,AO,1000
sd.wiktionary.org,2026-07,58,KW,1000
sd.wiktionary.org,2026-07,60,TG,1000
sd.wiktionary.org,2026-07,62,IE,1000
sd.wiktionary.org,2026-07,63,TH,1000
sd.wiktionary.org,2026-07,64,AL,1000
sd.wiktionary.org,2026-07,65,DE,1000
sd.wiktionary.org,2026-07,66,QA,1000
sd.wiktionary.org,2026-07,68,KG,1000
sd.wiktionary.org,2026-07,69,BG,1000
sd.wiktionary.org,2026-07,70,TT,1000
sd.wiktionary.org,2026-07,72,GA,1000
sd.wiktionary.org,2026-07,74,ES,1000
sd.wiktionary.org,2026-07,74,RO,1000
sd.wiktionary.org,2026-07,76,GE,1000
sd.wiktionary.org,2026-07,77,IT,1000
sd.wiktionary.org,2026-07,78,RS,1000
sd.wiktionary.org,2026-07,79,SV,1000
sd.wiktionary.org,2026-07,80,AM,1000
sd.wiktionary.org,2026-07,81,AU,1000
sd.wiktionary.org,2026-07,82,GT,1000
sd.wiktionary.org,2026-07,83,JP,1000
sd.wiktionary.org,2026-07,84,NL,1000
sd.wiktionary.org,2026-07,85,BA,1000
sd.wiktionary.org,2026-07,86,ML,1000
sd.wiktionary.org,2026-07,86,MD,1000
sd.wiktionary.org,2026-07,88,GY,1000
sd.wiktionary.org,2026-07,89,LK,1000
sd.wiktionary.org,2026-07,90,HU,1000
sd.wiktionary.org,2026-07,91,MN,1000
sd.wiktionary.org,2026-07,92,SE,1000
sd.wiktionary.org,2026-07,93,AT,1000
sd.wiktionary.org,2026-07,94,XK,1000
sd.wiktionary.org,2026-07,95,BW,1000
sd.wiktionary.org,2026-07,96,HR,1000
sd.wiktionary.org,2026-07,97,PR,1000
sd.wiktionary.org,2026-07,97,PL,1000
sd.wiktionary.org,2026-07,99,LV,1000
sd.wiktionary.org,2026-07,100,MK,1000
sd.wiktionary.org,2026-07,101,BB,1000
sd.wiktionary.org,2026-07,102,PT,1000
sd.wiktionary.org,2026-07,103,MU,1000
sd.wiktionary.org,2026-07,104,SK,1000
sd.wiktionary.org,2026-07,105,GR,1000
sd.wiktionary.org,2026-07,106,TZ,1000
sd.wiktionary.org,2026-07,107,BE,1000
si.wikipedia.org,2026-07,1,LK,546000
si.wikipedia.org,2026-07,2,US,230000
si.wikipedia.org,2026-07,3,BR,63000
si.wikipedia.org,2026-07,4,SG,43000
si.wikipedia.org,2026-07,5,IN,40000
si.wikipedia.org,2026-07,7,MX,21000
si.wikipedia.org,2026-07,8,GB,15000
si.wikipedia.org,2026-07,9,CA,14000
si.wikipedia.org,2026-07,10,ID,13000
si.wikipedia.org,2026-07,12,AR,12000
si.wikipedia.org,2026-07,14,FR,10000
si.wikipedia.org,2026-07,17,PH,8000
si.wikipedia.org,2026-07,18,PL,8000
si.wikipedia.org,2026-07,19,ZA,8000
si.wikipedia.org,2026-07,20,CO,8000
si.wikipedia.org,2026-07,21,DE,8000
si.wikipedia.org,2026-07,22,JP,7000
si.wikipedia.org,2026-07,23,TH,7000
si.wikipedia.org,2026-07,24,ES,7000
si.wikipedia.org,2026-07,25,UA,7000
si.wikipedia.org,2026-07,26,IT,6000
si.wikipedia.org,2026-07,27,NL,6000
si.wikipedia.org,2026-07,29,AU,5000
si.wikipedia.org,2026-07,30,CL,5000
si.wikipedia.org,2026-07,31,MA,5000
si.wikipedia.org,2026-07,32,MY,5000
si.wikipedia.org,2026-07,33,TN,5000
si.wikipedia.org,2026-07,35,KR,4000
si.wikipedia.org,2026-07,36,EC,4000
si.wikipedia.org,2026-07,37,SE,4000
si.wikipedia.org,2026-07,38,TW,4000
si.wikipedia.org,2026-07,40,PE,3000
si.wikipedia.org,2026-07,43,DZ,3000
si.wikipedia.org,2026-07,44,IL,3000
si.wikipedia.org,2026-07,45,RO,3000
si.wikipedia.org,2026-07,46,UY,3000
si.wikipedia.org,2026-07,49,JO,2000
si.wikipedia.org,2026-07,50,KW,2000
si.wikipedia.org,2026-07,51,GR,2000
si.wikipedia.org,2026-07,53,NG,2000
si.wikipedia.org,2026-07,54,PT,2000
si.wikipedia.org,2026-07,55,PY,2000
si.wikipedia.org,2026-07,56,BO,2000
si.wikipedia.org,2026-07,57,OM,2000
si.wikipedia.org,2026-07,58,KE,2000
si.wikipedia.org,2026-07,59,IE,2000
si.wikipedia.org,2026-07,61,BE,2000
si.wikipedia.org,2026-07,62,BG,2000
si.wikipedia.org,2026-07,64,HU,2000
si.wikipedia.org,2026-07,65,DO,2000
si.wikipedia.org,2026-07,66,CH,2000
si.wikipedia.org,2026-07,67,NZ,2000
si.wikipedia.org,2026-07,68,NP,2000
si.wikipedia.org,2026-07,69,RS,1000
si.wikipedia.org,2026-07,70,CZ,1000
si.wikipedia.org,2026-07,71,QA,1000
si.wikipedia.org,2026-07,74,MD,1000
si.wikipedia.org,2026-07,75,GH,1000
si.wikipedia.org,2026-07,76,PA,1000
si.wikipedia.org,2026-07,77,AT,1000
si.wikipedia.org,2026-07,78,CR,1000
si.wikipedia.org,2026-07,79,FI,1000
si.wikipedia.org,2026-07,80,NO,1000
si.wikipedia.org,2026-07,82,SN,1000
si.wikipedia.org,2026-07,83,CI,1000
si.wikipedia.org,2026-07,84,BF,1000
si.wikipedia.org,2026-07,87,GT,1000
si.wikipedia.org,2026-07,89,DK,1000
si.wikipedia.org,2026-07,90,SK,1000
si.wikipedia.org,2026-07,91,MV,1000
si.wikipedia.org,2026-07,92,LT,1000
si.wikipedia.org,2026-07,92,BA,1000
si.wikipedia.org,2026-07,95,TZ,1000
si.wikipedia.org,2026-07,96,LV,1000
si.wikipedia.org,2026-07,98,GE,1000
si.wikipedia.org,2026-07,99,MN,1000
si.wikipedia.org,2026-07,100,AO,1000
si.wikipedia.org,2026-07,101,HR,1000
si.wikipedia.org,2026-07,102,AL,1000
si.wikipedia.org,2026-07,103,TG,1000
si.wikipedia.org,2026-07,104,AM,1000
si.wikipedia.org,2026-07,105,CY,1000
si.wikipedia.org,2026-07,106,LB,1000
si.wikipedia.org,2026-07,106,CD,1000
si.wikipedia.org,2026-07,108,JM,1000
si.wikipedia.org,2026-07,109,KG,1000
si.wikipedia.org,2026-07,110,SV,1000
si.wikipedia.org,2026-07,112,UG,1000
si.wikipedia.org,2026-07,113,TT,1000
si.wikipedia.org,2026-07,114,GA,1000
si.wikipedia.org,2026-07,115,SI,1000
si.wikipedia.org,2026-07,116,XK,1000
si.wikipedia.org,2026-07,118,LY,1000
si.wikipedia.org,2026-07,119,BJ,1000
si.wikipedia.org,2026-07,120,ZM,1000
si.wikipedia.org,2026-07,121,LU,1000
si.wikipedia.org,2026-07,122,MK,1000
si.wikipedia.org,2026-07,123,SC,1000
si.wikipedia.org,2026-07,124,EE,1000
si.wikipedia.org,2026-07,125,PR,1000
si.wikipedia.org,2026-07,126,MG,1000
si.wikipedia.org,2026-07,127,ZW,1000
si.wikipedia.org,2026-07,129,CM,1000
si.wikipedia.org,2026-07,130,NA,1000
si.wikipedia.org,2026-07,131,MU,1000
si.wikipedia.org,2026-07,132,CG,1000
si.wikipedia.org,2026-07,134,MW,1000
si.wikipedia.org,2026-07,135,MZ,1000
si.wikipedia.org,2026-07,136,GY,1000
si.wikipedia.org,2026-07,137,ML,1000
si.wikipedia.org,2026-07,138,HT,1000
si.wikipedia.org,2026-07,142,BW,1000
si.wikipedia.org,2026-07,143,MT,1000
si.wikipedia.org,2026-07,144,RE,1000
si.wikipedia.org,2026-07,145,SO,1000
si.wikipedia.org,2026-07,146,SR,1000
si.wiktionary.org,2026-07,1,US,33000
si.wiktionary.org,2026-07,2,BR,12000
si.wiktionary.org,2026-07,3,SG,12000
si.wiktionary.org,2026-07,4,IN,8000
si.wiktionary.org,2026-07,6,MX,5000
si.wiktionary.org,2026-07,7,LK,5000
si.wiktionary.org,2026-07,8,NL,4000
si.wiktionary.org,2026-07,10,PH,4000
si.wiktionary.org,2026-07,11,ID,3000
si.wiktionary.org,2026-07,12,AR,3000
si.wiktionary.org,2026-07,17,UA,2000
si.wiktionary.org,2026-07,18,MA,2000
si.wiktionary.org,2026-07,19,ZA,2000
si.wiktionary.org,2026-07,20,CO,2000
si.wiktionary.org,2026-07,23,GB,2000
si.wiktionary.org,2026-07,24,FR,2000
si.wiktionary.org,2026-07,25,TH,2000
si.wiktionary.org,2026-07,27,JO,2000
si.wiktionary.org,2026-07,29,DZ,1000
si.wiktionary.org,2026-07,30,ES,1000
si.wiktionary.org,2026-07,32,CA,1000
si.wiktionary.org,2026-07,33,CL,1000
si.wiktionary.org,2026-07,34,DE,1000
si.wiktionary.org,2026-07,35,MY,1000
si.wiktionary.org,2026-07,36,UY,1000
si.wiktionary.org,2026-07,37,TN,1000
si.wiktionary.org,2026-07,38,PE,1000
si.wiktionary.org,2026-07,39,JP,1000
si.wiktionary.org,2026-07,40,EC,1000
si.wiktionary.org,2026-07,42,PY,1000
si.wiktionary.org,2026-07,43,IT,1000
si.wiktionary.org,2026-07,44,KE,1000
si.wiktionary.org,2026-07,46,PL,1000
si.wiktionary.org,2026-07,47,OM,1000
si.wiktionary.org,2026-07,48,BO,1000
si.wiktionary.org,2026-07,50,AU,1000
si.wiktionary.org,2026-07,52,KR,1000
si.wiktionary.org,2026-07,53,NG,1000
si.wiktionary.org,2026-07,54,RO,1000
si.wiktionary.org,2026-07,55,IL,1000
si.wiktionary.org,2026-07,56,DO,1000
si.wiktionary.org,2026-07,57,GR,1000
si.wiktionary.org,2026-07,58,SN,1000
si.wiktionary.org,2026-07,58,PA,1000
si.wiktionary.org,2026-07,62,CR,1000
si.wiktionary.org,2026-07,63,LB,1000
si.wiktionary.org,2026-07,64,PT,1000
si.wiktionary.org,2026-07,65,BG,1000
si.wiktionary.org,2026-07,66,NP,1000
si.wiktionary.org,2026-07,67,BE,1000
si.wiktionary.org,2026-07,70,TW,1000
si.wiktionary.org,2026-07,72,AO,1000
si.wiktionary.org,2026-07,73,CI,1000
si.wiktionary.org,2026-07,74,BF,1000
si.wiktionary.org,2026-07,76,LT,1000
si.wiktionary.org,2026-07,77,JM,1000
si.wiktionary.org,2026-07,77,IE,1000
si.wiktionary.org,2026-07,79,FI,1000
si.wiktionary.org,2026-07,79,GH,1000
si.wiktionary.org,2026-07,81,QA,1000
si.wiktionary.org,2026-07,82,LY,1000
si.wiktionary.org,2026-07,83,MD,1000
si.wiktionary.org,2026-07,83,TZ,1000
si.wiktionary.org,2026-07,85,HU,1000
si.wiktionary.org,2026-07,85,AL,1000
si.wiktionary.org,2026-07,85,RS,1000
si.wiktionary.org,2026-07,89,GE,1000
si.wiktionary.org,2026-07,90,SE,1000
si.wiktionary.org,2026-07,91,KW,1000
si.wiktionary.org,2026-07,92,TG,1000
si.wiktionary.org,2026-07,93,GT,1000
si.wiktionary.org,2026-07,94,KG,1000
si.wiktionary.org,2026-07,95,CZ,1000
si.wiktionary.org,2026-07,97,GA,1000
si.wiktionary.org,2026-07,99,CH,1000
si.wiktionary.org,2026-07,100,CG,1000
si.wiktionary.org,2026-07,101,SI,1000
si.wikibooks.org,2026-07,1,US,70000
si.wikibooks.org,2026-07,2,BR,44000
si.wikibooks.org,2026-07,3,IN,34000
si.wikibooks.org,2026-07,7,SG,13000
si.wikibooks.org,2026-07,9,FR,11000
si.wikibooks.org,2026-07,10,PH,11000
si.wikibooks.org,2026-07,12,AR,11000
si.wikibooks.org,2026-07,13,ID,10000
si.wikibooks.org,2026-07,14,MX,10000
si.wikibooks.org,2026-07,15,ES,9000
si.wikibooks.org,2026-07,16,GB,9000
si.wikibooks.org,2026-07,17,LK,8000
si.wikibooks.org,2026-07,18,DE,8000
si.wikibooks.org,2026-07,19,IT,7000
si.wikibooks.org,2026-07,20,CL,7000
si.wikibooks.org,2026-07,21,MA,7000
si.wikibooks.org,2026-07,23,MY,6000
si.wikibooks.org,2026-07,24,ZA,5000
si.wikibooks.org,2026-07,25,CA,5000
si.wikibooks.org,2026-07,27,CO,5000
si.wikibooks.org,2026-07,28,UY,5000
si.wikibooks.org,2026-07,30,TH,4000
si.wikibooks.org,2026-07,31,NL,4000
si.wikibooks.org,2026-07,35,NP,4000
si.wikibooks.org,2026-07,36,UA,3000
si.wikibooks.org,2026-07,37,JO,3000
si.wikibooks.org,2026-07,38,PT,3000
si.wikibooks.org,2026-07,39,SC,3000
si.wikibooks.org,2026-07,40,PY,3000
si.wikibooks.org,2026-07,41,EC,3000
si.wikibooks.org,2026-07,43,DZ,3000
si.wikibooks.org,2026-07,45,BO,3000
si.wikibooks.org,2026-07,47,TN,2000
si.wikibooks.org,2026-07,48,OM,2000
si.wikibooks.org,2026-07,49,KE,2000
si.wikibooks.org,2026-07,50,PE,2000
si.wikibooks.org,2026-07,52,JP,2000
si.wikibooks.org,2026-07,53,CR,2000
si.wikibooks.org,2026-07,54,PA,2000
si.wikibooks.org,2026-07,55,PL,2000
si.wikibooks.org,2026-07,57,IL,2000
si.wikibooks.org,2026-07,58,NG,2000
si.wikibooks.org,2026-07,59,JM,2000
si.wikibooks.org,2026-07,60,DO,2000
si.wikibooks.org,2026-07,62,AU,2000
si.wikibooks.org,2026-07,63,SN,2000
si.wikibooks.org,2026-07,65,TW,1000
si.wikibooks.org,2026-07,67,CI,1000
si.wikibooks.org,2026-07,68,AL,1000
si.wikibooks.org,2026-07,69,LB,1000
si.wikibooks.org,2026-07,71,GE,1000
si.wikibooks.org,2026-07,72,GH,1000
si.wikibooks.org,2026-07,73,BF,1000
si.wikibooks.org,2026-07,74,AO,1000
si.wikibooks.org,2026-07,75,LT,1000
si.wikibooks.org,2026-07,77,BE,1000
si.wikibooks.org,2026-07,78,KG,1000
si.wikibooks.org,2026-07,79,TZ,1000
si.wikibooks.org,2026-07,80,QA,1000
si.wikibooks.org,2026-07,81,KR,1000
si.wikibooks.org,2026-07,82,LY,1000
si.wikibooks.org,2026-07,83,KW,1000
si.wikibooks.org,2026-07,84,BG,1000
si.wikibooks.org,2026-07,86,IE,1000
si.wikibooks.org,2026-07,87,GR,1000
si.wikibooks.org,2026-07,88,RO,1000
si.wikibooks.org,2026-07,89,TG,1000
si.wikibooks.org,2026-07,90,RS,1000
si.wikibooks.org,2026-07,92,MN,1000
si.wikibooks.org,2026-07,93,AM,1000
si.wikibooks.org,2026-07,94,SE,1000
si.wikibooks.org,2026-07,95,UG,1000
si.wikibooks.org,2026-07,96,GA,1000
si.wikibooks.org,2026-07,97,MD,1000
si.wikibooks.org,2026-07,99,CD,1000
si.wikibooks.org,2026-07,101,BJ,1000
si.wikibooks.org,2026-07,102,GT,1000
si.wikibooks.org,2026-07,103,SV,1000
si.wikibooks.org,2026-07,104,SR,1000
si.wikibooks.org,2026-07,105,NZ,1000
si.wikibooks.org,2026-07,106,HU,1000
si.wikibooks.org,2026-07,107,CY,1000
si.wikibooks.org,2026-07,108,GY,1000
si.wikibooks.org,2026-07,109,CM,1000
si.wikibooks.org,2026-07,110,FI,1000
si.wikibooks.org,2026-07,111,XK,1000
si.wikibooks.org,2026-07,112,BA,1000
si.wikibooks.org,2026-07,113,CG,1000
si.wikibooks.org,2026-07,114,TT,1000
si.wikibooks.org,2026-07,115,ZM,1000
si.wikibooks.org,2026-07,116,CH,1000
si.wikibooks.org,2026-07,117,ZW,1000
si.wikibooks.org,2026-07,118,AT,1000
si.wikibooks.org,2026-07,119,ML,1000
si.wikibooks.org,2026-07,119,CZ,1000
si.wikibooks.org,2026-07,121,LV,1000
si.wikibooks.org,2026-07,122,MG,1000
si.wikibooks.org,2026-07,124,MZ,1000
si.wikibooks.org,2026-07,125,NO,1000
si.wikibooks.org,2026-07,126,IS,1000
si.wikibooks.org,2026-07,127,DK,1000
si.wikibooks.org,2026-07,128,NA,1000
si.wikibooks.org,2026-07,129,MR,1000
si.wikibooks.org,2026-07,130,SO,1000
si.wikibooks.org,2026-07,130,HT,1000
si.wikibooks.org,2026-07,133,MK,1000
si.wikibooks.org,2026-07,133,MW,1000
si.wikibooks.org,2026-07,136,EE,1000
si.wikibooks.org,2026-07,137,SK,1000
si.wikibooks.org,2026-07,138,BW,1000
si.wikibooks.org,2026-07,139,HR,1000
si.wikibooks.org,2026-07,141,ME,1000
si.wikibooks.org,2026-07,142,BN,1000
si.wikibooks.org,2026-07,143,PR,1000
si.wikibooks.org,2026-07,144,SL,1000
ta.wikipedia.org,2026-07,1,IN,3945000
ta.wikipedia.org,2026-07,2,US,591000
ta.wikipedia.org,2026-07,3,LK,163000
ta.wikipedia.org,2026-07,4,BR,123000
ta.wikipedia.org,2026-07,5,SG,113000
ta.wikipedia.org,2026-07,6,GB,64000
ta.wikipedia.org,2026-07,7,DE,62000
ta.wikipedia.org,2026-07,8,FR,58000
ta.wikipedia.org,2026-07,10,MY,50000
ta.wikipedia.org,2026-07,11,NL,46000
ta.wikipedia.org,2026-07,12,PL,38000
ta.wikipedia.org,2026-07,13,MX,36000
ta.wikipedia.org,2026-07,14,IT,32000
ta.wikipedia.org,2026-07,15,JP,32000
ta.wikipedia.org,2026-07,16,CA,30000
ta.wikipedia.org,2026-07,19,TH,25000
ta.wikipedia.org,2026-07,20,ID,23000
ta.wikipedia.org,2026-07,21,AR,19000
ta.wikipedia.org,2026-07,22,SE,17000
ta.wikipedia.org,2026-07,23,AU,17000
ta.wikipedia.org,2026-07,24,ES,15000
ta.wikipedia.org,2026-07,26,CO,14000
ta.wikipedia.org,2026-07,27,PH,14000
ta.wikipedia.org,2026-07,28,UA,12000
ta.wikipedia.org,2026-07,30,ZA,11000
ta.wikipedia.org,2026-07,32,CL,9000
ta.wikipedia.org,2026-07,33,MA,8000
ta.wikipedia.org,2026-07,35,QA,7000
ta.wikipedia.org,2026-07,36,KW,7000
ta.wikipedia.org,2026-07,37,PE,7000
ta.wikipedia.org,2026-07,38,CH,6000
ta.wikipedia.org,2026-07,39,EC,6000
ta.wikipedia.org,2026-07,40,RO,6000
ta.wikipedia.org,2026-07,43,TN,5000
ta.wikipedia.org,2026-07,44,LT,5000
ta.wikipedia.org,2026-07,45,OM,5000
ta.wikipedia.org,2026-07,46,DZ,5000
ta.wikipedia.org,2026-07,48,TW,5000
ta.wikipedia.org,2026-07,49,IL,5000
ta.wikipedia.org,2026-07,51,KR,4000
ta.wikipedia.org,2026-07,53,GR,4000
ta.wikipedia.org,2026-07,54,UY,3000
ta.wikipedia.org,2026-07,55,NO,3000
ta.wikipedia.org,2026-07,56,JO,3000
ta.wikipedia.org,2026-07,58,PT,3000
ta.wikipedia.org,2026-07,59,IE,3000
ta.wikipedia.org,2026-07,60,HU,3000
ta.wikipedia.org,2026-07,61,PY,3000
ta.wikipedia.org,2026-07,62,PG,3000
ta.wikipedia.org,2026-07,63,BE,3000
ta.wikipedia.org,2026-07,64,BO,3000
ta.wikipedia.org,2026-07,65,NG,3000
ta.wikipedia.org,2026-07,66,BG,3000
ta.wikipedia.org,2026-07,67,CZ,3000
ta.wikipedia.org,2026-07,69,NZ,3000
ta.wikipedia.org,2026-07,71,KE,2000
ta.wikipedia.org,2026-07,72,RS,2000
ta.wikipedia.org,2026-07,73,NP,2000
ta.wikipedia.org,2026-07,74,DK,2000
ta.wikipedia.org,2026-07,75,DO,2000
ta.wikipedia.org,2026-07,77,SK,2000
ta.wikipedia.org,2026-07,79,AT,2000
ta.wikipedia.org,2026-07,80,FI,2000
ta.wikipedia.org,2026-07,82,MD,2000
ta.wikipedia.org,2026-07,83,PA,2000
ta.wikipedia.org,2026-07,84,GH,2000
ta.wikipedia.org,2026-07,85,SN,2000
ta.wikipedia.org,2026-07,87,GT,2000
ta.wikipedia.org,2026-07,88,CI,2000
ta.wikipedia.org,2026-07,89,CR,2000
ta.wikipedia.org,2026-07,91,BF,2000
ta.wikipedia.org,2026-07,93,BA,1000
ta.wikipedia.org,2026-07,94,MN,1000
ta.wikipedia.org,2026-07,95,MV,1000
ta.wikipedia.org,2026-07,96,GE,1000
ta.wikipedia.org,2026-07,97,HR,1000
ta.wikipedia.org,2026-07,99,AL,1000
ta.wikipedia.org,2026-07,100,AM,1000
ta.wikipedia.org,2026-07,101,TZ,1000
ta.wikipedia.org,2026-07,102,LV,1000
ta.wikipedia.org,2026-07,103,AO,1000
ta.wikipedia.org,2026-07,105,BN,1000
ta.wikipedia.org,2026-07,106,KG,1000
ta.wikipedia.org,2026-07,107,TG,1000
ta.wikipedia.org,2026-07,108,JM,1000
ta.wikipedia.org,2026-07,109,SV,1000
ta.wikipedia.org,2026-07,110,TT,1000
ta.wikipedia.org,2026-07,111,--,1000
ta.wikipedia.org,2026-07,112,CD,1000
ta.wikipedia.org,2026-07,113,UG,1000
ta.wikipedia.org,2026-07,114,GA,1000
ta.wikipedia.org,2026-07,115,MU,1000
ta.wikipedia.org,2026-07,116,LB,1000
ta.wikipedia.org,2026-07,117,XK,1000
ta.wikipedia.org,2026-07,118,MK,1000
ta.wikipedia.org,2026-07,121,CY,1000
ta.wikipedia.org,2026-07,122,SI,1000
ta.wikipedia.org,2026-07,123,LY,1000
ta.wikipedia.org,2026-07,124,PR,1000
ta.wikipedia.org,2026-07,125,ZM,1000
ta.wikipedia.org,2026-07,126,BJ,1000
ta.wikipedia.org,2026-07,127,ZW,1000
ta.wikipedia.org,2026-07,128,EE,1000
ta.wikipedia.org,2026-07,129,RE,1000
ta.wikipedia.org,2026-07,130,CG,1000
ta.wikipedia.org,2026-07,131,SC,1000
ta.wikipedia.org,2026-07,133,MG,1000
ta.wikipedia.org,2026-07,134,NA,1000
ta.wikipedia.org,2026-07,136,CM,1000
ta.wikipedia.org,2026-07,137,ML,1000
ta.wikipedia.org,2026-07,139,MW,1000
ta.wikipedia.org,2026-07,140,GY,1000
ta.wikipedia.org,2026-07,141,MZ,1000
ta.wikipedia.org,2026-07,143,LU,1000
ta.wikipedia.org,2026-07,144,BW,1000
ta.wikipedia.org,2026-07,145,BB,1000
ta.wikipedia.org,2026-07,146,MT,1000
ta.wikipedia.org,2026-07,147,BS,1000
ta.wikipedia.org,2026-07,148,HT,1000
ta.wikipedia.org,2026-07,149,FJ,1000
ta.wikipedia.org,2026-07,150,SL,1000
ta.wikipedia.org,2026-07,152,MR,1000
ta.wikipedia.org,2026-07,153,SO,1000
ta.wikipedia.org,2026-07,154,LR,1000
ta.wikipedia.org,2026-07,155,BZ,1000
ta.wikipedia.org,2026-07,157,SR,1000
ta.wikipedia.org,2026-07,158,GN,1000
ta.wiktionary.org,2026-07,1,IN,206000
ta.wiktionary.org,2026-07,2,US,136000
ta.wiktionary.org,2026-07,3,SG,42000
ta.wiktionary.org,2026-07,4,BR,16000
ta.wiktionary.org,2026-07,5,LK,12000
ta.wiktionary.org,2026-07,6,MX,8000
ta.wiktionary.org,2026-07,9,GB,6000
ta.wiktionary.org,2026-07,10,ID,6000
ta.wiktionary.org,2026-07,11,CA,5000
ta.wiktionary.org,2026-07,12,MY,5000
ta.wiktionary.org,2026-07,13,DE,4000
ta.wiktionary.org,2026-07,14,FR,4000
ta.wiktionary.org,2026-07,15,AR,3000
ta.wiktionary.org,2026-07,16,NL,3000
ta.wiktionary.org,2026-07,17,UA,3000
ta.wiktionary.org,2026-07,18,JP,3000
ta.wiktionary.org,2026-07,19,ZA,3000
ta.wiktionary.org,2026-07,21,AU,2000
ta.wiktionary.org,2026-07,23,CO,2000
ta.wiktionary.org,2026-07,24,ES,2000
ta.wiktionary.org,2026-07,25,MA,2000
ta.wiktionary.org,2026-07,27,RO,2000
ta.wiktionary.org,2026-07,30,CH,1000
ta.wiktionary.org,2026-07,32,CL,1000
ta.wiktionary.org,2026-07,33,PL,1000
ta.wiktionary.org,2026-07,35,PH,1000
ta.wiktionary.org,2026-07,37,TH,1000
ta.wiktionary.org,2026-07,39,EC,1000
ta.wiktionary.org,2026-07,40,IT,1000
ta.wiktionary.org,2026-07,41,DZ,1000
ta.wiktionary.org,2026-07,43,SE,1000
ta.wiktionary.org,2026-07,44,IL,1000
ta.wiktionary.org,2026-07,45,OM,1000
ta.wiktionary.org,2026-07,46,PE,1000
ta.wiktionary.org,2026-07,47,TN,1000
ta.wiktionary.org,2026-07,48,KR,1000
ta.wiktionary.org,2026-07,50,UY,1000
ta.wiktionary.org,2026-07,52,FI,1000
ta.wiktionary.org,2026-07,53,NG,1000
ta.wiktionary.org,2026-07,55,BE,1000
ta.wiktionary.org,2026-07,56,JO,1000
ta.wiktionary.org,2026-07,58,KW,1000
ta.wiktionary.org,2026-07,59,PY,1000
ta.wiktionary.org,2026-07,59,DK,1000
ta.wiktionary.org,2026-07,61,LT,1000
ta.wiktionary.org,2026-07,62,QA,1000
ta.wiktionary.org,2026-07,63,KE,1000
ta.wiktionary.org,2026-07,63,BO,1000
ta.wiktionary.org,2026-07,65,PT,1000
ta.wiktionary.org,2026-07,66,IE,1000
ta.wiktionary.org,2026-07,68,GR,1000
ta.wiktionary.org,2026-07,69,CR,1000
ta.wiktionary.org,2026-07,70,PA,1000
ta.wiktionary.org,2026-07,71,DO,1000
ta.wiktionary.org,2026-07,73,SC,1000
ta.wiktionary.org,2026-07,74,NO,1000
ta.wiktionary.org,2026-07,75,AT,1000
ta.wiktionary.org,2026-07,76,MK,1000
ta.wiktionary.org,2026-07,77,CZ,1000
ta.wiktionary.org,2026-07,79,SN,1000
ta.wiktionary.org,2026-07,80,BG,1000
ta.wiktionary.org,2026-07,81,TW,1000
ta.wiktionary.org,2026-07,82,RS,1000
ta.wiktionary.org,2026-07,83,NZ,1000
ta.wiktionary.org,2026-07,86,NP,1000
ta.wiktionary.org,2026-07,87,CI,1000
ta.wiktionary.org,2026-07,88,JM,1000
ta.wiktionary.org,2026-07,89,BA,1000
ta.wiktionary.org,2026-07,90,AL,1000
ta.wiktionary.org,2026-07,91,MD,1000
ta.wiktionary.org,2026-07,93,HU,1000
ta.wiktionary.org,2026-07,94,KG,1000
ta.wiktionary.org,2026-07,95,HR,1000
ta.wiktionary.org,2026-07,97,LB,1000
ta.wiktionary.org,2026-07,98,AM,1000
ta.wiktionary.org,2026-07,99,SI,1000
ta.wiktionary.org,2026-07,99,TG,1000
ta.wiktionary.org,2026-07,101,AO,1000
ta.wiktionary.org,2026-07,102,LV,1000
ta.wiktionary.org,2026-07,103,SK,1000
ta.wiktionary.org,2026-07,104,GT,1000
ta.wikisource.org,2026-07,1,IN,401000
ta.wikisource.org,2026-07,2,US,157000
ta.wikisource.org,2026-07,3,SG,28000
ta.wikisource.org,2026-07,4,NL,12000
ta.wikisource.org,2026-07,5,BR,11000
ta.wikisource.org,2026-07,6,GB,11000
ta.wikisource.org,2026-07,7,LK,9000
ta.wikisource.org,2026-07,9,CA,7000
ta.wikisource.org,2026-07,11,MX,6000
ta.wikisource.org,2026-07,12,LT,5000
ta.wikisource.org,2026-07,13,PL,5000
ta.wikisource.org,2026-07,14,MY,5000
ta.wikisource.org,2026-07,15,ID,4000
ta.wikisource.org,2026-07,17,PH,4000
ta.wikisource.org,2026-07,19,ES,4000
ta.wikisource.org,2026-07,20,DE,4000
ta.wikisource.org,2026-07,21,JP,3000
ta.wikisource.org,2026-07,22,FR,3000
ta.wikisource.org,2026-07,24,ZA,3000
ta.wikisource.org,2026-07,25,UA,3000
ta.wikisource.org,2026-07,26,BE,3000
ta.wikisource.org,2026-07,27,SE,3000
ta.wikisource.org,2026-07,29,TH,2000
ta.wikisource.org,2026-07,33,AU,2000
ta.wikisource.org,2026-07,34,IT,2000
ta.wikisource.org,2026-07,36,AR,2000
ta.wikisource.org,2026-07,38,NO,2000
ta.wikisource.org,2026-07,39,MA,2000
ta.wikisource.org,2026-07,40,CH,2000
ta.wikisource.org,2026-07,41,IE,2000
ta.wikisource.org,2026-07,42,CO,2000
ta.wikisource.org,2026-07,43,DZ,1000
ta.wikisource.org,2026-07,45,PE,1000
ta.wikisource.org,2026-07,46,RO,1000
ta.wikisource.org,2026-07,48,AT,1000
ta.wikisource.org,2026-07,49,LV,1000
ta.wikisource.org,2026-07,50,FI,1000
ta.wikisource.org,2026-07,51,UY,1000
ta.wikisource.org,2026-07,52,GR,1000
ta.wikisource.org,2026-07,53,JO,1000
ta.wikisource.org,2026-07,54,CL,1000
ta.wikisource.org,2026-07,54,NP,1000
ta.wikisource.org,2026-07,56,PY,1000
ta.wikisource.org,2026-07,57,QA,1000
ta.wikisource.org,2026-07,58,OM,1000
ta.wikisource.org,2026-07,59,AL,1000
ta.wikisource.org,2026-07,61,KE,1000
ta.wikisource.org,2026-07,63,IL,1000
ta.wikisource.org,2026-07,64,MK,1000
ta.wikisource.org,2026-07,65,TW,1000
ta.wikisource.org,2026-07,66,BG,1000
ta.wikisource.org,2026-07,67,EC,1000
ta.wikisource.org,2026-07,68,BO,1000
ta.wikisource.org,2026-07,70,KR,1000
ta.wikisource.org,2026-07,71,DK,1000
ta.wikisource.org,2026-07,72,TN,1000
ta.wikisource.org,2026-07,74,DO,1000
ta.wikisource.org,2026-07,75,PT,1000
ta.wikisource.org,2026-07,75,PA,1000
ta.wikisource.org,2026-07,78,KW,1000
ta.wikisource.org,2026-07,79,LB,1000
ta.wikisource.org,2026-07,81,AM,1000
ta.wikisource.org,2026-07,82,CR,1000
ta.wikisource.org,2026-07,83,RS,1000
ta.wikisource.org,2026-07,84,NZ,1000
ta.wikisource.org,2026-07,85,JM,1000
ta.wikisource.org,2026-07,87,HU,1000
ta.wikisource.org,2026-07,89,SN,1000
ta.wikisource.org,2026-07,90,NG,1000
ta.wikisource.org,2026-07,92,CZ,1000
ta.wikisource.org,2026-07,94,KG,1000
ta.wikisource.org,2026-07,95,GE,1000
ta.wikisource.org,2026-07,95,CI,1000
ta.wikisource.org,2026-07,97,GY,1000
ta.wikisource.org,2026-07,98,AO,1000
ta.wikisource.org,2026-07,99,BF,1000
ta.wikisource.org,2026-07,100,MD,1000
ta.wikiquote.org,2026-07,1,US,17000
ta.wikiquote.org,2026-07,2,SG,12000
ta.wikiquote.org,2026-07,3,IN,12000
ta.wikiquote.org,2026-07,4,BR,5000
ta.wikiquote.org,2026-07,5,PH,4000
ta.wikiquote.org,2026-07,9,ID,3000
ta.wikiquote.org,2026-07,10,UA,2000
ta.wikiquote.org,2026-07,13,TH,2000
ta.wikiquote.org,2026-07,14,MX,2000
ta.wikiquote.org,2026-07,16,MA,2000
ta.wikiquote.org,2026-07,17,DE,2000
ta.wikiquote.org,2026-07,19,AR,2000
ta.wikiquote.org,2026-07,22,FR,2000
ta.wikiquote.org,2026-07,23,GB,2000
ta.wikiquote.org,2026-07,24,DZ,1000
ta.wikiquote.org,2026-07,25,NL,1000
ta.wikiquote.org,2026-07,26,PL,1000
ta.wikiquote.org,2026-07,27,ZA,1000
ta.wikiquote.org,2026-07,29,ES,1000
ta.wikiquote.org,2026-07,30,CO,1000
ta.wikiquote.org,2026-07,31,JP,1000
ta.wikiquote.org,2026-07,32,UY,1000
ta.wikiquote.org,2026-07,33,IT,1000
ta.wikiquote.org,2026-07,34,PE,1000
ta.wikiquote.org,2026-07,35,JO,1000
ta.wikiquote.org,2026-07,36,RO,1000
ta.wikiquote.org,2026-07,37,KE,1000
ta.wikiquote.org,2026-07,38,PY,1000
ta.wikiquote.org,2026-07,41,MY,1000
ta.wikiquote.org,2026-07,42,SE,1000
ta.wikiquote.org,2026-07,43,CA,1000
ta.wikiquote.org,2026-07,45,OM,1000
ta.wikiquote.org,2026-07,46,GR,1000
ta.wikiquote.org,2026-07,47,BG,1000
ta.wikiquote.org,2026-07,49,TN,1000
ta.wikiquote.org,2026-07,50,BO,1000
ta.wikiquote.org,2026-07,51,PA,1000
ta.wikiquote.org,2026-07,52,LB,1000
ta.wikiquote.org,2026-07,53,LK,1000
ta.wikiquote.org,2026-07,54,BE,1000
ta.wikiquote.org,2026-07,56,CR,1000
ta.wikiquote.org,2026-07,57,SN,1000
ta.wikiquote.org,2026-07,58,DO,1000
ta.wikiquote.org,2026-07,60,NG,1000
ta.wikiquote.org,2026-07,61,IL,1000
ta.wikiquote.org,2026-07,62,EC,1000
ta.wikiquote.org,2026-07,64,CL,1000
ta.wikiquote.org,2026-07,67,LT,1000
ta.wikiquote.org,2026-07,69,AO,1000
ta.wikiquote.org,2026-07,70,BF,1000
ta.wikiquote.org,2026-07,71,LY,1000
ta.wikiquote.org,2026-07,73,NP,1000
ta.wikiquote.org,2026-07,74,AU,1000
ta.wikiquote.org,2026-07,74,JM,1000
ta.wikiquote.org,2026-07,76,GE,1000
ta.wikiquote.org,2026-07,77,CI,1000
ta.wikiquote.org,2026-07,78,AL,1000
ta.wikiquote.org,2026-07,79,KG,1000
ta.wikibooks.org,2026-07,1,US,28000
ta.wikibooks.org,2026-07,2,IN,12000
ta.wikibooks.org,2026-07,3,SG,9000
ta.wikibooks.org,2026-07,4,BR,5000
ta.wikibooks.org,2026-07,6,SC,3000
ta.wikibooks.org,2026-07,7,GB,2000
ta.wikibooks.org,2026-07,8,ID,2000
ta.wikibooks.org,2026-07,9,JP,2000
ta.wikibooks.org,2026-07,11,MX,2000
ta.wikibooks.org,2026-07,14,NL,1000
ta.wikibooks.org,2026-07,15,PH,1000
ta.wikibooks.org,2026-07,16,LK,1000
ta.wikibooks.org,2026-07,17,DE,1000
ta.wikibooks.org,2026-07,18,CA,1000
ta.wikibooks.org,2026-07,19,ES,1000
ta.wikibooks.org,2026-07,20,FR,1000
ta.wikibooks.org,2026-07,22,AR,1000
ta.wikibooks.org,2026-07,23,MY,1000
ta.wikibooks.org,2026-07,24,CO,1000
ta.wikibooks.org,2026-07,25,PL,1000
ta.wikibooks.org,2026-07,26,LT,1000
ta.wikibooks.org,2026-07,27,IT,1000
ta.wikibooks.org,2026-07,28,AU,1000
ta.wikibooks.org,2026-07,29,TH,1000
ta.wikibooks.org,2026-07,30,UA,1000
ta.wikibooks.org,2026-07,31,MA,1000
ta.wikibooks.org,2026-07,32,CL,1000
ta.wikibooks.org,2026-07,33,ZA,1000
ta.wikibooks.org,2026-07,36,RO,1000
ta.wikibooks.org,2026-07,37,PE,1000
ta.wikibooks.org,2026-07,38,PT,1000
ta.wikibooks.org,2026-07,40,GR,1000
ta.wikibooks.org,2026-07,41,BE,1000
ta.wikibooks.org,2026-07,42,FI,1000
ta.wikibooks.org,2026-07,42,TW,1000
ta.wikibooks.org,2026-07,44,EC,1000
ta.wikibooks.org,2026-07,44,DZ,1000
ta.wikibooks.org,2026-07,47,CY,1000
ta.wikibooks.org,2026-07,49,IS,1000
ta.wikibooks.org,2026-07,50,KR,1000
ta.wikibooks.org,2026-07,51,SE,1000
ta.wikibooks.org,2026-07,53,DK,1000
ta.wikibooks.org,2026-07,55,BG,1000
ta.wikibooks.org,2026-07,56,HU,1000
ta.wikibooks.org,2026-07,56,EE,1000
ta.wikibooks.org,2026-07,56,GH,1000
tcy.wikipedia.org,2026-07,1,US,45000
tcy.wikipedia.org,2026-07,2,IN,32000
tcy.wikipedia.org,2026-07,3,BR,30000
tcy.wikipedia.org,2026-07,5,AR,9000
tcy.wikipedia.org,2026-07,7,MX,8000
tcy.wikipedia.org,2026-07,8,SG,7000
tcy.wikipedia.org,2026-07,11,ID,6000
tcy.wikipedia.org,2026-07,12,ZA,5000
tcy.wikipedia.org,2026-07,13,PH,5000
tcy.wikipedia.org,2026-07,14,FR,5000
tcy.wikipedia.org,2026-07,16,CO,4000
tcy.wikipedia.org,2026-07,17,MA,4000
tcy.wikipedia.org,2026-07,18,TH,4000
tcy.wikipedia.org,2026-07,19,CL,3000
tcy.wikipedia.org,2026-07,20,UA,3000
tcy.wikipedia.org,2026-07,21,TN,3000
tcy.wikipedia.org,2026-07,22,MY,3000
tcy.wikipedia.org,2026-07,26,GB,2000
tcy.wikipedia.org,2026-07,27,EC,2000
tcy.wikipedia.org,2026-07,28,DZ,2000
tcy.wikipedia.org,2026-07,29,ES,2000
tcy.wikipedia.org,2026-07,31,JO,2000
tcy.wikipedia.org,2026-07,32,PL,2000
tcy.wikipedia.org,2026-07,33,DE,2000
tcy.wikipedia.org,2026-07,34,UY,2000
tcy.wikipedia.org,2026-07,36,CA,2000
tcy.wikipedia.org,2026-07,38,IT,2000
tcy.wikipedia.org,2026-07,39,OM,2000
tcy.wikipedia.org,2026-07,40,NG,2000
tcy.wikipedia.org,2026-07,41,NL,2000
tcy.wikipedia.org,2026-07,42,KE,1000
tcy.wikipedia.org,2026-07,43,IL,1000
tcy.wikipedia.org,2026-07,44,PY,1000
tcy.wikipedia.org,2026-07,45,PE,1000
tcy.wikipedia.org,2026-07,48,AU,1000
tcy.wikipedia.org,2026-07,49,BO,1000
tcy.wikipedia.org,2026-07,51,JP,1000
tcy.wikipedia.org,2026-07,52,NP,1000
tcy.wikipedia.org,2026-07,53,DO,1000
tcy.wikipedia.org,2026-07,54,GH,1000
tcy.wikipedia.org,2026-07,55,RO,1000
tcy.wikipedia.org,2026-07,57,KR,1000
tcy.wikipedia.org,2026-07,58,SN,1000
tcy.wikipedia.org,2026-07,59,TW,1000
tcy.wikipedia.org,2026-07,60,PA,1000
tcy.wikipedia.org,2026-07,61,PT,1000
tcy.wikipedia.org,2026-07,63,BF,1000
tcy.wikipedia.org,2026-07,64,CI,1000
tcy.wikipedia.org,2026-07,65,BE,1000
tcy.wikipedia.org,2026-07,66,CR,1000
tcy.wikipedia.org,2026-07,68,GR,1000
tcy.wikipedia.org,2026-07,69,TZ,1000
tcy.wikipedia.org,2026-07,70,SE,1000
tcy.wikipedia.org,2026-07,71,AO,1000
tcy.wikipedia.org,2026-07,72,IE,1000
tcy.wikipedia.org,2026-07,76,KW,1000
tcy.wikipedia.org,2026-07,77,CH,1000
tcy.wikipedia.org,2026-07,78,QA,1000
tcy.wikipedia.org,2026-07,80,MD,1000
tcy.wikipedia.org,2026-07,81,BG,1000
tcy.wikipedia.org,2026-07,82,TG,1000
tcy.wikipedia.org,2026-07,83,LB,1000
tcy.wikipedia.org,2026-07,84,RS,1000
tcy.wikipedia.org,2026-07,85,AL,1000
tcy.wikipedia.org,2026-07,86,BA,1000
tcy.wikipedia.org,2026-07,87,JM,1000
tcy.wikipedia.org,2026-07,88,UG,1000
tcy.wikipedia.org,2026-07,89,CD,1000
tcy.wikipedia.org,2026-07,90,GE,1000
tcy.wikipedia.org,2026-07,91,GA,1000
tcy.wikipedia.org,2026-07,93,KG,1000
tcy.wikipedia.org,2026-07,94,LY,1000
tcy.wikipedia.org,2026-07,95,GT,1000
tcy.wikipedia.org,2026-07,96,HU,1000
tcy.wikipedia.org,2026-07,97,CZ,1000
tcy.wikipedia.org,2026-07,97,AT,1000
tcy.wikipedia.org,2026-07,99,AM,1000
tcy.wikipedia.org,2026-07,100,BJ,1000
tcy.wikipedia.org,2026-07,102,MN,1000
tcy.wikipedia.org,2026-07,103,SV,1000
tcy.wikipedia.org,2026-07,104,NZ,1000
tcy.wikipedia.org,2026-07,105,LK,1000
tcy.wikipedia.org,2026-07,106,TT,1000
tcy.wikipedia.org,2026-07,107,ML,1000
tcy.wikipedia.org,2026-07,109,ZM,1000
tcy.wikipedia.org,2026-07,110,NA,1000
tcy.wikipedia.org,2026-07,111,ZW,1000
tcy.wikipedia.org,2026-07,111,SK,1000
tcy.wikipedia.org,2026-07,113,FI,1000
tcy.wikipedia.org,2026-07,114,HR,1000
tcy.wikipedia.org,2026-07,115,HT,1000
tcy.wikipedia.org,2026-07,116,NO,1000
tcy.wikipedia.org,2026-07,116,LT,1000
tcy.wikipedia.org,2026-07,116,MW,1000
tcy.wikipedia.org,2026-07,116,CM,1000
tcy.wikipedia.org,2026-07,120,MG,1000
tcy.wikipedia.org,2026-07,121,PR,1000
tcy.wikipedia.org,2026-07,123,GY,1000
tcy.wikipedia.org,2026-07,124,CG,1000
tcy.wikipedia.org,2026-07,125,MK,1000
tcy.wikipedia.org,2026-07,126,XK,1000
tcy.wikipedia.org,2026-07,127,LV,1000
tcy.wikipedia.org,2026-07,128,DK,1000
tcy.wiktionary.org,2026-07,1,US,1000
tcy.wiktionary.org,2026-07,2,SG,1000
tcy.wiktionary.org,2026-07,3,IN,1000
tcy.wiktionary.org,2026-07,4,MX,1000
tcy.wiktionary.org,2026-07,5,BR,1000
tcy.wikisource.org,2026-07,1,US,8000
tcy.wikisource.org,2026-07,2,IN,5000
tcy.wikisource.org,2026-07,3,BR,4000
tcy.wikisource.org,2026-07,4,PH,3000
tcy.wikisource.org,2026-07,6,SG,2000
tcy.wikisource.org,2026-07,8,MX,2000
tcy.wikisource.org,2026-07,10,ID,2000
tcy.wikisource.org,2026-07,12,UA,2000
tcy.wikisource.org,2026-07,16,AR,1000
tcy.wikisource.org,2026-07,18,TH,1000
tcy.wikisource.org,2026-07,19,MA,1000
tcy.wikisource.org,2026-07,20,ZA,1000
tcy.wikisource.org,2026-07,21,GB,1000
tcy.wikisource.org,2026-07,22,ES,1000
tcy.wikisource.org,2026-07,23,FR,1000
tcy.wikisource.org,2026-07,25,CO,1000
tcy.wikisource.org,2026-07,27,DZ,1000
tcy.wikisource.org,2026-07,28,UY,1000
tcy.wikisource.org,2026-07,29,PL,1000
tcy.wikisource.org,2026-07,30,CA,1000
tcy.wikisource.org,2026-07,31,DE,1000
tcy.wikisource.org,2026-07,32,JO,1000
tcy.wikisource.org,2026-07,33,PE,1000
tcy.wikisource.org,2026-07,34,TN,1000
tcy.wikisource.org,2026-07,35,CL,1000
tcy.wikisource.org,2026-07,36,MY,1000
tcy.wikisource.org,2026-07,37,IT,1000
tcy.wikisource.org,2026-07,39,KE,1000
tcy.wikisource.org,2026-07,40,NL,1000
tcy.wikisource.org,2026-07,41,PY,1000
tcy.wikisource.org,2026-07,43,OM,1000
tcy.wikisource.org,2026-07,45,BO,1000
tcy.wikisource.org,2026-07,46,RO,1000
tcy.wikisource.org,2026-07,48,GR,1000
tcy.wikisource.org,2026-07,49,EC,1000
tcy.wikisource.org,2026-07,50,JP,1000
tcy.wikisource.org,2026-07,52,BG,1000
tcy.wikisource.org,2026-07,53,LB,1000
tcy.wikisource.org,2026-07,54,SN,1000
tcy.wikisource.org,2026-07,55,CR,1000
tcy.wikisource.org,2026-07,56,DO,1000
tcy.wikisource.org,2026-07,57,PA,1000
tcy.wikisource.org,2026-07,58,PT,1000
tcy.wikisource.org,2026-07,59,IL,1000
te.wikipedia.org,2026-07,1,IN,2850000
te.wikipedia.org,2026-07,2,US,476000
te.wikipedia.org,2026-07,3,BR,90000
te.wikipedia.org,2026-07,4,SG,50000
te.wikipedia.org,2026-07,6,MX,31000
te.wikipedia.org,2026-07,7,NL,21000
te.wikipedia.org,2026-07,8,GB,21000
te.wikipedia.org,2026-07,9,ID,15000
te.wikipedia.org,2026-07,10,DE,14000
te.wikipedia.org,2026-07,11,AR,13000
te.wikipedia.org,2026-07,12,PL,12000
te.wikipedia.org,2026-07,13,CA,11000
te.wikipedia.org,2026-07,14,CO,11000
te.wikipedia.org,2026-07,15,TH,11000
te.wikipedia.org,2026-07,18,FR,10000
te.wikipedia.org,2026-07,19,ES,10000
te.wikipedia.org,2026-07,20,UA,9000
te.wikipedia.org,2026-07,22,AU,8000
te.wikipedia.org,2026-07,23,PH,8000
te.wikipedia.org,2026-07,24,IT,7000
te.wikipedia.org,2026-07,25,JP,7000
te.wikipedia.org,2026-07,26,CL,7000
te.wikipedia.org,2026-07,27,ZA,6000
te.wikipedia.org,2026-07,29,PE,6000
te.wikipedia.org,2026-07,30,MY,6000
te.wikipedia.org,2026-07,31,MA,6000
te.wikipedia.org,2026-07,35,RO,4000
te.wikipedia.org,2026-07,36,EC,4000
te.wikipedia.org,2026-07,37,SE,4000
te.wikipedia.org,2026-07,39,TW,4000
te.wikipedia.org,2026-07,40,DZ,4000
te.wikipedia.org,2026-07,41,KW,4000
te.wikipedia.org,2026-07,42,KR,3000
te.wikipedia.org,2026-07,45,GR,3000
te.wikipedia.org,2026-07,46,IL,3000
te.wikipedia.org,2026-07,47,HU,3000
te.wikipedia.org,2026-07,48,IE,3000
te.wikipedia.org,2026-07,49,PT,3000
te.wikipedia.org,2026-07,50,CZ,3000
te.wikipedia.org,2026-07,51,BE,2000
te.wikipedia.org,2026-07,52,BG,2000
te.wikipedia.org,2026-07,53,PY,2000
te.wikipedia.org,2026-07,54,BO,2000
te.wikipedia.org,2026-07,55,UY,2000
te.wikipedia.org,2026-07,56,RS,2000
te.wikipedia.org,2026-07,58,TN,2000
te.wikipedia.org,2026-07,60,QA,2000
te.wikipedia.org,2026-07,61,CH,2000
te.wikipedia.org,2026-07,62,NZ,2000
te.wikipedia.org,2026-07,63,NG,2000
te.wikipedia.org,2026-07,64,JO,2000
te.wikipedia.org,2026-07,65,OM,2000
te.wikipedia.org,2026-07,66,SK,2000
te.wikipedia.org,2026-07,67,KE,2000
te.wikipedia.org,2026-07,68,NP,2000
te.wikipedia.org,2026-07,69,DO,2000
te.wikipedia.org,2026-07,70,AT,2000
te.wikipedia.org,2026-07,72,FI,2000
te.wikipedia.org,2026-07,74,NO,2000
te.wikipedia.org,2026-07,75,DK,2000
te.wikipedia.org,2026-07,76,LK,2000
te.wikipedia.org,2026-07,77,LT,1000
te.wikipedia.org,2026-07,79,MD,1000
te.wikipedia.org,2026-07,80,GT,1000
te.wikipedia.org,2026-07,81,PA,1000
te.wikipedia.org,2026-07,84,GE,1000
te.wikipedia.org,2026-07,85,LV,1000
te.wikipedia.org,2026-07,86,MN,1000
te.wikipedia.org,2026-07,87,CR,1000
te.wikipedia.org,2026-07,88,HR,1000
te.wikipedia.org,2026-07,89,BA,1000
te.wikipedia.org,2026-07,91,CI,1000
te.wikipedia.org,2026-07,92,AL,1000
te.wikipedia.org,2026-07,94,SN,1000
te.wikipedia.org,2026-07,95,AM,1000
te.wikipedia.org,2026-07,97,BF,1000
te.wikipedia.org,2026-07,98,KG,1000
te.wikipedia.org,2026-07,99,GH,1000
te.wikipedia.org,2026-07,100,AO,1000
te.wikipedia.org,2026-07,101,SV,1000
te.wikipedia.org,2026-07,102,CY,1000
te.wikipedia.org,2026-07,102,TT,1000
te.wikipedia.org,2026-07,106,TZ,1000
te.wikipedia.org,2026-07,107,GA,1000
te.wikipedia.org,2026-07,108,LU,1000
te.wikipedia.org,2026-07,109,XK,1000
te.wikipedia.org,2026-07,110,MK,1000
te.wikipedia.org,2026-07,111,SI,1000
te.wikipedia.org,2026-07,112,EE,1000
te.wikipedia.org,2026-07,113,TG,1000
te.wikipedia.org,2026-07,115,PR,1000
te.wikipedia.org,2026-07,116,JM,1000
te.wikipedia.org,2026-07,117,MU,1000
te.wikipedia.org,2026-07,118,UG,1000
te.wikipedia.org,2026-07,121,LB,1000
te.wikipedia.org,2026-07,122,CD,1000
te.wikipedia.org,2026-07,124,ZW,1000
te.wikipedia.org,2026-07,125,SC,1000
te.wikipedia.org,2026-07,126,MT,1000
te.wikipedia.org,2026-07,126,CG,1000
te.wikipedia.org,2026-07,128,ZM,1000
te.wikipedia.org,2026-07,129,MV,1000
te.wikipedia.org,2026-07,130,MG,1000
te.wikipedia.org,2026-07,130,BJ,1000
te.wikipedia.org,2026-07,132,--,1000
te.wikipedia.org,2026-07,134,RE,1000
te.wikipedia.org,2026-07,134,NA,1000
te.wikipedia.org,2026-07,137,GY,1000
te.wikipedia.org,2026-07,138,ML,1000
te.wikipedia.org,2026-07,139,IS,1000
te.wikipedia.org,2026-07,140,BS,1000
te.wikipedia.org,2026-07,140,CM,1000
te.wikipedia.org,2026-07,142,LY,1000
te.wikipedia.org,2026-07,143,BB,1000
te.wikipedia.org,2026-07,145,MW,1000
te.wikipedia.org,2026-07,146,BN,1000
te.wikipedia.org,2026-07,147,MZ,1000
te.wiktionary.org,2026-07,1,IN,93000
te.wiktionary.org,2026-07,2,US,63000
te.wiktionary.org,2026-07,3,SG,17000
te.wiktionary.org,2026-07,4,BR,7000
te.wiktionary.org,2026-07,5,MX,4000
te.wiktionary.org,2026-07,6,PH,3000
te.wiktionary.org,2026-07,8,ID,3000
te.wiktionary.org,2026-07,10,UA,3000
te.wiktionary.org,2026-07,13,GB,2000
te.wiktionary.org,2026-07,14,JP,2000
te.wiktionary.org,2026-07,15,DE,2000
te.wiktionary.org,2026-07,17,NL,2000
te.wiktionary.org,2026-07,20,CA,2000
te.wiktionary.org,2026-07,22,FR,2000
te.wiktionary.org,2026-07,23,MA,1000
te.wiktionary.org,2026-07,26,AR,1000
te.wiktionary.org,2026-07,27,TH,1000
te.wiktionary.org,2026-07,28,PL,1000
te.wiktionary.org,2026-07,29,ZA,1000
te.wiktionary.org,2026-07,30,IT,1000
te.wiktionary.org,2026-07,31,ES,1000
te.wiktionary.org,2026-07,33,CO,1000
te.wiktionary.org,2026-07,34,DZ,1000
te.wiktionary.org,2026-07,35,JO,1000
te.wiktionary.org,2026-07,36,SE,1000
te.wiktionary.org,2026-07,37,RO,1000
te.wiktionary.org,2026-07,39,PE,1000
te.wiktionary.org,2026-07,41,KE,1000
te.wiktionary.org,2026-07,42,UY,1000
te.wiktionary.org,2026-07,43,GR,1000
te.wiktionary.org,2026-07,44,AU,1000
te.wiktionary.org,2026-07,45,PY,1000
te.wiktionary.org,2026-07,47,OM,1000
te.wiktionary.org,2026-07,49,CR,1000
te.wiktionary.org,2026-07,50,LB,1000
te.wiktionary.org,2026-07,51,PA,1000
te.wiktionary.org,2026-07,52,LT,1000
te.wiktionary.org,2026-07,53,MY,1000
te.wiktionary.org,2026-07,56,BO,1000
te.wiktionary.org,2026-07,57,FI,1000
te.wiktionary.org,2026-07,59,EC,1000
te.wiktionary.org,2026-07,60,CL,1000
te.wiktionary.org,2026-07,61,BG,1000
te.wiktionary.org,2026-07,62,DO,1000
te.wiktionary.org,2026-07,63,NG,1000
te.wiktionary.org,2026-07,64,SN,1000
te.wiktionary.org,2026-07,64,IL,1000
te.wiktionary.org,2026-07,66,JM,1000
te.wiktionary.org,2026-07,69,TN,1000
te.wiktionary.org,2026-07,71,SC,1000
te.wiktionary.org,2026-07,72,CI,1000
te.wiktionary.org,2026-07,73,NP,1000
te.wiktionary.org,2026-07,74,LY,1000
te.wiktionary.org,2026-07,75,BF,1000
te.wiktionary.org,2026-07,76,AO,1000
te.wiktionary.org,2026-07,77,CG,1000
te.wiktionary.org,2026-07,77,AL,1000
te.wiktionary.org,2026-07,77,PT,1000
te.wiktionary.org,2026-07,80,KG,1000
te.wikisource.org,2026-07,1,IN,327000
te.wikisource.org,2026-07,2,US,136000
te.wikisource.org,2026-07,3,SG,17000
te.wikisource.org,2026-07,4,BR,13000
te.wikisource.org,2026-07,5,GB,9000
te.wikisource.org,2026-07,7,MX,8000
te.wikisource.org,2026-07,8,CA,5000
te.wikisource.org,2026-07,9,ID,5000
te.wikisource.org,2026-07,10,UA,4000
te.wikisource.org,2026-07,11,PH,4000
te.wikisource.org,2026-07,13,PL,3000
te.wikisource.org,2026-07,13,NL,3000
te.wikisource.org,2026-07,17,ES,3000
te.wikisource.org,2026-07,18,JP,3000
te.wikisource.org,2026-07,19,ZA,2000
te.wikisource.org,2026-07,20,DE,2000
te.wikisource.org,2026-07,22,AU,2000
te.wikisource.org,2026-07,24,SE,2000
te.wikisource.org,2026-07,29,MA,2000
te.wikisource.org,2026-07,31,AR,2000
te.wikisource.org,2026-07,32,TH,2000
te.wikisource.org,2026-07,33,FR,1000
te.wikisource.org,2026-07,34,LT,1000
te.wikisource.org,2026-07,35,CO,1000
te.wikisource.org,2026-07,36,DZ,1000
te.wikisource.org,2026-07,38,PE,1000
te.wikisource.org,2026-07,39,IT,1000
te.wikisource.org,2026-07,40,UY,1000
te.wikisource.org,2026-07,41,RO,1000
te.wikisource.org,2026-07,42,IE,1000
te.wikisource.org,2026-07,44,JO,1000
te.wikisource.org,2026-07,46,QA,1000
te.wikisource.org,2026-07,47,OM,1000
te.wikisource.org,2026-07,48,KE,1000
te.wikisource.org,2026-07,49,GR,1000
te.wikisource.org,2026-07,50,MY,1000
te.wikisource.org,2026-07,51,PY,1000
te.wikisource.org,2026-07,52,KW,1000
te.wikisource.org,2026-07,52,BE,1000
te.wikisource.org,2026-07,56,IL,1000
te.wikisource.org,2026-07,57,CH,1000
te.wikisource.org,2026-07,58,BG,1000
te.wikisource.org,2026-07,60,CL,1000
te.wikisource.org,2026-07,61,NO,1000
te.wikisource.org,2026-07,62,BO,1000
te.wikisource.org,2026-07,62,CR,1000
te.wikisource.org,2026-07,64,LB,1000
te.wikisource.org,2026-07,65,EC,1000
te.wikisource.org,2026-07,66,NZ,1000
te.wikisource.org,2026-07,67,DO,1000
te.wikisource.org,2026-07,68,NG,1000
te.wikisource.org,2026-07,70,PA,1000
te.wikisource.org,2026-07,71,TN,1000
te.wikisource.org,2026-07,72,AL,1000
te.wikisource.org,2026-07,73,AT,1000
te.wikisource.org,2026-07,74,LV,1000
te.wikisource.org,2026-07,75,PT,1000
te.wikisource.org,2026-07,76,NP,1000
te.wikisource.org,2026-07,77,SN,1000
te.wikisource.org,2026-07,79,FI,1000
te.wikisource.org,2026-07,81,JM,1000
te.wikisource.org,2026-07,82,KG,1000
te.wikisource.org,2026-07,84,MD,1000
te.wikisource.org,2026-07,86,LY,1000
te.wikisource.org,2026-07,87,RS,1000
te.wikisource.org,2026-07,87,GE,1000
te.wikisource.org,2026-07,89,TZ,1000
te.wikiquote.org,2026-07,1,US,13000
te.wikiquote.org,2026-07,2,IN,7000
te.wikiquote.org,2026-07,3,BR,5000
te.wikiquote.org,2026-07,4,SG,5000
te.wikiquote.org,2026-07,5,PH,4000
te.wikiquote.org,2026-07,8,NL,3000
te.wikiquote.org,2026-07,9,ID,2000
te.wikiquote.org,2026-07,12,UA,2000
te.wikiquote.org,2026-07,15,MX,2000
te.wikiquote.org,2026-07,17,LT,2000
te.wikiquote.org,2026-07,19,TH,2000
te.wikiquote.org,2026-07,20,MA,2000
te.wikiquote.org,2026-07,21,AR,1000
te.wikiquote.org,2026-07,23,ES,1000
te.wikiquote.org,2026-07,25,DZ,1000
te.wikiquote.org,2026-07,26,CO,1000
te.wikiquote.org,2026-07,27,ZA,1000
te.wikiquote.org,2026-07,28,PE,1000
te.wikiquote.org,2026-07,29,GB,1000
te.wikiquote.org,2026-07,30,UY,1000
te.wikiquote.org,2026-07,31,JO,1000
te.wikiquote.org,2026-07,32,MY,1000
te.wikiquote.org,2026-07,32,RO,1000
te.wikiquote.org,2026-07,35,KE,1000
te.wikiquote.org,2026-07,37,FR,1000
te.wikiquote.org,2026-07,38,PY,1000
te.wikiquote.org,2026-07,39,PL,1000
te.wikiquote.org,2026-07,40,GR,1000
te.wikiquote.org,2026-07,42,DE,1000
te.wikiquote.org,2026-07,43,OM,1000
te.wikiquote.org,2026-07,44,BG,1000
te.wikiquote.org,2026-07,46,IT,1000
te.wikiquote.org,2026-07,47,LB,1000
te.wikiquote.org,2026-07,48,TN,1000
te.wikiquote.org,2026-07,49,CA,1000
te.wikiquote.org,2026-07,50,BO,1000
te.wikiquote.org,2026-07,51,PA,1000
te.wikiquote.org,2026-07,52,DO,1000
te.wikiquote.org,2026-07,54,CR,1000
te.wikiquote.org,2026-07,55,EC,1000
te.wikiquote.org,2026-07,56,NP,1000
te.wikiquote.org,2026-07,57,CL,1000
te.wikiquote.org,2026-07,58,SN,1000
te.wikiquote.org,2026-07,62,IL,1000
te.wikiquote.org,2026-07,64,AU,1000
te.wikiquote.org,2026-07,65,NG,1000
te.wikiquote.org,2026-07,66,JP,1000
te.wikiquote.org,2026-07,66,PT,1000
te.wikiquote.org,2026-07,68,AO,1000
te.wikiquote.org,2026-07,69,JM,1000
te.wikibooks.org,2026-07,1,US,32000
te.wikibooks.org,2026-07,2,IN,11000
te.wikibooks.org,2026-07,3,BR,11000
te.wikibooks.org,2026-07,4,SG,6000
te.wikibooks.org,2026-07,7,MX,3000
te.wikibooks.org,2026-07,9,SC,3000
te.wikibooks.org,2026-07,10,AR,3000
te.wikibooks.org,2026-07,11,ID,3000
te.wikibooks.org,2026-07,12,PH,2000
te.wikibooks.org,2026-07,13,GB,2000
te.wikibooks.org,2026-07,16,CO,2000
te.wikibooks.org,2026-07,17,FR,2000
te.wikibooks.org,2026-07,18,JP,2000
te.wikibooks.org,2026-07,20,ZA,2000
te.wikibooks.org,2026-07,21,MY,2000
te.wikibooks.org,2026-07,22,TH,2000
te.wikibooks.org,2026-07,23,ES,2000
te.wikibooks.org,2026-07,24,CL,2000
te.wikibooks.org,2026-07,25,MA,1000
te.wikibooks.org,2026-07,26,DE,1000
te.wikibooks.org,2026-07,27,CA,1000
te.wikibooks.org,2026-07,27,NL,1000
te.wikibooks.org,2026-07,29,UA,1000
te.wikibooks.org,2026-07,30,IT,1000
te.wikibooks.org,2026-07,31,TN,1000
te.wikibooks.org,2026-07,33,EC,1000
te.wikibooks.org,2026-07,35,PL,1000
te.wikibooks.org,2026-07,37,AU,1000
te.wikibooks.org,2026-07,38,PE,1000
te.wikibooks.org,2026-07,39,DZ,1000
te.wikibooks.org,2026-07,40,UY,1000
te.wikibooks.org,2026-07,41,LT,1000
te.wikibooks.org,2026-07,45,PT,1000
te.wikibooks.org,2026-07,46,RO,1000
te.wikibooks.org,2026-07,47,JO,1000
te.wikibooks.org,2026-07,48,BE,1000
te.wikibooks.org,2026-07,49,IL,1000
te.wikibooks.org,2026-07,50,PY,1000
te.wikibooks.org,2026-07,51,BO,1000
te.wikibooks.org,2026-07,52,TW,1000
te.wikibooks.org,2026-07,53,GR,1000
te.wikibooks.org,2026-07,54,NG,1000
te.wikibooks.org,2026-07,55,KE,1000
te.wikibooks.org,2026-07,56,GH,1000
te.wikibooks.org,2026-07,57,KR,1000
te.wikibooks.org,2026-07,60,OM,1000
te.wikibooks.org,2026-07,61,DO,1000
te.wikibooks.org,2026-07,62,FI,1000
te.wikibooks.org,2026-07,63,NP,1000
te.wikibooks.org,2026-07,64,CR,1000
te.wikibooks.org,2026-07,65,SE,1000
te.wikibooks.org,2026-07,66,BF,1000
te.wikibooks.org,2026-07,67,IE,1000
te.wikibooks.org,2026-07,67,PA,1000
te.wikibooks.org,2026-07,69,RS,1000
te.wikibooks.org,2026-07,70,HU,1000
te.wikibooks.org,2026-07,71,CZ,1000
te.wikibooks.org,2026-07,72,BG,1000
te.wikibooks.org,2026-07,73,CI,1000
te.wikibooks.org,2026-07,74,CY,1000
te.wikibooks.org,2026-07,75,TZ,1000
te.wikibooks.org,2026-07,77,IS,1000
te.wikibooks.org,2026-07,79,CD,1000
te.wikibooks.org,2026-07,79,DK,1000
te.wikibooks.org,2026-07,82,SN,1000
te.wikibooks.org,2026-07,83,GT,1000
te.wikibooks.org,2026-07,85,LV,1000
te.wikibooks.org,2026-07,87,AT,1000
te.wikibooks.org,2026-07,88,KW,1000
te.wikibooks.org,2026-07,88,UG,1000
te.wikibooks.org,2026-07,90,QA,1000
ur.wikipedia.org,2026-07,1,US,1159000
ur.wikipedia.org,2026-07,4,IN,399000
ur.wikipedia.org,2026-07,5,BR,363000
ur.wikipedia.org,2026-07,7,SG,142000
ur.wikipedia.org,2026-07,8,MX,137000
ur.wikipedia.org,2026-07,9,GB,106000
ur.wikipedia.org,2026-07,11,DE,68000
ur.wikipedia.org,2026-07,12,AR,63000
ur.wikipedia.org,2026-07,13,FR,60000
ur.wikipedia.org,2026-07,14,CA,54000
ur.wikipedia.org,2026-07,15,ID,53000
ur.wikipedia.org,2026-07,16,CO,49000
ur.wikipedia.org,2026-07,17,ES,47000
ur.wikipedia.org,2026-07,19,PL,44000
ur.wikipedia.org,2026-07,20,ZA,40000
ur.wikipedia.org,2026-07,21,NL,40000
ur.wikipedia.org,2026-07,22,PH,36000
ur.wikipedia.org,2026-07,23,TH,36000
ur.wikipedia.org,2026-07,24,UA,35000
ur.wikipedia.org,2026-07,25,MA,33000
ur.wikipedia.org,2026-07,26,IT,32000
ur.wikipedia.org,2026-07,28,JP,29000
ur.wikipedia.org,2026-07,29,CL,28000
ur.wikipedia.org,2026-07,32,SE,23000
ur.wikipedia.org,2026-07,33,AU,21000
ur.wikipedia.org,2026-07,34,PE,20000
ur.wikipedia.org,2026-07,35,MY,19000
ur.wikipedia.org,2026-07,37,EC,18000
ur.wikipedia.org,2026-07,38,DZ,17000
ur.wikipedia.org,2026-07,40,TN,17000
ur.wikipedia.org,2026-07,43,RO,14000
ur.wikipedia.org,2026-07,46,IE,12000
ur.wikipedia.org,2026-07,47,IL,12000
ur.wikipedia.org,2026-07,48,UY,12000
ur.wikipedia.org,2026-07,49,TW,10000
ur.wikipedia.org,2026-07,50,KR,10000
ur.wikipedia.org,2026-07,51,GR,10000
ur.wikipedia.org,2026-07,52,JO,10000
ur.wikipedia.org,2026-07,53,OM,8000
ur.wikipedia.org,2026-07,54,PT,8000
ur.wikipedia.org,2026-07,55,HU,8000
ur.wikipedia.org,2026-07,56,PY,8000
ur.wikipedia.org,2026-07,57,BO,8000
ur.wikipedia.org,2026-07,58,BG,8000
ur.wikipedia.org,2026-07,60,BE,7000
ur.wikipedia.org,2026-07,61,NG,7000
ur.wikipedia.org,2026-07,63,CZ,7000
ur.wikipedia.org,2026-07,64,RS,7000
ur.wikipedia.org,2026-07,65,DO,7000
ur.wikipedia.org,2026-07,66,KE,7000
ur.wikipedia.org,2026-07,67,QA,7000
ur.wikipedia.org,2026-07,68,NP,6000
ur.wikipedia.org,2026-07,70,PA,6000
ur.wikipedia.org,2026-07,72,KW,5000
ur.wikipedia.org,2026-07,73,CR,5000
ur.wikipedia.org,2026-07,74,AT,5000
ur.wikipedia.org,2026-07,75,GT,5000
ur.wikipedia.org,2026-07,77,MD,4000
ur.wikipedia.org,2026-07,79,NZ,4000
ur.wikipedia.org,2026-07,81,SN,4000
ur.wikipedia.org,2026-07,82,CH,4000
ur.wikipedia.org,2026-07,84,SK,4000
ur.wikipedia.org,2026-07,85,LT,4000
ur.wikipedia.org,2026-07,86,CI,4000
ur.wikipedia.org,2026-07,87,NO,4000
ur.wikipedia.org,2026-07,89,GH,4000
ur.wikipedia.org,2026-07,90,FI,4000
ur.wikipedia.org,2026-07,91,BA,4000
ur.wikipedia.org,2026-07,92,BF,3000
ur.wikipedia.org,2026-07,93,DK,3000
ur.wikipedia.org,2026-07,95,GE,3000
ur.wikipedia.org,2026-07,96,LK,3000
ur.wikipedia.org,2026-07,97,AL,3000
ur.wikipedia.org,2026-07,99,HR,3000
ur.wikipedia.org,2026-07,100,AM,3000
ur.wikipedia.org,2026-07,101,AO,3000
ur.wikipedia.org,2026-07,102,MN,3000
ur.wikipedia.org,2026-07,103,SV,3000
ur.wikipedia.org,2026-07,104,LV,3000
ur.wikipedia.org,2026-07,105,TZ,3000
ur.wikipedia.org,2026-07,106,KG,3000
ur.wikipedia.org,2026-07,107,LB,2000
ur.wikipedia.org,2026-07,108,JM,2000
ur.wikipedia.org,2026-07,109,TG,2000
ur.wikipedia.org,2026-07,110,TT,2000
ur.wikipedia.org,2026-07,111,XK,2000
ur.wikipedia.org,2026-07,112,GA,2000
ur.wikipedia.org,2026-07,113,CD,2000
ur.wikipedia.org,2026-07,114,PR,2000
ur.wikipedia.org,2026-07,115,LY,2000
ur.wikipedia.org,2026-07,116,MK,2000
ur.wikipedia.org,2026-07,117,UG,2000
ur.wikipedia.org,2026-07,119,CY,2000
ur.wikipedia.org,2026-07,121,SI,2000
ur.wikipedia.org,2026-07,122,EE,2000
ur.wikipedia.org,2026-07,123,BJ,1000
ur.wikipedia.org,2026-07,124,ZW,1000
ur.wikipedia.org,2026-07,125,ML,1000
ur.wikipedia.org,2026-07,126,ZM,1000
ur.wikipedia.org,2026-07,127,MG,1000
ur.wikipedia.org,2026-07,128,CG,1000
ur.wikipedia.org,2026-07,129,MU,1000
ur.wikipedia.org,2026-07,130,NA,1000
ur.wikipedia.org,2026-07,131,GY,1000
ur.wikipedia.org,2026-07,134,CM,1000
ur.wikipedia.org,2026-07,135,MW,1000
ur.wikipedia.org,2026-07,137,MT,1000
ur.wikipedia.org,2026-07,138,MZ,1000
ur.wikipedia.org,2026-07,139,RE,1000
ur.wikipedia.org,2026-07,140,MV,1000
ur.wikipedia.org,2026-07,141,BN,1000
ur.wikipedia.org,2026-07,142,BW,1000
ur.wikipedia.org,2026-07,143,SO,1000
ur.wikipedia.org,2026-07,144,HT,1000
ur.wikipedia.org,2026-07,145,LU,1000
ur.wikipedia.org,2026-07,146,SR,1000
ur.wikipedia.org,2026-07,148,MR,1000
ur.wikipedia.org,2026-07,149,BB,1000
ur.wikipedia.org,2026-07,150,BS,1000
ur.wikipedia.org,2026-07,151,SC,1000
ur.wikipedia.org,2026-07,152,SL,1000
ur.wikipedia.org,2026-07,153,FJ,1000
ur.wikipedia.org,2026-07,154,CV,1000
ur.wikipedia.org,2026-07,155,NE,1000
ur.wikipedia.org,2026-07,156,GN,1000
ur.wikipedia.org,2026-07,157,BZ,1000
ur.wikipedia.org,2026-07,157,GD,1000
ur.wikipedia.org,2026-07,159,LS,1000
ur.wikipedia.org,2026-07,160,GP,1000
ur.wikipedia.org,2026-07,161,ME,1000
ur.wikipedia.org,2026-07,162,GF,1000
ur.wikipedia.org,2026-07,163,SZ,1000
ur.wikipedia.org,2026-07,164,DM,1000
ur.wikipedia.org,2026-07,165,TD,1000
ur.wikipedia.org,2026-07,166,GM,1000
ur.wikipedia.org,2026-07,167,LR,1000
ur.wikipedia.org,2026-07,170,CW,1000
ur.wikipedia.org,2026-07,171,LC,1000
ur.wikipedia.org,2026-07,172,PG,1000
ur.wikipedia.org,2026-07,173,--,1000
ur.wikipedia.org,2026-07,174,IS,1000
ur.wikipedia.org,2026-07,177,MQ,1000
ur.wikipedia.org,2026-07,178,YT,1000
ur.wikipedia.org,2026-07,180,AW,1000
ur.wikipedia.org,2026-07,180,BI,1000
ur.wiktionary.org,2026-07,1,US,27000
ur.wiktionary.org,2026-07,2,SG,12000
ur.wiktionary.org,2026-07,5,BR,5000
ur.wiktionary.org,2026-07,6,MX,4000
ur.wiktionary.org,2026-07,7,IN,3000
ur.wiktionary.org,2026-07,8,CA,2000
ur.wiktionary.org,2026-07,9,ID,2000
ur.wiktionary.org,2026-07,10,AR,2000
ur.wiktionary.org,2026-07,11,JP,2000
ur.wiktionary.org,2026-07,12,MA,1000
ur.wiktionary.org,2026-07,13,CO,1000
ur.wiktionary.org,2026-07,14,GB,1000
ur.wiktionary.org,2026-07,16,FR,1000
ur.wiktionary.org,2026-07,17,UA,1000
ur.wiktionary.org,2026-07,18,DE,1000
ur.wiktionary.org,2026-07,21,ZA,1000
ur.wiktionary.org,2026-07,23,PH,1000
ur.wiktionary.org,2026-07,24,TN,1000
ur.wiktionary.org,2026-07,26,NL,1000
ur.wiktionary.org,2026-07,27,DZ,1000
ur.wiktionary.org,2026-07,28,CL,1000
ur.wiktionary.org,2026-07,29,UY,1000
ur.wiktionary.org,2026-07,31,EC,1000
ur.wiktionary.org,2026-07,32,ES,1000
ur.wiktionary.org,2026-07,33,TH,1000
ur.wiktionary.org,2026-07,35,RO,1000
ur.wiktionary.org,2026-07,37,PL,1000
ur.wiktionary.org,2026-07,38,IT,1000
ur.wiktionary.org,2026-07,39,MY,1000
ur.wiktionary.org,2026-07,41,PE,1000
ur.wiktionary.org,2026-07,43,IE,1000
ur.wiktionary.org,2026-07,44,JO,1000
ur.wiktionary.org,2026-07,47,AU,1000
ur.wiktionary.org,2026-07,48,OM,1000
ur.wiktionary.org,2026-07,49,IL,1000
ur.wiktionary.org,2026-07,51,NG,1000
ur.wiktionary.org,2026-07,52,DO,1000
ur.wiktionary.org,2026-07,53,CR,1000
ur.wiktionary.org,2026-07,54,SE,1000
ur.wiktionary.org,2026-07,54,BO,1000
ur.wiktionary.org,2026-07,57,PA,1000
ur.wiktionary.org,2026-07,59,GR,1000
ur.wiktionary.org,2026-07,60,FI,1000
ur.wiktionary.org,2026-07,61,TW,1000
ur.wiktionary.org,2026-07,62,SC,1000
ur.wiktionary.org,2026-07,63,PT,1000
ur.wiktionary.org,2026-07,65,SV,1000
ur.wiktionary.org,2026-07,66,KE,1000
ur.wikisource.org,2026-07,1,US,31000
ur.wikisource.org,2026-07,2,BR,13000
ur.wikisource.org,2026-07,3,IN,12000
ur.wikisource.org,2026-07,8,PH,4000
ur.wikisource.org,2026-07,9,FR,3000
ur.wikisource.org,2026-07,10,MX,3000
ur.wikisource.org,2026-07,11,AR,3000
ur.wikisource.org,2026-07,12,ID,3000
ur.wikisource.org,2026-07,13,ES,3000
ur.wikisource.org,2026-07,14,GB,3000
ur.wikisource.org,2026-07,15,DE,3000
ur.wikisource.org,2026-07,17,IT,2000
ur.wikisource.org,2026-07,18,MA,2000
ur.wikisource.org,2026-07,20,CL,2000
ur.wikisource.org,2026-07,21,MY,2000
ur.wikisource.org,2026-07,23,ZA,2000
ur.wikisource.org,2026-07,24,UY,2000
ur.wikisource.org,2026-07,25,SG,2000
ur.wikisource.org,2026-07,26,CA,2000
ur.wikisource.org,2026-07,27,CO,2000
ur.wikisource.org,2026-07,28,TH,2000
ur.wikisource.org,2026-07,31,UA,1000
ur.wikisource.org,2026-07,32,NP,1000
ur.wikisource.org,2026-07,34,JO,1000
ur.wikisource.org,2026-07,36,PT,1000
ur.wikisource.org,2026-07,37,DZ,1000
ur.wikisource.org,2026-07,37,PY,1000
ur.wikisource.org,2026-07,39,EC,1000
ur.wikisource.org,2026-07,41,BO,1000
ur.wikisource.org,2026-07,42,TN,1000
ur.wikisource.org,2026-07,44,OM,1000
ur.wikisource.org,2026-07,45,PL,1000
ur.wikisource.org,2026-07,46,CR,1000
ur.wikisource.org,2026-07,47,NL,1000
ur.wikisource.org,2026-07,48,KE,1000
ur.wikisource.org,2026-07,49,PA,1000
ur.wikisource.org,2026-07,50,PE,1000
ur.wikisource.org,2026-07,53,NG,1000
ur.wikisource.org,2026-07,54,IL,1000
ur.wikisource.org,2026-07,55,JM,1000
ur.wikisource.org,2026-07,56,SN,1000
ur.wikisource.org,2026-07,57,DO,1000
ur.wikisource.org,2026-07,59,BF,1000
ur.wikisource.org,2026-07,60,CI,1000
ur.wikisource.org,2026-07,63,LB,1000
ur.wikisource.org,2026-07,64,AU,1000
ur.wikisource.org,2026-07,65,AL,1000
ur.wikisource.org,2026-07,67,AO,1000
ur.wikisource.org,2026-07,68,TW,1000
ur.wikisource.org,2026-07,69,GE,1000
ur.wikisource.org,2026-07,70,KG,1000
ur.wikisource.org,2026-07,72,LY,1000
ur.wikisource.org,2026-07,72,BG,1000
ur.wikisource.org,2026-07,74,QA,1000
ur.wikisource.org,2026-07,75,GH,1000
ur.wikisource.org,2026-07,76,SE,1000
ur.wikisource.org,2026-07,76,JP,1000
ur.wikisource.org,2026-07,79,GR,1000
ur.wikisource.org,2026-07,80,IE,1000
ur.wikisource.org,2026-07,81,TZ,1000
ur.wikisource.org,2026-07,82,RS,1000
ur.wikisource.org,2026-07,83,KW,1000
ur.wikisource.org,2026-07,84,TG,1000
ur.wikisource.org,2026-07,85,RO,1000
ur.wikisource.org,2026-07,86,KR,1000
ur.wikisource.org,2026-07,87,BE,1000
ur.wikisource.org,2026-07,88,GA,1000
ur.wikisource.org,2026-07,89,MN,1000
ur.wikisource.org,2026-07,92,AM,1000
ur.wikisource.org,2026-07,93,BJ,1000
ur.wikiquote.org,2026-07,1,US,16000
ur.wikiquote.org,2026-07,2,IN,6000
ur.wikiquote.org,2026-07,3,SG,6000
ur.wikiquote.org,2026-07,4,BR,4000
ur.wikiquote.org,2026-07,5,PH,3000
ur.wikiquote.org,2026-07,9,MX,2000
ur.wikiquote.org,2026-07,10,UA,2000
ur.wikiquote.org,2026-07,11,ID,2000
ur.wikiquote.org,2026-07,14,GB,1000
ur.wikiquote.org,2026-07,16,MA,1000
ur.wikiquote.org,2026-07,17,TH,1000
ur.wikiquote.org,2026-07,18,ES,1000
ur.wikiquote.org,2026-07,19,CA,1000
ur.wikiquote.org,2026-07,20,PL,1000
ur.wikiquote.org,2026-07,21,ZA,1000
ur.wikiquote.org,2026-07,24,DZ,1000
ur.wikiquote.org,2026-07,25,AR,1000
ur.wikiquote.org,2026-07,28,JP,1000
ur.wikiquote.org,2026-07,29,CO,1000
ur.wikiquote.org,2026-07,30,UY,1000
ur.wikiquote.org,2026-07,31,JO,1000
ur.wikiquote.org,2026-07,32,PE,1000
ur.wikiquote.org,2026-07,33,RO,1000
ur.wikiquote.org,2026-07,34,NL,1000
ur.wikiquote.org,2026-07,35,KE,1000
ur.wikiquote.org,2026-07,36,SE,1000
ur.wikiquote.org,2026-07,37,PY,1000
ur.wikiquote.org,2026-07,38,DE,1000
ur.wikiquote.org,2026-07,42,FR,1000
ur.wikiquote.org,2026-07,43,GR,1000
ur.wikiquote.org,2026-07,44,BG,1000
ur.wikiquote.org,2026-07,45,OM,1000
ur.wikiquote.org,2026-07,47,MY,1000
ur.wikiquote.org,2026-07,48,LB,1000
ur.wikiquote.org,2026-07,49,BO,1000
ur.wikiquote.org,2026-07,53,DO,1000
ur.wikiquote.org,2026-07,54,TN,1000
ur.wikiquote.org,2026-07,54,CR,1000
ur.wikiquote.org,2026-07,56,PA,1000
ur.wikiquote.org,2026-07,57,AU,1000
ur.wikiquote.org,2026-07,57,SN,1000
ur.wikiquote.org,2026-07,60,IL,1000
ur.wikiquote.org,2026-07,61,IT,1000
ur.wikiquote.org,2026-07,64,NG,1000
ur.wikiquote.org,2026-07,65,AO,1000
ur.wikibooks.org,2026-07,1,US,11000
ur.wikibooks.org,2026-07,2,SG,3000
ur.wikibooks.org,2026-07,3,IN,2000
ur.wikibooks.org,2026-07,4,BR,2000
ur.wikibooks.org,2026-07,5,GB,1000
ur.wikibooks.org,2026-07,7,MX,1000
ur.wikibooks.org,2026-07,8,PL,1000
ur.wikibooks.org,2026-07,9,CA,1000
ur.wikibooks.org,2026-07,10,ZA,1000
ur.wikibooks.org,2026-07,13,ES,1000
ur.wikibooks.org,2026-07,14,AR,1000
ur.wikibooks.org,2026-07,15,JP,1000
ur.wikibooks.org,2026-07,18,NL,1000
ur.wikibooks.org,2026-07,19,ID,1000
ur.wikibooks.org,2026-07,20,PH,1000
ur.wikibooks.org,2026-07,21,DE,1000
ur.wikibooks.org,2026-07,22,SE,1000
ur.wikibooks.org,2026-07,24,CO,1000
ur.wikibooks.org,2026-07,25,FR,1000
ur.wikibooks.org,2026-07,26,UA,1000
ur.wikibooks.org,2026-07,29,MA,1000
ur.wikibooks.org,2026-07,32,TH,1000
ur.wikibooks.org,2026-07,33,RO,1000
ur.wikibooks.org,2026-07,33,JO,1000
ur.wikibooks.org,2026-07,35,MY,1000
ur.wikibooks.org,2026-07,36,AU,1000
ur.wikibooks.org,2026-07,36,CL,1000
bh.wikipedia.org,2026-07,1,IN,260000
bh.wikipedia.org,2026-07,2,US,108000
bh.wikipedia.org,2026-07,3,BR,40000
bh.wikipedia.org,2026-07,4,SG,35000
bh.wikipedia.org,2026-07,5,MX,14000
bh.wikipedia.org,2026-07,7,AR,10000
bh.wikipedia.org,2026-07,9,PL,8000
bh.wikipedia.org,2026-07,10,GB,8000
bh.wikipedia.org,2026-07,12,ID,7000
bh.wikipedia.org,2026-07,14,ZA,7000
bh.wikipedia.org,2026-07,15,FR,6000
bh.wikipedia.org,2026-07,17,NL,6000
bh.wikipedia.org,2026-07,18,PH,6000
bh.wikipedia.org,2026-07,19,CO,5000
bh.wikipedia.org,2026-07,20,CA,5000
bh.wikipedia.org,2026-07,21,DE,5000
bh.wikipedia.org,2026-07,22,UA,4000
bh.wikipedia.org,2026-07,23,TH,4000
bh.wikipedia.org,2026-07,24,ES,4000
bh.wikipedia.org,2026-07,25,CL,4000
bh.wikipedia.org,2026-07,26,JP,4000
bh.wikipedia.org,2026-07,27,MA,4000
bh.wikipedia.org,2026-07,28,MY,3000
bh.wikipedia.org,2026-07,30,TN,3000
bh.wikipedia.org,2026-07,31,IT,3000
bh.wikipedia.org,2026-07,35,EC,3000
bh.wikipedia.org,2026-07,38,SE,2000
bh.wikipedia.org,2026-07,39,DZ,2000
bh.wikipedia.org,2026-07,40,AU,2000
bh.wikipedia.org,2026-07,42,JO,2000
bh.wikipedia.org,2026-07,43,UY,2000
bh.wikipedia.org,2026-07,44,NP,2000
bh.wikipedia.org,2026-07,45,PE,2000
bh.wikipedia.org,2026-07,46,IL,2000
bh.wikipedia.org,2026-07,47,KR,2000
bh.wikipedia.org,2026-07,48,NG,2000
bh.wikipedia.org,2026-07,49,PY,2000
bh.wikipedia.org,2026-07,50,TW,2000
bh.wikipedia.org,2026-07,51,RO,2000
bh.wikipedia.org,2026-07,53,OM,2000
bh.wikipedia.org,2026-07,54,KE,1000
bh.wikipedia.org,2026-07,55,BO,1000
bh.wikipedia.org,2026-07,56,PT,1000
bh.wikipedia.org,2026-07,60,GR,1000
bh.wikipedia.org,2026-07,61,DO,1000
bh.wikipedia.org,2026-07,62,BE,1000
bh.wikipedia.org,2026-07,64,BG,1000
bh.wikipedia.org,2026-07,65,IE,1000
bh.wikipedia.org,2026-07,66,CH,1000
bh.wikipedia.org,2026-07,68,SN,1000
bh.wikipedia.org,2026-07,68,GH,1000
bh.wikipedia.org,2026-07,70,PA,1000
bh.wikipedia.org,2026-07,71,CR,1000
bh.wikipedia.org,2026-07,72,CZ,1000
bh.wikipedia.org,2026-07,74,HU,1000
bh.wikipedia.org,2026-07,75,BF,1000
bh.wikipedia.org,2026-07,76,MD,1000
bh.wikipedia.org,2026-07,77,QA,1000
bh.wikipedia.org,2026-07,77,CI,1000
bh.wikipedia.org,2026-07,79,KW,1000
bh.wikipedia.org,2026-07,81,RS,1000
bh.wikipedia.org,2026-07,82,TZ,1000
bh.wikipedia.org,2026-07,83,AO,1000
bh.wikipedia.org,2026-07,85,FI,1000
bh.wikipedia.org,2026-07,87,AT,1000
bh.wikipedia.org,2026-07,89,JM,1000
bh.wikipedia.org,2026-07,90,GT,1000
bh.wikipedia.org,2026-07,91,BA,1000
bh.wikipedia.org,2026-07,92,LB,1000
bh.wikipedia.org,2026-07,93,NZ,1000
bh.wikipedia.org,2026-07,94,GE,1000
bh.wikipedia.org,2026-07,96,TG,1000
bh.wikipedia.org,2026-07,97,KG,1000
bh.wikipedia.org,2026-07,98,CD,1000
bh.wikipedia.org,2026-07,99,LK,1000
bh.wikipedia.org,2026-07,100,NO,1000
bh.wikipedia.org,2026-07,101,AL,1000
bh.wikipedia.org,2026-07,102,SK,1000
bh.wikipedia.org,2026-07,103,DK,1000
bh.wikipedia.org,2026-07,104,UG,1000
bh.wikipedia.org,2026-07,105,LT,1000
bh.wikipedia.org,2026-07,106,GA,1000
bh.wikipedia.org,2026-07,107,LY,1000
bh.wikipedia.org,2026-07,108,HR,1000
bh.wikipedia.org,2026-07,109,AM,1000
bh.wikipedia.org,2026-07,110,SV,1000
bh.wikipedia.org,2026-07,111,MN,1000
bh.wikipedia.org,2026-07,112,LV,1000
bh.wikipedia.org,2026-07,114,TT,1000
bh.wikipedia.org,2026-07,116,ZW,1000
bh.wikipedia.org,2026-07,118,NA,1000
bh.wikipedia.org,2026-07,119,BJ,1000
bh.wikipedia.org,2026-07,120,CG,1000
bh.wikipedia.org,2026-07,121,XK,1000
bh.wikipedia.org,2026-07,122,MG,1000
bh.wikipedia.org,2026-07,123,GY,1000
bh.wikipedia.org,2026-07,123,CM,1000
bh.wikipedia.org,2026-07,125,ZM,1000
bh.wikipedia.org,2026-07,126,MK,1000
bh.wikipedia.org,2026-07,127,ML,1000
bh.wikipedia.org,2026-07,128,PR,1000
bh.wikipedia.org,2026-07,129,MU,1000
bh.wikipedia.org,2026-07,131,SI,1000
bh.wikipedia.org,2026-07,132,MW,1000
gu.wikisource.org,2026-07,1,IN,207000
gu.wikisource.org,2026-07,2,US,55000
gu.wikisource.org,2026-07,3,SG,9000
gu.wikisource.org,2026-07,4,BR,5000
gu.wikisource.org,2026-07,5,PH,3000
gu.wikisource.org,2026-07,6,GB,3000
gu.wikisource.org,2026-07,8,CA,3000
gu.wikisource.org,2026-07,9,MX,3000
gu.wikisource.org,2026-07,10,ID,2000
gu.wikisource.org,2026-07,11,UA,2000
gu.wikisource.org,2026-07,14,NL,2000
gu.wikisource.org,2026-07,19,AU,2000
gu.wikisource.org,2026-07,21,MA,1000
gu.wikisource.org,2026-07,22,TH,1000
gu.wikisource.org,2026-07,23,DE,1000
gu.wikisource.org,2026-07,24,ES,1000
gu.wikisource.org,2026-07,25,AR,1000
gu.wikisource.org,2026-07,27,DZ,1000
gu.wikisource.org,2026-07,29,ZA,1000
gu.wikisource.org,2026-07,30,CO,1000
gu.wikisource.org,2026-07,32,PE,1000
gu.wikisource.org,2026-07,33,LT,1000
gu.wikisource.org,2026-07,34,PL,1000
gu.wikisource.org,2026-07,35,FR,1000
gu.wikisource.org,2026-07,36,KE,1000
gu.wikisource.org,2026-07,37,UY,1000
gu.wikisource.org,2026-07,38,JO,1000
gu.wikisource.org,2026-07,39,RO,1000
gu.wikisource.org,2026-07,40,CH,1000
gu.wikisource.org,2026-07,41,BE,1000
gu.wikisource.org,2026-07,43,PY,1000
gu.wikisource.org,2026-07,44,GR,1000
gu.wikisource.org,2026-07,45,OM,1000
gu.wikisource.org,2026-07,47,BG,1000
gu.wikisource.org,2026-07,48,JP,1000
gu.wikisource.org,2026-07,49,MY,1000
gu.wikisource.org,2026-07,52,NZ,1000
gu.wikisource.org,2026-07,53,PA,1000
gu.wikisource.org,2026-07,54,BO,1000
gu.wikisource.org,2026-07,55,IT,1000
gu.wikisource.org,2026-07,57,TN,1000
gu.wikisource.org,2026-07,58,TW,1000
gu.wikisource.org,2026-07,58,LB,1000
gu.wikisource.org,2026-07,60,DO,1000
gu.wikisource.org,2026-07,61,IL,1000
gu.wikisource.org,2026-07,64,CR,1000
gu.wikisource.org,2026-07,65,SN,1000
gu.wikisource.org,2026-07,66,NP,1000
gu.wikisource.org,2026-07,67,SE,1000
gu.wikisource.org,2026-07,70,CL,1000
gu.wikisource.org,2026-07,71,AL,1000
gu.wikisource.org,2026-07,72,JM,1000
gu.wikisource.org,2026-07,73,EC,1000
pa.wikipedia.org,2026-07,1,IN,256000
pa.wikipedia.org,2026-07,2,US,235000
pa.wikipedia.org,2026-07,3,BR,53000
pa.wikipedia.org,2026-07,4,SG,38000
pa.wikipedia.org,2026-07,6,MX,16000
pa.wikipedia.org,2026-07,7,AR,11000
pa.wikipedia.org,2026-07,8,CA,11000
pa.wikipedia.org,2026-07,9,ID,10000
pa.wikipedia.org,2026-07,11,GB,10000
pa.wikipedia.org,2026-07,14,PH,8000
pa.wikipedia.org,2026-07,16,FR,7000
pa.wikipedia.org,2026-07,17,CO,7000
pa.wikipedia.org,2026-07,18,ZA,7000
pa.wikipedia.org,2026-07,19,PL,6000
pa.wikipedia.org,2026-07,20,DE,6000
pa.wikipedia.org,2026-07,21,TH,6000
pa.wikipedia.org,2026-07,22,UA,5000
pa.wikipedia.org,2026-07,23,MA,5000
pa.wikipedia.org,2026-07,24,ES,5000
pa.wikipedia.org,2026-07,25,CL,5000
pa.wikipedia.org,2026-07,26,MY,5000
pa.wikipedia.org,2026-07,27,IT,4000
pa.wikipedia.org,2026-07,29,AU,4000
pa.wikipedia.org,2026-07,30,NL,4000
pa.wikipedia.org,2026-07,31,TN,4000
pa.wikipedia.org,2026-07,33,EC,3000
pa.wikipedia.org,2026-07,35,JP,3000
pa.wikipedia.org,2026-07,37,DZ,3000
pa.wikipedia.org,2026-07,40,PE,3000
pa.wikipedia.org,2026-07,41,UY,2000
pa.wikipedia.org,2026-07,42,JO,2000
pa.wikipedia.org,2026-07,43,RO,2000
pa.wikipedia.org,2026-07,44,TW,2000
pa.wikipedia.org,2026-07,45,SE,2000
pa.wikipedia.org,2026-07,46,IL,2000
pa.wikipedia.org,2026-07,47,PY,2000
pa.wikipedia.org,2026-07,49,OM,2000
pa.wikipedia.org,2026-07,50,PT,2000
pa.wikipedia.org,2026-07,51,NG,2000
pa.wikipedia.org,2026-07,52,KE,2000
pa.wikipedia.org,2026-07,54,GR,2000
pa.wikipedia.org,2026-07,55,BO,2000
pa.wikipedia.org,2026-07,57,KR,2000
pa.wikipedia.org,2026-07,58,NP,1000
pa.wikipedia.org,2026-07,59,DO,1000
pa.wikipedia.org,2026-07,60,NZ,1000
pa.wikipedia.org,2026-07,61,BE,1000
pa.wikipedia.org,2026-07,64,IE,1000
pa.wikipedia.org,2026-07,65,BG,1000
pa.wikipedia.org,2026-07,66,CH,1000
pa.wikipedia.org,2026-07,67,HU,1000
pa.wikipedia.org,2026-07,68,PA,1000
pa.wikipedia.org,2026-07,69,CR,1000
pa.wikipedia.org,2026-07,71,CZ,1000
pa.wikipedia.org,2026-07,72,GH,1000
pa.wikipedia.org,2026-07,73,SN,1000
pa.wikipedia.org,2026-07,74,KW,1000
pa.wikipedia.org,2026-07,75,CI,1000
pa.wikipedia.org,2026-07,76,RS,1000
pa.wikipedia.org,2026-07,77,BF,1000
pa.wikipedia.org,2026-07,79,AT,1000
pa.wikipedia.org,2026-07,80,QA,1000
pa.wikipedia.org,2026-07,81,MD,1000
pa.wikipedia.org,2026-07,84,FI,1000
pa.wikipedia.org,2026-07,85,AO,1000
pa.wikipedia.org,2026-07,87,GT,1000
pa.wikipedia.org,2026-07,89,TZ,1000
pa.wikipedia.org,2026-07,90,NO,1000
pa.wikipedia.org,2026-07,92,JM,1000
pa.wikipedia.org,2026-07,93,TG,1000
pa.wikipedia.org,2026-07,94,GE,1000
pa.wikipedia.org,2026-07,95,LB,1000
pa.wikipedia.org,2026-07,95,BA,1000
pa.wikipedia.org,2026-07,97,LT,1000
pa.wikipedia.org,2026-07,98,LK,1000
pa.wikipedia.org,2026-07,99,MN,1000
pa.wikipedia.org,2026-07,100,AL,1000
pa.wikipedia.org,2026-07,101,KG,1000
pa.wikipedia.org,2026-07,102,AM,1000
pa.wikipedia.org,2026-07,103,SK,1000
pa.wikipedia.org,2026-07,104,DK,1000
pa.wikipedia.org,2026-07,105,CD,1000
pa.wikipedia.org,2026-07,106,UG,1000
pa.wikipedia.org,2026-07,107,SV,1000
pa.wikipedia.org,2026-07,108,TT,1000
pa.wikipedia.org,2026-07,109,LV,1000
pa.wikipedia.org,2026-07,110,HR,1000
pa.wikipedia.org,2026-07,111,GA,1000
pa.wikipedia.org,2026-07,112,LY,1000
pa.wikipedia.org,2026-07,113,PR,1000
pa.wikipedia.org,2026-07,115,XK,1000
pa.wikipedia.org,2026-07,115,CG,1000
pa.wikipedia.org,2026-07,117,ZM,1000
pa.wikipedia.org,2026-07,118,NA,1000
pa.wikipedia.org,2026-07,119,CY,1000
pa.wikipedia.org,2026-07,119,BJ,1000
pa.wikipedia.org,2026-07,122,CM,1000
pa.wikipedia.org,2026-07,123,ZW,1000
pa.wikipedia.org,2026-07,125,ML,1000
pa.wikipedia.org,2026-07,126,MG,1000
pa.wikipedia.org,2026-07,127,MK,1000
pa.wikipedia.org,2026-07,128,SI,1000
pa.wikipedia.org,2026-07,129,EE,1000
pa.wikipedia.org,2026-07,130,MU,1000
pa.wikipedia.org,2026-07,131,MZ,1000
pa.wikipedia.org,2026-07,133,--,1000
pa.wikipedia.org,2026-07,134,MW,1000
pa.wikipedia.org,2026-07,135,HT,1000
pa.wikipedia.org,2026-07,137,MV,1000
pa.wikipedia.org,2026-07,138,GY,1000
