domain,month,rank,page,views
anp.wikipedia.org,2026-07,1,मुख्य_पृष्ठ,18978
anp.wikipedia.org,2026-07,2,कंप्यूटर,4135
anp.wikipedia.org,2026-07,3,हार्ड_डिस्क_ड्राइव,3982
anp.wikipedia.org,2026-07,4,विशेष:खोज,2219
anp.wikipedia.org,2026-07,5,विकिपीडिया:परिचय,2076
anp.wikipedia.org,2026-07,6,नरेश_पाण्डेय_चकोर,1439
anp.wikipedia.org,2026-07,7,विशेष:RecentChanges,1401
anp.wikipedia.org,2026-07,8,सम्राट_अशोक_महान,1025
anp.wikipedia.org,2026-07,9,विकिपीडिया:संपर्क_करौ,821
anp.wikipedia.org,2026-07,10,ऋग्वेद,782
anp.wikipedia.org,2026-07,11,सिंधु_घाटी_सभ्यता,744
anp.wikipedia.org,2026-07,12,Special:RecentChanges,742
anp.wikipedia.org,2026-07,13,रेड_क्रॉस,704
anp.wikipedia.org,2026-07,14,विकिपीडिया:मदद,665
anp.wikipedia.org,2026-07,15,कालिदास,620
anp.wikipedia.org,2026-07,16,विकिपीडिया:सामुदायिक_पोर्टल,610
anp.wikipedia.org,2026-07,17,धरती,572
anp.wikipedia.org,2026-07,18,कोफ़ी_अन्नान,557
anp.wikipedia.org,2026-07,19,इंकलाब_जिंदाबाद,546
anp.wikipedia.org,2026-07,20,फाईल:Districts_of_Jharkhand_map.svg,504
anp.wikipedia.org,2026-07,21,मोतिहारी,483
anp.wikipedia.org,2026-07,22,एंडीज_पर्वतमाला,463
anp.wikipedia.org,2026-07,23,विकिपीडिया:चौपाल,443
anp.wikipedia.org,2026-07,24,बंगाल_केरऽ_खाड़ी,369
anp.wikipedia.org,2026-07,25,इस्पात,367
anp.wikipedia.org,2026-07,26,विकिपीडिया,364
anp.wikipedia.org,2026-07,27,गोड्डा_जिला,334
anp.wikipedia.org,2026-07,28,विकिपीडिया:रेतमहल,308
anp.wikipedia.org,2026-07,29,शतरंज,287
anp.wikipedia.org,2026-07,30,फाईल:Anup_Bajpai_Dumka.jpg,278
anp.wikipedia.org,2026-07,31,अखाड़ी_पूजा,270
anp.wikipedia.org,2026-07,32,पंजाब,265
anp.wikipedia.org,2026-07,33,अकबर,260
anp.wikipedia.org,2026-07,34,हॉकी,256
anp.wikipedia.org,2026-07,34,प्रेमचंद,256
anp.wikipedia.org,2026-07,36,असम,251
anp.wikipedia.org,2026-07,37,वर्णमाला,250
anp.wikipedia.org,2026-07,38,कंठ-रोग,241
anp.wikipedia.org,2026-07,38,भारत,241
anp.wikipedia.org,2026-07,40,सिन्धु_घाटी_सभ्यता,228
anp.wikipedia.org,2026-07,41,साँचा:Infobox_scientist,227
anp.wikipedia.org,2026-07,42,लड़की,220
anp.wikipedia.org,2026-07,43,भागलपुर_जिला,212
anp.wikipedia.org,2026-07,44,विकिमीडिया_फाउंडेशन,197
anp.wikipedia.org,2026-07,45,लड़का,196
anp.wikipedia.org,2026-07,46,पर्यावरण_कानून,192
anp.wikipedia.org,2026-07,47,मार्टिन_लूथर,187
anp.wikipedia.org,2026-07,48,परमाणु,186
anp.wikipedia.org,2026-07,49,झारखंड_के_जिला_सूचि,179
anp.wikipedia.org,2026-07,50,जिला_मुख्यालय,176
as.wikipedia.org,2026-07,1,বেটুপাত,26759
as.wikipedia.org,2026-07,2,বিশেষ:শেহতীয়া_সালসলনি,9636
as.wikipedia.org,2026-07,3,জুবিন_গাৰ্গ,7514
as.wikipedia.org,2026-07,4,বিশেষ:সন্ধান,4524
as.wikipedia.org,2026-07,5,লক্ষ্মীনাথ_বেজবৰুৱা,3974
as.wikipedia.org,2026-07,6,শংকৰদেৱ,3653
as.wikipedia.org,2026-07,7,ভূপেন_হাজৰিকা,3359
as.wikipedia.org,2026-07,8,অসমৰ_ৰাষ্ট্ৰীয়_উদ্যান_আৰু_অভয়াৰণ্যসমূহৰ_তালিকা,2237
as.wikipedia.org,2026-07,9,জ্যোতিপ্ৰসাদ_আগৰৱালা,2194
as.wikipedia.org,2026-07,10,ককাদেউতা_নাতি_আৰু_হাতী,1989
as.wikipedia.org,2026-07,11,ৱিকিপিডিয়া:ইতিবৃত্ত,1970
as.wikipedia.org,2026-07,12,ৱিকিপিডিয়া:সাধাৰণ_দায়লুপ্তি,1814
as.wikipedia.org,2026-07,13,অসম,1737
as.wikipedia.org,2026-07,14,মাধৱদেৱ,1608
as.wikipedia.org,2026-07,15,বিষ্ণুপ্ৰসাদ_ৰাভা,1607
as.wikipedia.org,2026-07,16,ক_(ইণ্ডিক),1590
as.wikipedia.org,2026-07,17,কাজিৰঙা_ৰাষ্ট্ৰীয়_উদ্যান,1577
as.wikipedia.org,2026-07,18,শ্ৰীনিবাস_ৰামানুজন,1570
as.wikipedia.org,2026-07,19,কামাখ্যা_মন্দিৰ,1483
as.wikipedia.org,2026-07,20,বানপানী,1422
as.wikipedia.org,2026-07,21,নৱকান্ত_বৰুৱা,1400
as.wikipedia.org,2026-07,22,বিহু,1361
as.wikipedia.org,2026-07,23,ৱিকিচ'ৰা:পঞ্জী,1345
as.wikipedia.org,2026-07,24,ফকৰা_যোজনা,1289
as.wikipedia.org,2026-07,25,অসমৰ_জিলাসমূহ,1246
as.wikipedia.org,2026-07,26,কাৰবালাৰ_যুদ্ধ,1245
as.wikipedia.org,2026-07,27,সোনম_ৱাংচুক,1197
as.wikipedia.org,2026-07,28,ৱিকিপিডিয়া:ৰাইজৰ_চ'ৰা,1101
as.wikipedia.org,2026-07,29,ককাদেউতা_নাতি_আৰু_হাতী_২,1017
as.wikipedia.org,2026-07,30,ভবেন্দ্ৰ_নাথ_শইকীয়া,1006
as.wikipedia.org,2026-07,31,আহোম_ৰাজ্য,1004
as.wikipedia.org,2026-07,32,ৱিকিপিডিয়া:ৱিকিপত্ৰিকা,1000
as.wikipedia.org,2026-07,33,ভাৰতৰ_সংবিধান,983
as.wikipedia.org,2026-07,34,মিচিং_জনগোষ্ঠী,976
as.wikipedia.org,2026-07,35,মাজুলী,965
as.wikipedia.org,2026-07,36,মোৰো_এটা_সপোন_আছে,958
as.wikipedia.org,2026-07,37,অসমৰ_সাহিত্যিকসকলৰ_তালিকা,922
as.wikipedia.org,2026-07,37,মামণি_ৰয়ছম_গোস্বামী,922
as.wikipedia.org,2026-07,39,ৰুবুল_মাউত,903
as.wikipedia.org,2026-07,40,অসমীয়া_লোক-সংস্কৃতি,901
as.wikipedia.org,2026-07,41,লাচিত_বৰফুকন,892
as.wikipedia.org,2026-07,42,ৰংঘৰ,890
as.wikipedia.org,2026-07,43,বকুল_ফুলৰ_দৰে_(গ্ৰন্থ),884
as.wikipedia.org,2026-07,44,অসমৰ_বনৌষধি,856
as.wikipedia.org,2026-07,45,অসম_সাহিত্য_সভাৰ_সভাপতিসকলৰ_তালিকা,854
as.wikipedia.org,2026-07,46,এ_পি_জে_আব্দুল_কালাম,835
as.wikipedia.org,2026-07,47,অসম_সাহিত্য_সভা,834
as.wikipedia.org,2026-07,48,চন্দ্ৰকুমাৰ_আগৰৱালা,833
as.wikipedia.org,2026-07,49,হীৰেন_ভট্টাচাৰ্য,831
as.wikipedia.org,2026-07,50,অসমত_দেখা_পোৱা_সাপবোৰ,827
as.wikisource.org,2026-07,1,বিশেষ:শেহতীয়া_সালসলনি,105488
as.wikisource.org,2026-07,2,বেটুপাত,4172
as.wikisource.org,2026-07,3,বিশেষ:সন্ধান,3438
as.wikisource.org,2026-07,4,শ্ৰীমদ্ভগৱত্‌‌‌‌গীতা_বা_কৃষ্ণগীতা,2495
as.wikisource.org,2026-07,5,হনুমান_চালীসা,1865
as.wikisource.org,2026-07,6,মুক্তিত_নিস্পৃহ_যিটো,1117
as.wikisource.org,2026-07,7,পৃষ্ঠা:জীৱনৰ_জোৱাৰ-ভাটাৰ_মাজেদি.pdf/১৩০,1022
as.wikisource.org,2026-07,8,শিপিনী_কীৰ্ত্তন,885
as.wikisource.org,2026-07,9,বুঢ়ী_আইৰ_সাধু,822
as.wikisource.org,2026-07,10,দিহা_নামৰ_সম্ভাৰ,806
as.wikisource.org,2026-07,11,মইনাহঁতলৈ_মজা_মজা_সাধুকথা,685
as.wikisource.org,2026-07,12,বৈষ্ণৱী-কীৰ্ত্তন_বা_নাম-কীৰ্ত্তন,677
as.wikisource.org,2026-07,13,নামঘোষা,655
as.wikisource.org,2026-07,14,চিত্ৰ:A_Dictionary_Of_Phrases_From_Assamese_To_Assamese_And_English.djvu,649
as.wikisource.org,2026-07,15,পৃষ্ঠা:Vocabulary_and_Phrases_in_English_and_Asamese.pdf/২৪৭,643
as.wikisource.org,2026-07,16,অসমিয়া_আৰু_ইংৰাজি_অভিধান/ব্যঞ্জণবৰ্ণ,631
as.wikisource.org,2026-07,17,ৱিকিউৎস:কেন্দ্ৰীয়_আলোচনা,541
as.wikisource.org,2026-07,18,বন্দনা,538
as.wikisource.org,2026-07,19,জোনবাইৰ_দেশৰ_সাধু,514
as.wikisource.org,2026-07,20,পৃষ্ঠা:Vocabulary_and_Phrases_in_English_and_Asamese.pdf/১৬,507
as.wikisource.org,2026-07,21,পৃষ্ঠা:Vocabulary_and_Phrases_in_English_and_Asamese.pdf/১৬৭,499
as.wikisource.org,2026-07,22,ৰূপালীম্‌/ষষ্ঠ_অঙ্ক,423
as.wikisource.org,2026-07,23,আশীৰ্ব্বাদ,371
as.wikisource.org,2026-07,24,অসমীয়া_সাহিত্য-সম্পদ,366
as.wikisource.org,2026-07,25,অসমীয়া_খণ্ডবাক্য-কোষ/ক-ন,360
as.wikisource.org,2026-07,26,লুইতী,357
as.wikisource.org,2026-07,27,শব্দৰ_এলজোলামবোৰ_নৈঋতলৈ_বুলি,347
as.wikisource.org,2026-07,27,পৃষ্ঠা:ব্ৰহ্মবৈবৰ্ত্ত_পুৰাণ.djvu/১৩,347
as.wikisource.org,2026-07,29,পৃষ্ঠা:Vocabulary_and_Phrases_in_English_and_Asamese.pdf/২০২,338
as.wikisource.org,2026-07,30,বেদনাৰ_মিঠা_মাদকতা,337
as.wikisource.org,2026-07,31,ফকৰা_যোজনা,333
as.wikisource.org,2026-07,32,ৱিকিউৎস:ৱিকিপত্ৰিকা,313
as.wikisource.org,2026-07,33,গুণমালা,310
as.wikisource.org,2026-07,34,গল্পাঞ্জলি/ঘুনুচা,290
as.wikisource.org,2026-07,35,সাঁচ:Header,274
as.wikisource.org,2026-07,36,সূচী:হেমকোষ.pdf,264
as.wikisource.org,2026-07,37,সৰাপাত,258
as.wikisource.org,2026-07,38,সূচী:Kirtan_Ghosha.pdf,256
as.wikisource.org,2026-07,39,ৱিকিউৎস:সাধাৰণ_দায়লুপ্তি,251
as.wikisource.org,2026-07,40,ৱিকিউৎস:সমজুৱা_পৃষ্ঠা,249
as.wikisource.org,2026-07,41,তত্ত্ব-কথা/কীৰ্ত্তন_আৰু_ঘোষা-তত্ত্ব,246
as.wikisource.org,2026-07,42,মহাপুৰুষ_শ্ৰীশ্ৰীশঙ্কৰদেৱ-মাধৱদেৱ_চৰিত,238
as.wikisource.org,2026-07,43,নামতী-আই,229
as.wikisource.org,2026-07,44,সদস্য:Boranitul/উদ্ধৱ_চলহু_গোকুল_লাই,226
as.wikisource.org,2026-07,45,পৃষ্ঠা:Ratneswar_Bora_Poem.pdf/৫৮,225
as.wikisource.org,2026-07,46,অসমিয়া_আৰু_ইংৰাজি_অভিধান/স্বৰবৰ্ণ,224
as.wikisource.org,2026-07,47,অসমৰ_বুৰঞ্জী/তৃতীয়_খণ্ড,223
as.wikisource.org,2026-07,48,এমুঠি_বনকৰা_কিংখাপ_কবিতা,221
as.wikisource.org,2026-07,49,সূচী:সেউজী_পাতৰ_কাহিনী.pdf,215
as.wikisource.org,2026-07,50,"অসমীয়া_সাহিত্যৰ_চানেকি_(দ্বিতীয়_খণ্ড,_তৃতীয়_ভাগ)",214
as.wikiquote.org,2026-07,1,বেটুপাত,2605
as.wikiquote.org,2026-07,2,ফকৰা_যোজনা,1815
as.wikiquote.org,2026-07,3,দেও_লাংখুই_(গ্ৰন্থ),1369
as.wikiquote.org,2026-07,4,চন্দ্ৰ_কুমাৰ_আগৰৱালা,1294
as.wikiquote.org,2026-07,5,জতুৱা_ঠাঁচ,1053
as.wikiquote.org,2026-07,6,চিত্ৰ:কপৌ_চৰাই.jpg,895
as.wikiquote.org,2026-07,7,সাঁথৰ,756
as.wikiquote.org,2026-07,8,জ্যোতিপ্ৰসাদ_আগৰৱালা,731
as.wikiquote.org,2026-07,9,ৱিকিউদ্ধৃতি:ৰাইজৰ_চ'ৰা,677
as.wikiquote.org,2026-07,10,হোমেন_বৰগোহাঞি,528
as.wikiquote.org,2026-07,11,অসম,482
as.wikiquote.org,2026-07,12,মামণি_ৰয়ছম_গোস্বামী,461
as.wikiquote.org,2026-07,13,ভূপেন_হাজৰিকা,431
as.wikiquote.org,2026-07,14,ৱিকিউদ্ধৃতি:ৰাইজৰ_চ'ৰা_(প্ৰস্তাৱসমূহ),411
as.wikiquote.org,2026-07,15,এলবাৰ্ট_আইনষ্টাইন,406
as.wikiquote.org,2026-07,16,অম্বিকাগিৰি_ৰায়চৌধুৰী,367
as.wikiquote.org,2026-07,17,Module:Citation/CS1,348
as.wikiquote.org,2026-07,18,আৰম্ভণি_বাক্য,340
as.wikiquote.org,2026-07,19,শ্লোগান,320
as.wikiquote.org,2026-07,19,জুবিন_গাৰ্গ,320
as.wikiquote.org,2026-07,21,হীৰেন_ভট্টাচাৰ্য,317
as.wikiquote.org,2026-07,22,ডাকৰ_বচন,315
as.wikiquote.org,2026-07,23,ৱিকিউদ্ধৃতি:চন্দন_চিৰিং_ফুকন_সোঁৱৰণী_ৱিকিউদ্ধৃতি_সম্পাদনা_মেলা/অৱদানসমূহ,307
as.wikiquote.org,2026-07,24,শান্তি,304
as.wikiquote.org,2026-07,25,কথা-গীতা,296
as.wikiquote.org,2026-07,26,ৱিকিউদ্ধৃতি:ৱিকিপত্ৰিকা,286
as.wikiquote.org,2026-07,27,বিয়ানাম,285
as.wikiquote.org,2026-07,27,ৰূপান্তৰৰ_ৰেহৰূপ,285
as.wikiquote.org,2026-07,29,ৰবীন্দ্ৰনাথ_ঠাকুৰ,279
as.wikiquote.org,2026-07,30,বিষ্ণু_প্ৰসাদ_ৰাভা,277
as.wikiquote.org,2026-07,31,বিশেষ:সন্ধান,265
as.wikiquote.org,2026-07,32,গৌতম_বুদ্ধ,260
as.wikiquote.org,2026-07,33,মহাত্মা_গান্ধী,255
as.wikiquote.org,2026-07,34,বিশেষ:শেহতীয়া_সালসলনি,235
as.wikiquote.org,2026-07,35,লক্ষ্মীনাথ_বেজবৰুৱা,226
as.wikiquote.org,2026-07,36,চাণক্য,225
as.wikiquote.org,2026-07,37,ৱিকিউদ্ধৃতি:সমজুৱা_পৃষ্ঠা,208
as.wikiquote.org,2026-07,38,মাদাৰ_টেৰেছা,206
as.wikiquote.org,2026-07,39,ৰীতা_চৌধুৰী,205
as.wikiquote.org,2026-07,40,নীতি_শ্লোক,199
as.wikiquote.org,2026-07,41,নাৰী,194
as.wikiquote.org,2026-07,42,অসমীয়া_ভাষা,191
as.wikiquote.org,2026-07,43,সত্যনাথ_বৰা,189
as.wikiquote.org,2026-07,44,ভবেন্দ্ৰ_নাথ_শইকীয়া,177
as.wikiquote.org,2026-07,45,আৰ্থাৰ_চি._ক্লাৰ্ক,175
as.wikiquote.org,2026-07,46,কনফুচিয়াছ,174
as.wikiquote.org,2026-07,47,কনকসেন_ডেকা,171
as.wikiquote.org,2026-07,48,অনুৰাধা_শৰ্মা_পূজাৰী,166
as.wikiquote.org,2026-07,49,অটল_বিহাৰী_বাজপায়ী,165
as.wikiquote.org,2026-07,50,গ্যেটে,161
awa.wikipedia.org,2026-07,1,हनुमान_चालीसा,160148
awa.wikipedia.org,2026-07,2,प्रधान_पन्ना,18768
awa.wikipedia.org,2026-07,3,फाइल:Hanuman_Chalisa_4x3.jpg,3297
awa.wikipedia.org,2026-07,4,उत्तर_प्रदेश_के_विधानसभा_क्षेत्रन_कय_लिस्ट,2933
awa.wikipedia.org,2026-07,5,शिव_ताण्डव_स्तोत्र,2306
awa.wikipedia.org,2026-07,6,खास:खोज,2229
awa.wikipedia.org,2026-07,7,Special:RecentChanges,1751
awa.wikipedia.org,2026-07,7,मिया_खलीफा,1751
awa.wikipedia.org,2026-07,9,क्लियोपेट्रा,1480
awa.wikipedia.org,2026-07,10,जुलाई,1156
awa.wikipedia.org,2026-07,11,मध्य_प्रदेश_के_जिलन_के_सूची,1034
awa.wikipedia.org,2026-07,12,धर्मेंद्र_प्रधान,974
awa.wikipedia.org,2026-07,13,खास:RecentChanges,966
awa.wikipedia.org,2026-07,14,कंगना_रनौत,826
awa.wikipedia.org,2026-07,15,गोरखा_युद्ध,726
awa.wikipedia.org,2026-07,16,हरियाणा,632
awa.wikipedia.org,2026-07,17,तुलसीदास,631
awa.wikipedia.org,2026-07,18,कश्यप,611
awa.wikipedia.org,2026-07,19,विकिपीडिया:समाज_प्रधानपन्ना,541
awa.wikipedia.org,2026-07,20,आदिवासी,524
awa.wikipedia.org,2026-07,20,अरबाज_खान,524
awa.wikipedia.org,2026-07,22,सतलुज_(फिल्म),506
awa.wikipedia.org,2026-07,23,गोदावरी_नदी,470
awa.wikipedia.org,2026-07,24,दोंबरा,441
awa.wikipedia.org,2026-07,25,भारत,437
awa.wikipedia.org,2026-07,25,श्रीरामचरितमानस,437
awa.wikipedia.org,2026-07,27,चन्द्रगुप्त_मौर्य,421
awa.wikipedia.org,2026-07,28,सिक्किम_कय_जिले,418
awa.wikipedia.org,2026-07,29,तीजनबाई,407
awa.wikipedia.org,2026-07,30,सुषमा_स्वराज,402
awa.wikipedia.org,2026-07,31,404_त्रुटि,398
awa.wikipedia.org,2026-07,32,रीथ_इब्राहीम,392
awa.wikipedia.org,2026-07,33,मोहार:हाल_कय_घटना,381
awa.wikipedia.org,2026-07,34,खाँचा:Cite_book,370
awa.wikipedia.org,2026-07,35,मध्य_प्रदेश_कय_जिले,363
awa.wikipedia.org,2026-07,36,मिस्र,358
awa.wikipedia.org,2026-07,37,हिन्दू_धर्म,356
awa.wikipedia.org,2026-07,38,भारत_कय_राज्य,355
awa.wikipedia.org,2026-07,38,अर्जेन्टिना,355
awa.wikipedia.org,2026-07,40,मध्य_प्रदेश_उच्च_न्यायालय,353
awa.wikipedia.org,2026-07,41,महाराष्ट्र_विधानसभा,349
awa.wikipedia.org,2026-07,42,देवीपाटन_मंडल,342
awa.wikipedia.org,2026-07,43,चाणक्य,328
awa.wikipedia.org,2026-07,44,महाकवि_घाघ,326
awa.wikipedia.org,2026-07,45,कबड्डी,323
awa.wikipedia.org,2026-07,46,विकिपीडिया:सदस्यनाम_नाति,314
awa.wikipedia.org,2026-07,47,अगस्त,295
awa.wikipedia.org,2026-07,48,रानी_कमलापति_रेलवे_स्टेशन,291
awa.wikipedia.org,2026-07,49,अभिजीत_दिपके,286
awa.wikipedia.org,2026-07,50,विकिपीडिया,274
bh.wikipedia.org,2026-07,1,विशेष:RecentChanges,129402
bh.wikipedia.org,2026-07,2,सट्टा,70976
bh.wikipedia.org,2026-07,3,मुख्य_पन्ना,22313
bh.wikipedia.org,2026-07,4,बिहार_के_जिला_सभ_के_लिस्ट,9376
bh.wikipedia.org,2026-07,5,सेक्स_पोजीशन,5099
bh.wikipedia.org,2026-07,6,मिया_खलीफा,4250
bh.wikipedia.org,2026-07,7,Special:RecentChanges,3165
bh.wikipedia.org,2026-07,8,मोटू_पतलू,3026
bh.wikipedia.org,2026-07,9,विशेष:Search,2970
bh.wikipedia.org,2026-07,10,संभोग,2848
bh.wikipedia.org,2026-07,11,बिहार_के_प्रमंडल_सभ_के_लिस्ट,2818
bh.wikipedia.org,2026-07,12,श्रेणी:सेक्स,2795
bh.wikipedia.org,2026-07,13,एक्सएनएक्सएक्स,2575
bh.wikipedia.org,2026-07,14,बारहखड़ी,2347
bh.wikipedia.org,2026-07,15,टेम्पलेट:Infobox_company,2287
bh.wikipedia.org,2026-07,16,ट्रिपल_सी,2186
bh.wikipedia.org,2026-07,17,स्पून्स_सेक्स_पोजीशन,2173
bh.wikipedia.org,2026-07,18,अमेजन_जंगल,2038
bh.wikipedia.org,2026-07,19,उत्तर_प्रदेश_के_मंडल_सभ_के_लिस्ट,1933
bh.wikipedia.org,2026-07,20,एक्स,1806
bh.wikipedia.org,2026-07,21,नरेंद्र_मोदी,1792
bh.wikipedia.org,2026-07,22,विकिपीडिया:के_बारे_में,1718
bh.wikipedia.org,2026-07,23,मुख_मैथुन,1635
bh.wikipedia.org,2026-07,24,मिशनरी_पोजीशन,1615
bh.wikipedia.org,2026-07,25,गोदावरी_नदी,1587
bh.wikipedia.org,2026-07,26,होर्मुज_जलडमरू,1413
bh.wikipedia.org,2026-07,27,बाबा_धाम,1404
bh.wikipedia.org,2026-07,28,देहात,1372
bh.wikipedia.org,2026-07,29,भीमराव_अंबेडकर,1262
bh.wikipedia.org,2026-07,30,डॉगी_स्टाइल,1111
bh.wikipedia.org,2026-07,31,"जंतर_मंतर,_दिल्ली",1098
bh.wikipedia.org,2026-07,32,विकिपीडिया:सामान्य_नामंजूरी,1072
bh.wikipedia.org,2026-07,33,बनारस,1070
bh.wikipedia.org,2026-07,34,भारत,1035
bh.wikipedia.org,2026-07,35,चंद्रशेखर_आज़ाद_रावण,1030
bh.wikipedia.org,2026-07,36,मटका_(जुआ),997
bh.wikipedia.org,2026-07,37,सपना_चौधरी,950
bh.wikipedia.org,2026-07,38,टेम्पलेट:बिहार_के_प्रमंडल_तथा_जिला,933
bh.wikipedia.org,2026-07,39,डैनी_डेनियल्स,883
bh.wikipedia.org,2026-07,40,विकिपीडिया:चौपाल,855
bh.wikipedia.org,2026-07,41,सोनम_वांगचुक,838
bh.wikipedia.org,2026-07,42,गूगल_क्रोम,832
bh.wikipedia.org,2026-07,43,गंगा_नदी,818
bh.wikipedia.org,2026-07,44,विकिपीडिया:संपर्क,816
bh.wikipedia.org,2026-07,45,महाकाल,792
bh.wikipedia.org,2026-07,46,मदद:बिसयसूची,770
bh.wikipedia.org,2026-07,47,विकिपीडिया:बिसयसूची,752
bh.wikipedia.org,2026-07,48,विकिपीडिया:बारे_में,743
bh.wikipedia.org,2026-07,49,राहुल_सांकृत्यायन,721
bh.wikipedia.org,2026-07,50,गेहुँअन,711
bn.wikipedia.org,2026-07,1,প্রধান_পাতা,143700
bn.wikipedia.org,2026-07,2,শ্যামাপ্রসাদ_মুখোপাধ্যায়,104068
bn.wikipedia.org,2026-07,3,বিশেষ:অনুসন্ধান,49981
bn.wikipedia.org,2026-07,4,২০২৬_ফিফা_বিশ্বকাপ,34619
bn.wikipedia.org,2026-07,5,লামিন_ইয়ামাল,31107
bn.wikipedia.org,2026-07,6,আরলিং_হোলান,30425
bn.wikipedia.org,2026-07,7,বিধানচন্দ্র_রায়,20518
bn.wikipedia.org,2026-07,8,লিওনেল_মেসি,19945
bn.wikipedia.org,2026-07,9,বিশেষ:সাম্প্রতিক_পরিবর্তনসমূহ,18994
bn.wikipedia.org,2026-07,10,সোনম_ওয়াংচুক,18721
bn.wikipedia.org,2026-07,11,স্পেন,17241
bn.wikipedia.org,2026-07,12,গাজী_নজরুল_ইসলাম,16658
bn.wikipedia.org,2026-07,13,ফিফা_বিশ্বকাপ,16566
bn.wikipedia.org,2026-07,14,বাংলাদেশ,16395
bn.wikipedia.org,2026-07,15,২০২৬_ফিফা_বিশ্বকাপ_ফাইনাল,15954
bn.wikipedia.org,2026-07,16,ফিফা_বিশ্ব_র‌্যাঙ্কিং,15555
bn.wikipedia.org,2026-07,17,মিয়া_খলিফা,14214
bn.wikipedia.org,2026-07,18,চিত্র:HQ_SAM_E.jpg,13005
bn.wikipedia.org,2026-07,19,আর্জেন্টিনা,12898
bn.wikipedia.org,2026-07,20,রবীন্দ্রনাথ_ঠাকুর,12596
bn.wikipedia.org,2026-07,21,ইন্না_লিল্লাহি_ওয়া_ইন্না_ইলাইহি_রাজিউন,12076
bn.wikipedia.org,2026-07,22,কিলিয়ান_এমবাপে,11823
bn.wikipedia.org,2026-07,23,আর্জেন্টিনা_জাতীয়_ফুটবল_দল,10856
bn.wikipedia.org,2026-07,24,হাফিজ_উদ্দিন_আহমদ,10592
bn.wikipedia.org,2026-07,25,বাংলা_ভাষা,10027
bn.wikipedia.org,2026-07,26,আনন্দবাজার_পত্রিকা,9728
bn.wikipedia.org,2026-07,27,২০৩০_ফিফা_বিশ্বকাপ,9479
bn.wikipedia.org,2026-07,28,কাজী_নজরুল_ইসলাম,9454
bn.wikipedia.org,2026-07,29,নরওয়ে,9417
bn.wikipedia.org,2026-07,30,জান্নি_ইনফান্তিনো,8684
bn.wikipedia.org,2026-07,31,কাবু_ভের্দি,8400
bn.wikipedia.org,2026-07,32,যৌনসঙ্গম,8398
bn.wikipedia.org,2026-07,33,ফিফা_বিশ্বকাপের_শীর্ষ_গোলদাতাদের_তালিকা,8318
bn.wikipedia.org,2026-07,34,ক্রিস্তিয়ানো_রোনালদো,8174
bn.wikipedia.org,2026-07,35,স্বামী_বিবেকানন্দ,8163
bn.wikipedia.org,2026-07,36,এক্স_এক্স_এক্স_এক্স_(অ্যালবাম),7999
bn.wikipedia.org,2026-07,37,নেইমার,7790
bn.wikipedia.org,2026-07,38,"বেলুচিস্তান,_পাকিস্তান",7681
bn.wikipedia.org,2026-07,39,আসসালামু_আলাইকুম,7662
bn.wikipedia.org,2026-07,40,মিশর,7650
bn.wikipedia.org,2026-07,41,আ_ন_ম_এহসানুল_হক_মিলন,7542
bn.wikipedia.org,2026-07,42,সানি_লিওন,7447
bn.wikipedia.org,2026-07,43,পুরুষে_পুরুষে_যৌনতা,7271
bn.wikipedia.org,2026-07,44,জনি_সিন্স,7234
bn.wikipedia.org,2026-07,45,বন্দে_মাতরম্‌,7132
bn.wikipedia.org,2026-07,46,ফিফা_বিশ্বকাপ_ফাইনালের_তালিকা,7102
bn.wikipedia.org,2026-07,47,পশ্চিমবঙ্গ,7067
bn.wikipedia.org,2026-07,48,ফিফা_সভাপতি,6993
bn.wikipedia.org,2026-07,49,মোহাম্মদ_সাহাবুদ্দিন,6789
bn.wikipedia.org,2026-07,50,রথযাত্রা,6660
bn.wiktionary.org,2026-07,1,প্রধান_পাতা,8838
bn.wiktionary.org,2026-07,2,বিশেষ:অনুসন্ধান,3493
bn.wiktionary.org,2026-07,3,পরিশিষ্ট:বাংলা_যুক্তবর্ণের_তালিকা,3405
bn.wiktionary.org,2026-07,4,চোদা,2424
bn.wiktionary.org,2026-07,5,চুদা,1556
bn.wiktionary.org,2026-07,6,এক্স,1355
bn.wiktionary.org,2026-07,7,চোদাচোদি,1276
bn.wiktionary.org,2026-07,8,"পথ_ভাবে_আমি_দেব,_রথ_ভাবে_আমি;_মূর্তি_ভাবে_আমি_দেব,_হাসে_অন্তর্যামী-_রবীন্দ্রনাথ",1138
bn.wiktionary.org,2026-07,9,পরিশিষ্ট:বাংলা_বাগধারার_তালিকা,1019
bn.wiktionary.org,2026-07,10,বিশেষ:সাম্প্রতিক_পরিবর্তনসমূহ,1006
bn.wiktionary.org,2026-07,11,বিজারণ,996
bn.wiktionary.org,2026-07,12,নাস্তা,984
bn.wiktionary.org,2026-07,13,Τίμων,910
bn.wiktionary.org,2026-07,14,চুদি,885
bn.wiktionary.org,2026-07,15,পানু,866
bn.wiktionary.org,2026-07,16,সেক্স,840
bn.wiktionary.org,2026-07,17,প্রতিপত্তি,792
bn.wiktionary.org,2026-07,18,প্রজ্ঞা,674
bn.wiktionary.org,2026-07,19,উইকিঅভিধান:আলোচনাসভা,673
bn.wiktionary.org,2026-07,20,সত্যদর্শী,644
bn.wiktionary.org,2026-07,21,উইকিঅভিধান:উইকিঅভিধান_ভুক্তি_প্রতিযোগিতা_২০২৬,609
bn.wiktionary.org,2026-07,22,বগা,607
bn.wiktionary.org,2026-07,23,পুটকি,593
bn.wiktionary.org,2026-07,24,বনৰী,564
bn.wiktionary.org,2026-07,25,ব্যবহারকারী_আলাপ:ফেসবুক_সুপারস্টার_মনোনেশ_দাস,542
bn.wiktionary.org,2026-07,26,চ,525
bn.wiktionary.org,2026-07,27,ভোদা,524
bn.wiktionary.org,2026-07,28,গুদ,495
bn.wiktionary.org,2026-07,29,মলম,492
bn.wiktionary.org,2026-07,30,উইকিঅভিধান:উইকিঅভিধান_ভুক্তি_প্রতিযোগিতা_২০২৪/অংশগ্রহণকারী,456
bn.wiktionary.org,2026-07,31,পরিশিষ্ট:বাংলা_প্রবাদ-প্রবচনের_তালিকা,451
bn.wiktionary.org,2026-07,32,নিপাতনে_সিদ্ধ,434
bn.wiktionary.org,2026-07,33,ছোটছোট_চোখে_বড়বড়_স্বপ্ন_দেখা,371
bn.wiktionary.org,2026-07,34,লাগালাগি,340
bn.wiktionary.org,2026-07,35,অজগৰ_সাপ,334
bn.wiktionary.org,2026-07,36,ঘোরাঘুরি,332
bn.wiktionary.org,2026-07,37,Montevideo,295
bn.wiktionary.org,2026-07,38,উইকিঅভিধান:থিসরাস,290
bn.wiktionary.org,2026-07,39,আসসালামু_আলাইকুম,288
bn.wiktionary.org,2026-07,40,উইকিঅভিধান:সম্প্রদায়ের_প্রবেশদ্বার,285
bn.wiktionary.org,2026-07,40,চাঁদা,285
bn.wiktionary.org,2026-07,42,ব্যবহারকারী:Aishik_Rehman/common.js,282
bn.wiktionary.org,2026-07,42,প্রিয়তমা,282
bn.wiktionary.org,2026-07,44,রাহু,279
bn.wiktionary.org,2026-07,45,ব্যবহারকারী_আলাপ:Tahmid,277
bn.wiktionary.org,2026-07,45,দুই,277
bn.wiktionary.org,2026-07,47,টুসটুসে,270
bn.wiktionary.org,2026-07,48,মডিউল:আভিধানিক_উপাত্ত,253
bn.wiktionary.org,2026-07,49,ফলা,251
bn.wiktionary.org,2026-07,50,"চোরের_দশদিন,_গৃহস্থের_একদিন",245
bn.wikisource.org,2026-07,1,বিশেষ:সাম্প্রতিক_পরিবর্তনসমূহ,81207
bn.wikisource.org,2026-07,2,বিশেষ:অনুসন্ধান,13295
bn.wikisource.org,2026-07,3,উইকিসংকলন:প্রধান_পাতা,11063
bn.wikisource.org,2026-07,4,জীবনানন্দ_দাশের_শ্রেষ্ঠ_কবিতা/বনলতা_সেন,10674
bn.wikisource.org,2026-07,5,জীবনানন্দ_দাশের_শ্রেষ্ঠ_কবিতা,6855
bn.wikisource.org,2026-07,6,বিষয়শ্রেণী:মুদ্রণ_সংশোধন_করা_হয়েছে,5783
bn.wikisource.org,2026-07,7,জীবনানন্দ_দাশের_শ্রেষ্ঠ_কবিতা/আট_বছর_আগের_একদিন,3516
bn.wikisource.org,2026-07,8,ছাড়পত্র/আঠারো_বছর_বয়স,2649
bn.wikisource.org,2026-07,9,উইকিসংকলন:লিপিশালা,2492
bn.wikisource.org,2026-07,10,জীবনানন্দ_দাশের_শ্রেষ্ঠ_কবিতা/কুড়ি_বছর_পরে,2228
bn.wikisource.org,2026-07,11,জীবনানন্দ_দাশের_শ্রেষ্ঠ_কবিতা/বোধ,1936
bn.wikisource.org,2026-07,12,সঞ্চয়িতা/পাগলা_হাওয়ার_বাদল-দিনে,1918
bn.wikisource.org,2026-07,13,জীবনানন্দ_দাশের_শ্রেষ্ঠ_কবিতা/সুচেতনা,1878
bn.wikisource.org,2026-07,14,"শেষের_কবিতা_(রবীন্দ্রনাথ_ঠাকুর,_১৯২৯)/শেষের_কবিতা",1822
bn.wikisource.org,2026-07,15,জীবনানন্দ_দাশের_শ্রেষ্ঠ_কবিতা/আকাশলীনা,1707
bn.wikisource.org,2026-07,16,সুকুমার_রায়_সমগ্র_রচনাবলী_(দ্বিতীয়_খণ্ড)/কবিতাগুচ্ছ/জীবনের_হিসাব,1514
bn.wikisource.org,2026-07,16,ছাড়পত্র/ছাড়পত্র,1514
bn.wikisource.org,2026-07,18,সুনির্মল_বসুর_শ্রেষ্ঠ_কবিতা/সবার_আমি_ছাত্র,1486
bn.wikisource.org,2026-07,19,লেখক:রবীন্দ্রনাথ_ঠাকুর,1428
bn.wikisource.org,2026-07,20,টেমপ্লেট:PR_TEXTS,1392
bn.wikisource.org,2026-07,21,কথা_(১৯৩৮)/অভিসার,1345
bn.wikisource.org,2026-07,22,জীবনানন্দ_দাশের_শ্রেষ্ঠ_কবিতা/শঙ্খমালা,1309
bn.wikisource.org,2026-07,23,বিষয়শ্রেণী:মুদ্রণ_সংশোধন_করা_হয়নি,1255
bn.wikisource.org,2026-07,24,লালন-গীতিকা,1240
bn.wikisource.org,2026-07,25,কথা_(১৯৩৮)/পূজারিণী,1163
bn.wikisource.org,2026-07,26,জীবনানন্দ_দাশের_শ্রেষ্ঠ_কবিতা/নির্জন_স্বাক্ষর,1161
bn.wikisource.org,2026-07,27,টেমপ্লেট:Xxxx-larger,1097
bn.wikisource.org,2026-07,28,টেমপ্লেট:PR_PERCENT,1085
bn.wikisource.org,2026-07,29,সঞ্চয়িতা/ভারততীর্থ,1084
bn.wikisource.org,2026-07,30,জীবনানন্দ_দাশের_শ্রেষ্ঠ_কবিতা/মৃত্যুর_আগে,1077
bn.wikisource.org,2026-07,31,শ্রীকান্ত_(প্রথম_পর্ব)/প্রথম_পরিচ্ছেদ,1067
bn.wikisource.org,2026-07,32,উইকিসংকলন:গুগল_ওসিআর_সমন্বয়/TarunnoBot,1023
bn.wikisource.org,2026-07,33,সোনার_তরী_(১৮৯৩)/যেতে_নাহি_দিব,972
bn.wikisource.org,2026-07,34,জীবনানন্দ_দাশের_শ্রেষ্ঠ_কবিতা/সুরঞ্জনা,970
bn.wikisource.org,2026-07,35,গল্পগুচ্ছ_(প্রথম_খণ্ড)/সুভা,935
bn.wikisource.org,2026-07,36,ছাড়পত্র/দেশলাই_কাঠি,931
bn.wikisource.org,2026-07,37,জীবনানন্দ_দাশের_শ্রেষ্ঠ_কবিতা/নীলিমা,857
bn.wikisource.org,2026-07,38,জীবনানন্দ_দাশের_শ্রেষ্ঠ_কবিতা/হায়_চিল,851
bn.wikisource.org,2026-07,39,সঞ্চয়িতা/সবুজের_অভিযান,848
bn.wikisource.org,2026-07,40,নির্ঘণ্ট:শ্যামাপ্রসাদের_কয়েকটি_রচনা.pdf,841
bn.wikisource.org,2026-07,41,ভানুসিংহ_ঠাকুরের_পদাবলী/৮,838
bn.wikisource.org,2026-07,42,সটীক_মেঘনাদবধ_কাব্য/প্রথম_সর্গ,810
bn.wikisource.org,2026-07,43,টুনটুনির_বই/টুনটুনি_আর_রাজার_কথা,807
bn.wikisource.org,2026-07,44,বাংলাদেশের_স্বাধীনতা_যুদ্ধ_দলিলপত্র_(প্রথম_খণ্ড)/৪৩,779
bn.wikisource.org,2026-07,45,ছাড়পত্র/রানার,739
bn.wikisource.org,2026-07,46,জীবনানন্দ_দাশের_শ্রেষ্ঠ_কবিতা/নগ্ন_নির্জন_হাত,736
bn.wikisource.org,2026-07,47,মৈমনসিংহ_গীতিকা/মহুয়া,733
bn.wikisource.org,2026-07,48,জীবনানন্দ_দাশের_শ্রেষ্ঠ_কবিতা/আমাকে_তুমি,727
bn.wikisource.org,2026-07,49,প্রধান_পাতা,696
bn.wikisource.org,2026-07,50,উইকিসংকলন:সাধারণ_দাবিত্যাগ,695
bn.wikiquote.org,2026-07,1,বিশেষ:সাম্প্রতিক_পরিবর্তনসমূহ,220884
bn.wikiquote.org,2026-07,2,প্রধান_পাতা,9474
bn.wikiquote.org,2026-07,3,বিশেষ:অনুসন্ধান,4554
bn.wikiquote.org,2026-07,4,স্বামী_বিবেকানন্দ,3924
bn.wikiquote.org,2026-07,5,প্রথম_প্রতিশ্রুতি_(উপন্যাস),3897
bn.wikiquote.org,2026-07,6,সৈয়দ_মুজতবা_আলী,3876
bn.wikiquote.org,2026-07,7,সংস্কৃতি,3846
bn.wikiquote.org,2026-07,8,কালিদাস_রায়,3684
bn.wikiquote.org,2026-07,9,শহিদ_(ইসলাম),3412
bn.wikiquote.org,2026-07,10,হাঁস,3307
bn.wikiquote.org,2026-07,11,মইনুদ্দিন_চিশতী,3244
bn.wikiquote.org,2026-07,12,বয়স,3124
bn.wikiquote.org,2026-07,13,যুক্তরাজ্যের_তৃতীয়_জর্জ,3098
bn.wikiquote.org,2026-07,14,মার্কাস_অরেলিয়াস,3086
bn.wikiquote.org,2026-07,15,রেজা_পাহলভি,3050
bn.wikiquote.org,2026-07,16,মুহম্মদ_শহীদুল্লাহ,3025
bn.wikiquote.org,2026-07,17,কমলকুমার_মজুমদার,2955
bn.wikiquote.org,2026-07,18,এরিস্টটল,2816
bn.wikiquote.org,2026-07,19,আব্রাহাম,2801
bn.wikiquote.org,2026-07,20,বিপিনচন্দ্র_পাল,2741
bn.wikiquote.org,2026-07,21,মির্জা_গালিব,2602
bn.wikiquote.org,2026-07,22,দেবদাস_(উপন্যাস),2506
bn.wikiquote.org,2026-07,23,বিনোদিনী_দাসী,2503
bn.wikiquote.org,2026-07,24,অপু_বিশ্বাস,2417
bn.wikiquote.org,2026-07,25,জয়_বাংলা,2411
bn.wikiquote.org,2026-07,26,শামসুর_রাহমান,2352
bn.wikiquote.org,2026-07,27,সৈয়দ_আহমদ_খান,2343
bn.wikiquote.org,2026-07,28,শরৎচন্দ্র_চট্টোপাধ্যায়,2317
bn.wikiquote.org,2026-07,29,ফররুখ_আহমদ,2293
bn.wikiquote.org,2026-07,30,অপারেশন_সার্চলাইট,2246
bn.wikiquote.org,2026-07,31,ওসমান_হাদি,2224
bn.wikiquote.org,2026-07,32,মুহাম্মদ_ইউনূস,2215
bn.wikiquote.org,2026-07,33,হাসন_রাজা,2210
bn.wikiquote.org,2026-07,34,নিকোলা_টেসলা,2109
bn.wikiquote.org,2026-07,35,পার্থ_প্রতিম_মজুমদার,2088
bn.wikiquote.org,2026-07,36,জাইমা_রহমান,2069
bn.wikiquote.org,2026-07,37,কায়কোবাদ,2052
bn.wikiquote.org,2026-07,38,ইচ্ছা,2051
bn.wikiquote.org,2026-07,39,বাঁশ,2002
bn.wikiquote.org,2026-07,40,২০২৪-এ_বাংলাদেশে_কোটা_সংস্কার_আন্দোলন,1955
bn.wikiquote.org,2026-07,41,ভারত_বিভাজন,1952
bn.wikiquote.org,2026-07,42,শ্যামাপ্রসাদ_মুখোপাধ্যায়,1902
bn.wikiquote.org,2026-07,43,পৌত্তলিকতাবাদ,1859
bn.wikiquote.org,2026-07,44,অভ্র_কিবোর্ড,1845
bn.wikiquote.org,2026-07,45,সোনা,1824
bn.wikiquote.org,2026-07,46,আয়ারল্যান্ড,1816
bn.wikiquote.org,2026-07,47,গায়রাহ,1809
bn.wikiquote.org,2026-07,48,আরিফ_আজাদ,1797
bn.wikiquote.org,2026-07,49,বাঙালি_মুসলিম,1776
bn.wikiquote.org,2026-07,50,উমর_ইবনুল_খাত্তাব,1775
bn.wikibooks.org,2026-07,1,বিশেষ:অনুসন্ধান,51233
bn.wikibooks.org,2026-07,2,প্রধান_পাতা,9559
bn.wikibooks.org,2026-07,3,বিশেষ:সাম্প্রতিক_পরিবর্তনসমূহ,5287
bn.wikibooks.org,2026-07,4,তড়িৎ_ও_চুম্বক/চুম্বকত্ব/চৌম্বকের_তড়িচ্চালক_শক্তি,2817
bn.wikibooks.org,2026-07,5,বাংলা_বারো_মাসের_নাম,1620
bn.wikibooks.org,2026-07,6,উইকিবই:উইকিবই_লিখন_প্রতিযোগিতা_২০২৪/অংশগ্রহণকারী,1083
bn.wikibooks.org,2026-07,7,বাংলা_লিপি_ও_অক্ষর,1072
bn.wikibooks.org,2026-07,8,উইকিবই:পড়ার_ঘর,1015
bn.wikibooks.org,2026-07,9,উইকিবই:উইকিবই_লিখন_প্রতিযোগিতা_২০২৫/বইয়ের_তালিকা,934
bn.wikibooks.org,2026-07,10,বাংলা_যুক্তাক্ষর,837
bn.wikibooks.org,2026-07,11,হাঁস-মুরগি_পালন/হাঁস-মুরগির_রোগ_ও_তার_প্রতিকার,802
bn.wikibooks.org,2026-07,12,উইকিবই:উইকিবই_লিখন_প্রতিযোগিতা_২০২৫/অংশগ্রহণকারী,776
bn.wikibooks.org,2026-07,13,উইকিশৈশব,738
bn.wikibooks.org,2026-07,14,চিত্র:Political_World_Map_(with_disputed_territories).png,737
bn.wikibooks.org,2026-07,15,হিন্দি_ভাষা_শিক্ষা/হিন্দি_বর্ণমালা,730
bn.wikibooks.org,2026-07,16,সংস্কৃত_ভাষা/বর্ণমালা_ও_উচ্চারণ,646
bn.wikibooks.org,2026-07,17,ব্যবহারকারী_আলাপ:ᱯᱨᱟᱫᱤᱯ_ᱦᱮᱢᱵᱨᱚᱢ,604
bn.wikibooks.org,2026-07,18,উইকিশৈশব:ভাষা/ডাগবানি,594
bn.wikibooks.org,2026-07,19,ব্যবহারকারী_আলাপ:MdsShakil,557
bn.wikibooks.org,2026-07,20,আরবি_ভাষা_শিক্ষা/বর্ণমালা_ও_উচ্চারণ,535
bn.wikibooks.org,2026-07,21,রন্ধনপ্রণালী:কাপ,474
bn.wikibooks.org,2026-07,22,ব্যবহারকারী:RDasgupta2020/খেলাঘর,468
bn.wikibooks.org,2026-07,23,উইকিশৈশব:বর্ণমালায়_ফুল/সকল_পাতা,447
bn.wikibooks.org,2026-07,24,"চিন্তন_ও_নির্দেশনা/সমস্যা_সমাধান,_সমালোচনামূলক_চিন্তন_ও_যুক্তি",443
bn.wikibooks.org,2026-07,25,চিত্র:Erect_human_penis_HQ_SAM_E.jpg,421
bn.wikibooks.org,2026-07,26,উইকিবই:উইকিবই_লিখন_প্রতিযোগিতা_২০২৪/বইয়ের_তালিকা,389
bn.wikibooks.org,2026-07,27,প্রবাদ/ইংরেজি_প্রবাদ,370
bn.wikibooks.org,2026-07,28,বাংলা_সাহিত্যের_ইতিহাস_(প্রাচীন_ও_মধ্যযুগ),366
bn.wikibooks.org,2026-07,29,রন্ধনপ্রণালী:সবজি_পরোটা,363
bn.wikibooks.org,2026-07,30,ইসলাম,355
bn.wikibooks.org,2026-07,31,"অর্থঋণ_আদালতে_মামলা,_বিকল্প_বিরোধ_নিষ্পত্তি_ও_বিচার_পদ্ধতি",337
bn.wikibooks.org,2026-07,32,উইকিবই:উইকিবই_লিখন_প্রতিযোগিতা_২০২৬/বইয়ের_তালিকা,330
bn.wikibooks.org,2026-07,33,আধুনিক_বাংলা_সাহিত্যের_ইতিহাস,318
bn.wikibooks.org,2026-07,34,হিন্দি_ভাষা_শিক্ষা/প্রাথমিক_হিন্দি,317
bn.wikibooks.org,2026-07,34,ছাগল_পালন/ছাগলের_জাত,317
bn.wikibooks.org,2026-07,36,মাগলস_গাইড_টু_হ্যারি_পটার/চরিত্র/হ্যারি_পটার,314
bn.wikibooks.org,2026-07,37,আধুনিক_বাংলা_সাহিত্যের_ইতিহাস/আধুনিক_যুগের_সূত্রপাত,307
bn.wikibooks.org,2026-07,38,উইকিবই:উইকিবই_লিখন_প্রতিযোগিতা_২০২৬/অংশগ্রহণকারী,305
bn.wikibooks.org,2026-07,39,প্রাণীর_অঙ্গসংস্থান_ও_শরীরবিদ্যা/প্রজনন_তন্ত্র,304
bn.wikibooks.org,2026-07,40,বাংলা_ভাষা,303
bn.wikibooks.org,2026-07,41,উইকিবই:সম্পাদনার_সংখ্যা_অনুযায়ী_উইকিবইয়ের_সম্পাদকগণ/১-১০০,299
bn.wikibooks.org,2026-07,42,উইকিবই:যোগাযোগ,295
bn.wikibooks.org,2026-07,42,বাংলা_উইকিপিডিয়া_সহায়িকা/উইকিপিডিয়ায়_একাউন্ট_ও_তৈরী_পদ্ধতি,295
bn.wikibooks.org,2026-07,44,প্রবাদ/বাংলা_প্রবাদ,291
bn.wikibooks.org,2026-07,45,বাংলা_ব্যাকরণ/ভাষা_ও_ব্যাকরণ/বাংলা_ভাষারীতি,290
bn.wikibooks.org,2026-07,46,আধুনিক_বাংলা_সাহিত্যের_ইতিহাস/রবীন্দ্রনাথ_ঠাকুরের_নাটক,286
bn.wikibooks.org,2026-07,46,বাংলা_সাহিত্যের_ইতিহাস,286
bn.wikibooks.org,2026-07,48,মঙ্গলকাব্য/মঙ্গলকাব্য-পরিচয়/নাথসাহিত্য_ও_মঙ্গলকাব্য,281
bn.wikibooks.org,2026-07,49,উইকিশৈশব:বর্ণমালায়_প্রাণীজগৎ,274
bn.wikibooks.org,2026-07,50,চর্যাপদ/ভাষা,269
bn.wikivoyage.org,2026-07,1,বিশেষ:অনুসন্ধান,18853
bn.wikivoyage.org,2026-07,2,প্রধান_পাতা,7432
bn.wikivoyage.org,2026-07,3,ঢাকা,1254
bn.wikivoyage.org,2026-07,3,সুন্দরবন,1254
bn.wikivoyage.org,2026-07,5,তানজানিয়া,1056
bn.wikivoyage.org,2026-07,6,ভারত,983
bn.wikivoyage.org,2026-07,7,ক্বীন_ব্রীজ,973
bn.wikivoyage.org,2026-07,8,বাংলাদেশ,938
bn.wikivoyage.org,2026-07,9,চট্টগ্রাম,901
bn.wikivoyage.org,2026-07,10,কেনিয়া,882
bn.wikivoyage.org,2026-07,11,দীঘা,849
bn.wikivoyage.org,2026-07,12,দার্জিলিং,785
bn.wikivoyage.org,2026-07,13,কুমিল্লা,783
bn.wikivoyage.org,2026-07,14,নিঝুম_দ্বীপ,752
bn.wikivoyage.org,2026-07,15,উগান্ডা,723
bn.wikivoyage.org,2026-07,16,আর্জেন্টিনা,669
bn.wikivoyage.org,2026-07,17,সাহারা_মরুভূমি,666
bn.wikivoyage.org,2026-07,18,সিলেট,648
bn.wikivoyage.org,2026-07,19,মরক্কো,624
bn.wikivoyage.org,2026-07,20,কলকাতা,621
bn.wikivoyage.org,2026-07,21,সুন্দরবন_জাতীয়_উদ্যান,614
bn.wikivoyage.org,2026-07,22,রোম,609
bn.wikivoyage.org,2026-07,23,অ্যাসেনশন,604
bn.wikivoyage.org,2026-07,23,বাক্যাংশ_বই,604
bn.wikivoyage.org,2026-07,25,লোহাগাড়া,583
bn.wikivoyage.org,2026-07,25,ভিয়েতনাম,583
bn.wikivoyage.org,2026-07,27,গন্তব্য,582
bn.wikivoyage.org,2026-07,27,বিনতুলু,582
bn.wikivoyage.org,2026-07,29,নেপালে_ট্রেকিং,580
bn.wikivoyage.org,2026-07,30,উত্তরা,576
bn.wikivoyage.org,2026-07,31,লিথুনিয়া,555
bn.wikivoyage.org,2026-07,32,তেহরান,547
bn.wikivoyage.org,2026-07,33,পম্পেই,544
bn.wikivoyage.org,2026-07,33,কুয়াকাটা,544
bn.wikivoyage.org,2026-07,33,কেপ_ভার্দে,544
bn.wikivoyage.org,2026-07,33,মালাক্কা,544
bn.wikivoyage.org,2026-07,37,চিত্র:State_Emblem_of_India_Indian_Museum_Kolkata.jpg,537
bn.wikivoyage.org,2026-07,38,হবিগঞ্জ,530
bn.wikivoyage.org,2026-07,39,ফিজি,527
bn.wikivoyage.org,2026-07,40,সাংহাই,516
bn.wikivoyage.org,2026-07,41,টেমপ্লেট:পাতার_ব্যানার,510
bn.wikivoyage.org,2026-07,42,পাকিস্তান,509
bn.wikivoyage.org,2026-07,43,কাবুল,501
bn.wikivoyage.org,2026-07,44,বরগুনা_জেলা,494
bn.wikivoyage.org,2026-07,45,মুম্বই,493
bn.wikivoyage.org,2026-07,46,ফটিকছড়ি_উপজেলা,489
bn.wikivoyage.org,2026-07,47,বেলুচিস্তান,485
bn.wikivoyage.org,2026-07,48,দুর্গাপুর,478
bn.wikivoyage.org,2026-07,49,আফ্রিকা,470
bn.wikivoyage.org,2026-07,50,দিক_নির্ণয়,467
bpy.wikipedia.org,2026-07,1,পয়লা_পাতা,24077
bpy.wikipedia.org,2026-07,2,.বিএফ,5717
bpy.wikipedia.org,2026-07,3,বিশেষ:সাম্প্রতিক_পরিবর্তনসমূহ,2530
bpy.wikipedia.org,2026-07,4,বাদালুর,2200
bpy.wikipedia.org,2026-07,5,দেশ_(তালিকা),2069
bpy.wikipedia.org,2026-07,6,বাংলাদেশ,1842
bpy.wikipedia.org,2026-07,7,বিশেষ:অনুসন্ধান,1224
bpy.wikipedia.org,2026-07,8,স্পেন,977
bpy.wikipedia.org,2026-07,9,বাংলাদেশর_ডাক_কোডর_তালিকা,778
bpy.wikipedia.org,2026-07,10,"বড়_পাঙ্গাশি_ইউনিয়ন,_উল্লাপাড়া",653
bpy.wikipedia.org,2026-07,11,উইকিপিডিয়া:শিংলুপ,631
bpy.wikipedia.org,2026-07,12,মরক্কো,588
bpy.wikipedia.org,2026-07,13,মিশর,559
bpy.wikipedia.org,2026-07,14,আর্জেন্টিনা,449
bpy.wikipedia.org,2026-07,15,কেপ_ভের্দ,397
bpy.wikipedia.org,2026-07,16,পর্তুগাল,378
bpy.wikipedia.org,2026-07,17,উইকিপিডিয়া,371
bpy.wikipedia.org,2026-07,18,রিও_ডোস_ইনডিওস,361
bpy.wikipedia.org,2026-07,19,ঢাকা_বিভাগ,355
bpy.wikipedia.org,2026-07,20,ছবি:Sheikh_Hasina_(1)_(cropped).jpg,350
bpy.wikipedia.org,2026-07,21,ব্রাজিল,343
bpy.wikipedia.org,2026-07,22,য়্যারী:পয়লা_পাতা,320
bpy.wikipedia.org,2026-07,23,"দাসপাড়া_ইউনিয়ন,_বাউফল",305
bpy.wikipedia.org,2026-07,24,গুড়িয়াহাটি,303
bpy.wikipedia.org,2026-07,25,চট্টগ্রাম_কোতোয়ালী_থানা,254
bpy.wikipedia.org,2026-07,26,নান্দিয়াদ,241
bpy.wikipedia.org,2026-07,27,বাঞ্ছারামপুর_উপজিলা,233
bpy.wikipedia.org,2026-07,28,উইকিপিডিয়া:বনক_প্রকল্পহানি,224
bpy.wikipedia.org,2026-07,29,"চম্বল_ইউনিয়ন,_বাঁশখালী",220
bpy.wikipedia.org,2026-07,30,ঢাকা_কেন্দ্রীয়_বিশ্ববিদ্যালয়,218
bpy.wikipedia.org,2026-07,31,"রাঙ্গামাটিয়া_ইউনিয়ন,_ফটিকছড়ি",215
bpy.wikipedia.org,2026-07,32,মারি_১৭১১,212
bpy.wikipedia.org,2026-07,33,মারি_৪৫৪,210
bpy.wikipedia.org,2026-07,34,"কাশিমপুর_ইউনিয়ন,_গাজীপুর_সদর",209
bpy.wikipedia.org,2026-07,35,ভাকসডাল,204
bpy.wikipedia.org,2026-07,36,ছবি:Flag_of_Ghana.svg,203
bpy.wikipedia.org,2026-07,37,ছবি:Flag_of_Peru.svg,198
bpy.wikipedia.org,2026-07,38,বিশ্বকোষ,192
bpy.wikipedia.org,2026-07,38,"ঘরিয়ালডাঙ্গা_ইউনিয়ন,_রাজারহাট",192
bpy.wikipedia.org,2026-07,40,"কোনাবাড়ী_ইউনিয়ন,_গাজীপুর_সদর",187
bpy.wikipedia.org,2026-07,40,বুর্কিনা_ফাসো,187
bpy.wikipedia.org,2026-07,42,চর_ইসলামপুর_ইউনিয়ন,186
bpy.wikipedia.org,2026-07,43,মহাস্থানগড়,180
bpy.wikipedia.org,2026-07,44,তিলপারাষ্ট্র,178
bpy.wikipedia.org,2026-07,45,"হাসারা_ইউনিয়ন,_শ্রীনগর",173
bpy.wikipedia.org,2026-07,46,কিরিবাতি,169
bpy.wikipedia.org,2026-07,47,"রাওনা_ইউনিয়ন,_গফরগাঁও",164
bpy.wikipedia.org,2026-07,48,ছবি:Flag_of_Burkina_Faso.svg,159
bpy.wikipedia.org,2026-07,49,ফ্রান্স,156
bpy.wikipedia.org,2026-07,50,গ্রেগরিয়ান_পাঞ্জী,151
dty.wikipedia.org,2026-07,1,मुख्य_पन्ना,15828
dty.wikipedia.org,2026-07,2,बिशेष:RecentChanges,3316
dty.wikipedia.org,2026-07,3,बिशेष:Search,1043
dty.wikipedia.org,2026-07,4,राणा_शासन,1027
dty.wikipedia.org,2026-07,5,Special:RecentChanges,1001
dty.wikipedia.org,2026-07,6,दार्जिलिङ,888
dty.wikipedia.org,2026-07,7,पाण्डुरङ्ग_वामन_काणे,877
dty.wikipedia.org,2026-07,8,डेलीमोसन,732
dty.wikipedia.org,2026-07,9,हर्मुज_जलसन्धि,661
dty.wikipedia.org,2026-07,10,अमरीश_पुरी,570
dty.wikipedia.org,2026-07,11,तारानाथ_शर्मा,534
dty.wikipedia.org,2026-07,12,विकिपिडिया:आजभोलका_घटना,514
dty.wikipedia.org,2026-07,13,Helppage,500
dty.wikipedia.org,2026-07,14,पुष्प_कमल_दाहाल_(प्रचण्ड),496
dty.wikipedia.org,2026-07,15,भाटी_(जाति),439
dty.wikipedia.org,2026-07,16,राप्ती_नदी,397
dty.wikipedia.org,2026-07,17,विकिपिडिया:चौपातो,381
dty.wikipedia.org,2026-07,18,ढाँचा:Cite_book,356
dty.wikipedia.org,2026-07,19,निखिल_उप्रेती,352
dty.wikipedia.org,2026-07,20,विकिपिडिया:सामुदायिक_पोर्टल,350
dty.wikipedia.org,2026-07,21,तराई,341
dty.wikipedia.org,2026-07,22,मष्टो_देवता,339
dty.wikipedia.org,2026-07,23,विकिपिडिया:नयाँ_पन्ना_कस्या_बनौन्या,337
dty.wikipedia.org,2026-07,24,ढाँचा:Infobox_country,326
dty.wikipedia.org,2026-07,25,विकिपिडिया:प्रबन्धक_सूचनापट्ट,323
dty.wikipedia.org,2026-07,26,नेपालका_राष्ट्रिय_निकुञ्जहरू,320
dty.wikipedia.org,2026-07,27,नवलपुर_जिल्ला,311
dty.wikipedia.org,2026-07,28,विकिपिडिया,307
dty.wikipedia.org,2026-07,29,नेपालको_संविधान_२०७२,297
dty.wikipedia.org,2026-07,30,मकालु_हिमाल,295
dty.wikipedia.org,2026-07,31,जानकी_मन्दिर,287
dty.wikipedia.org,2026-07,32,मध्यपहाडी_लोकमार्ग,277
dty.wikipedia.org,2026-07,33,विकिपिडिया:प्रयोगस्थल,269
dty.wikipedia.org,2026-07,34,दैलेख_जिल्ला,268
dty.wikipedia.org,2026-07,35,विकिपिडिया:विशेषाधिकार_निवेदन,263
dty.wikipedia.org,2026-07,36,नेपालका_राष्ट्रिय_विभूतिअन,258
dty.wikipedia.org,2026-07,37,गौरा_पर्व,235
dty.wikipedia.org,2026-07,38,श्राद्ध,231
dty.wikipedia.org,2026-07,38,भानुभक्त_आचार्य,231
dty.wikipedia.org,2026-07,40,खड्गप्रसाद_ओली,219
dty.wikipedia.org,2026-07,41,नेपाला_प्रधानमन्त्रीअन,215
dty.wikipedia.org,2026-07,42,माधवप्रसाद_घिमिरे_(साहित्यकार),214
dty.wikipedia.org,2026-07,43,नेपाल_का_बैङ्कअन_कि_सूची,209
dty.wikipedia.org,2026-07,44,गायत्री_मन्त्र,208
dty.wikipedia.org,2026-07,45,पृथ्वीनारायण_शाह,206
dty.wikipedia.org,2026-07,46,कुरणि:मुख्य_पन्ना,200
dty.wikipedia.org,2026-07,47,जङ्गबहादुर_राणा,196
dty.wikipedia.org,2026-07,48,श्रेणी:अपूर्ण_लेखअन,192
dty.wikipedia.org,2026-07,49,अरुणा_लामा,191
dty.wikipedia.org,2026-07,50,लक्ष्मीप्रसाद_देवकोटा,189
gom.wikipedia.org,2026-07,1,मुखेल_पान,16559
gom.wikipedia.org,2026-07,2,Arya_Samaj,2309
gom.wikipedia.org,2026-07,3,Ruzai_Saibinnicho_Ters_-_The_Holy_Rosary,1809
gom.wikipedia.org,2026-07,4,Bhov_Folladik_Magnnem_Sant_Antonnik,1639
gom.wikipedia.org,2026-07,5,मोरारजी_रणछोडजी_देसाई,1111
gom.wikipedia.org,2026-07,6,तालेंतांची_वपार,1081
gom.wikipedia.org,2026-07,7,विशेश:Search,1070
gom.wikipedia.org,2026-07,8,विशेश:RecentChanges,828
gom.wikipedia.org,2026-07,9,Special:RecentChanges,739
gom.wikipedia.org,2026-07,10,संत_गोरा_कंभार,675
gom.wikipedia.org,2026-07,11,विकिपीडिया:सामान्य_न्हयकारणी,518
gom.wikipedia.org,2026-07,12,विकिपीडिया:Tintto,439
gom.wikipedia.org,2026-07,13,डिंगल,427
gom.wikipedia.org,2026-07,14,गोंय,409
gom.wikipedia.org,2026-07,15,सांचो:Authority_control,361
gom.wikipedia.org,2026-07,16,विकिपीडिया,346
gom.wikipedia.org,2026-07,17,विकिपीडिया:समुदाईक_प्रवेस-द्वार,315
gom.wikipedia.org,2026-07,18,Konkani_sayings,303
gom.wikipedia.org,2026-07,19,Malvani_bhas,292
gom.wikipedia.org,2026-07,20,Sasvot_Adarache_Maiechem_Noven,273
gom.wikipedia.org,2026-07,21,Muhammad_Ali,250
gom.wikipedia.org,2026-07,22,चित्रापुर_मठ,226
gom.wikipedia.org,2026-07,23,गरबा,214
gom.wikipedia.org,2026-07,24,Sonia_Shirsat,206
gom.wikipedia.org,2026-07,25,आसगांव,187
gom.wikipedia.org,2026-07,26,विकिपीडिया:Boreantlim_borim_panam,168
gom.wikipedia.org,2026-07,27,आशिया_खंड,165
gom.wikipedia.org,2026-07,28,आर्य,164
gom.wikipedia.org,2026-07,29,मानसरोवर,161
gom.wikipedia.org,2026-07,30,चर्चा:मुखेल_पान,160
gom.wikipedia.org,2026-07,31,शिंपी,152
gom.wikipedia.org,2026-07,32,पिळर्ण,148
gom.wikipedia.org,2026-07,32,अजंठा_(अजिंठा),148
gom.wikipedia.org,2026-07,34,Bholaikeche_Saibinnik_Noven,142
gom.wikipedia.org,2026-07,35,अलुते-बलुते,139
gom.wikipedia.org,2026-07,36,ज्योतिरिंद्र्नाथ_टागोर,136
gom.wikipedia.org,2026-07,37,फ्रँक्लीन_डेलॅनो_रूझवेल्ट,132
gom.wikipedia.org,2026-07,38,Poona,129
gom.wikipedia.org,2026-07,39,वेखंड,122
gom.wikipedia.org,2026-07,39,Undir_Mhojea_Mama_-_Dulpod,122
gom.wikipedia.org,2026-07,41,Gõy,120
gom.wikipedia.org,2026-07,41,रायगड,120
gom.wikipedia.org,2026-07,43,सप्त_सिधूं,119
gom.wikipedia.org,2026-07,44,वेलची,117
gom.wikipedia.org,2026-07,45,Wikipidia,112
gom.wikipedia.org,2026-07,46,देवदासी,108
gom.wikipedia.org,2026-07,47,लोधी,105
gom.wikipedia.org,2026-07,48,Dukhichi_Ucharnni_Magnnem,103
gom.wikipedia.org,2026-07,49,अमेरिकेचीं_संयुक्त_राज्यां,102
gom.wikipedia.org,2026-07,50,यक्ष,101
gom.wiktionary.org,2026-07,1,विक्शनरी:मुखेल_पान,3881
gom.wiktionary.org,2026-07,2,Kodel,916
gom.wiktionary.org,2026-07,3,चलो,876
gom.wiktionary.org,2026-07,4,विक्शनरी:Tintto,182
gom.wiktionary.org,2026-07,5,खडू,125
gom.wiktionary.org,2026-07,6,विशेश:RecentChanges,122
gom.wiktionary.org,2026-07,7,कांकण,90
gom.wiktionary.org,2026-07,8,विशेश:Search,52
gom.wiktionary.org,2026-07,9,Konknni,39
gom.wiktionary.org,2026-07,10,विक्शनरी:समुदाईक_प्रवेस-द्वार,38
gom.wiktionary.org,2026-07,11,Inglix,37
gom.wiktionary.org,2026-07,12,dov,33
gom.wiktionary.org,2026-07,13,meter,29
gom.wiktionary.org,2026-07,14,English,24
gom.wiktionary.org,2026-07,15,Abril,23
gom.wiktionary.org,2026-07,16,वापरपी:The_Discoverer,21
gom.wiktionary.org,2026-07,17,फायल:Wikimania_2022_Vector_(2022)_Presentation.pdf,19
gom.wiktionary.org,2026-07,18,विक्शनरी:Nondichi_manddavoll/gom-latn,17
gom.wiktionary.org,2026-07,19,एकक:Language/data/ISO_639-3,16
gom.wiktionary.org,2026-07,20,Mukhel_pan,14
gom.wiktionary.org,2026-07,20,सांचो:mention,14
gom.wiktionary.org,2026-07,22,विक्शनरी:Nondichi_manddavoll/gom-deva,13
gom.wiktionary.org,2026-07,23,आदार:Interface_translation,12
gom.wiktionary.org,2026-07,23,विक्शनरी:Strot,12
gom.wiktionary.org,2026-07,25,घर,11
gom.wiktionary.org,2026-07,25,वापरपी_चर्चा:The_Discoverer,11
gom.wiktionary.org,2026-07,27,🜨,10
gom.wiktionary.org,2026-07,27,उदक,10
gom.wiktionary.org,2026-07,27,%u0935%u093f%u0915%u094d%u0936%u0928%u0930%u0940:%u092e%u0941%u0916%u0947%u0932_%u092a%u093e%u0928,10
gom.wiktionary.org,2026-07,30,वर्ग:Konknni_utram,9
gom.wiktionary.org,2026-07,30,Hindi,9
gom.wiktionary.org,2026-07,30,♆,9
gom.wiktionary.org,2026-07,33,वापरपी:Fredericknoronha,8
gom.wiktionary.org,2026-07,33,तबकडी,8
gom.wiktionary.org,2026-07,33,वर्ग:Inglez_utram,8
gom.wiktionary.org,2026-07,33,सांचो:QuickDelete,8
gom.wiktionary.org,2026-07,33,एकक:families,8
gom.wiktionary.org,2026-07,33,कोंकणी,8
gom.wiktionary.org,2026-07,33,आदार:Romi_Konknni,8
gom.wiktionary.org,2026-07,33,विक्शनरी:Nondichi_manddavoll/gom-knda,8
gom.wiktionary.org,2026-07,33,urgent,8
gom.wiktionary.org,2026-07,33,stone,8
gom.wiktionary.org,2026-07,33,वापरपी:Konknni_mogi_24,8
gom.wiktionary.org,2026-07,44,a,7
gom.wiktionary.org,2026-07,44,वापरपी:EPIC,7
gom.wiktionary.org,2026-07,44,वर्ग:Pages_using_ISBN_magic_links,7
gom.wiktionary.org,2026-07,44,विक्शनरी:Sumanacho_sobd,7
gom.wiktionary.org,2026-07,44,Earth,7
gom.wiktionary.org,2026-07,44,वापरपी:MediaWiki_message_delivery,7
gom.wiktionary.org,2026-07,44,abbey,7
gu.wikipedia.org,2026-07,1,મુખપૃષ્ઠ,29186
gu.wikipedia.org,2026-07,2,વિશેષ:શોધ,8205
gu.wikipedia.org,2026-07,3,ગુરુ_પૂર્ણિમા,6700
gu.wikipedia.org,2026-07,4,રથયાત્રા,5340
gu.wikipedia.org,2026-07,5,વિશેષ:તાજાફેરફારો,4556
gu.wikipedia.org,2026-07,6,ચિત્ર:Administrative_map_of_Gujarat_GU.png,4002
gu.wikipedia.org,2026-07,7,ગુજરાતના_જિલ્લાઓ,3819
gu.wikipedia.org,2026-07,8,ગુજરાતી_ભાષા,3765
gu.wikipedia.org,2026-07,9,ગુજરાત,3732
gu.wikipedia.org,2026-07,10,રાશિ,3562
gu.wikipedia.org,2026-07,11,મિઆ_ખલીફા,2910
gu.wikipedia.org,2026-07,12,ભારતનું_બંધારણ,2822
gu.wikipedia.org,2026-07,13,ગુજરાતી_અંક,2017
gu.wikipedia.org,2026-07,14,વિકિપીડિયા:વિષે,1966
gu.wikipedia.org,2026-07,15,ભારતનાં_રાજ્યો_અને_કેન્દ્રશાસિત_પ્રદેશો,1945
gu.wikipedia.org,2026-07,16,મહાત્મા_ગાંધી,1866
gu.wikipedia.org,2026-07,17,ભારત,1828
gu.wikipedia.org,2026-07,18,ઉમાશંકર_જોશી,1780
gu.wikipedia.org,2026-07,19,વિકિપીડિયા:General_disclaimer,1761
gu.wikipedia.org,2026-07,20,રામદેવપીર,1681
gu.wikipedia.org,2026-07,21,પરબધામ_(તા._ભેંસાણ),1602
gu.wikipedia.org,2026-07,22,વલ્લભભાઈ_પટેલ,1557
gu.wikipedia.org,2026-07,23,આદિલ_મન્સુરી,1412
gu.wikipedia.org,2026-07,24,મહાભારત,1399
gu.wikipedia.org,2026-07,25,અમદાવાદ,1382
gu.wikipedia.org,2026-07,26,નરસિંહ_મહેતા,1356
gu.wikipedia.org,2026-07,27,ઝવેરચંદ_મેઘાણી,1350
gu.wikipedia.org,2026-07,28,ચિત્ર:India-map-gu.svg,1274
gu.wikipedia.org,2026-07,29,બજરંગદાસબાપા,1250
gu.wikipedia.org,2026-07,30,સ્વામી_વિવેકાનંદ,1238
gu.wikipedia.org,2026-07,31,હાડોલ_(તા._સતલાસણા),1194
gu.wikipedia.org,2026-07,32,હવામાન,1192
gu.wikipedia.org,2026-07,33,શ્રીમદ્_ભગવદ્_ગીતા,1147
gu.wikipedia.org,2026-07,34,આર્યભટ્ટ,1122
gu.wikipedia.org,2026-07,35,ગિરનાર,1111
gu.wikipedia.org,2026-07,36,અબ્દુલ_કલામ,1052
gu.wikipedia.org,2026-07,37,ભારતનો_ઇતિહાસ,1051
gu.wikipedia.org,2026-07,38,બાબાસાહેબ_આંબેડકર,1049
gu.wikipedia.org,2026-07,39,ચિત્ર:Tower_of_Gozaria.jpg,988
gu.wikipedia.org,2026-07,40,રથયાત્રા_(અમદાવાદ),982
gu.wikipedia.org,2026-07,41,ગુજરાતી_સાહિત્યકારોની_યાદી,974
gu.wikipedia.org,2026-07,42,પ્રેમાનંદ,948
gu.wikipedia.org,2026-07,43,શિવાજી,946
gu.wikipedia.org,2026-07,44,નરેન્દ્ર_મોદી,942
gu.wikipedia.org,2026-07,45,કૃષ્ણ,937
gu.wikipedia.org,2026-07,46,વિશ્વ_મોહન_ભટ્ટ,934
gu.wikipedia.org,2026-07,47,અક્ષાંશ-રેખાંશ,907
gu.wikipedia.org,2026-07,48,દ્વારકાધીશ_મંદિર,881
gu.wikipedia.org,2026-07,48,કાલિદાસ,881
gu.wikipedia.org,2026-07,48,ગુજરાતના_અભયારણ્યો_તથા_રાષ્ટ્રીય_ઉદ્યાનો,881
gu.wiktionary.org,2026-07,1,મુખપૃષ્ઠ,3539
gu.wiktionary.org,2026-07,2,ખાંડું,1519
gu.wiktionary.org,2026-07,3,અલખ,844
gu.wiktionary.org,2026-07,4,જગન્નાથી,601
gu.wiktionary.org,2026-07,5,વિકિકોશ:સમુદાય_મુખપૃષ્ઠ,572
gu.wiktionary.org,2026-07,6,વિશેષ:શોધ,280
gu.wiktionary.org,2026-07,7,ડાગળી,208
gu.wiktionary.org,2026-07,8,તલપૂર,206
gu.wiktionary.org,2026-07,9,કણબી,156
gu.wiktionary.org,2026-07,10,વિકિકોશ:શબ્દ_અનુક્રમણિકા,137
gu.wiktionary.org,2026-07,11,વિશેષ:તાજાફેરફારો,118
gu.wiktionary.org,2026-07,12,વિઘોટી,112
gu.wiktionary.org,2026-07,13,એકવીસ,95
gu.wiktionary.org,2026-07,14,અંકુશ,88
gu.wiktionary.org,2026-07,15,વિકિકોશ:વિષે,86
gu.wiktionary.org,2026-07,16,તાકીદ,84
gu.wiktionary.org,2026-07,17,ચર્ચા:મુખપૃષ્ઠ,73
gu.wiktionary.org,2026-07,18,આત્મા,70
gu.wiktionary.org,2026-07,19,વિકિકોશ:ચોરો,67
gu.wiktionary.org,2026-07,19,વિકિકોશ:સમુદાય_મુખપૃષ્ઠ/જૂની_ચર્ચાઓ/૨,67
gu.wiktionary.org,2026-07,21,જરાયત,63
gu.wiktionary.org,2026-07,22,ચોરી,57
gu.wiktionary.org,2026-07,23,વિકિકોશ:સંદર્ભો,55
gu.wiktionary.org,2026-07,24,નિદિધ્યાસન,41
gu.wiktionary.org,2026-07,24,વિકિકોશ:સંજ્ઞાઓ,41
gu.wiktionary.org,2026-07,26,સભ્ય:EPIC,40
gu.wiktionary.org,2026-07,27,વિકિકોશ:શબ્દબંધારણ,39
gu.wiktionary.org,2026-07,28,ઢાંચો:quote-book/documentation,36
gu.wiktionary.org,2026-07,29,સભ્ય:MediaWiki_message_delivery,34
gu.wiktionary.org,2026-07,30,વિકિકોશ:સમુદાય_મુખપૃષ્ઠ/જૂની_ચર્ચાઓ,32
gu.wiktionary.org,2026-07,30,વિકિકોશ:ખૂટતાં_શબ્દો,32
gu.wiktionary.org,2026-07,32,વિકિકોશ,31
gu.wiktionary.org,2026-07,33,શ્રેણી:અંગ્રેજી,30
gu.wiktionary.org,2026-07,34,ગુજરાતી,28
gu.wiktionary.org,2026-07,35,શ્રેણી:ફ્રાન્સીસી,27
gu.wiktionary.org,2026-07,36,સભ્ય:Trizek_(WMF),24
gu.wiktionary.org,2026-07,37,સભ્ય:Nikkis,23
gu.wiktionary.org,2026-07,38,વિકિકોશ:આજનો_શબ્દ,22
gu.wiktionary.org,2026-07,39,શ્રેણી:ભાષાઓ,21
gu.wiktionary.org,2026-07,39,વિકિકોશ:Community_Portal,21
gu.wiktionary.org,2026-07,41,વિભાગ:languages/code_to_canonical_name,20
gu.wiktionary.org,2026-07,42,એક,19
gu.wiktionary.org,2026-07,42,પાણી,19
gu.wiktionary.org,2026-07,44,ઈપ્સા,18
gu.wiktionary.org,2026-07,44,વિભાગ:શબ્દોત્પત્તિ_ભાષા,18
gu.wiktionary.org,2026-07,44,વિકિકોશ:સમુદાય_મુખપૃષ્ઠ/જૂની_ચર્ચાઓ/૧,18
gu.wiktionary.org,2026-07,47,ગોફણ,17
gu.wiktionary.org,2026-07,47,અંગ્રેજી,17
gu.wiktionary.org,2026-07,49,Gujarati,16
gu.wiktionary.org,2026-07,49,આકાશ,16
gu.wikisource.org,2026-07,1,હનુમાન_ચાલીસા,61378
gu.wikisource.org,2026-07,2,મુખપૃષ્ઠ,5283
gu.wikisource.org,2026-07,3,આનંદનો_ગરબો,4775
gu.wikisource.org,2026-07,4,યમુનાષ્ટક,4537
gu.wikisource.org,2026-07,5,શંભુ_શરણે_પડી,4244
gu.wikisource.org,2026-07,6,ગાયત્રી_ચાલીસા,4045
gu.wikisource.org,2026-07,7,આવ્યો_મેહુલો_રે!,3180
gu.wikisource.org,2026-07,8,વીજળીને_ચમકારે_મોતીડાં_પરોવો,3043
gu.wikisource.org,2026-07,9,શિવ_ચાલીસા,2989
gu.wikisource.org,2026-07,10,ગોકુળ_આવો_ગિરધારી,2924
gu.wikisource.org,2026-07,11,હતો_હું_સૂતો_પારણે_પુત્ર_નાનો,2404
gu.wikisource.org,2026-07,12,રામદે_પીરનો_હેલો,2362
gu.wikisource.org,2026-07,13,ગુરૂ_તારો_પાર_ન_પાયો_રે,2323
gu.wikisource.org,2026-07,14,વાદલડી_વરસી_રે,2294
gu.wikisource.org,2026-07,15,શ્રેણી:લોકગીતો,2082
gu.wikisource.org,2026-07,16,જેસલ_કરી_લે_વિચાર,1979
gu.wikisource.org,2026-07,17,વાગે_ભડાકા_ભારી_રે,1796
gu.wikisource.org,2026-07,18,ભક્તામર_સ્તોત્ર,1706
gu.wikisource.org,2026-07,18,વિશેષ:શોધ,1706
gu.wikisource.org,2026-07,20,વા_વાયા_ને_વાદળ_ઉમટ્યા,1704
gu.wikisource.org,2026-07,21,ધૂણી_રે_ધખાવી_બેલી…,1685
gu.wikisource.org,2026-07,22,સિંધુડો/કસુંબીનો_રંગ,1675
gu.wikisource.org,2026-07,23,પાપ_તારું_પરકાશ_જાડેજા,1638
gu.wikisource.org,2026-07,24,અંબા_અભય_પદ_દાયિની_રે,1612
gu.wikisource.org,2026-07,25,સૂચિ:Gramonnati.pdf,1515
gu.wikisource.org,2026-07,26,મારી_હુંડી_સ્વીકારો_મહારાજ_રે,1442
gu.wikisource.org,2026-07,27,શિવ_આરતી,1379
gu.wikisource.org,2026-07,28,સૂચિ:Akashdeep_by_Dhumketu.pdf,1290
gu.wikisource.org,2026-07,29,હે_કાનુડા_તોરી_ગોવાલણ,1203
gu.wikisource.org,2026-07,30,પૃષ્ઠ:Veranman.pdf/૧૫૭,1179
gu.wikisource.org,2026-07,31,હંસલા_હાલો_રે_હવે,1152
gu.wikisource.org,2026-07,32,મેરુ_તો_ડગે_જેનાં_મન_ના_ડગે,1139
gu.wikisource.org,2026-07,33,હે_મારી_શેરીએથી_કાનકુંવર,1092
gu.wikisource.org,2026-07,34,કલાપીનો_કેકારવ/આપની_યાદી,1083
gu.wikisource.org,2026-07,35,અમે_મૈયારા_રે,1077
gu.wikisource.org,2026-07,36,વિકિસ્રોત:પુસ્તકો,1066
gu.wikisource.org,2026-07,37,સૌરાષ્ટ્રની_રસધાર_૧,1050
gu.wikisource.org,2026-07,38,તું_રંગાઇ_જાને_રંગમાં,1047
gu.wikisource.org,2026-07,39,આપણા_મલકના_માયાળુ_માનવી,997
gu.wikisource.org,2026-07,40,મણિયારો_તે_હલું_હલું,989
gu.wikisource.org,2026-07,41,તું_કાળી_ને_કલ્યાણી_રે_મા,954
gu.wikisource.org,2026-07,42,કુંતા_અભિમન્યુને_બાંધે_અમ્મર_રાખડી,891
gu.wikisource.org,2026-07,43,વિકિસ્રોત:સભાખંડ,809
gu.wikisource.org,2026-07,44,સિંધુડો/શિવાજીનું_હાલરડું,752
gu.wikisource.org,2026-07,45,જાગને_જાદવા,733
gu.wikisource.org,2026-07,46,પે'લા_તે_પે'લા_જુગમા_રાણી,726
gu.wikisource.org,2026-07,47,સ્વર_અને_વ્યંજન,686
gu.wikisource.org,2026-07,48,વિશ્વંભરી_અખિલ_વિશ્વતણી_જનેતા,683
gu.wikisource.org,2026-07,49,ઘોર_અંધારી_રે_રાતલડીમાં,676
gu.wikisource.org,2026-07,50,ગોરમાનો_વર_કેસરિયો,671
gu.wikiquote.org,2026-07,1,વિશેષ:તાજાફેરફારો,228581
gu.wikiquote.org,2026-07,2,વિશેષ:શોધ,4411
gu.wikiquote.org,2026-07,3,સ્વામી_વિવેકાનંદ,2228
gu.wikiquote.org,2026-07,4,મુખપૃષ્ઠ,2143
gu.wikiquote.org,2026-07,5,વિકિસૂક્તિ:ચોરો,1615
gu.wikiquote.org,2026-07,6,ગુજરાતી_કહેવતો/ક,1375
gu.wikiquote.org,2026-07,7,ઢાંચો:Redirect,499
gu.wikiquote.org,2026-07,8,મદદ:વાચકો_દ્વારા_વારંવાર_પૂછાતા_સવાલો,488
gu.wikiquote.org,2026-07,9,ગુજરાતી_કહેવતો/ન,427
gu.wikiquote.org,2026-07,10,વિકિસૂક્તિ:નિષ્પક્ષ_દૃષ્ટિકોણ,383
gu.wikiquote.org,2026-07,11,શ્રેણી:કહેવતો,377
gu.wikiquote.org,2026-07,12,માલણ_લાવે_મોગરો_રે,320
gu.wikiquote.org,2026-07,13,અખાના_છપ્પા/કુટફળ_અંગ,242
gu.wikiquote.org,2026-07,14,ઢાંચો:સ્વાગત,230
gu.wikiquote.org,2026-07,15,ઢાંચો:Cite_book,225
gu.wikiquote.org,2026-07,16,ઢાંચો:Tlx,214
gu.wikiquote.org,2026-07,17,ઢાંચો:Cite_web,212
gu.wikiquote.org,2026-07,18,વિકિસૂક્તિ:સભ્યનામ_નીતિ,207
gu.wikiquote.org,2026-07,19,નરસિંહ_મહેતા,203
gu.wikiquote.org,2026-07,20,ઢાંચો:Main,198
gu.wikiquote.org,2026-07,21,ઢાંચો:Shortcut,197
gu.wikiquote.org,2026-07,22,ગુજરાતી_કહેવતો/ભ,196
gu.wikiquote.org,2026-07,23,ગુજરાતી_કહેવતો,175
gu.wikiquote.org,2026-07,24,હાં_રે_દાણ_માગે_કાનુડો,169
gu.wikiquote.org,2026-07,25,અખાના_છપ્પા,167
gu.wikiquote.org,2026-07,26,ગુજરાતી_કહેવતો/પ,154
gu.wikiquote.org,2026-07,26,નળાખ્યાન/કડવું_૧,154
gu.wikiquote.org,2026-07,28,વિકિસૂક્તિ:ચકાસણીયોગ્યતા,153
gu.wikiquote.org,2026-07,28,વિકિસૂક્તિ:પ્રકાશનાધિકાર,153
gu.wikiquote.org,2026-07,30,ઢાંચો:Navbar,143
gu.wikiquote.org,2026-07,31,ઢાંચો:Lang,142
gu.wikiquote.org,2026-07,32,પ્રેમાનંદ,141
gu.wikiquote.org,2026-07,32,ઢાંચો:Ambox,141
gu.wikiquote.org,2026-07,34,નળાખ્યાન/કડવું_૬૩,135
gu.wikiquote.org,2026-07,35,ઢાંચો:POTD-w,134
gu.wikiquote.org,2026-07,36,ઢાંચો:Wikiversity,131
gu.wikiquote.org,2026-07,37,ગુજરાતી_કહેવતો/સ,130
gu.wikiquote.org,2026-07,38,સભ્ય:Jackmcbarn,127
gu.wikiquote.org,2026-07,39,રવિન્દ્રનાથ_ટાગોર,126
gu.wikiquote.org,2026-07,40,ઢાંચો:Pp-meta,125
gu.wikiquote.org,2026-07,40,વિકિસૂક્તિ:નીતિ,125
gu.wikiquote.org,2026-07,42,સુવિચાર,124
gu.wikiquote.org,2026-07,43,વિભાગ:Citation/CS1/Configuration,118
gu.wikiquote.org,2026-07,44,રામકૃષ્ણ_પરમહંસ,113
gu.wikiquote.org,2026-07,45,કલાપી,112
gu.wikiquote.org,2026-07,45,ગાંધીજી,112
gu.wikiquote.org,2026-07,45,ગુજરાતી_કહેવતો/વ,112
gu.wikiquote.org,2026-07,48,વિકિસૂક્તિ:વિષે,106
gu.wikiquote.org,2026-07,48,અખાના_છપ્પા/વૈરાગ્ય_અંગ,106
gu.wikiquote.org,2026-07,50,વિકિસૂક્તિ:આજનું_ચિત્ર,105
hi.wiktionary.org,2026-07,1,मुखपृष्ठ,11540
hi.wiktionary.org,2026-07,2,विक्षनरी:पर्यायवाची_शब्द,7092
hi.wiktionary.org,2026-07,3,विक्षनरी:अंग्रेजी-हिन्दी_अनुवाद_स्मृति-०२,6776
hi.wiktionary.org,2026-07,4,विक्षनरी:बघेली–हिंदी_शब्दकोश,5945
hi.wiktionary.org,2026-07,5,विशेष:खोज,4104
hi.wiktionary.org,2026-07,6,चुदाई,3226
hi.wiktionary.org,2026-07,7,चूत,2572
hi.wiktionary.org,2026-07,8,श्रेणी:हिंदी,2110
hi.wiktionary.org,2026-07,9,विक्षनरी:मराठी-हिन्दी_शब्दकोश_२,1607
hi.wiktionary.org,2026-07,10,विक्षनरी:पालि-हिंदी_शब्दकोश,1424
hi.wiktionary.org,2026-07,11,श्रेणी:हिन्दी-प्रकाशितकोशों_से_अर्थ-शब्दसागर,959
hi.wiktionary.org,2026-07,12,माँ,926
hi.wiktionary.org,2026-07,13,विक्षनरी:हिन्दी-हिन्दी/झ,886
hi.wiktionary.org,2026-07,14,हिंदी,840
hi.wiktionary.org,2026-07,15,सहमत,735
hi.wiktionary.org,2026-07,16,घर,683
hi.wiktionary.org,2026-07,17,जवाब,682
hi.wiktionary.org,2026-07,18,विक्षनरी:सरल_प्रशासनिक_अंग्रेजी-हिन्दी_वाक्य_कोश,666
hi.wiktionary.org,2026-07,19,एवं,663
hi.wiktionary.org,2026-07,20,नाजुक,627
hi.wiktionary.org,2026-07,21,विशेष:RecentChanges,626
hi.wiktionary.org,2026-07,22,समझ,624
hi.wiktionary.org,2026-07,23,विक्षनरी:हिन्दू_शिशु_नाम_(पुलिंग),597
hi.wiktionary.org,2026-07,24,कीर,595
hi.wiktionary.org,2026-07,25,व्यान,552
hi.wiktionary.org,2026-07,26,पारिजात,536
hi.wiktionary.org,2026-07,27,व,496
hi.wiktionary.org,2026-07,28,विक्षनरी:हिंदी–तमिल_शब्दकोश,495
hi.wiktionary.org,2026-07,29,द्वारा,493
hi.wiktionary.org,2026-07,30,जमाई,490
hi.wiktionary.org,2026-07,31,उलाहना,483
hi.wiktionary.org,2026-07,32,श्रेणी:हिंदी_भाषा,456
hi.wiktionary.org,2026-07,33,विक्षनरी:संस्कृत-हिन्दी_शब्दकोश/स-सय,448
hi.wiktionary.org,2026-07,34,विक्षनरी:हिन्दी-कन्नड-अंग्रेजी_शब्दकोश_भाग-५,445
hi.wiktionary.org,2026-07,35,अधिक,430
hi.wiktionary.org,2026-07,36,झक्क,428
hi.wiktionary.org,2026-07,37,विक्षनरी:भोजपुरी_लोकोक्तियाँ,422
hi.wiktionary.org,2026-07,38,टट्टी,417
hi.wiktionary.org,2026-07,39,क,409
hi.wiktionary.org,2026-07,40,एक,400
hi.wiktionary.org,2026-07,41,मूषक,373
hi.wiktionary.org,2026-07,42,आप,370
hi.wiktionary.org,2026-07,42,विक्षनरी:उर्दू–हिंदी_शब्दकोश,370
hi.wiktionary.org,2026-07,44,नंगा,366
hi.wiktionary.org,2026-07,45,विक्षनरी:योगदान,340
hi.wiktionary.org,2026-07,46,विक्षनरी:हिन्दू_शिशु_नाम_(स्त्रीलिंग),334
hi.wiktionary.org,2026-07,47,विक्षनरी:हिंदी–असमिया_शब्दकोश,313
hi.wiktionary.org,2026-07,48,क्षेत्र,311
hi.wiktionary.org,2026-07,49,विक्षनरी:हिन्दी-हिन्दी/प,307
hi.wiktionary.org,2026-07,50,विक्षनरी:कन्नड-हिन्दी_शब्दकोश_स_से_ह,305
hi.wikisource.org,2026-07,1,विकिस्रोत:मुखपृष्ठ,6981
hi.wikisource.org,2026-07,2,विशेष:RecentChanges,5391
hi.wikisource.org,2026-07,3,रामचरितमानस/बालकाण्ड,4703
hi.wikisource.org,2026-07,4,विशेष:खोज,3353
hi.wikisource.org,2026-07,5,भारतवर्ष_का_इतिहास/८—कौरवों_और_पांडवों_की_लड़ाई,1645
hi.wikisource.org,2026-07,6,विकिस्रोत:गुणवत्ता_संवर्द्धन_संपादनोत्सव/जुलाई_२०२६,1550
hi.wikisource.org,2026-07,7,कवितावली/उत्तरकाण्ड,1149
hi.wikisource.org,2026-07,8,कबीर_ग्रंथावली/(१)_गुरुदेव_कौ_अंग,1043
hi.wikisource.org,2026-07,9,गो-दान/१,1001
hi.wikisource.org,2026-07,10,पृष्ठ:रामचरितमानस.pdf/१७२,970
hi.wikisource.org,2026-07,11,कबीर_ग्रंथावली,965
hi.wikisource.org,2026-07,12,कबीर_ग्रंथावली/(३)_बिरह_कौ_अंग,940
hi.wikisource.org,2026-07,13,प्रेमचंद_की_सर्वश्रेष्ठ_कहानियां/ईदगाह,873
hi.wikisource.org,2026-07,14,हिंदी_निबंधमाला-१/सच्ची_वीरता-सर्दार_पूर्णसिंह,838
hi.wikisource.org,2026-07,15,चित्र:श्रीमद्‌भगवद्‌गीता.pdf,830
hi.wikisource.org,2026-07,16,प्रेमचंद_की_सर्वश्रेष्ठ_कहानियाँ,788
hi.wikisource.org,2026-07,17,चित्र:Godan_-_Premchand_-_Hindi_Novel.pdf,769
hi.wikisource.org,2026-07,18,सदस्य_वार्ता:अजीत_कुमार_तिवारी,739
hi.wikisource.org,2026-07,18,रामचरितमानस/बालकाण्ड/मानस_का_साङ्गरूपक_वर्णन,739
hi.wikisource.org,2026-07,20,विषयसूची:हिंदी_विश्वकोष_भाग_३.djvu,729
hi.wikisource.org,2026-07,21,प्रेमचंद_की_सर्वश्रेष्ठ_कहानियां/गुल्ली-डण्डा,727
hi.wikisource.org,2026-07,22,रहीम-कवितावली/दोहे,657
hi.wikisource.org,2026-07,23,प्रेमचंद_की_सर्वश्रेष्ठ_कहानियां/दो_बैलों_की_कथा,631
hi.wikisource.org,2026-07,24,"विषयसूची:सम्पूर्ण_गाँधी_वांग्मय_Sampurna_Gandhi,_vol._1.pdf",615
hi.wikisource.org,2026-07,25,सदस्य_वार्ता:चम्पा_तिवारी,603
hi.wikisource.org,2026-07,26,पृष्ठ:हिंदी_शब्दसागर_भाग_6.djvu/९,561
hi.wikisource.org,2026-07,27,मेघदूत_का_हिन्दी-गद्य_में_भावार्थ-बोधक_अनुवाद,536
hi.wikisource.org,2026-07,28,रामचरितमानस,532
hi.wikisource.org,2026-07,29,हिंदी_व्याकरण/वर्ण_विचार,531
hi.wikisource.org,2026-07,30,विकिस्रोत:समाज,524
hi.wikisource.org,2026-07,31,प्रियप्रवास/प्रथम_सर्ग,510
hi.wikisource.org,2026-07,32,कबीर_ग्रंथावली/(२)_सुमिरन_कौ_अंग,499
hi.wikisource.org,2026-07,33,रामचरितमानस/गोस्वामी_तुलसीदासजी_का_जीवन-चरित्र,493
hi.wikisource.org,2026-07,34,मुखपृष्ठ,485
hi.wikisource.org,2026-07,35,हिंदी_व्याकरण/विशेषण,483
hi.wikisource.org,2026-07,36,विषयसूची:हिन्दी_विश्वकोष_भाग_1.djvu,474
hi.wikisource.org,2026-07,37,विकिस्रोत:चौपाल,471
hi.wikisource.org,2026-07,38,पृष्ठ:भारतेंदु_समग्र.pdf/७१६,467
hi.wikisource.org,2026-07,39,पृष्ठ:कबीर_वचनावली.djvu/२८,450
hi.wikisource.org,2026-07,40,आल्हखण्ड/४_आल्हा_का_विवाह,430
hi.wikisource.org,2026-07,41,स्कंदगुप्त/प्रथम_अंक,429
hi.wikisource.org,2026-07,42,कबीर_ग्रंथावली/कबीर_का_युग,385
hi.wikisource.org,2026-07,43,विकिस्रोत:परिचय,378
hi.wikisource.org,2026-07,44,आज_भी_खरे_हैं_तालाब/आज_भी_खरे_हैं_तालाब,364
hi.wikisource.org,2026-07,45,रेवातट_(पृथ्वीराज-रासो)/रेवातट_समय,340
hi.wikisource.org,2026-07,46,विषयसूची:हिन्दी_विश्वकोष_भाग_4.djvu,337
hi.wikisource.org,2026-07,47,साहित्य_का_उद्देश्य/1,332
hi.wikisource.org,2026-07,48,बिहारी-रत्नाकर/१,327
hi.wikisource.org,2026-07,49,पृष्ठ:रामचरितमानस.pdf/७६६,326
hi.wikisource.org,2026-07,50,चित्र:आल्हखण्ड.pdf,314
hi.wikiquote.org,2026-07,1,विशेष:खोज,5153
hi.wikiquote.org,2026-07,2,मुखपृष्ठ,4740
hi.wikiquote.org,2026-07,3,सुविचार_संग्रह,3883
hi.wikiquote.org,2026-07,4,विशेष:RecentChanges,3682
hi.wikiquote.org,2026-07,5,संस्कृत_सूक्तियाँ_(हिन्दी_अर्थ_सहित),1674
hi.wikiquote.org,2026-07,6,विकिसूक्ति:चौपाल,1658
hi.wikiquote.org,2026-07,7,स्वामी_विवेकानन्द,1267
hi.wikiquote.org,2026-07,8,भारतीय_ज्ञान_परम्परा,945
hi.wikiquote.org,2026-07,9,मुहावरा_खण्ड_-_2,938
hi.wikiquote.org,2026-07,10,घाघ_की_कहावतें,934
hi.wikiquote.org,2026-07,11,मोहनदास_करमचंद_गांधी,778
hi.wikiquote.org,2026-07,12,ॐ,690
hi.wikiquote.org,2026-07,13,मातृभाषा,685
hi.wikiquote.org,2026-07,14,हिन्दी_लोकोक्तियाँ,639
hi.wikiquote.org,2026-07,15,हिन्दी,637
hi.wikiquote.org,2026-07,16,संस्कृत_की_सूक्तियाँ,602
hi.wikiquote.org,2026-07,17,भीमराव_आम्बेडकर,586
hi.wikiquote.org,2026-07,18,नरेन्द्र_मोदी,579
hi.wikiquote.org,2026-07,19,सदस्य_वार्ता:לערי_ריינהארט,553
hi.wikiquote.org,2026-07,20,रजनीश,552
hi.wikiquote.org,2026-07,21,मोहन_भागवत,532
hi.wikiquote.org,2026-07,22,महावीर_प्रसाद_द्विवेदी,529
hi.wikiquote.org,2026-07,23,भूषण_(कवि),503
hi.wikiquote.org,2026-07,24,मनु_स्मृति,460
hi.wikiquote.org,2026-07,25,विकिसूक्ति:समुदाय_पोर्टल,456
hi.wikiquote.org,2026-07,26,गौतम_बुद्ध,452
hi.wikiquote.org,2026-07,27,सदस्य_वार्ता:अनुनाद_सिंह,428
hi.wikiquote.org,2026-07,28,भारत,422
hi.wikiquote.org,2026-07,29,दयानन्द_सरस्वती,420
hi.wikiquote.org,2026-07,30,इमानुएल_कांट,416
hi.wikiquote.org,2026-07,31,तुलसीदास,409
hi.wikiquote.org,2026-07,32,वक्रोक्ति,405
hi.wikiquote.org,2026-07,33,विकिसूक्ति:अक्सर_पूछे_जाने_वाले_प्रश्न,397
hi.wikiquote.org,2026-07,34,संस्कृत_की_सूक्तियाँ_(हिन्दी_अर्थ_सहित)_०२,392
hi.wikiquote.org,2026-07,35,आयुर्वेद,383
hi.wikiquote.org,2026-07,36,योग,380
hi.wikiquote.org,2026-07,37,सुभाषित_/_सूक्ति_/_उद्धरण_/_उक्ति_/_उक्ति,342
hi.wikiquote.org,2026-07,38,रामचरितमानस,341
hi.wikiquote.org,2026-07,39,कालिदास,327
hi.wikiquote.org,2026-07,40,मूर्ख,323
hi.wikiquote.org,2026-07,41,महाभारत,316
hi.wikiquote.org,2026-07,42,मनोरोगविज्ञान,296
hi.wikiquote.org,2026-07,43,गुरु_गोरखनाथ,293
hi.wikiquote.org,2026-07,44,भारतेंदु_हरिश्चंद्र,289
hi.wikiquote.org,2026-07,45,कार्य,280
hi.wikiquote.org,2026-07,46,श्रीराम_शर्मा,277
hi.wikiquote.org,2026-07,47,संघर्ष,276
hi.wikiquote.org,2026-07,47,कामसूत्र,276
hi.wikiquote.org,2026-07,49,सुभाषित_सहस्र_(_सुभाषित_/_सूक्ति_/_उद्धरण_),267
hi.wikiquote.org,2026-07,50,राम,266
hi.wikibooks.org,2026-07,1,विशेष:खोज,96758
hi.wikibooks.org,2026-07,2,प्रार्थना/इतनी_शक्ति_हमें_देना_दाता,12789
hi.wikibooks.org,2026-07,3,रहीम_के_दोहे,6938
hi.wikibooks.org,2026-07,4,मुखपृष्ठ,5763
hi.wikibooks.org,2026-07,5,प्रार्थना/ऐ_मालिक_तेरे_बंदे_हम,5328
hi.wikibooks.org,2026-07,6,हिन्दी-संस्कृत_अनुवाद/हिंदी-संस्कृत_वाक्य_अनुवाद,3268
hi.wikibooks.org,2026-07,7,प्रार्थना/तू_ही_राम_है_तू_रहीम_है,3125
hi.wikibooks.org,2026-07,8,"प्रार्थना/तुम्हीं_हो_माता,_पिता_तुम्हीं_हो",2360
hi.wikibooks.org,2026-07,9,"प्रार्थना/हर_देश_में_तू,_हर_भेष_में_तू",2115
hi.wikibooks.org,2026-07,10,हिंदी_कविता_(रीतिकालीन)_सहायिका/केशवदास,2069
hi.wikibooks.org,2026-07,11,प्रार्थना/जयति_जय_जय_माँ_सरस्वती,2030
hi.wikibooks.org,2026-07,12,प्रार्थना/हमको_मन_की_शक्ति_देना,1981
hi.wikibooks.org,2026-07,13,प्रार्थना/दया_कर_दान_विद्या_का,1831
hi.wikibooks.org,2026-07,14,विकिपुस्तक:चौपाल/समाचार,1613
hi.wikibooks.org,2026-07,15,प्रार्थना/हे_शारदे_माँ,1554
hi.wikibooks.org,2026-07,16,हिन्दी_कविता_(मध्यकाल_और_आधुनिक_काल)_सहायिका/मैथिलीशरण_गुप्त_की_काव्यगत_विशेषताएं,1466
hi.wikibooks.org,2026-07,17,भारतीय_काव्यशास्त्र/काव्य_लक्षण,1435
hi.wikibooks.org,2026-07,18,"प्रार्थना/वर_दे,_वीणावादिनी_वर_दे",1339
hi.wikibooks.org,2026-07,19,प्रार्थना/सरस्वती_वंदना,1228
hi.wikibooks.org,2026-07,20,भाषा_विज्ञान_और_हिन्दी_भाषा/पूर्वी_हिन्दी_की_बोलियाँ_और_भाषागत_विशेषताएँ,1109
hi.wikibooks.org,2026-07,21,हिंदी_कहानी/छोटा_जादूगर,1062
hi.wikibooks.org,2026-07,22,व्याकरण_भास्कर/अनेक_शब्दों_के_लिए_एक_शब्द,1018
hi.wikibooks.org,2026-07,23,मनोविज्ञान_के_सिद्धान्त_व_प्रतिपादक/जनक,986
hi.wikibooks.org,2026-07,24,भाषा_शिक्षण/भाषा_कौशल,848
hi.wikibooks.org,2026-07,25,प्रार्थना/हे_प्रभो_आनंद-दाता_ज्ञान_हमको_दीजिए,831
hi.wikibooks.org,2026-07,26,सामान्य_अध्ययन_२०१९/चर्चित_व्यक्ति_और_पुरस्कार,814
hi.wikibooks.org,2026-07,27,साँचा:Documentation,793
hi.wikibooks.org,2026-07,28,"कार्यालयी_हिंदी/कार्यालयी_हिंदी_का_स्वरूप,_उद्देश्य_और_क्षेत्र",788
hi.wikibooks.org,2026-07,29,सिविल_सेवा_प्रारंभिक_परीक्षा_सहायिका/प्राचीन_भारत,771
hi.wikibooks.org,2026-07,30,प्रार्थना/हम_होंगे_कामयाब,761
hi.wikibooks.org,2026-07,31,भारतीय_काव्यशास्त्र/शब्द_शक्तियाँ,743
hi.wikibooks.org,2026-07,32,हिंदी_आलोचना_एवं_समकालीन_विमर्श/नामवर_सिंह_की_आलोचना_पद्धति,692
hi.wikibooks.org,2026-07,32,भारतीय_काव्यशास्त्र/काव्य_प्रयोजन,692
hi.wikibooks.org,2026-07,34,हिंदी_कविता_(रीतिकालीन)_सहायिका/गिरिधर_कविराय,684
hi.wikibooks.org,2026-07,35,लोक_प्रशासन_प्रश्नसमुच्चय--०१,682
hi.wikibooks.org,2026-07,36,हिंदी_भाषा_और_साहित्य_ख/केवट_प्रसंग,681
hi.wikibooks.org,2026-07,37,हिन्दी_भाषा_और_उसकी_लिपि_का_इतिहास/हिन्दी_भाषा:_क्षेत्र_और_बोलियाँ,670
hi.wikibooks.org,2026-07,38,प्रार्थना/हे_हंसवाहिनी_ज्ञानदायिनी,667
hi.wikibooks.org,2026-07,39,हिंदी_नाटक_और_एकांकी/ध्रुवस्वामिनी,664
hi.wikibooks.org,2026-07,39,आर्थिक_भूगोल/विश्व_में_परिवहन,664
hi.wikibooks.org,2026-07,41,विकिपुस्तक:Community_Portal,645
hi.wikibooks.org,2026-07,42,भारतीय_काव्यशास्त्र/काव्य_हेतु,600
hi.wikibooks.org,2026-07,43,पाश्चात्य_काव्यशास्त्र/उत्तर-आधुनिकता,584
hi.wikibooks.org,2026-07,44,मिश्रित_प्रश्नसमुच्चय-०७,583
hi.wikibooks.org,2026-07,45,हिन्दी_नाटक_का_इतिहास,562
hi.wikibooks.org,2026-07,45,हिंदी_साहित्य_का_सरल_इतिहास/भक्तिकाल,562
hi.wikibooks.org,2026-07,47,हिंदी_साहित्य_का_इतिहास_(आधुनिक_काल)/नई_कविता,556
hi.wikibooks.org,2026-07,48,आर्थिक_भूगोल/परिचय,545
hi.wikibooks.org,2026-07,49,शोध_:_प्रविधि_और_प्रक्रिया/शोध_क्या_है?,526
hi.wikibooks.org,2026-07,50,देशप्रेम_की_कविताएं/भारती_जय_विजय_करे_-_सूर्यकांत_त्रिपाठी_निराला,512
hi.wikiversity.org,2026-07,1,विशेष:खोज,5157
hi.wikiversity.org,2026-07,2,विकिविश्वविद्यालय:मुखपृष्ठ,3317
hi.wikiversity.org,2026-07,3,विशेष:RecentChanges,2611
hi.wikiversity.org,2026-07,4,भाषाविज्ञान/वाक्य_के_प्रकार,1134
hi.wikiversity.org,2026-07,5,भाषाविज्ञान/देवनागरी_लिपि_की_विशेषताएँ_एवं_सुधार_के_प्रयास,822
hi.wikiversity.org,2026-07,6,प्रबंधन_के_सिद्धांत,574
hi.wikiversity.org,2026-07,7,सदस्य_वार्ता:নাগরিক_সাংবাদিক_মনোনেশ_দাস,535
hi.wikiversity.org,2026-07,8,साँचा:Cite_news/doc,517
hi.wikiversity.org,2026-07,9,साहित्य_और_हिंदी_सिनेमा/हिंदी_सिनेमा_का_उद्‍भव_और_विकास,493
hi.wikiversity.org,2026-07,10,सदस्य_वार्ता:Ladsgroup,461
hi.wikiversity.org,2026-07,11,जातिवाचक_संज्ञा,419
hi.wikiversity.org,2026-07,12,Cite_web,358
hi.wikiversity.org,2026-07,13,प्रयोजनमूलक_हिंदी/हिंदी_में_पारिभाषिक_शब्द_निर्माण_प्रक्रिया_एवं_प्रस्तुति,335
hi.wikiversity.org,2026-07,14,भाषाविज्ञान/स्वन_और_वागीन्द्रिय,332
hi.wikiversity.org,2026-07,15,विकिविश्वविद्यालय:चौपाल,328
hi.wikiversity.org,2026-07,16,भारतीय_काव्यशास्त्र,317
hi.wikiversity.org,2026-07,17,विकिविश्वविद्यालय:चौपाल/समाचार,287
hi.wikiversity.org,2026-07,18,स्यूडोकोड,262
hi.wikiversity.org,2026-07,19,भाषाविज्ञान/अर्थ_परिवर्तन_के_कारण_और_दिशाएँ,249
hi.wikiversity.org,2026-07,20,भाषाविज्ञान/भाषा_की_परिभाषा_एवं_अभिलक्षण,244
hi.wikiversity.org,2026-07,21,तरंग,241
hi.wikiversity.org,2026-07,22,भाववाचक_संज्ञा,238
hi.wikiversity.org,2026-07,23,लिनक्स,234
hi.wikiversity.org,2026-07,24,आवर्त_सारणी,221
hi.wikiversity.org,2026-07,25,सदस्य_वार्ता:Bhanumatitrishna,217
hi.wikiversity.org,2026-07,26,सदस्य_वार्ता:Jayprakash12345,208
hi.wikiversity.org,2026-07,27,वोल्टेज,203
hi.wikiversity.org,2026-07,28,चंद्रमा,188
hi.wikiversity.org,2026-07,29,साँचा:Commons,176
hi.wikiversity.org,2026-07,30,बेसिक_कंप्यूटर_नेटवर्क_घटक,174
hi.wikiversity.org,2026-07,31,सौर_मंडल/सूर्य,170
hi.wikiversity.org,2026-07,32,भाषाविज्ञान/भाषा_की_परिवर्तनशीलता,169
hi.wikiversity.org,2026-07,33,फ्लो_चार्ट,155
hi.wikiversity.org,2026-07,34,कंप्यूटर_के_प्रकार,154
hi.wikiversity.org,2026-07,34,सौर_मंडल,154
hi.wikiversity.org,2026-07,36,सी_स्रोत_कोड,148
hi.wikiversity.org,2026-07,37,विकिस्रोत,142
hi.wikiversity.org,2026-07,38,लुआ/साइडबार,141
hi.wikiversity.org,2026-07,38,सदस्य_वार्ता:Guy_Macon,141
hi.wikiversity.org,2026-07,38,गणितीय_परिभाषा,141
hi.wikiversity.org,2026-07,41,आधुनिककालीन_हिंदी_भाषा_और_साहित्य_का_इतिहास/भारतेंदु_और_द्विवेदीयुगीन_काव्य-प्रवृत्तियाँ,138
hi.wikiversity.org,2026-07,42,अम्ल_और_क्षार_(रसायन_विज्ञान),133
hi.wikiversity.org,2026-07,43,प्रयोजनमूलक_हिंदी,125
hi.wikiversity.org,2026-07,44,विकिविश्वविद्यालय:परिचय,123
hi.wikiversity.org,2026-07,45,डायोड,121
hi.wikiversity.org,2026-07,46,About/Hi,120
hi.wikiversity.org,2026-07,47,विकिविश्वविद्यालय:प्रबंधक_नोटिसबोर्ड,117
hi.wikiversity.org,2026-07,47,22/2314,117
hi.wikiversity.org,2026-07,49,मॉड्यूल:Navbox,113
hi.wikiversity.org,2026-07,50,पानी,112
kn.wikipedia.org,2026-07,1,ಮುಖ್ಯ_ಪುಟ,30401
kn.wikipedia.org,2026-07,2,ವಿಶೇಷ:Search,9008
kn.wikipedia.org,2026-07,3,ಕುವೆಂಪು,8819
kn.wikipedia.org,2026-07,4,ಎಸ್._ಜಾನಕಿ,6947
kn.wikipedia.org,2026-07,5,ಕನ್ನಡ,6684
kn.wikipedia.org,2026-07,6,ಗುರು_ಪೂರ್ಣಿಮಾ,6309
kn.wikipedia.org,2026-07,7,ಸಹಾಯ:ಲಿಪ್ಯಂತರ,5678
kn.wikipedia.org,2026-07,8,ಹಡಪದ_ಅಪ್ಪಣ್ಣ,5643
kn.wikipedia.org,2026-07,9,ಭಾರತದ_ಸಂವಿಧಾನ,5328
kn.wikipedia.org,2026-07,10,ಜ್ಞಾನಪೀಠ_ಪ್ರಶಸ್ತಿ_ಪುರಸ್ಕೃತ_ಕನ್ನಡಿಗರು,5139
kn.wikipedia.org,2026-07,11,Special:RecentChanges,4715
kn.wikipedia.org,2026-07,12,ದ.ರಾ.ಬೇಂದ್ರೆ,4306
kn.wikipedia.org,2026-07,13,ಬಸವೇಶ್ವರ,3878
kn.wikipedia.org,2026-07,14,ಕನ್ನಡ_ಅಕ್ಷರಮಾಲೆ,3870
kn.wikipedia.org,2026-07,15,ಕನ್ನಡ_ಗುಣಿತಾಕ್ಷರಗಳು,3736
kn.wikipedia.org,2026-07,16,ಭಾರತದ_ಸ್ವಾತಂತ್ರ್ಯ_ದಿನಾಚರಣೆ,3579
kn.wikipedia.org,2026-07,17,ಕರ್ನಾಟಕದ_ಇತಿಹಾಸ,3290
kn.wikipedia.org,2026-07,18,ಭಾರತದ_ಚುನಾವಣಾ_ಆಯೋಗ,3257
kn.wikipedia.org,2026-07,19,ಕರ್ನಾಟಕ,3180
kn.wikipedia.org,2026-07,20,ಬಿ._ಆರ್._ಅಂಬೇಡ್ಕರ್,3174
kn.wikipedia.org,2026-07,21,ಕರ್ನಾಟಕದ_ವಿಧಾನ_ಸಭಾ_ಕ್ಷೇತ್ರಗಳು,3169
kn.wikipedia.org,2026-07,22,ಸಂಭೋಗ,3091
kn.wikipedia.org,2026-07,23,ಶಿವರಾಮ_ಕಾರಂತ,3066
kn.wikipedia.org,2026-07,24,ಜಗನ್ನಾಥ_ದೇವಾಲಯ,3046
kn.wikipedia.org,2026-07,25,ಫ.ಗು.ಹಳಕಟ್ಟಿ,2931
kn.wikipedia.org,2026-07,26,ಗೌತಮ_ಬುದ್ಧ,2830
kn.wikipedia.org,2026-07,27,ಕನ್ನಡ_ಸಾಹಿತ್ಯ,2766
kn.wikipedia.org,2026-07,28,ಜಿ.ಎಸ್.ಶಿವರುದ್ರಪ್ಪ,2673
kn.wikipedia.org,2026-07,29,ಮಹಾತ್ಮ_ಗಾಂಧಿ,2590
kn.wikipedia.org,2026-07,30,ಎ.ಪಿ.ಜೆ.ಅಬ್ದುಲ್_ಕಲಾಂ,2480
kn.wikipedia.org,2026-07,30,ಮಾಸ್ತಿ_ವೆಂಕಟೇಶ_ಅಯ್ಯಂಗಾರ್,2480
kn.wikipedia.org,2026-07,32,ಮೊದಲನೆಯ_ಕೆಂಪೇಗೌಡ,2255
kn.wikipedia.org,2026-07,33,ಚಂದ್ರಶೇಖರ_ಕಂಬಾರ,2229
kn.wikipedia.org,2026-07,34,ಡಿ.ವಿ.ಗುಂಡಪ್ಪ,2189
kn.wikipedia.org,2026-07,35,ಗೋವಿಂದ_ಪೈ,2108
kn.wikipedia.org,2026-07,36,ವಿಕಿಪೀಡಿಯ:ನಮ್ಮ_ಬಗ್ಗೆ,2077
kn.wikipedia.org,2026-07,37,ಸಲಹೆ,2004
kn.wikipedia.org,2026-07,38,ಪುರಂದರದಾಸ,1977
kn.wikipedia.org,2026-07,39,ಹಸ್ತ_ಮೈಥುನ,1976
kn.wikipedia.org,2026-07,40,ಹೆಚ್.ಡಿ.ದೇವೇಗೌಡ,1930
kn.wikipedia.org,2026-07,41,ಶ್ರೀ_ರಾಘವೇಂದ್ರ_ಸ್ವಾಮಿಗಳು,1897
kn.wikipedia.org,2026-07,42,ಕರ್ನಾಟಕದ_ನದಿಗಳು,1890
kn.wikipedia.org,2026-07,43,ನಾಲ್ವಡಿ_ಕೃಷ್ಣರಾಜ_ಒಡೆಯರು,1846
kn.wikipedia.org,2026-07,44,ಸಂಭೋಗ_ಭಂಗಿಗಳು,1802
kn.wikipedia.org,2026-07,45,ಹಲ್ಮಿಡಿ_ಶಾಸನ,1782
kn.wikipedia.org,2026-07,46,ವಿನಾಯಕ_ಕೃಷ್ಣ_ಗೋಕಾಕ,1751
kn.wikipedia.org,2026-07,47,ಅಕ್ಕಮಹಾದೇವಿ,1735
kn.wikipedia.org,2026-07,48,ಗಿರೀಶ್_ಕಾರ್ನಾಡ್,1710
kn.wikipedia.org,2026-07,49,ಭಗತ್_ಸಿಂಗ್,1706
kn.wikipedia.org,2026-07,50,ಚಿತ್ರ:University-of-Virginia-Rotunda.jpg,1689
kn.wiktionary.org,2026-07,1,ವಿಕ್ಷನರಿ:ಮುಖ್ಯ_ಪುಟ,12430
kn.wiktionary.org,2026-07,2,ವಿಶೇಷ:Search,9199
kn.wiktionary.org,2026-07,3,ಕನ್ನಡ,6711
kn.wiktionary.org,2026-07,4,ಸೂರ್ಯ,4277
kn.wiktionary.org,2026-07,5,ಬುದ್ಧಿ,3589
kn.wiktionary.org,2026-07,6,ವರ್ತಕ,2961
kn.wiktionary.org,2026-07,7,ಗುಂಪು,2934
kn.wiktionary.org,2026-07,8,ದೇಹ,2683
kn.wiktionary.org,2026-07,9,ಪರಾಕ್ರಮಿ,2666
kn.wiktionary.org,2026-07,10,ಮೋಡ,2535
kn.wiktionary.org,2026-07,11,ಪತ್ನಿ,2142
kn.wiktionary.org,2026-07,12,ಚಿನ್ನ,2123
kn.wiktionary.org,2026-07,13,ಕಾರ್ತಿಕೇಯ,2062
kn.wiktionary.org,2026-07,14,ವ್ಯಾಪಾರಿ,1965
kn.wiktionary.org,2026-07,15,ಇಂಗ್ಲಿಷ್,1779
kn.wiktionary.org,2026-07,16,ಸಮೂಹ,1678
kn.wiktionary.org,2026-07,17,ಗೋಳಾಟ,1650
kn.wiktionary.org,2026-07,18,ನದಿ,1547
kn.wiktionary.org,2026-07,19,ಭೂಮಿ,1539
kn.wiktionary.org,2026-07,20,ಮದನ,1520
kn.wiktionary.org,2026-07,21,ತಂಬೂರಿ,1474
kn.wiktionary.org,2026-07,22,ಚಂದ್ರ,1471
kn.wiktionary.org,2026-07,23,ತಾವರೆ,1461
kn.wiktionary.org,2026-07,24,ದೇವತೆಗಳ_ಒಡೆಯ,1438
kn.wiktionary.org,2026-07,25,ಕಾಂತಿ,1430
kn.wiktionary.org,2026-07,26,ನಿಸ್ಸಾರ,1422
kn.wiktionary.org,2026-07,27,ಮನ್ಮಥ,1356
kn.wiktionary.org,2026-07,28,ಪರ್ಯಾಯ_ಪದ,1315
kn.wiktionary.org,2026-07,29,ಮುತ್ತುಗದ_ಮರ,1283
kn.wiktionary.org,2026-07,30,ಅಕ್ಕಿ,1249
kn.wiktionary.org,2026-07,31,ಸಿಟ್ಟು,1247
kn.wiktionary.org,2026-07,32,ಕ್ರಮಬದ್ಧ,1194
kn.wiktionary.org,2026-07,33,ಬಿದಿರಿನ_ಬುಟ್ಟಿ.,1183
kn.wiktionary.org,2026-07,34,ಬ್ರಹ್ಮ,1127
kn.wiktionary.org,2026-07,35,ಹೊಳೆ,1105
kn.wiktionary.org,2026-07,36,ಸೂಚನೆ,1085
kn.wiktionary.org,2026-07,37,ಸಮಾನಾರ್ಥಕ,1057
kn.wiktionary.org,2026-07,38,ನಾಯಕ,1056
kn.wiktionary.org,2026-07,39,ಶರೀರ,927
kn.wiktionary.org,2026-07,40,ರವಿ,913
kn.wiktionary.org,2026-07,41,ಕುದುರೆ,889
kn.wiktionary.org,2026-07,42,ಸಾವಕಾಶ,853
kn.wiktionary.org,2026-07,43,ಮಿಂಚು,836
kn.wiktionary.org,2026-07,44,ಹವಳ,829
kn.wiktionary.org,2026-07,45,ಬಲವಂತ,820
kn.wiktionary.org,2026-07,46,ಹೆಂಡತಿ,809
kn.wiktionary.org,2026-07,47,ಪಂಡಿತ,804
kn.wiktionary.org,2026-07,48,ಬಟ್ಟೆ,799
kn.wiktionary.org,2026-07,49,ಶಾಲು,796
kn.wiktionary.org,2026-07,50,ಭಯಂಕರ,785
kn.wikisource.org,2026-07,1,ಭಾಗ್ಯದ_ಲಕ್ಷ್ಮೀ_ಬಾರಮ್ಮ,6979
kn.wikisource.org,2026-07,2,ಮುಖ್ಯ_ಪುಟ,5959
kn.wikisource.org,2026-07,3,ಗುರುವಿನ_ಗುಲಾಮ,3055
kn.wikisource.org,2026-07,4,ವಿಶೇಷ:RecentChanges,2841
kn.wikisource.org,2026-07,5,ಇಂದು_ಎನಗೆ_ಗೋವಿಂದ,2517
kn.wikisource.org,2026-07,6,ಹರಿಕಥಾಮೃತಸಾರ/_ಗಣಪತಿ_ಸಂಧಿ,1745
kn.wikisource.org,2026-07,7,ತಾಯಿ_ಶಾರದೆ_ಲೋಕ_ಪೂಜಿತೆ,1540
kn.wikisource.org,2026-07,8,ಮಹಾ_ಮೃತ್ಯುಂಜಯ_ಮಂತ್ರ,1460
kn.wikisource.org,2026-07,9,ನಮ್ಮಮ್ಮ_ಶಾರದೆ,1299
kn.wikisource.org,2026-07,10,ರಾಘವೆಂದ್ರ_ಹಾಡು-_ವಾರ_ಬಂತಮ್ಮ_ಗುರುವಾರ,1181
kn.wikisource.org,2026-07,11,ವಿಶೇಷ:Search,1074
kn.wikisource.org,2026-07,12,"ಹರಿಕಥಾಮೃತಸಾರ/ಪಿತೃಗಣ_ವಿಚಾರ_ಸಂಧಿ_(ಸರ್ವ_ಜೀವನ_ಕಲ್ಪ,_ಜೀವನ_ಪ್ರಕ್ರಿಯ)",1052
kn.wikisource.org,2026-07,13,ಹರಿಕಥಾಮೃತಸಾರ/ಮಂಗಳಾಚರಣ_ಸಂಧಿ,991
kn.wikisource.org,2026-07,14,ಮೈಸೂರು_ವಿಶ್ವವಿದ್ಯಾನಿಲಯ_ವಿಶ್ವಕೋಶ/ಕರ್ನಾಟಕ_(ವ್ಯುತ್ಪತ್ತಿ),985
kn.wikisource.org,2026-07,15,ಹಚ್ಚೇವು_ಕನ್ನಡದ_ದೀಪ,923
kn.wikisource.org,2026-07,16,ಮೈಸೂರು_ವಿಶ್ವವಿದ್ಯಾನಿಲಯ_ವಿಶ್ವಕೋಶ/ಕಪಿಲ,915
kn.wikisource.org,2026-07,17,ಪಂಪ:ಕವಿ-ಕೃತಿ_ಪರಿಚಯ,864
kn.wikisource.org,2026-07,18,ಇಳಿದು_ಬಾ_ತಾಯಿ_ಇಳಿದು_ಬಾ,780
kn.wikisource.org,2026-07,19,ಎಲ್ಲೋ_ಜೋಗಪ್ಪ_ನಿನ್ನ_ಅರಮಾನೆ,773
kn.wikisource.org,2026-07,20,ಹರಿಭಕ್ತಿಸಾರ,759
kn.wikisource.org,2026-07,21,ಮೈಸೂರು_ವಿಶ್ವವಿದ್ಯಾನಿಲಯ_ವಿಶ್ವಕೋಶ/ವಾಸ್ತವವಾದ,743
kn.wikisource.org,2026-07,22,ಮಹಾಗಣಪತಿಂ_ಮನಸಾ,729
kn.wikisource.org,2026-07,23,ಸರ್ವಜ್ಞನ_ವಚನಗಳು,694
kn.wikisource.org,2026-07,24,ಅರಿವಿನ_ಬಲದಿಂದ_ಕೆಲಬರು,691
kn.wikisource.org,2026-07,25,ಯಶೋಧರ_ಚರಿತೆ,671
kn.wikisource.org,2026-07,26,ಬಣ್ಣದ_ತಗಡಿನ_ತುತ್ತೂರಿ,643
kn.wikisource.org,2026-07,27,ಪುಟ:ವಾಲ್ಮೀಕಿ_ರಾಮಾಯಣ_-_ಶಾಪ_ಮತ್ತು_ವರ.pdf/೪೩೨,641
kn.wikisource.org,2026-07,28,ಹೊಸ_ಬೆಳಕು_-_ತೆರೆದಿದೆ_ಮನೆ,636
kn.wikisource.org,2026-07,29,ಪಂಪಭಾರತ,634
kn.wikisource.org,2026-07,30,ಕರುಣಿಸೋ_ರಂಗ,616
kn.wikisource.org,2026-07,31,ವಿಕಿಸೋರ್ಸ್:ಅರಳಿ_ಕಟ್ಟೆ,588
kn.wikisource.org,2026-07,32,ರಾಗಿ_ತಂದೀರಾ_ಭಿಕ್ಷಕೆ_ರಾಗಿ_ತಂದೀರಾ,574
kn.wikisource.org,2026-07,33,ಉಳ್ಳವರು_ಶಿವಾಲಯ_ಮಾಡಿಹರು,560
kn.wikisource.org,2026-07,34,ಪುಟ:ಕನಕದಾಸ_ಸಾಹಿತ್ಯ_ದರ್ಶನ_-_ಸಂಪುಟ_೨.pdf/೨,545
kn.wikisource.org,2026-07,35,ಅಂಬಿಗ_ನಾ_ನಿನ್ನ_ನಂಬಿದೆ,495
kn.wikisource.org,2026-07,36,ಕುಮಾರವ್ಯಾಸ_ಭಾರತ,491
kn.wikisource.org,2026-07,37,ಕಾರಿ_ಹೆಗ್ಗಡೆಯ_ಮಗಳು,482
kn.wikisource.org,2026-07,38,ಭಗವದ್ಗೀತೆ,472
kn.wikisource.org,2026-07,39,ದೀಪವು_ನಿನ್ನದೆ_ಗಾಳಿಯು_ನಿನ್ನದೆ,464
kn.wikisource.org,2026-07,40,ಜೈಮಿನಿ_ಭಾರತ,462
kn.wikisource.org,2026-07,41,ಹರಿಕಥಾಮೃತಸಾರ,459
kn.wikisource.org,2026-07,42,ಮೈಸೂರು_ವಿಶ್ವವಿದ್ಯಾನಿಲಯ_ವಿಶ್ವಕೋಶ/ಆದಿಶಂಕರಾಚಾರ್ಯ,436
kn.wikisource.org,2026-07,43,ಚಂದ್ರಚಕೋರಿ_-_ಅಂದಗಾತಿ_ಕಣ್ಣ_ತುಂಬ,433
kn.wikisource.org,2026-07,44,ಮೈಸೂರು_ವಿಶ್ವವಿದ್ಯಾನಿಲಯ_ವಿಶ್ವಕೋಶ/ತುಂಗಭದ್ರಾ_ಯೋಜನೆ,422
kn.wikisource.org,2026-07,45,ಮೈಸೂರು_ವಿಶ್ವವಿದ್ಯಾನಿಲಯ_ವಿಶ್ವಕೋಶ/ಕರ್ಣಾಟಕದ_ಧರ್ಮಗಳು,421
kn.wikisource.org,2026-07,46,ಮಂಕುತಿಮ್ಮನ_ಕಗ್ಗ_-_ಹುಲ್ಲಾಗು_ಬೆಟ್ಟದಡಿ,402
kn.wikisource.org,2026-07,47,ಹರಿಕಥಾಮೃತಸಾರ/ಕರುಣಾ_ಸಂಧಿ,400
kn.wikisource.org,2026-07,48,ದಾಸನ_ಮಾಡಿಕೊ_ಎನ್ನ,387
kn.wikisource.org,2026-07,49,ಪುರಂದರದಾಸರ_ಸಾಹಿತ್ಯ,376
kn.wikisource.org,2026-07,50,ಕುಮಾರವ್ಯಾಸ_ಭಾರತ/ಸಟೀಕಾ_(೧-ಆದಿಪರ್ವ::ಸಂಧಿ-೧),365
kn.wikiquote.org,2026-07,1,ವಿಶೇಷ:RecentChanges,10041
kn.wikiquote.org,2026-07,2,ಮುಖ್ಯ_ಪುಟ,2993
kn.wikiquote.org,2026-07,3,ಗಾದೆಗಳು,1264
kn.wikiquote.org,2026-07,4,ಬಬ್ರುವಾಹನ,1101
kn.wikiquote.org,2026-07,5,ವಿಕಿಕೋಟ್:ಅರಳಿ_ಕಟ್ಟೆ,1093
kn.wikiquote.org,2026-07,6,ವಿಕಿಕೋಟ್:Community_Portal,981
kn.wikiquote.org,2026-07,7,ಉತ್ತರ_ಕನ್ನಡದ_ಗಾದೆಗಳು,873
kn.wikiquote.org,2026-07,8,ತೂಕದ_ಮಾತು,816
kn.wikiquote.org,2026-07,9,ಕುವೆಂಪು,717
kn.wikiquote.org,2026-07,10,ವಾಲ್ಮೀಕಿ,696
kn.wikiquote.org,2026-07,11,ಬೋಧಿ_ವೃಕ್ಷ,682
kn.wikiquote.org,2026-07,12,ಟೆಂಪ್ಲೇಟು:Cite_web,579
kn.wikiquote.org,2026-07,13,ಮಹಾತ್ಮ_ಗಾಂಧಿ,514
kn.wikiquote.org,2026-07,14,ವಿಶೇಷ:Search,460
kn.wikiquote.org,2026-07,15,ಜ್ಞಾನ_ದೀವಿಗೆ,451
kn.wikiquote.org,2026-07,16,ಬಂಕಿಮ_ಚಂದ್ರ_ಚಟರ್ಜಿ,442
kn.wikiquote.org,2026-07,17,ಅಮಿತ್_ರೇ,418
kn.wikiquote.org,2026-07,18,ಸುಪ್ರಭಾತ,389
kn.wikiquote.org,2026-07,19,ಜೀತ್_ಥೈಲ್,380
kn.wikiquote.org,2026-07,20,ಸ್ವಾಮಿ_ವಿವೇಕಾನಂದ,364
kn.wikiquote.org,2026-07,21,ರಾಜರತ್ನಂ,360
kn.wikiquote.org,2026-07,22,ರವೀಂದ್ರನಾಥ_ಟ್ಯಾಗೋರ್,348
kn.wikiquote.org,2026-07,23,ಸಲ್ಮಾನ್_ರಶ್ದಿ,326
kn.wikiquote.org,2026-07,24,ಭಗವಾನ್_ಶ್ರೀ_ರಜನೀಶ್_(ಓಶೋ),322
kn.wikiquote.org,2026-07,25,ಶಿವರಾಮ_ಕಾರಂತ,305
kn.wikiquote.org,2026-07,26,ಚೆನ್ನುಡಿ,281
kn.wikiquote.org,2026-07,27,ಅರಿಸ್ಟಾಟಲ್,274
kn.wikiquote.org,2026-07,28,ವಿಕಿಕೋಟ್:ನಿರ್ವಾಹಕ_ಹಕ್ಕುಗಳ_ಮನವಿ_ಪುಟ,269
kn.wikiquote.org,2026-07,29,ವಿಕಿಕೋಟ್:ಉಲ್ಲೇಖೋತ್ಸವ/ಜುಲೈ_೨೦೨೫,259
kn.wikiquote.org,2026-07,30,ಪಿ._ವಿ._ನರಸಿಂಹ_ರಾವ್,258
kn.wikiquote.org,2026-07,31,ಚಿನ್ಮಯಾನಂದ_ಸರಸ್ವತಿ,247
kn.wikiquote.org,2026-07,32,ಸುಭಾಷಿತಗಳು,237
kn.wikiquote.org,2026-07,33,ವಿಕಿಕೋಟ್:ಉಲ್ಲೇಖೋತ್ಸವ/ಜುಲೈ_೨೦೨೫/ಅಂಕಿಅಂಶಗಳು,236
kn.wikiquote.org,2026-07,34,ಡಿ.ವಿ.ಜಿ.,235
kn.wikiquote.org,2026-07,35,ಹೊಂಗಿರಣ,224
kn.wikiquote.org,2026-07,36,ಎ.ಪಿ.ಜೆ._ಅಬ್ದುಲ್‌_ಕಲಾಂ,219
kn.wikiquote.org,2026-07,37,ಓಪ್ರಾ_ವಿನ್ಫ್ರೇ,210
kn.wikiquote.org,2026-07,38,ಚಾಣಕ್ಯ,208
kn.wikiquote.org,2026-07,39,ವಿಕಿಕೋಟ್:ಉಲ್ಲೇಖೋತ್ಸವ/ಜುಲೈ_೨೦೨೫/ಮಾಪನೆ,206
kn.wikiquote.org,2026-07,40,ತುಳಸೀದಾಸರು,202
kn.wikiquote.org,2026-07,41,ರಜನಿಕಾಂತ್,197
kn.wikiquote.org,2026-07,42,ಮಂಕುತಿಮ್ಮ,175
kn.wikiquote.org,2026-07,42,ಕೇಶವ_ಬಲಿರಾಮ್_ಹೆಡಗೇವಾರ್,175
kn.wikiquote.org,2026-07,44,ಇಂದಿರಾ_ಗಾಂಧಿ,171
kn.wikiquote.org,2026-07,45,ಲೀ_ಯಂಗ್-ಎ,162
kn.wikiquote.org,2026-07,46,ಭೀಮಸೇನ_ಜೋಷಿ,161
kn.wikiquote.org,2026-07,47,ಅ.ನ.ಕೃ.,159
kn.wikiquote.org,2026-07,47,ಬಸವೇಶ್ವರ,159
kn.wikiquote.org,2026-07,49,ಚಕ್_ಯೇಗರ್,157
kn.wikiquote.org,2026-07,49,ಪ್ರಭಾತ್_ಪಟ್ನಾಯಕ್,157
ks.wikipedia.org,2026-07,1,اَہَم_صَفہٕ,21084
ks.wikipedia.org,2026-07,2,Special:RecentChanges,5221
ks.wikipedia.org,2026-07,3,خاص:Search,5192
ks.wikipedia.org,2026-07,4,راوَلپِنڈی,2167
ks.wikipedia.org,2026-07,5,وِکیٖپیٖڈیا:عَوٲمی_اِظہارِ_لا_تولُقی,1897
ks.wikipedia.org,2026-07,6,وِکیٖپیٖڈیا:مُتلِق,1541
ks.wikipedia.org,2026-07,7,خاص:RecentChanges,1355
ks.wikipedia.org,2026-07,8,سونی_رازدان,1026
ks.wikipedia.org,2026-07,9,بھٹیارے,1023
ks.wikipedia.org,2026-07,10,سابرکانٹھا_ضِلہٕ,806
ks.wikipedia.org,2026-07,11,سورَو_جوشی,745
ks.wikipedia.org,2026-07,12,فَیِل:Sameera_Reddy_attends_Reebok_Fit_to_Fight_event_(11).jpg,661
ks.wikipedia.org,2026-07,13,وِکیٖپیٖڈیا:چوک,651
ks.wikipedia.org,2026-07,14,وِکیٖپیٖڈیا:مُتعلِق,611
ks.wikipedia.org,2026-07,15,وِکیٖپیٖڈیا:Sandbox,567
ks.wikipedia.org,2026-07,16,وِکیٖپیٖڈیا,521
ks.wikipedia.org,2026-07,17,مَدَتھ:مَواد,509
ks.wikipedia.org,2026-07,18,وِکیٖپیٖڈیا:مَضموٗن_تَخلیٖق_سٲتھی,469
ks.wikipedia.org,2026-07,19,ابراہیم_زولفقاری,458
ks.wikipedia.org,2026-07,20,وِکیٖپیٖڈیا:اؠسَمبَلی,448
ks.wikipedia.org,2026-07,21,وِکیٖپیٖڈیا:صٲرِف_ناو_پالسی,446
ks.wikipedia.org,2026-07,22,وِکیٖپیٖڈیا:رٲبطہٕ_صَفہٕ,406
ks.wikipedia.org,2026-07,23,وِکیٖمیٖڈیا_فاوٗنڈیشَن,367
ks.wikipedia.org,2026-07,24,انا_لله_و_انا_الیه_راجعون,365
ks.wikipedia.org,2026-07,25,غۄلام_نبی_آزاد,364
ks.wikipedia.org,2026-07,26,فَیِل:Vietnam_Coast_Guard_flag.svg,357
ks.wikipedia.org,2026-07,27,فرٛانِسسکو_لاچوسکی,355
ks.wikipedia.org,2026-07,28,Module:Databox,339
ks.wikipedia.org,2026-07,29,ہِیبتُ_اللہ_اَخُندزادہ,336
ks.wikipedia.org,2026-07,30,رؠزیڑینٛٹ_ایوٕل_(فلم_سیریز),317
ks.wikipedia.org,2026-07,31,مَدَتھ:تَعارُف,313
ks.wikipedia.org,2026-07,32,وِکیٖپیٖڈیا:موجوٗد_کالِک_واقعات,307
ks.wikipedia.org,2026-07,33,بیٚٹی_وائٹ,276
ks.wikipedia.org,2026-07,34,سَتیناپالے,267
ks.wikipedia.org,2026-07,35,جون_ایلیا,263
ks.wikipedia.org,2026-07,35,مَدَتھ:گۄڈٕ_کَتھ,263
ks.wikipedia.org,2026-07,37,انجینر_محمد_علی_مرزا,261
ks.wikipedia.org,2026-07,38,سکینہ_بِنٛت_حُسین,258
ks.wikipedia.org,2026-07,39,کٲشِر_زَبان,247
ks.wikipedia.org,2026-07,39,سٕٹرے_کِڈٕز,247
ks.wikipedia.org,2026-07,41,سیارا,235
ks.wikipedia.org,2026-07,42,اِنقِلاب_فرٛانٛس,228
ks.wikipedia.org,2026-07,43,فرحانہ_بھَٹ,227
ks.wikipedia.org,2026-07,44,رُکُن:EPIC,220
ks.wikipedia.org,2026-07,45,سَمے_راینا,219
ks.wikipedia.org,2026-07,46,احمد_التیجانی,215
ks.wikipedia.org,2026-07,47,کٲشُر_سیٚنِما,204
ks.wikipedia.org,2026-07,48,بَراک_اؤبامہ,199
ks.wikipedia.org,2026-07,49,اَنُشکا_سین,197
ks.wikipedia.org,2026-07,50,قم,186
ks.wiktionary.org,2026-07,1,اَہَم_صَفہٕ,3324
ks.wiktionary.org,2026-07,2,فَیِل:Yuuki_Konno_2018.jpg,1413
ks.wiktionary.org,2026-07,3,yesterday,1387
ks.wiktionary.org,2026-07,4,شےٚ,571
ks.wiktionary.org,2026-07,5,خاص:Search,549
ks.wiktionary.org,2026-07,6,مُستَقبَل,320
ks.wiktionary.org,2026-07,7,Jammu_and_Kashmir,282
ks.wiktionary.org,2026-07,8,لسان,259
ks.wiktionary.org,2026-07,8,Special:Search,259
ks.wiktionary.org,2026-07,10,tasse,246
ks.wiktionary.org,2026-07,11,ٹھوٗل,223
ks.wiktionary.org,2026-07,12,خاص:RecentChanges,217
ks.wiktionary.org,2026-07,13,hond,196
ks.wiktionary.org,2026-07,14,شیٖن,140
ks.wiktionary.org,2026-07,15,وِکیٖلۄغَتھ:چوک,130
ks.wiktionary.org,2026-07,16,وِکیٖلۄغَتھ:عَوٲمی_اِظہارِ_لا_تولُقی,112
ks.wiktionary.org,2026-07,17,فَیِل:Allah_God_Calligraphy.png,87
ks.wiktionary.org,2026-07,18,jueves,57
ks.wiktionary.org,2026-07,19,Dienstag,45
ks.wiktionary.org,2026-07,20,Donnerstag,44
ks.wiktionary.org,2026-07,21,mother-in-law,38
ks.wiktionary.org,2026-07,22,وِکیٖلۄغَتھ_کَتھ:چوک,36
ks.wiktionary.org,2026-07,23,co-mother-in-law,35
ks.wiktionary.org,2026-07,24,رُکُن_کَتھ:Imranqazi90,31
ks.wiktionary.org,2026-07,25,رُکُن:EPIC,30
ks.wiktionary.org,2026-07,25,رُکُن:Imranqazi90,30
ks.wiktionary.org,2026-07,27,son-in-law,28
ks.wiktionary.org,2026-07,28,five_hundred,27
ks.wiktionary.org,2026-07,28,کَتھ:اَہَم_صَفہٕ,27
ks.wiktionary.org,2026-07,30,وِکیٖلۄغَتھ:Statistics,26
ks.wiktionary.org,2026-07,31,رُکُن:TheVideoGamePhenom,25
ks.wiktionary.org,2026-07,32,paternal_uncle,24
ks.wiktionary.org,2026-07,32,one_hundred,24
ks.wiktionary.org,2026-07,32,trois,24
ks.wiktionary.org,2026-07,35,زٲژ:ڈَچ,23
ks.wiktionary.org,2026-07,35,hundred,23
ks.wiktionary.org,2026-07,35,hand,23
ks.wiktionary.org,2026-07,38,thirty-two,22
ks.wiktionary.org,2026-07,39,eighty-nine,21
ks.wiktionary.org,2026-07,39,زٲژ:آدیٖغی,21
ks.wiktionary.org,2026-07,41,eighty-one,20
ks.wiktionary.org,2026-07,42,eighteen,19
ks.wiktionary.org,2026-07,43,زٕتووُہ,18
ks.wiktionary.org,2026-07,44,رُکُن:Rishabhbhat,17
ks.wiktionary.org,2026-07,44,وِکیٖلۄغَتھ,17
ks.wiktionary.org,2026-07,46,زٲژ:پرٛون_ہِسپٲنوی_پؠٹھٕ_میٖلؠ‌مٕتؠ_ہِسپٲنوی_لَفٕظ,16
ks.wiktionary.org,2026-07,46,زٲژ:لاطیٖنی,16
ks.wiktionary.org,2026-07,48,doggess,15
ks.wiktionary.org,2026-07,49,mich,14
ks.wiktionary.org,2026-07,49,one,14
mai.wikipedia.org,2026-07,1,सम्मुख_पन्ना,56638
mai.wikipedia.org,2026-07,2,विशेष:RecentChanges,7542
mai.wikipedia.org,2026-07,3,विशेष:खोज,3178
mai.wikipedia.org,2026-07,4,मेरा_पिक,1890
mai.wikipedia.org,2026-07,5,Special:RecentChanges,1803
mai.wikipedia.org,2026-07,6,मन्दाकिनी_(अभिनेत्री),1742
mai.wikipedia.org,2026-07,7,गढवाल_(वंश),1736
mai.wikipedia.org,2026-07,8,रामानन्द_सागर,1735
mai.wikipedia.org,2026-07,9,छत्रकोट_गाउँपालिका,1719
mai.wikipedia.org,2026-07,10,ऋतु,1575
mai.wikipedia.org,2026-07,11,बादशाह_(गायक),1534
mai.wikipedia.org,2026-07,12,१_वर्ल्ड_ट्रेड_सेन्टर,1515
mai.wikipedia.org,2026-07,13,शाहरूख_खान,1495
mai.wikipedia.org,2026-07,14,नदिया_के_पार_(_१९८२_फिल्म),1461
mai.wikipedia.org,2026-07,15,रानी_कमलापति_रेलवे_स्टेशन,1448
mai.wikipedia.org,2026-07,16,ओम_प्रकाश_शर्मा,1441
mai.wikipedia.org,2026-07,17,सीताराम_झा,1383
mai.wikipedia.org,2026-07,18,नयाँ_मुलुक,1362
mai.wikipedia.org,2026-07,19,मोटु-पतलु,1355
mai.wikipedia.org,2026-07,20,ग्याङ्स_अफ_वासेपुर,1343
mai.wikipedia.org,2026-07,21,पटना_उच्च_न्यायालय,1339
mai.wikipedia.org,2026-07,22,वेश्यावृत्ति,1314
mai.wikipedia.org,2026-07,23,जगत_गोसाई,1305
mai.wikipedia.org,2026-07,24,निर्मला_पन्त_के_बलात्कार_आओर_हत्या_प्रकरण,1294
mai.wikipedia.org,2026-07,25,प्रचलित_मुद्रासभक_सूची,1288
mai.wikipedia.org,2026-07,26,स्कुस,1268
mai.wikipedia.org,2026-07,27,कोएल_मल्लिक,1266
mai.wikipedia.org,2026-07,28,नारायणमान_बिजुक्छे,1263
mai.wikipedia.org,2026-07,29,मिजोरम,1241
mai.wikipedia.org,2026-07,30,सिञ्जा_उपत्यका,1208
mai.wikipedia.org,2026-07,31,फाइल:Dimple_Yadav.jpg,1207
mai.wikipedia.org,2026-07,32,मधुश्रावणी,1205
mai.wikipedia.org,2026-07,33,झोझीकटैया,1142
mai.wikipedia.org,2026-07,34,सम्राट_अकबर,1135
mai.wikipedia.org,2026-07,35,किराँत_जाति,1129
mai.wikipedia.org,2026-07,36,अंशा_सयद,1120
mai.wikipedia.org,2026-07,37,कुमार_गंधर्व,1093
mai.wikipedia.org,2026-07,38,फिफा,1089
mai.wikipedia.org,2026-07,39,वड़ोदरा,1084
mai.wikipedia.org,2026-07,40,पुरी_जगन्नाध,1079
mai.wikipedia.org,2026-07,41,महाकाली_नगरपालिका,1069
mai.wikipedia.org,2026-07,42,रामदेव,1040
mai.wikipedia.org,2026-07,43,नेपाली_पर्वसभक_सूची,1037
mai.wikipedia.org,2026-07,44,तुलसीदास,1025
mai.wikipedia.org,2026-07,45,अब्दुल_कलाम,1019
mai.wikipedia.org,2026-07,46,नीता_अम्बानी,1011
mai.wikipedia.org,2026-07,47,जुनीचाँदे_गाउँपालिका,987
mai.wikipedia.org,2026-07,47,स्मृति_दिवस,987
mai.wikipedia.org,2026-07,49,पानी_पुरी,984
mai.wikipedia.org,2026-07,50,चाहत_खन्ना,973
ml.wikipedia.org,2026-07,1,പ്രധാന_താൾ,53359
ml.wikipedia.org,2026-07,2,വൈക്കം_മുഹമ്മദ്_ബഷീർ,32850
ml.wikipedia.org,2026-07,3,എസ്._ജാനകി,18880
ml.wikipedia.org,2026-07,4,പ്രത്യേകം:അന്വേഷണം,16112
ml.wikipedia.org,2026-07,5,ലാമിന്_യമാൽ,12657
ml.wikipedia.org,2026-07,6,പ്രത്യേകം:സമീപകാലമാറ്റങ്ങൾ,11167
ml.wikipedia.org,2026-07,7,കഥകളി,10343
ml.wikipedia.org,2026-07,8,ചാന്ദ്രദിനം,10146
ml.wikipedia.org,2026-07,9,ലയണൽ_മെസ്സി,8412
ml.wikipedia.org,2026-07,10,എർലിങ്_ഹാലൻഡ്,7265
ml.wikipedia.org,2026-07,11,ക്രിസ്റ്റ്യാനോ_റൊണാൾഡോ,6973
ml.wikipedia.org,2026-07,12,പാത്തുമ്മായുടെ_ആട്,6482
ml.wikipedia.org,2026-07,13,സോനം_വാങ്‌ചുക്,5901
ml.wikipedia.org,2026-07,14,കേപ്പ്_വേർഡ്,5512
ml.wikipedia.org,2026-07,15,മലയാളം,5392
ml.wikipedia.org,2026-07,16,അൽഫോൻസാമ്മ,5263
ml.wikipedia.org,2026-07,17,രാമായണം,5248
ml.wikipedia.org,2026-07,18,2026_ഫിഫ_ലോകകപ്പ്,5139
ml.wikipedia.org,2026-07,19,മലയാള_മനോരമ_ദിനപ്പത്രം,4853
ml.wikipedia.org,2026-07,20,ലോകകപ്പ്‌_ഫുട്ബോൾ,4427
ml.wikipedia.org,2026-07,21,ഡിയോഗോ_ജോട്ട,4420
ml.wikipedia.org,2026-07,22,സഹായം:To_Read_in_Malayalam,4323
ml.wikipedia.org,2026-07,23,വി.എസ്._അച്യുതാനന്ദൻ,4243
ml.wikipedia.org,2026-07,24,കുമാരനാശാൻ,4181
ml.wikipedia.org,2026-07,25,ബാല്യകാലസഖി,4180
ml.wikipedia.org,2026-07,26,സുകുമാരക്കുറുപ്പ്,3915
ml.wikipedia.org,2026-07,27,തോമാശ്ലീഹാ,3797
ml.wikipedia.org,2026-07,28,രബീന്ദ്രനാഥ്_ടാഗോർ,3760
ml.wikipedia.org,2026-07,29,മഹാത്മാ_ഗാന്ധി,3654
ml.wikipedia.org,2026-07,30,വള്ളത്തോൾ_നാരായണമേനോൻ,3588
ml.wikipedia.org,2026-07,31,നെയ്മർ,3577
ml.wikipedia.org,2026-07,32,ഐ.വി._ദാസ്,3551
ml.wikipedia.org,2026-07,33,കുഞ്ചൻ_നമ്പ്യാർ,3528
ml.wikipedia.org,2026-07,34,സുഗതകുമാരി,3525
ml.wikipedia.org,2026-07,35,തുഞ്ചത്തെഴുത്തച്ഛൻ,3510
ml.wikipedia.org,2026-07,36,എ.പി.ജെ._അബ്ദുൽ_കലാം,3359
ml.wikipedia.org,2026-07,37,ശ്രീനാരായണഗുരു,3294
ml.wikipedia.org,2026-07,38,കെ_വാസുകി,3167
ml.wikipedia.org,2026-07,39,മലയാളം_അക്ഷരമാല,3025
ml.wikipedia.org,2026-07,40,അർജന്റീന,2970
ml.wikipedia.org,2026-07,41,ലൈംഗികബന്ധം,2967
ml.wikipedia.org,2026-07,42,ചെറുശ്ശേരി,2935
ml.wikipedia.org,2026-07,43,ദശപുഷ്‌പങ്ങൾ,2898
ml.wikipedia.org,2026-07,44,പ്രധാൻമന്ത്രി_ജൻ_ധൻ_യോജന,2669
ml.wikipedia.org,2026-07,45,കേരളം,2643
ml.wikipedia.org,2026-07,46,കർക്കടകം,2622
ml.wikipedia.org,2026-07,47,രാപ്പകൽ,2621
ml.wikipedia.org,2026-07,48,ഒഡീസ്സി_(ഇതിഹാസം),2612
ml.wikipedia.org,2026-07,49,കോക്രോച്ച്_ജനതാ_പാർട്ടി,2487
ml.wikipedia.org,2026-07,50,സ്പെയിൻ,2416
ml.wiktionary.org,2026-07,1,പ്രധാന_താൾ,5958
ml.wiktionary.org,2026-07,2,പ്രത്യേകം:അന്വേഷണം,3522
ml.wiktionary.org,2026-07,3,ധനം,745
ml.wiktionary.org,2026-07,4,പട്ടി,653
ml.wiktionary.org,2026-07,5,പ്രത്യേകം:സമീപകാലമാറ്റങ്ങൾ,592
ml.wiktionary.org,2026-07,6,ഉപയോക്താവിന്റെ_സംവാദം:Freiheiten,541
ml.wiktionary.org,2026-07,7,പുഞ്ച,508
ml.wiktionary.org,2026-07,8,കന്മഷം,478
ml.wiktionary.org,2026-07,9,കുമ്മായം,470
ml.wiktionary.org,2026-07,10,പ്രേക്ഷകൻ,433
ml.wiktionary.org,2026-07,11,ഇന്ദുഗോപം,363
ml.wiktionary.org,2026-07,12,താത്ത,320
ml.wiktionary.org,2026-07,13,തീട്ടം,314
ml.wiktionary.org,2026-07,14,നാട്,284
ml.wiktionary.org,2026-07,14,വിക്കിനിഘണ്ടു:വിവരണം,284
ml.wiktionary.org,2026-07,16,കർത്താവ്,275
ml.wiktionary.org,2026-07,17,john,261
ml.wiktionary.org,2026-07,18,മരം,255
ml.wiktionary.org,2026-07,19,ചക്രം,239
ml.wiktionary.org,2026-07,20,വിക്കിനിഘണ്ടു:പഞ്ചായത്ത്,227
ml.wiktionary.org,2026-07,21,വിക്കിനിഘണ്ടു:സമകാലികം,217
ml.wiktionary.org,2026-07,22,hasta_la_vista,201
ml.wiktionary.org,2026-07,23,ഉപയോക്താവിന്റെ_സംവാദം:Sriveenkat,196
ml.wiktionary.org,2026-07,24,ചടുലത,195
ml.wiktionary.org,2026-07,25,ധാർഷ്ട്യം,191
ml.wiktionary.org,2026-07,26,വിക്കിനിഘണ്ടു:കളരി,189
ml.wiktionary.org,2026-07,27,കഴപ്പ്,184
ml.wiktionary.org,2026-07,28,about,176
ml.wiktionary.org,2026-07,29,വൃത്തികെട്ട,170
ml.wiktionary.org,2026-07,30,മനുഷ്യന്‍,159
ml.wiktionary.org,2026-07,31,വെള്ളം,155
ml.wiktionary.org,2026-07,32,സഹായം:ഐ.ആർ.സി.,151
ml.wiktionary.org,2026-07,33,ആയുത,148
ml.wiktionary.org,2026-07,34,മുഖപടം,147
ml.wiktionary.org,2026-07,35,ഉപയോക്താവിന്റെ_സംവാദം:Vis_M,134
ml.wiktionary.org,2026-07,36,പുച്ഛം,129
ml.wiktionary.org,2026-07,37,അമ്മ,127
ml.wiktionary.org,2026-07,38,പിരിച്ചെഴുതുക,123
ml.wiktionary.org,2026-07,39,ചന്ദ്രൻ,107
ml.wiktionary.org,2026-07,40,alarum,105
ml.wiktionary.org,2026-07,41,വർഗ്ഗം:വിക്കിനിഘണ്ടുവിലെ_നയങ്ങളും_മാർഗ്ഗരേഖകളും,104
ml.wiktionary.org,2026-07,41,ഈർക്കിൽ,104
ml.wiktionary.org,2026-07,43,സാന്നിദ്ധ്യം,101
ml.wiktionary.org,2026-07,44,പൂറ്,100
ml.wiktionary.org,2026-07,45,കള്ളിമുണ്ട്,99
ml.wiktionary.org,2026-07,46,കണ്ടി,96
ml.wiktionary.org,2026-07,47,വർഗ്ഗം:മലയാളം_നാമങ്ങൾ,94
ml.wiktionary.org,2026-07,48,സംവാദം:പ്രധാന_താൾ,93
ml.wiktionary.org,2026-07,49,മനോഹരം,92
ml.wiktionary.org,2026-07,49,വിക്കിനിഘണ്ടു:ഉള്ളടക്കം,92
ml.wikisource.org,2026-07,1,ഹരിനാമകീർത്തനം,9717
ml.wikisource.org,2026-07,2,അദ്ധ്യാത്മരാമായണം_കിളിപ്പാട്ട്/ബാലകാണ്ഡം,7635
ml.wikisource.org,2026-07,3,പ്രധാന_താൾ,6151
ml.wikisource.org,2026-07,4,നവഗ്രഹ_സ്തോത്രം,5921
ml.wikisource.org,2026-07,5,നാരായണീയം/ദശകം_ഒന്ന്,5826
ml.wikisource.org,2026-07,6,അദ്ധ്യാത്മരാമായണം_കിളിപ്പാട്ട്,5717
ml.wikisource.org,2026-07,7,പ്രത്യേകം:അന്വേഷണം,4401
ml.wikisource.org,2026-07,8,ശ്രീ_ലളിതാസഹസ്രനാമം,3701
ml.wikisource.org,2026-07,9,ജ്ഞാനപ്പാന,3607
ml.wikisource.org,2026-07,10,നാരായണീയം/ദശകം_നൂറ്,2942
ml.wikisource.org,2026-07,11,അദ്ധ്യാത്മരാമായണം_കിളിപ്പാട്ട്/അയോദ്ധ്യാകാണ്ഡം,2591
ml.wikisource.org,2026-07,12,ശ്രീമഹാഭാഗവതം/ഭാഗവതകീർത്തനം,2436
ml.wikisource.org,2026-07,13,അദ്ധ്യാത്മരാമായണം_കിളിപ്പാട്ട്/സുന്ദരകാണ്ഡം,2345
ml.wikisource.org,2026-07,14,അദ്ധ്യാത്മരാമായണം_കിളിപ്പാട്ട്/ബാലകാണ്ഡം/ഇഷ്ടദേവതാവന്ദനം,2024
ml.wikisource.org,2026-07,15,സത്യവേദപുസ്തകം/യെഹെസ്കേൽ/അദ്ധ്യായം_38,1572
ml.wikisource.org,2026-07,16,ശ്യാമളാദണ്ഡകം,1401
ml.wikisource.org,2026-07,17,കുചേലവൃത്തം_വഞ്ചിപ്പാട്ട്,1356
ml.wikisource.org,2026-07,18,ശ്രീരാമ_സന്ധ്യാനാമം,1337
ml.wikisource.org,2026-07,19,മലയാള_പഴഞ്ചൊല്ലുകൾ,1315
ml.wikisource.org,2026-07,20,ശ്രീമഹാഭാഗവതം/മുകുന്ദാഷ്ടകം,1286
ml.wikisource.org,2026-07,21,വീണ_പൂവ്,1271
ml.wikisource.org,2026-07,22,അദ്ധ്യാത്മരാമായണം_കിളിപ്പാട്ട്/ആരണ്യകാണ്ഡം,1261
ml.wikisource.org,2026-07,23,വിഷ്ണുഭുജങ്ഗപ്രയാതസ്തോത്രം,1091
ml.wikisource.org,2026-07,24,ചണ്ഡാലഭിക്ഷുകി,1088
ml.wikisource.org,2026-07,25,ഉപനിഷത്തുകൾ/രുദ്രാക്ഷജാബാലോപനിഷദ്,1076
ml.wikisource.org,2026-07,26,ശിവസ്തോത്രമാല,1045
ml.wikisource.org,2026-07,27,മുഹ്‌യദ്ദീൻ_മാല,1032
ml.wikisource.org,2026-07,28,അദ്ധ്യാത്മരാമായണം_കിളിപ്പാട്ട്/ബാലകാണ്ഡം/ഉമാമഹേശ്വരസംവാദം,1016
ml.wikisource.org,2026-07,29,അദ്ധ്യാത്മരാമായണം_കിളിപ്പാട്ട്/ബാലകാണ്ഡം/രാമായണമാഹാത്മ്യം,993
ml.wikisource.org,2026-07,30,ചിന്താവിഷ്ടയായ_സീത,978
ml.wikisource.org,2026-07,31,ശ്രീമഹാഭാഗവതം/ഹരിനാമകീർത്തനം,919
ml.wikisource.org,2026-07,32,ഐതിഹ്യമാല,863
ml.wikisource.org,2026-07,33,ഗീതഗോവിന്ദം/അഷ്ടപദി_1,838
ml.wikisource.org,2026-07,34,സൂചിക:Pellisum_Melisandayum_(Changampuzha).pdf,836
ml.wikisource.org,2026-07,35,ശ്രീമദ്_ഭാഗവതം_(മൂലം),834
ml.wikisource.org,2026-07,36,നാരായണീയം/ദശകം_രണ്ട്,824
ml.wikisource.org,2026-07,37,A_Malayalam_and_English_dictionary/പ-മ,808
ml.wikisource.org,2026-07,38,ദേവീമാഹാത്മ്യം_കിളിപ്പാട്ട്,795
ml.wikisource.org,2026-07,39,ജ്യോതിഷവും_ജ്യോതിശ്ശാസ്ത്രവും,780
ml.wikisource.org,2026-07,40,സമയമാം_രഥത്തിൽ_ഞാൻ,775
ml.wikisource.org,2026-07,41,അദ്ധ്യാത്മരാമായണം_കിളിപ്പാട്ട്/സുന്ദരകാണ്ഡം/സമുദ്രലംഘനം,771
ml.wikisource.org,2026-07,42,കൃഷ്ണഗാഥ,756
ml.wikisource.org,2026-07,43,ആത്മോപദേശശതകം,753
ml.wikisource.org,2026-07,44,നരനായിങ്ങനെ,752
ml.wikisource.org,2026-07,45,എന്റെ_ദൈവം_മഹത്വത്തിൽ,727
ml.wikisource.org,2026-07,46,കരുണ,709
ml.wikisource.org,2026-07,47,A_Malayalam_and_English_dictionary/ത-ന,672
ml.wikisource.org,2026-07,48,വിശ്വനാഥാഷ്ടകം,644
ml.wikisource.org,2026-07,49,അദ്ധ്യാത്മരാമായണം_കിളിപ്പാട്ട്/ബാലകാണ്ഡം/ഹനുമാനു_തത്ത്വോപദേശം,641
ml.wikisource.org,2026-07,50,A_Malayalam_and_English_dictionary/അ-അഃ,632
ml.wikiquote.org,2026-07,1,കുസൃതി_ചോദ്യങ്ങൾ,10806
ml.wikiquote.org,2026-07,2,പ്രധാന_താൾ,3889
ml.wikiquote.org,2026-07,3,പ്രത്യേകം:അന്വേഷണം,2840
ml.wikiquote.org,2026-07,4,കടങ്കഥകൾ,2376
ml.wikiquote.org,2026-07,5,വിക്കിചൊല്ലുകൾ:പഞ്ചായത്ത്,2347
ml.wikiquote.org,2026-07,6,പഴഞ്ചൊല്ലുകൾ/പ,2079
ml.wikiquote.org,2026-07,7,കേരള_വർമ്മ_പഴശ്ശിരാജ_(ചലച്ചിത്രം),1400
ml.wikiquote.org,2026-07,8,പഴഞ്ചൊല്ലുകൾ/അക്ഷരമാലാക്രമത്തിൽ,1251
ml.wikiquote.org,2026-07,9,പഴഞ്ചൊല്ലുകൾ,1148
ml.wikiquote.org,2026-07,9,പണം,1148
ml.wikiquote.org,2026-07,11,ഭ്രമരം,977
ml.wikiquote.org,2026-07,12,പഴഞ്ചൊല്ലുകൾ/ക,805
ml.wikiquote.org,2026-07,13,പ്രത്യേകം:സമീപകാലമാറ്റങ്ങൾ,776
ml.wikiquote.org,2026-07,14,മഹദ്വചനങ്ങൾ,664
ml.wikiquote.org,2026-07,15,ഉപയോക്താവിന്റെ_സംവാദം:മാതൃകാ_ഉപയോക്താവ്,556
ml.wikiquote.org,2026-07,16,സ്ത്രീ,546
ml.wikiquote.org,2026-07,17,ശൈലികൾ,525
ml.wikiquote.org,2026-07,18,സൗഹൃദം,503
ml.wikiquote.org,2026-07,19,മനേക_ഗാന്ധി,493
ml.wikiquote.org,2026-07,20,ബൈബിൾ,489
ml.wikiquote.org,2026-07,21,ആന,484
ml.wikiquote.org,2026-07,22,ചങ്ങമ്പുഴ_കൃഷ്ണപിള്ള,439
ml.wikiquote.org,2026-07,23,കുട്ടികൾ,434
ml.wikiquote.org,2026-07,24,മരണം,402
ml.wikiquote.org,2026-07,25,മുഹമ്മദ്_നബി,398
ml.wikiquote.org,2026-07,26,ഉപയോക്താവിന്റെ_സംവാദം:タチコマ_robot,396
ml.wikiquote.org,2026-07,27,ഒ.എൻ.വി._കുറുപ്പ്,382
ml.wikiquote.org,2026-07,28,ആറാം_തമ്പുരാൻ,373
ml.wikiquote.org,2026-07,29,പുസ്തകങ്ങൾ,365
ml.wikiquote.org,2026-07,30,വൈക്കം_മുഹമ്മദ്_ബഷീർ,361
ml.wikiquote.org,2026-07,30,ചലച്ചിത്രം,361
ml.wikiquote.org,2026-07,32,വിക്കിചൊല്ലുകൾ:കാര്യനിർവാഹകരുടെ_തിരഞ്ഞെടുപ്പ്,358
ml.wikiquote.org,2026-07,33,ഉപയോക്താവിന്റെ_സംവാദം:Akhilsunnithan,351
ml.wikiquote.org,2026-07,34,ഉള്ളൂർ_എസ്._പരമേശ്വരയ്യർ,349
ml.wikiquote.org,2026-07,35,ഗൗതമബുദ്ധൻ,325
ml.wikiquote.org,2026-07,36,അബ്രഹാം_ലിങ്കൺ,312
ml.wikiquote.org,2026-07,37,പഴഞ്ചൊല്ലുകൾ/അ,309
ml.wikiquote.org,2026-07,38,ഹോർഹെ_ലൂയി_ബോർഹെ,300
ml.wikiquote.org,2026-07,39,കാക്ക,297
ml.wikiquote.org,2026-07,40,വള്ളത്തോൾ,295
ml.wikiquote.org,2026-07,41,മഹാത്മാ_ഗാന്ധി,287
ml.wikiquote.org,2026-07,42,ഫലകം:Prettyurl,286
ml.wikiquote.org,2026-07,43,മാവേലി_നാടു_വാണീടും_കാലം,283
ml.wikiquote.org,2026-07,44,കുഞ്ചൻ_നമ്പ്യാർ,279
ml.wikiquote.org,2026-07,45,ഖലീഫാ_ഉമർ,271
ml.wikiquote.org,2026-07,46,നരസിംഹം,266
ml.wikiquote.org,2026-07,47,സ്വാമി_വിവേകാനന്ദൻ,265
ml.wikiquote.org,2026-07,47,യേശു,265
ml.wikiquote.org,2026-07,49,രാവണപ്രഭു,263
ml.wikiquote.org,2026-07,49,നായ,263
ml.wikibooks.org,2026-07,1,പ്രത്യേകം:അന്വേഷണം,43195
ml.wikibooks.org,2026-07,2,പ്രധാന_താൾ,6562
ml.wikibooks.org,2026-07,3,പാചകപുസ്തകം:ഉള്ളടക്കം,2884
ml.wikibooks.org,2026-07,4,രഘുവംശം,1712
ml.wikibooks.org,2026-07,5,ഉപയോക്താവിന്റെ_സംവാദം:Jyothis,555
ml.wikibooks.org,2026-07,6,വിക്കിപീഡിയ_കൈപ്പുസ്തകം/മലയാളം_വിക്കിപീഡിയ,436
ml.wikibooks.org,2026-07,7,പ്രത്യേകം:സമീപകാലമാറ്റങ്ങൾ,356
ml.wikibooks.org,2026-07,8,വിക്കി_പുസ്തകശാല:Community_Portal,327
ml.wikibooks.org,2026-07,9,പ്രധാനപ്പെട്ട_ദിവസങ്ങൾ,209
ml.wikibooks.org,2026-07,10,കേക,197
ml.wikibooks.org,2026-07,11,ലാടെക്ക്,133
ml.wikibooks.org,2026-07,12,ഉപയോക്താവിന്റെ_സംവാദം:Libperry,115
ml.wikibooks.org,2026-07,13,വിക്കിപാഠശാല:വിവരണം,105
ml.wikibooks.org,2026-07,14,ഇതിഹാസങ്ങൾ,99
ml.wikibooks.org,2026-07,15,മഹാകാവ്യങ്ങൾ,97
ml.wikibooks.org,2026-07,16,അധ്യാത്മരാമായണം_കിളിപ്പാട്ട്,77
ml.wikibooks.org,2026-07,17,GNU/Linux,66
ml.wikibooks.org,2026-07,18,അലങ്കാരം/ഉപമ,62
ml.wikibooks.org,2026-07,19,Main_Page,61
ml.wikibooks.org,2026-07,20,വിക്കിപാഠശാല:പഞ്ചായത്ത്_(സാങ്കേതികം),58
ml.wikibooks.org,2026-07,21,വിക്കിപാഠശാല:മെയിലിങ്ങ്_ലിസ്റ്റ്,57
ml.wikibooks.org,2026-07,22,അങ്കഗണിതം,55
ml.wikibooks.org,2026-07,23,അലങ്കാരം,54
ml.wikibooks.org,2026-07,24,ഉപയോക്താവിന്റെ_സംവാദം:Jugunu,53
ml.wikibooks.org,2026-07,24,ഉപയോക്താവിന്റെ_സംവാദം:Plutus/മാധ്യമങ്ങൾ,53
ml.wikibooks.org,2026-07,26,വർഗ്ഗം:പ്രധാന_താൾ,52
ml.wikibooks.org,2026-07,27,വിഷയം:ശാസ്ത്രം,51
ml.wikibooks.org,2026-07,27,ഉപയോക്താവിന്റെ_സംവാദം:Ah3kal,51
ml.wikibooks.org,2026-07,29,വർഗ്ഗം:വിക്കിപാഠശാലയിലെ_നയങ്ങളും_മാർഗ്ഗരേഖകളും,49
ml.wikibooks.org,2026-07,30,വ്യവഹാരരൂപങ്ങൾ,45
ml.wikibooks.org,2026-07,31,വിക്കിപാഠശാല:ഐ.ആർ.സി.,44
ml.wikibooks.org,2026-07,32,ഉപയോക്താവ്:SterkeBak,40
ml.wikibooks.org,2026-07,32,മലയാളം_കമ്പ്യൂട്ടിങ്ങ്/യുണീക്കോഡ്_ഫോണ്ടുകൾ,40
ml.wikibooks.org,2026-07,32,വർഗ്ഗം:സഹായക_താളുകൾ,40
ml.wikibooks.org,2026-07,35,വിക്കിപാഠശാല:കളരി,38
ml.wikibooks.org,2026-07,35,സഹായം:വിവരണം,38
ml.wikibooks.org,2026-07,35,അലങ്കാരം/ഉൽപ്രേക്ഷ,38
ml.wikibooks.org,2026-07,38,പാചകപുസ്തകം:മധുരം_ദോശ,37
ml.wikibooks.org,2026-07,39,ഉപയോക്താവ്:Bennylin,36
ml.wikibooks.org,2026-07,40,മിത്രഭേദം,35
ml.wikibooks.org,2026-07,40,വിഷയം:സാമൂഹികശാസ്ത്രങ്ങൾ,35
ml.wikibooks.org,2026-07,40,വിഷയം:ഭാഷ,35
ml.wikibooks.org,2026-07,43,വിക്കിപാഠശാല:കളരി/പാചകപുസ്തകം,34
ml.wikibooks.org,2026-07,43,വിക്കിപാഠശാല:പഞ്ചായത്ത്,34
ml.wikibooks.org,2026-07,45,വിക്കിപാഠശാല:എന്താണ്‌_വിക്കിപാഠശാല,33
ml.wikibooks.org,2026-07,45,വിക്കിപാഠശാല:അക്ഷരമാലക്രമത്തിൽ,33
ml.wikibooks.org,2026-07,47,അച്ചടി,32
ml.wikibooks.org,2026-07,47,ഉപയോക്താവിന്റെ_സംവാദം:Reema~mlwikibooks,32
ml.wikibooks.org,2026-07,49,സഹായം:ഐ.ആർ.സി.,31
ml.wikibooks.org,2026-07,49,ഉപയോക്താവ്:Pratyya_Ghosh,31
mni.wikipedia.org,2026-07,1,ꯑꯈꯟꯅꯕ:Search,53189
mni.wikipedia.org,2026-07,2,ꯃꯔꯨꯑꯣꯏꯕ_ꯂꯃꯥꯏ,25095
mni.wikipedia.org,2026-07,3,ꯑꯈꯟꯅꯕ:RecentChanges,4859
mni.wikipedia.org,2026-07,4,꯱꯲꯰꯶,4561
mni.wikipedia.org,2026-07,5,꯱꯳꯲꯷,4490
mni.wikipedia.org,2026-07,6,ꯇꯦꯝꯄ꯭ꯂꯦꯠ:Reflist,4487
mni.wikipedia.org,2026-07,7,꯱꯳꯲꯸,4240
mni.wikipedia.org,2026-07,8,꯱꯳꯲꯹,2854
mni.wikipedia.org,2026-07,9,ꯃꯥꯂꯦꯝ_ꯅꯤꯡꯊꯧꯖꯥ,2578
mni.wikipedia.org,2026-07,10,ꯐꯥꯏꯜ:COVID-19-Pandemie_-_CZ_(Tschechien)_-_Tote_(800px).svg,2292
mni.wikipedia.org,2026-07,11,꯱꯱꯹꯰,2208
mni.wikipedia.org,2026-07,12,ꯁꯤꯖꯤꯟꯅꯔꯤꯕ_ꯋꯥ_ꯍꯥꯏꯐꯝ:Haoreima,1955
mni.wikipedia.org,2026-07,13,ꯁꯤꯖꯤꯟꯅꯔꯤꯕ_ꯋꯥ_ꯍꯥꯏꯐꯝ:Luwanglinux,1733
mni.wikipedia.org,2026-07,14,ꯋꯤꯀꯤꯄꯦꯗꯤꯌꯥ:ꯃꯤꯌꯥꯝꯒꯤ_ꯄꯨꯟꯐꯝ_ꯌꯥꯎꯐꯝ,1690
mni.wikipedia.org,2026-07,15,ꯁꯤꯖꯤꯟꯅꯔꯤꯕ:Haoreima/sandbox,1664
mni.wikipedia.org,2026-07,16,꯱꯲꯸꯴,1583
mni.wikipedia.org,2026-07,17,ꯃꯤꯇꯩꯂꯣꯟ,1522
mni.wikipedia.org,2026-07,18,ꯋꯥ_ꯍꯥꯏꯐꯝ:ꯃꯔꯨꯑꯣꯏꯕ_ꯂꯃꯥꯏ,1276
mni.wikipedia.org,2026-07,19,ꯃꯤꯇꯩ_ꯃꯃꯤꯡꯁꯤꯡ,1161
mni.wikipedia.org,2026-07,20,ꯇ꯭ꯋꯤꯠꯇꯔ,1127
mni.wikipedia.org,2026-07,21,Special:RecentChanges,1077
mni.wikipedia.org,2026-07,22,ꯃꯅꯤꯄꯨꯔꯒꯤ_ꯃꯃꯤ_ꯀꯨꯝꯃꯩ,1043
mni.wikipedia.org,2026-07,23,꯱꯲꯶꯳,991
mni.wikipedia.org,2026-07,24,꯱꯲꯰꯴,985
mni.wikipedia.org,2026-07,25,ꯃꯥꯂꯦꯝ_ꯄꯨꯝꯕꯗ_ꯂꯩꯔꯤꯕ_ꯂꯩꯄꯥꯛ_ꯃꯌꯥꯝ,976
mni.wikipedia.org,2026-07,26,ꯇꯤ,951
mni.wikipedia.org,2026-07,27,ꯃꯤꯇꯩ_ꯃꯌꯦꯛ,903
mni.wikipedia.org,2026-07,28,ꯁꯤꯖꯤꯟꯅꯔꯤꯕ_ꯋꯥ_ꯍꯥꯏꯐꯝ:Awangba_Mangang,902
mni.wikipedia.org,2026-07,29,ꯀꯪꯂꯩꯄꯥꯛꯀꯤ_ꯄꯨꯋꯥꯔꯤ,880
mni.wikipedia.org,2026-07,29,꯱꯲꯳꯷,880
mni.wikipedia.org,2026-07,31,꯱꯲꯹꯶,858
mni.wikipedia.org,2026-07,32,ꯅꯨꯃꯤꯠ_ꯀꯥꯞꯄ,843
mni.wikipedia.org,2026-07,33,꯱꯲꯹꯴,840
mni.wikipedia.org,2026-07,34,꯱꯳꯲꯱,839
mni.wikipedia.org,2026-07,35,ꯋꯤꯀꯤꯄꯦꯗꯤꯌꯥ:ꯁꯤꯟ_ꯁꯥꯔꯣꯜ_ꯄꯥꯎ,826
mni.wikipedia.org,2026-07,36,꯱꯲꯴꯴,814
mni.wikipedia.org,2026-07,37,꯱꯲꯱꯳,810
mni.wikipedia.org,2026-07,38,꯱꯲꯱꯴,809
mni.wikipedia.org,2026-07,39,꯱꯲꯱꯹,806
mni.wikipedia.org,2026-07,40,ꯐꯝꯄꯤ_ꯆꯠꯄ,784
mni.wikipedia.org,2026-07,41,ꯋꯤꯀꯤꯄꯦꯗꯤꯌꯥ:GUS2Wiki,782
mni.wikipedia.org,2026-07,42,ꯄꯥꯟꯊꯣꯏꯄꯤ,778
mni.wikipedia.org,2026-07,43,ꯁꯅꯥꯃꯍꯤ_ꯂꯥꯏꯅꯤꯡ,774
mni.wikipedia.org,2026-07,44,꯱꯲꯵꯲,770
mni.wikipedia.org,2026-07,45,꯱꯲꯸꯹,767
mni.wikipedia.org,2026-07,46,꯱꯲꯱꯲,761
mni.wikipedia.org,2026-07,47,꯱꯲꯱꯰,749
mni.wikipedia.org,2026-07,48,꯱꯲꯷꯲,718
mni.wikipedia.org,2026-07,49,꯱꯲꯴꯹,686
mni.wikipedia.org,2026-07,50,ꯂꯣꯟꯅꯧ,683
mr.wikipedia.org,2026-07,1,विशेष:शोधा,43683
mr.wikipedia.org,2026-07,2,मुखपृष्ठ,38741
mr.wikipedia.org,2026-07,3,लोकमान्य_टिळक,22521
mr.wikipedia.org,2026-07,4,अण्णा_भाऊ_साठे,21398
mr.wikipedia.org,2026-07,5,सोनम_वांगचुक,19559
mr.wikipedia.org,2026-07,6,विशेष:अलीकडील_बदल,16949
mr.wikipedia.org,2026-07,7,गुरुपौर्णिमा,15605
mr.wikipedia.org,2026-07,8,अजित_पवार,14852
mr.wikipedia.org,2026-07,9,आषाढी_एकादशी,14250
mr.wikipedia.org,2026-07,10,ज्ञानेश्वर,12103
mr.wikipedia.org,2026-07,11,तुकाराम_मुंढे,11763
mr.wikipedia.org,2026-07,12,नवग्रह_स्तोत्र,11328
mr.wikipedia.org,2026-07,13,प्रल्हाद_जोशी,10987
mr.wikipedia.org,2026-07,14,छत्रपती_शिवाजी_महाराज,9914
mr.wikipedia.org,2026-07,15,आषाढी_वारी_(पंढरपूर),8929
mr.wikipedia.org,2026-07,16,महाराष्ट्र_विधानसभा_मतदारसंघांची_यादी,8802
mr.wikipedia.org,2026-07,17,संत_तुकाराम,8621
mr.wikipedia.org,2026-07,18,विठ्ठल,7998
mr.wikipedia.org,2026-07,19,धर्मेंद्र_प्रधान,7889
mr.wikipedia.org,2026-07,20,भारताचे_संविधान,7866
mr.wikipedia.org,2026-07,21,संत_ज्ञानेश्वर_महाराज_पालखी_सोहळा,7344
mr.wikipedia.org,2026-07,22,पसायदान,7244
mr.wikipedia.org,2026-07,23,बाबासाहेब_आंबेडकर,7143
mr.wikipedia.org,2026-07,24,मटका,6694
mr.wikipedia.org,2026-07,25,महाराष्ट्रामधील_जिल्हे,6273
mr.wikipedia.org,2026-07,26,मराठी_भाषा,5554
mr.wikipedia.org,2026-07,27,वसंतराव_नाईक,5533
mr.wikipedia.org,2026-07,28,शाहू_महाराज,5107
mr.wikipedia.org,2026-07,29,महाराष्ट्र,4822
mr.wikipedia.org,2026-07,30,दिशा,4240
mr.wikipedia.org,2026-07,31,घबाडकुंड,4183
mr.wikipedia.org,2026-07,32,नामदेव,3930
mr.wikipedia.org,2026-07,33,ए.पी.जे._अब्दुल_कलाम,3862
mr.wikipedia.org,2026-07,34,महात्मा_फुले,3633
mr.wikipedia.org,2026-07,35,सदा_सर्वदा_योग_तुझा_घडावा,3622
mr.wikipedia.org,2026-07,36,गोविंद_देव_गिरि_महाराज,3534
mr.wikipedia.org,2026-07,37,महाराष्ट्रातील_अनुसूचित_जातींची_यादी,3340
mr.wikipedia.org,2026-07,38,सहा_ऋतू_व_त्यांचे_मराठी_महिने,3335
mr.wikipedia.org,2026-07,39,स्वामी_समर्थ,3326
mr.wikipedia.org,2026-07,40,महाराष्ट्रातील_इतर_मागास_वर्गीय_जातींची_यादी,3303
mr.wikipedia.org,2026-07,41,मुख्यमंत्री_माझी_लाडकी_बहीण_योजना,3290
mr.wikipedia.org,2026-07,42,भारत,3166
mr.wikipedia.org,2026-07,43,रायगड_(किल्ला),3021
mr.wikipedia.org,2026-07,44,तारिणी_(मालिका),3015
mr.wikipedia.org,2026-07,45,लहुजी_राघोजी_साळवे,2928
mr.wikipedia.org,2026-07,46,महाराष्ट्राचे_प्रशासकीय_विभाग,2755
mr.wikipedia.org,2026-07,47,पंढरपूर,2734
mr.wikipedia.org,2026-07,48,चित्र:India_states_and_union_territories_map_mr.png,2699
mr.wikipedia.org,2026-07,49,संभाजी_महाराज,2678
mr.wikipedia.org,2026-07,50,एकनाथ,2640
mr.wiktionary.org,2026-07,1,मुखपृष्ठ,3960
mr.wiktionary.org,2026-07,2,ओळखणे,1713
mr.wiktionary.org,2026-07,3,बुद्धी,1246
mr.wiktionary.org,2026-07,4,विशेष:शोधा,865
mr.wiktionary.org,2026-07,5,वडील,796
mr.wiktionary.org,2026-07,6,विक्शनरी:चावडी,517
mr.wiktionary.org,2026-07,7,वर्ग:६_अक्षरी_मराठी_शब्द,397
mr.wiktionary.org,2026-07,8,वर्ग:४_अक्षरी_मराठी_शब्द,317
mr.wiktionary.org,2026-07,9,पृथ्वी,314
mr.wiktionary.org,2026-07,10,बहुरूपी,290
mr.wiktionary.org,2026-07,11,विक्शनरी:Copyrights,248
mr.wiktionary.org,2026-07,12,अभिरुची,240
mr.wiktionary.org,2026-07,13,मेहुणा,239
mr.wiktionary.org,2026-07,14,चाळणे,200
mr.wiktionary.org,2026-07,15,मराठी_शुद्धलेखन,197
mr.wiktionary.org,2026-07,16,धरण,192
mr.wiktionary.org,2026-07,17,अंगाईगीत,190
mr.wiktionary.org,2026-07,18,विक्शनरी:नाम_यादी,189
mr.wiktionary.org,2026-07,19,विशेष:अलीकडील_बदल,171
mr.wiktionary.org,2026-07,20,वर्ग:ळाकारान्त_मराठी_शब्द,166
mr.wiktionary.org,2026-07,20,अरण्य,166
mr.wiktionary.org,2026-07,22,नमस्कार,165
mr.wiktionary.org,2026-07,23,गडबड,149
mr.wiktionary.org,2026-07,24,विक्शनरी:धूळपाटी/सगाप,146
mr.wiktionary.org,2026-07,25,आणि,145
mr.wiktionary.org,2026-07,26,गंडेरी,130
mr.wiktionary.org,2026-07,27,अकिंचित्,129
mr.wiktionary.org,2026-07,28,प्रसिद्ध,128
mr.wiktionary.org,2026-07,29,मराठी,126
mr.wiktionary.org,2026-07,30,समुद्र,123
mr.wiktionary.org,2026-07,30,वैर,123
mr.wiktionary.org,2026-07,32,सहाय्य:विक्शनरी_साहाय्य:Setup_For_Devanagari,120
mr.wiktionary.org,2026-07,32,अ,120
mr.wiktionary.org,2026-07,34,साठी,119
mr.wiktionary.org,2026-07,35,होडी,115
mr.wiktionary.org,2026-07,35,विक्शनरी:Community_Portal,115
mr.wiktionary.org,2026-07,37,वर्ग:५_अक्षरी_मराठी_शब्द,111
mr.wiktionary.org,2026-07,38,विक्शनरी:सर्वसाधारण_उत्तरदायकत्वास_नकार,103
mr.wiktionary.org,2026-07,39,बोल,101
mr.wiktionary.org,2026-07,39,अजगर,101
mr.wiktionary.org,2026-07,39,आंतरजालस्पर्शी,101
mr.wiktionary.org,2026-07,42,हुशार,97
mr.wiktionary.org,2026-07,43,इच्छा,93
mr.wiktionary.org,2026-07,44,व्यंग,88
mr.wiktionary.org,2026-07,45,खडू,86
mr.wiktionary.org,2026-07,46,विक्शनरी:प्रकल्प:हे_शब्द_हवेत,79
mr.wiktionary.org,2026-07,47,साहाय्य,78
mr.wiktionary.org,2026-07,48,वर्ग:मराठी_शब्द,77
mr.wiktionary.org,2026-07,48,विक्शनरी:मराठी_विक्शनरी_प्रकल्प_पाने,77
mr.wiktionary.org,2026-07,50,चर्चा:मुखपृष्ठ,74
mr.wikisource.org,2026-07,1,मारुती_स्तोत्र,146760
mr.wikisource.org,2026-07,2,हरिपाठ/श्री_ज्ञानदेव_हरिपाठ,91284
mr.wikisource.org,2026-07,3,गजानन_बावनी,34684
mr.wikisource.org,2026-07,4,मनाचे_श्लोक,21172
mr.wikisource.org,2026-07,5,अक्कलकोट_स्वामी_स्तोत्र,15124
mr.wikisource.org,2026-07,6,दासबोध,8712
mr.wikisource.org,2026-07,7,दासबोध/दशक_पहिला,8653
mr.wikisource.org,2026-07,8,तुकाराम_गाथा/गाथा_१_ते_३००,8595
mr.wikisource.org,2026-07,9,दत्ताची_आरती/_त्रिगुणात्मक_त्रैमूर्ती_दत्त_हा_जाणा,8189
mr.wikisource.org,2026-07,10,दासबोध/दशक_एकोणिसावा,6691
mr.wikisource.org,2026-07,11,मुखपृष्ठ,6492
mr.wikisource.org,2026-07,12,शंकराची_आरती/लवथवती_विक्राळा_ब्रह्मांडी_माळा,6416
mr.wikisource.org,2026-07,13,स्वामी_समर्थ_मानस_पूजा,4663
mr.wikisource.org,2026-07,14,नारायणोपनिषद्,3907
mr.wikisource.org,2026-07,15,सूर्यस्तुती,3501
mr.wikisource.org,2026-07,16,पसायदान,3449
mr.wikisource.org,2026-07,17,हरिपाठ/श्री_एकनाथ_हरिपाठ,3261
mr.wikisource.org,2026-07,18,ज्ञानेश्वरी/अध्याय_पहिला,3099
mr.wikisource.org,2026-07,19,श्रीराम_स्तुती,2966
mr.wikisource.org,2026-07,20,पांडुरंगाची_आरती,2933
mr.wikisource.org,2026-07,21,विशेष:शोधा,2899
mr.wikisource.org,2026-07,22,श्री_देवीची_आरती/दुर्गे_दुर्घट_भारी,2737
mr.wikisource.org,2026-07,23,गणपतीची_आरती/सुखकर्ता_दुखहर्ता,2162
mr.wikisource.org,2026-07,24,ज्ञानेश्वरी/अध्याय_दहावा,2062
mr.wikisource.org,2026-07,25,करुणाष्टके,1899
mr.wikisource.org,2026-07,26,हनुमान_स्तुती,1733
mr.wikisource.org,2026-07,27,देवीची_निरोप_आरती,1514
mr.wikisource.org,2026-07,28,ज्ञानदेवाची_आरती,1254
mr.wikisource.org,2026-07,29,ज्ञानेश्वरी/अध्याय_अठरावा,1224
mr.wikisource.org,2026-07,30,ज्ञानेश्वरी/अध्याय_बारावा,1202
mr.wikisource.org,2026-07,31,ज्ञानेश्वरी/अध्याय_नववा,1186
mr.wikisource.org,2026-07,32,विशेष:अलीकडील_बदल,1157
mr.wikisource.org,2026-07,33,श्रीमद्‌भगवद्‌गीता_:_बारावा_अध्याय_(भक्तियोग),1147
mr.wikisource.org,2026-07,34,दासबोध/दशक_अठरावा,1138
mr.wikisource.org,2026-07,35,श्रीमद्‌भगवद्‌गीता_:_पहिला_अध्याय_(अर्जुनविषादयोग),1085
mr.wikisource.org,2026-07,36,ज्ञानेश्वरी/अध्याय_तेरावा,1075
mr.wikisource.org,2026-07,37,स्वामी_समर्थ_स्तवन,1043
mr.wikisource.org,2026-07,38,श्रीमद्‌भगवद्‌गीता_:_पंधरावा_अध्याय_(पुरुषोत्तमयोग),1031
mr.wikisource.org,2026-07,39,दशावताराची_आरती,965
mr.wikisource.org,2026-07,40,ज्ञानेश्वरी/अध्याय_दुसरा,963
mr.wikisource.org,2026-07,41,श्रीमद्‌भगवद्‌गीता_:_दुसरा_अध्याय_(सांख्ययोग),962
mr.wikisource.org,2026-07,42,दासबोध/दशक_दुसरा,945
mr.wikisource.org,2026-07,43,रामरक्षा,926
mr.wikisource.org,2026-07,44,श्री_गुरुगीता,901
mr.wikisource.org,2026-07,45,ज्ञानेश्वरी,890
mr.wikisource.org,2026-07,46,"श्रीमद्‌भगवद्‌गीता_(मूळ_श्लोक,_संदर्भित_अन्वयार्थ_आणि_अर्थ_यासह)",886
mr.wikisource.org,2026-07,47,श्री_महालक्ष्मी_स्तोत्र,857
mr.wikisource.org,2026-07,48,ज्ञानेश्वरी/अध्याय_चौथा,826
mr.wikisource.org,2026-07,49,नित्यनेमावली/बारा_अभंग,810
mr.wikisource.org,2026-07,50,तुकाराम_गाथा/गाथा_३९०१_ते_४२००,806
mr.wikiquote.org,2026-07,1,ए.पी.जे._अब्दुल_कलाम,3520
mr.wikiquote.org,2026-07,2,Wikiquote:चावडी,2932
mr.wikiquote.org,2026-07,3,मुखपृष्ठ,2598
mr.wikiquote.org,2026-07,4,प्रसिद्ध_व्यक्तींचे_मराठी_सुविचार,2141
mr.wikiquote.org,2026-07,5,म्हणी,2058
mr.wikiquote.org,2026-07,6,रजनीश,1059
mr.wikiquote.org,2026-07,7,व्यक्‍ती_आणि_वल्ली,1032
mr.wikiquote.org,2026-07,8,मराठी_वाक्प्रचार,1006
mr.wikiquote.org,2026-07,9,परिनिरीक्षण,684
mr.wikiquote.org,2026-07,10,सुविचार,650
mr.wikiquote.org,2026-07,11,डॉ._बाबासाहेब_आंबेडकर,558
mr.wikiquote.org,2026-07,12,Wikiquote:कौल,486
mr.wikiquote.org,2026-07,13,अभिव्यक्तिस्वातंत्र्य,295
mr.wikiquote.org,2026-07,14,मोहनदास_करमचंद_गांधी,258
mr.wikiquote.org,2026-07,15,सदस्य:WikimediaNotifier/notifications,246
mr.wikiquote.org,2026-07,16,विशेष:अलीकडील_बदल,237
mr.wikiquote.org,2026-07,17,विशेष:शोधा,233
mr.wikiquote.org,2026-07,18,अल्बर्ट_आइनस्टाइन,219
mr.wikiquote.org,2026-07,19,बिल_गेट्स,186
mr.wikiquote.org,2026-07,20,ज्ञानकोश,179
mr.wikiquote.org,2026-07,21,Wikiquote:समाज_मुखपृष्ठ,172
mr.wikiquote.org,2026-07,22,अब्राहम_लिंकन,169
mr.wikiquote.org,2026-07,23,व._पु._काळे,151
mr.wikiquote.org,2026-07,24,पु.ल._देशपांडे,131
mr.wikiquote.org,2026-07,25,मनाचा_खुलेपणा,125
mr.wikiquote.org,2026-07,26,बेंजामिन_फ्रँकलिन,120
mr.wikiquote.org,2026-07,27,वसंत_पुरुषोत्तम_काळे,117
mr.wikiquote.org,2026-07,28,वॉल्ट_डिस्नी,105
mr.wikiquote.org,2026-07,29,मोक्ष,97
mr.wikiquote.org,2026-07,29,जोसेफ_स्टालिन,97
mr.wikiquote.org,2026-07,31,विनायक_दामोदर_सावरकर,96
mr.wikiquote.org,2026-07,32,समर्थ_रामदास_स्वामी,94
mr.wikiquote.org,2026-07,33,मिश्र,91
mr.wikiquote.org,2026-07,33,वूडी_ऍलन,91
mr.wikiquote.org,2026-07,35,बाळ_गंगाधर_टिळक,90
mr.wikiquote.org,2026-07,36,सदस्य:Wikitanvir,87
mr.wikiquote.org,2026-07,37,उखाणे,82
mr.wikiquote.org,2026-07,38,विल्यम_वर्ड्सवर्थ,79
mr.wikiquote.org,2026-07,38,सचिन_तेंडुलकर,79
mr.wikiquote.org,2026-07,40,अ‍ॅरिस्टॉटल,77
mr.wikiquote.org,2026-07,41,मेघश्याम_पुंडलिक_रेगे,74
mr.wikiquote.org,2026-07,42,वाचन,72
mr.wikiquote.org,2026-07,42,रवींद्रनाथ_टागोर,72
mr.wikiquote.org,2026-07,44,ऑस्कर_वाइल्ड,70
mr.wikiquote.org,2026-07,45,विवेचनात्मक_विचार,66
mr.wikiquote.org,2026-07,46,सदस्य_चर्चा:Gypsypkd,65
mr.wikiquote.org,2026-07,46,चाणक्य,65
mr.wikiquote.org,2026-07,48,गौतम_बुद्ध,61
mr.wikiquote.org,2026-07,48,रामचंद्र_वामन_पटवर्धन,61
mr.wikiquote.org,2026-07,48,स्वामी_विवेकानंद,61
mr.wikibooks.org,2026-07,1,विशेष:शोधा,396960
mr.wikibooks.org,2026-07,2,विशेष:अलीकडील_बदल,19953
mr.wikibooks.org,2026-07,3,मुखपृष्ठ,9200
mr.wikibooks.org,2026-07,4,पसायदान(संत_ज्ञानेश्वर),1222
mr.wikibooks.org,2026-07,5,महाराष्ट्र,1047
mr.wikibooks.org,2026-07,6,एकनाथांचीं_भजनें,1004
mr.wikibooks.org,2026-07,7,विकिबुक्स:चावडी,993
mr.wikibooks.org,2026-07,8,रामदासांचे_अभंग,708
mr.wikibooks.org,2026-07,9,साचा:Documentation/core,245
mr.wikibooks.org,2026-07,10,विकिबुक्स:माहितीपृष्ठ,203
mr.wikibooks.org,2026-07,11,विकिबुक्स:समाज_मुखपृष्ठ,146
mr.wikibooks.org,2026-07,12,झालमुडी,124
mr.wikibooks.org,2026-07,13,आळूवडी,97
mr.wikibooks.org,2026-07,14,चित्र:Page_Frame_Features_on_desktop.png,87
mr.wikibooks.org,2026-07,15,करुणाष्टके,81
mr.wikibooks.org,2026-07,16,चहा,79
mr.wikibooks.org,2026-07,17,महाजालावरील_मराठी_साधने/संदर्भसाधने,78
mr.wikibooks.org,2026-07,18,साचा:Cite_book/doc,69
mr.wikibooks.org,2026-07,18,महाजालावरील_मराठी_साधने,69
mr.wikibooks.org,2026-07,20,मराठी_प्रमाणलेखनाचे_संकेत,61
mr.wikibooks.org,2026-07,21,महाजालावरील_मराठी_साधने/संदर्भसाधने/٘शब्दकोश/अनेकभाषिक_शब्दकोश,60
mr.wikibooks.org,2026-07,22,मिसळ_पाव,59
mr.wikibooks.org,2026-07,23,चर्चा:मुखपृष्ठ,58
mr.wikibooks.org,2026-07,23,अडकित्ता,58
mr.wikibooks.org,2026-07,23,सामाजिक_शास्त्रज्ञांना_नेहमी_विचारले_जाणारे_प्रश्न,58
mr.wikibooks.org,2026-07,26,Main_Page,56
mr.wikibooks.org,2026-07,26,वर्ग:महाजालावरील_मराठी_साधने,56
mr.wikibooks.org,2026-07,28,विकिबुक्स:Community_Portal,54
mr.wikibooks.org,2026-07,29,विकिबुक्स_चर्चा:Community_Portal,53
mr.wikibooks.org,2026-07,30,सहाय्य:ग्रंथ,52
mr.wikibooks.org,2026-07,31,वर्ग:महाराष्ट्रातील_खाद्यपदार्थ,51
mr.wikibooks.org,2026-07,31,विभाग:Documentation,51
mr.wikibooks.org,2026-07,33,सदस्य:Avicennasis,50
mr.wikibooks.org,2026-07,34,गच्चीवरील_बाग/झाडांची_संदर्भ_यादी,49
mr.wikibooks.org,2026-07,35,सामाजिक_शास्त्रज्ञांना_नेहमी_विचारले_जाणारे_प्रश्न/जात,48
mr.wikibooks.org,2026-07,35,सदस्य:QueerEcofeminist,48
mr.wikibooks.org,2026-07,37,साचा:Documentation,47
mr.wikibooks.org,2026-07,38,कोविड-१९_:_साहाय्य-पुस्तिका/चाचण्यासाठी_रुग्णालये,46
mr.wikibooks.org,2026-07,39,महाजालावरील_मराठी_साधने/संदर्भसाधने/٘शब्दकोश,44
mr.wikibooks.org,2026-07,39,विकिबुक्स:प्रकल्प_पाने,44
mr.wikibooks.org,2026-07,41,सदस्य:EPIC,42
mr.wikibooks.org,2026-07,41,वर्ग:विस्तार_विनंती,42
mr.wikibooks.org,2026-07,43,महाराष्ट्र_राज्य_सांस्कृतिक_धोरण_२०१०,41
mr.wikibooks.org,2026-07,44,वर्ग:नाष्ट्याचे_पदार्थ,39
mr.wikibooks.org,2026-07,44,पराटा,39
mr.wikibooks.org,2026-07,46,रामदासांची_पदे,37
mr.wikibooks.org,2026-07,47,सदस्य_चर्चा:LlamaAl,36
mr.wikibooks.org,2026-07,47,विकिबुक्स:आवश्यक,36
mr.wikibooks.org,2026-07,47,सदस्य_चर्चा:संतोष_गोरे,36
mr.wikibooks.org,2026-07,50,विभाग:Languages,35
ne.wikipedia.org,2026-07,1,मुख्य_पृष्ठ,23028
ne.wikipedia.org,2026-07,2,Special:RecentChanges,6012
ne.wikipedia.org,2026-07,3,विशेष:Search,4503
ne.wikipedia.org,2026-07,4,विकिपिडिया:विकी_विमिन_एडिटाथन_२०२६,3497
ne.wikipedia.org,2026-07,5,भानुभक्त_आचार्य,2751
ne.wikipedia.org,2026-07,6,विशेष:RecentChanges,2091
ne.wikipedia.org,2026-07,7,विकिपिडिया:सामान्य_अस्वीकारोक्ति,1780
ne.wikipedia.org,2026-07,8,नेपाल,1710
ne.wikipedia.org,2026-07,9,लक्ष्मीप्रसाद_देवकोटा,1626
ne.wikipedia.org,2026-07,10,विकिपिडिया:विकिपिडियाको_बारेमा,1455
ne.wikipedia.org,2026-07,11,२०२६_फिफा_विश्वकप,1263
ne.wikipedia.org,2026-07,12,अभिमन्यु,1082
ne.wikipedia.org,2026-07,13,दीनार,969
ne.wikipedia.org,2026-07,14,गुरु_पूर्णिमा,931
ne.wikipedia.org,2026-07,15,पृथ्वीनारायण_शाह,852
ne.wikipedia.org,2026-07,16,नेपालका_प्रधानमन्त्रीहरूको_सूची,840
ne.wikipedia.org,2026-07,17,नेपाली_कम्युनिस्ट_पार्टी,833
ne.wikipedia.org,2026-07,18,नेपालको_संविधान_२०७२,809
ne.wikipedia.org,2026-07,19,मिया_खलिफा,780
ne.wikipedia.org,2026-07,20,बालेन_शाह,748
ne.wikipedia.org,2026-07,21,नेपाली_भाषा,747
ne.wikipedia.org,2026-07,22,नेपालको_इतिहास,728
ne.wikipedia.org,2026-07,23,फुटबल_खेलाडी,714
ne.wikipedia.org,2026-07,24,विश्वेश्वरप्रसाद_कोइराला,713
ne.wikipedia.org,2026-07,25,नेपालको_भूगोल,712
ne.wikipedia.org,2026-07,26,नेपालमा_मौलिक_हक_र_कर्तव्य,707
ne.wikipedia.org,2026-07,27,ककरोच_जनता_पार्टी,666
ne.wikipedia.org,2026-07,27,नेपालका_दलित_वर्गमा_पर्ने_थरहरू,666
ne.wikipedia.org,2026-07,29,नेपालका_जातीहरू,661
ne.wikipedia.org,2026-07,30,मदनमणि_दीक्षित,657
ne.wikipedia.org,2026-07,31,गौतम_बुद्ध,644
ne.wikipedia.org,2026-07,32,पशुपतिनाथ_मन्दिर,635
ne.wikipedia.org,2026-07,32,स्वामी_आनन्द_अरूण,635
ne.wikipedia.org,2026-07,34,नेपालका_प्रदेशहरू,632
ne.wikipedia.org,2026-07,35,नेपालका_राष्ट्रिय_विभूतिहरू,619
ne.wikipedia.org,2026-07,36,सयौँ_थुङ्गा_फूलका_हामी,609
ne.wikipedia.org,2026-07,37,सहायक_कम्पनी,584
ne.wikipedia.org,2026-07,38,आन्तरिक_राजस्व_विभाग_(नेपाल),560
ne.wikipedia.org,2026-07,39,राष्ट्रिय_स्वतन्त्र_पार्टी,552
ne.wikipedia.org,2026-07,40,नेपालमा_जेनजी_आन्दोलन,549
ne.wikipedia.org,2026-07,40,नेपालका_जिल्लाहरू,549
ne.wikipedia.org,2026-07,40,लियोनेल_मेसी,549
ne.wikipedia.org,2026-07,43,चित्र:Vincent_van_Gogh_-_Self-Portrait_-_Google_Art_Project_(454045).jpg,547
ne.wikipedia.org,2026-07,44,सुदूरपश्चिम_प्रदेश,546
ne.wikipedia.org,2026-07,45,नेपालको_निसानछाप,533
ne.wikipedia.org,2026-07,46,"प्रतिनिधि_सभा_निर्वाचन,_२०८२",529
ne.wikipedia.org,2026-07,47,उखान-टुक्का,528
ne.wikipedia.org,2026-07,48,जयपृथ्वीबहादुर_सिंह,518
ne.wikipedia.org,2026-07,49,नेपाल_सरकारका_मन्त्रालयहरू,511
ne.wikipedia.org,2026-07,50,भानु_जयन्ती,503
ne.wiktionary.org,2026-07,1,विक्सनरी:मुख्य_पृष्ठ,3407
ne.wiktionary.org,2026-07,2,नेपाली_शब्दसमूह_४२_ब,2342
ne.wiktionary.org,2026-07,3,अभिरुचि,1769
ne.wiktionary.org,2026-07,4,नेपाली_शब्दसमूह_३४_न,860
ne.wiktionary.org,2026-07,5,नेपाली-नेपाली_शब्दकोश,728
ne.wiktionary.org,2026-07,6,विशेष:Search,727
ne.wiktionary.org,2026-07,7,Appendix:Glossary,620
ne.wiktionary.org,2026-07,8,विक्सनरी:सामाजिक_पोर्टल,547
ne.wiktionary.org,2026-07,9,नेपाली_शब्दसमूह_३५_नि,516
ne.wiktionary.org,2026-07,10,नेपाली_शब्दसमूह_२१_छ,510
ne.wiktionary.org,2026-07,11,नेपाली_शब्दसमूह_४९_मु,449
ne.wiktionary.org,2026-07,12,नेपाली_शब्दसमूह_४४_बी,446
ne.wiktionary.org,2026-07,13,नेपाली_शब्दसमूह_३७_पर,427
ne.wiktionary.org,2026-07,14,नेपाली_-_इंग्लिश_शब्दकोश,418
ne.wiktionary.org,2026-07,15,चित्र:Flag_of_Norway.svg,341
ne.wiktionary.org,2026-07,16,नेपाली_शब्दसमूह_०२_अध,330
ne.wiktionary.org,2026-07,17,नेपाली_शब्दसमूह_१७_गि,329
ne.wiktionary.org,2026-07,18,नेपाली_शब्दसमूह_१३_केकैकोकौ,317
ne.wiktionary.org,2026-07,19,नेपाली_शब्दसमूह_४७_म,313
ne.wiktionary.org,2026-07,20,नेपाली_शब्दसमूह_०४_अल,303
ne.wiktionary.org,2026-07,21,नेपाली_शब्दसमूह_१०_कर,300
ne.wiktionary.org,2026-07,22,नेपाली_वर्णमाला,291
ne.wiktionary.org,2026-07,23,नेपाली_शब्दसमूह_६२_सप,277
ne.wiktionary.org,2026-07,24,नेपाली_शब्दसमूह_३९_पु,269
ne.wiktionary.org,2026-07,25,नेपाली_शब्दसमूह_५९_श,266
ne.wiktionary.org,2026-07,26,नेपाली_शब्दसमूह_२४_झञ,264
ne.wiktionary.org,2026-07,27,चिराउनु,235
ne.wiktionary.org,2026-07,28,नेपाली_शब्दसमूह_१५_खि,224
ne.wiktionary.org,2026-07,29,नेपाली_शब्दसमूह_६४_सी,220
ne.wiktionary.org,2026-07,30,नेपाली_शब्दसमूह_४३_बा,217
ne.wiktionary.org,2026-07,31,नेपाली_शब्दसमूह_४०_प्,196
ne.wiktionary.org,2026-07,32,नेपाली_शब्दसमूह_४५_भ,193
ne.wiktionary.org,2026-07,32,नेपाली_शब्दसमूह_५२_र,193
ne.wiktionary.org,2026-07,34,नेपाली_शब्दसमूह_६१_स,187
ne.wiktionary.org,2026-07,35,नेपाली_शब्दसमूह_११_काकिकी,186
ne.wiktionary.org,2026-07,36,विक्सनरी:सामान्य_अस्वीकारोक्ति,179
ne.wiktionary.org,2026-07,37,नेपाली_शब्दसमूह_६३_सासि,170
ne.wiktionary.org,2026-07,38,विशेष:RecentChanges,166
ne.wiktionary.org,2026-07,39,नेपाली_शब्दसमूह_४६_भि,150
ne.wiktionary.org,2026-07,40,नेपाली_शब्दसमूह_५५_ला,147
ne.wiktionary.org,2026-07,41,नेपाली_शब्दसमूह_१८_घङ,140
ne.wiktionary.org,2026-07,42,लाहुरे,137
ne.wiktionary.org,2026-07,43,लाभ,134
ne.wiktionary.org,2026-07,44,अनुप्रास,128
ne.wiktionary.org,2026-07,45,गिज्याउनु,126
ne.wiktionary.org,2026-07,46,चोइटो,123
ne.wiktionary.org,2026-07,47,नेपाली_शब्दसमूह_०३_अप,121
ne.wiktionary.org,2026-07,48,उल्ट–नु,120
ne.wiktionary.org,2026-07,49,नेपाली_शब्दसमूह_३६_प,119
ne.wiktionary.org,2026-07,50,अभियान,117
ne.wikibooks.org,2026-07,1,विशेष:Search,49734
ne.wikibooks.org,2026-07,2,मुख्य_पृष्ठ,6650
ne.wikibooks.org,2026-07,3,अर्गला_स्तोत्र,5552
ne.wikibooks.org,2026-07,4,भानुभक्तको_रामायण/अरण्यकाण्ड,2272
ne.wikibooks.org,2026-07,5,नेपालीमा_टाइप_गर्ने_तरिका,1778
ne.wikibooks.org,2026-07,6,बालपुस्तक:नेपाली_वर्णमाला,1525
ne.wikibooks.org,2026-07,7,भानुभक्तको_रामायण/बालकाण्ड,1187
ne.wikibooks.org,2026-07,8,सम्पूर्ण_नेपाली_भाषा_व्याकरण,950
ne.wikibooks.org,2026-07,9,विकिपुस्तक:चौतारी,807
ne.wikibooks.org,2026-07,10,"केही_प्रचलित_नेपाली_उखान_टुक्काहरु,_भाग-_२",682
ne.wikibooks.org,2026-07,11,सर्वनाम,532
ne.wikibooks.org,2026-07,12,देवी_कवच,515
ne.wikibooks.org,2026-07,13,अनुकरणात्मक_शब्द,440
ne.wikibooks.org,2026-07,14,भानुभक्तको_रामायण/सुन्दरकाण्ड,302
ne.wikibooks.org,2026-07,15,भानुभक्तको_रामायण,281
ne.wikibooks.org,2026-07,16,श्रीमद्भगवद्गीता,255
ne.wikibooks.org,2026-07,17,वार्तालाप:काल_र_पक्ष,244
ne.wikibooks.org,2026-07,18,श्रीमद्भगवद्गीता_द्वादश_अध्याय,242
ne.wikibooks.org,2026-07,19,मोड्युल:Protection_banner,215
ne.wikibooks.org,2026-07,20,विकिपुस्तक:चौतारी/२०१०-२०१६,212
ne.wikibooks.org,2026-07,21,उत्तम_चरित,173
ne.wikibooks.org,2026-07,22,काल,171
ne.wikibooks.org,2026-07,23,छन्द,158
ne.wikibooks.org,2026-07,24,मुनामदन,157
ne.wikibooks.org,2026-07,25,कनकाई_प्रवाह,147
ne.wikibooks.org,2026-07,26,मीडियाविकि:Common.css,145
ne.wikibooks.org,2026-07,27,विशेष:RecentChanges,141
ne.wikibooks.org,2026-07,28,श्रीमद्भगवद्गीता_अष्टादश_अध्याय,135
ne.wikibooks.org,2026-07,29,महाभारत_खण्ड_१७,134
ne.wikibooks.org,2026-07,30,गीतामाहात्म्यम्,133
ne.wikibooks.org,2026-07,31,नातिको_न्वारान_बाजेको_हैरान,125
ne.wikibooks.org,2026-07,31,श्रीमद्भगवद्गीता_द्वितीय_अध्याय,125
ne.wikibooks.org,2026-07,33,प्रयोगकर्ता:ManojBelbase,124
ne.wikibooks.org,2026-07,34,ढाँचा:इतिहासमा_आज/नेपाली_मिति/२०७३,120
ne.wikibooks.org,2026-07,35,ज्योतिष_शास्त्र,118
ne.wikibooks.org,2026-07,36,सजिलाे_कोमलगीता_(समछन्दानुवाद),111
ne.wikibooks.org,2026-07,37,गरुड_पुराण,110
ne.wikibooks.org,2026-07,38,वार्तालाप:मुख्य_पृष्ठ,102
ne.wikibooks.org,2026-07,39,श्रीमद्भगवद्गीता_षष्ठ_अध्याय,101
ne.wikibooks.org,2026-07,40,चित्र:Page_Frame_Features_on_desktop.png,100
ne.wikibooks.org,2026-07,41,भानुभक्तको_रामायण/अयोध्याकाण्ड,99
ne.wikibooks.org,2026-07,42,मेरो_अमेरिका_यात्रा_सम्पूर्ण,97
ne.wikibooks.org,2026-07,43,विकिपुस्तक:विकिपुस्तक_के_हो_?,91
ne.wikibooks.org,2026-07,44,विकिपुस्तक:विकिपुस्तकको_बारेमा,81
ne.wikibooks.org,2026-07,45,ढाँचा:Documentation,80
ne.wikibooks.org,2026-07,46,विचार_विज्ञान,74
ne.wikibooks.org,2026-07,47,विकिपुस्तक:प्रयोगस्थल,73
ne.wikibooks.org,2026-07,48,मीडियाविकि:Gadgets-definition,70
ne.wikibooks.org,2026-07,49,विकिपुस्तक:सामाजिक_पोर्टल,67
ne.wikibooks.org,2026-07,50,भानुभक्तको_रामायण/किष्किन्धाकाण्ड,65
new.wikipedia.org,2026-07,1,विशेष:RecentChanges,443327
new.wikipedia.org,2026-07,2,मू_पौ,25861
new.wikipedia.org,2026-07,3,विशेष:Search,5232
new.wikipedia.org,2026-07,4,सूर्या_(सन्_१९८९या_संकिपा),2270
new.wikipedia.org,2026-07,5,Special:RecentChanges,1869
new.wikipedia.org,2026-07,6,"ढिगारखोली,_गंगोलीहाट_तहसील",1154
new.wikipedia.org,2026-07,7,छ्येलेमि_खँलाबँला:Eukesh,927
new.wikipedia.org,2026-07,8,अह्रौरा,903
new.wikipedia.org,2026-07,9,वंशावली,774
new.wikipedia.org,2026-07,10,बलूची_भाषा,704
new.wikipedia.org,2026-07,11,विकिपिडिया:सतः_फल्चा,566
new.wikipedia.org,2026-07,12,ग्वाहालि:धलःपौ,531
new.wikipedia.org,2026-07,13,विकिपिडिया:Username_policy,481
new.wikipedia.org,2026-07,14,सः_विज्ञान,417
new.wikipedia.org,2026-07,15,विकिपिडिया,398
new.wikipedia.org,2026-07,16,रोजालेस,383
new.wikipedia.org,2026-07,17,परियोजना:सामाजिक_दबु,366
new.wikipedia.org,2026-07,18,निकेल,346
new.wikipedia.org,2026-07,19,स्नायु_प्रणाली,333
new.wikipedia.org,2026-07,20,ग्वाहालि:धलपौः,316
new.wikipedia.org,2026-07,21,जयमंगल_गाथा,311
new.wikipedia.org,2026-07,22,विकिपिडिया:सामाजिक_दबू,300
new.wikipedia.org,2026-07,23,पुचः:नेपाललिपिइ_परिक्षण_पौ_दूगु_च्वसु,296
new.wikipedia.org,2026-07,24,खँलाबँला:मू_पौ,292
new.wikipedia.org,2026-07,25,श्री_हनुमान_चालीसा,291
new.wikipedia.org,2026-07,26,अमेरिकन_क्रान्तिकारी_युद्ध,284
new.wikipedia.org,2026-07,27,विगत,279
new.wikipedia.org,2026-07,28,विकिपिडिया:हलिम_बुखँ_(ग्रेगोरियन_पात्रो),265
new.wikipedia.org,2026-07,29,जापान,264
new.wikipedia.org,2026-07,30,अयोद्धा,262
new.wikipedia.org,2026-07,31,मार्च,260
new.wikipedia.org,2026-07,32,डिसेम्बर_१७,251
new.wikipedia.org,2026-07,33,श्रावस्ती_जिल्ला,249
new.wikipedia.org,2026-07,34,ज्यानुवरी_२०,247
new.wikipedia.org,2026-07,35,मे_५,239
new.wikipedia.org,2026-07,36,ज्युजित्सु,235
new.wikipedia.org,2026-07,37,सन्_११८६,229
new.wikipedia.org,2026-07,38,नेपालभाषा,226
new.wikipedia.org,2026-07,39,अकालगढ,222
new.wikipedia.org,2026-07,40,𑐣𑑂𑐫𑐵𑐫,219
new.wikipedia.org,2026-07,41,तःहताः_२,218
new.wikipedia.org,2026-07,42,स्वामीनारायण,214
new.wikipedia.org,2026-07,43,रसियन_भाय्,211
new.wikipedia.org,2026-07,44,बुद्धपूजा_पाली,208
new.wikipedia.org,2026-07,45,विकिपिडिया:Sandbox,189
new.wikipedia.org,2026-07,46,"ऐचर,_गरुङ_तहसील",188
new.wikipedia.org,2026-07,47,भादरा,186
new.wikipedia.org,2026-07,47,पुचः:इतिहास,186
new.wikipedia.org,2026-07,49,जालौर_जिल्ला,184
new.wikipedia.org,2026-07,50,ज्वर,181
or.wikipedia.org,2026-07,1,ପ୍ରଧାନ_ପୃଷ୍ଠା,25336
or.wikipedia.org,2026-07,2,ବିଶେଷ:ଖୋଜନ୍ତୁ,5345
or.wikipedia.org,2026-07,3,ବିଶେଷ:ନଗଦବଦଳ,4059
or.wikipedia.org,2026-07,4,ରଥଯାତ୍ରା,2800
or.wikipedia.org,2026-07,5,ଉଇକିପିଡ଼ିଆ:ଚାଟସଭା,2432
or.wikipedia.org,2026-07,6,ଗୋପବନ୍ଧୁ_ଦାସ,2167
or.wikipedia.org,2026-07,7,ଉଇକିପିଡ଼ିଆ:ଆମେ_ଦାୟୀ_ନୋହୁଁ,2041
or.wikipedia.org,2026-07,8,ଫକୀର_ମୋହନ_ସେନାପତି,1969
or.wikipedia.org,2026-07,9,ମିଡ଼ିଆଉଇକି:Interwiki-links.js,1597
or.wikipedia.org,2026-07,10,ଜୟ_ଜଗନ୍ନାଥ,1424
or.wikipedia.org,2026-07,11,ଜଗନ୍ନାଥ,1373
or.wikipedia.org,2026-07,12,ଜଗନ୍ନାଥ_ମନ୍ଦିର,1319
or.wikipedia.org,2026-07,13,ଉଇକିପିଡ଼ିଆ:ଉଇକିପିଡ଼ିଆ_ବାବଦରେ,1305
or.wikipedia.org,2026-07,14,ସୁରେନ୍ଦ୍ର_ମହାନ୍ତି,1110
or.wikipedia.org,2026-07,14,ସହଯୋଗ:ଓଡ଼ିଆରେ_ଟାଇପ_କିପରି_କରିବେ,1110
or.wikipedia.org,2026-07,16,ଲକ୍ଷ୍ମୀକାନ୍ତ_ମହାପାତ୍ର,1017
or.wikipedia.org,2026-07,17,ଜଗନ୍ନାଥ_ଦାସ,946
or.wikipedia.org,2026-07,18,ଗୋପୀନାଥ_ମହାନ୍ତି,940
or.wikipedia.org,2026-07,19,ଗଙ୍ଗାଧର_ମେହେର,925
or.wikipedia.org,2026-07,20,ସାରଳା_ଦାସ,913
or.wikipedia.org,2026-07,21,ଦିବ୍ୟସିଂହ_ଦେବ,883
or.wikipedia.org,2026-07,22,ରାଧାନାଥ_ରାୟ,865
or.wikipedia.org,2026-07,23,ନମିତା_ଅଗ୍ରୱାଲ,863
or.wikipedia.org,2026-07,24,Brundaban_Patra,808
or.wikipedia.org,2026-07,25,ଉଇକିପିଡ଼ିଆ:ସଙ୍ଘ_ସୂଚନା_ଫଳକ,807
or.wikipedia.org,2026-07,26,ସୁନାବେଶ,789
or.wikipedia.org,2026-07,27,ଓଡ଼ିଶା,787
or.wikipedia.org,2026-07,28,ଓଡ଼ିଆ_ସାହିତ୍ୟ,780
or.wikipedia.org,2026-07,29,ଗୁରୁ_ପୂର୍ଣ୍ଣିମା,759
or.wikipedia.org,2026-07,30,ମନୋଜ_ଦାସ,741
or.wikipedia.org,2026-07,31,ସଚ୍ଚିଦାନନ୍ଦ_ରାଉତରାୟ,717
or.wikipedia.org,2026-07,32,ଉଇକିପିଡ଼ିଆ:ବାବଦରେ,715
or.wikipedia.org,2026-07,33,ଉପେନ୍ଦ୍ର_ଭଞ୍ଜ,706
or.wikipedia.org,2026-07,34,ମଧୁସୂଦନ_ରାଓ,696
or.wikipedia.org,2026-07,35,ତ୍ରିପୁରା_ମିଶ୍ର,692
or.wikipedia.org,2026-07,36,କାଳିନ୍ଦୀ_ଚରଣ_ପାଣିଗ୍ରାହୀ,674
or.wikipedia.org,2026-07,37,ପାଣିପାଗ,644
or.wikipedia.org,2026-07,38,ଶ୍ରେଣୀ:Articles_with_permanently_dead_external_links,616
or.wikipedia.org,2026-07,39,ଧରିତ୍ରୀ_(ଖବରକାଗଜ),607
or.wikipedia.org,2026-07,40,ଉଇକିପିଡ଼ିଆ:ଆଲୋଚନା_ସଭା,604
or.wikipedia.org,2026-07,41,ମେନକା_ଗାନ୍ଧୀ,590
or.wikipedia.org,2026-07,42,ଶାନ୍ତନୁ_କୁମାର_ଆଚାର୍ଯ୍ୟ,576
or.wikipedia.org,2026-07,43,ଯୌନ_ସମ୍ଭୋଗ,559
or.wikipedia.org,2026-07,44,ପଠାଣି_ସାମନ୍ତ,557
or.wikipedia.org,2026-07,45,ଗୋଦାବରୀଶ_ମିଶ୍ର,542
or.wikipedia.org,2026-07,46,ମହାତ୍ମା_ଗାନ୍ଧୀ,537
or.wikipedia.org,2026-07,47,ଓଡ଼ିଆ_ଭାଷା,534
or.wikipedia.org,2026-07,47,ଉଇକିପିଡ଼ିଆ:ଆମ_ସହ_ଯୋଗାଯୋଗ,534
or.wikipedia.org,2026-07,49,ବନ୍ଦେ_ମାତରମ,515
or.wikipedia.org,2026-07,50,ମନୋରଞ୍ଜନ_ଦାସ,493
or.wiktionary.org,2026-07,1,ପ୍ରଧାନ_ପୃଷ୍ଠା,2555
or.wiktionary.org,2026-07,2,ବିଶେଷ:ଖୋଜନ୍ତୁ,1876
or.wiktionary.org,2026-07,3,ଖାଇବା,1309
or.wiktionary.org,2026-07,4,ପ୍ରସାଦ,921
or.wiktionary.org,2026-07,5,ନକ୍ଷତ୍ରାମୃତ_ଯୋଗ,776
or.wiktionary.org,2026-07,6,ବ୍ରହ୍ମପୁତ୍ର,348
or.wiktionary.org,2026-07,7,ମନୁଷ୍ୟ,318
or.wiktionary.org,2026-07,8,ଚାଳିଶ,312
or.wiktionary.org,2026-07,9,ଶବ୍ଦ,304
or.wiktionary.org,2026-07,10,ଉଇକିଅଭିଧାନ:ପୁରୁଣା_ପ୍ରଧାନ_ପୃଷ୍ଠା_(୨୦୨୦),286
or.wiktionary.org,2026-07,11,ଓଡ଼ିଆ,278
or.wiktionary.org,2026-07,12,ଗତି,251
or.wiktionary.org,2026-07,13,ଶବ୍ଦାର୍ଥ,219
or.wiktionary.org,2026-07,13,ଉଇକିଅଭିଧାନ:ଆଲୋଚନା_ସଭା,219
or.wiktionary.org,2026-07,15,ଅଳକା,209
or.wiktionary.org,2026-07,16,ବାକ୍ୟ,208
or.wiktionary.org,2026-07,17,ପ୍ରଧାନ_ପ୍ରୁଷ୍ଟ୍ଆ,203
or.wiktionary.org,2026-07,18,ଦରଜା,179
or.wiktionary.org,2026-07,19,ଭରତ,176
or.wiktionary.org,2026-07,20,ମହାଭାରତ,174
or.wiktionary.org,2026-07,21,ଛାଞ୍ଚ:ବଛା_ଶବ୍ଦ,170
or.wiktionary.org,2026-07,22,ସଂଗୀତ,168
or.wiktionary.org,2026-07,23,ଡମ୍ୱିରି,165
or.wiktionary.org,2026-07,24,ମାୟା,164
or.wiktionary.org,2026-07,25,ଜଗନ୍ନାଥ,162
or.wiktionary.org,2026-07,26,ନଗର_ନିବାସ,161
or.wiktionary.org,2026-07,27,ନେତ୍ରୋତ୍ସବ,157
or.wiktionary.org,2026-07,27,ବ୍ରାହ୍ମଣ,157
or.wiktionary.org,2026-07,29,ଦାବି,156
or.wiktionary.org,2026-07,30,ଚାରି_ପହର,155
or.wiktionary.org,2026-07,30,ଦୃଷ୍ଟି,155
or.wiktionary.org,2026-07,32,ମହାକାବ୍ୟ,153
or.wiktionary.org,2026-07,32,ପାନ,153
or.wiktionary.org,2026-07,34,ମାନେ,151
or.wiktionary.org,2026-07,35,ପ୍ରାଣୀ,146
or.wiktionary.org,2026-07,35,ଦତ୍ତ,146
or.wiktionary.org,2026-07,37,ତର୍ପଣ,144
or.wiktionary.org,2026-07,38,ପକ୍ଷୀ,143
or.wiktionary.org,2026-07,39,ବିଶେଷ:ନଗଦବଦଳ,132
or.wiktionary.org,2026-07,40,ସଦାପ୍ରଭୁ,130
or.wiktionary.org,2026-07,41,ମଧୁସୂଦନ_ରାଓ,129
or.wiktionary.org,2026-07,42,ଗୁଡ଼,128
or.wiktionary.org,2026-07,42,କାଳ,128
or.wiktionary.org,2026-07,44,ଗୀତସଂହିତା,123
or.wiktionary.org,2026-07,45,ବ୍ରାହ୍ମ_ମୁହୂର୍ତ୍ତ,114
or.wiktionary.org,2026-07,46,ଶିଶୁ,111
or.wiktionary.org,2026-07,47,ରଙ୍କ,109
or.wiktionary.org,2026-07,48,ଶିକ୍ଷା,108
or.wiktionary.org,2026-07,48,କ୍ରିୟା,108
or.wiktionary.org,2026-07,50,ଖଞ୍ଜ,107
or.wikisource.org,2026-07,1,ଓଡ଼ିଆ_ଭାଗବତ,4887
or.wikisource.org,2026-07,2,ପ୍ରଧାନ_ପୃଷ୍ଠା,3618
or.wikisource.org,2026-07,3,ଓଡ଼ିଆ_ଭାଗବତ/୧୦,2542
or.wikisource.org,2026-07,4,ଓଡ଼ିଆ_ଭାଗବତ/୧,2224
or.wikisource.org,2026-07,5,ବିଶେଷ:ଖୋଜନ୍ତୁ,1502
or.wikisource.org,2026-07,6,ବିଶେଷ:ନଗଦବଦଳ,1480
or.wikisource.org,2026-07,7,ଓଡ଼ିଆ_ଭାଗବତ/୩,1188
or.wikisource.org,2026-07,8,ଓଡ଼ିଆ_ଭାଗବତ/୪,1055
or.wikisource.org,2026-07,9,ଓଡ଼ିଆ_ଭାଗବତ/୨,1041
or.wikisource.org,2026-07,10,ଓଡ଼ିଆ_ଭାଗବତ/୮,963
or.wikisource.org,2026-07,11,ଓଡ଼ିଆ_ଭାଗବତ/୧୧,952
or.wikisource.org,2026-07,12,ଶ୍ରୀମଦ୍_ଭଗବଦ୍_ଗୀତା,935
or.wikisource.org,2026-07,13,ଓଡ଼ିଆ_ଭାଗବତ/୯,769
or.wikisource.org,2026-07,14,ଓଡ଼ିଆ_ଭାଗବତ/୭,732
or.wikisource.org,2026-07,15,ଓଡ଼ିଆ_ଭାଗବତ/୬,705
or.wikisource.org,2026-07,16,ଓଡ଼ିଆ_ଭାଗବତ/୫,678
or.wikisource.org,2026-07,17,"ପୃଷ୍ଠା:Babaji_Natak_(JM_Lala,_1877;_KC_Patnaik,_Ed.)_o.pdf/୫୫",614
or.wikisource.org,2026-07,18,"ଜାତି,_ଜାଗୃତି_ଓ_ପ୍ରଗତି",462
or.wikisource.org,2026-07,19,ଛମାଣ_ଆଠଗୁଣ୍ଠ,419
or.wikisource.org,2026-07,20,ଓଡ଼ିଆ_ଭାଗବତ/୧୨,413
or.wikisource.org,2026-07,21,ଓଡ଼ିଆ_ଭାଗବତ/୧୩,379
or.wikisource.org,2026-07,22,"ଜାତି,_ଜାଗୃତି_ଓ_ପ୍ରଗତି/ଓଡ଼ିଆଙ୍କ_ରକ୍ତ_ଥଣ୍ଡା_ହେଲାଣି",371
or.wikisource.org,2026-07,22,ଓଡ଼ିଶାର_ସ୍ମରଣୀୟ_ଶିକ୍ଷକ_ବୃନ୍ଦ,371
or.wikisource.org,2026-07,24,ପ୍ରବୋଧ_ଚନ୍ଦ୍ରିକା,366
or.wikisource.org,2026-07,25,ଉଇକିପାଠାଗାର:ଆଲୋଚନା_ସଭା,365
or.wikisource.org,2026-07,26,ବନ୍ଦୀର_ଆତ୍ମକଥା,346
or.wikisource.org,2026-07,27,ବର୍ଣ୍ଣବୋଧ,332
or.wikisource.org,2026-07,28,ଲେଖକ:ସାରଳା_ଦାସ,310
or.wikisource.org,2026-07,29,ଦୀନବାନ୍ଧବ_ହେ_କେ_କି_ଦେଲା_ମୁଁ_ନ_ଦେଲି,309
or.wikisource.org,2026-07,30,ରୂପରେଖ_ନାହିଁ_ହେ_ଶୂନ୍ୟଦେହୀ,303
or.wikisource.org,2026-07,31,ହରିବଂଶ/ଦ୍ୱିତୀୟ_ଖଣ୍ଡ,298
or.wikisource.org,2026-07,32,କଳା_କଳେବର_ଚଉତିଶା,272
or.wikisource.org,2026-07,33,କବିତା_ଫଗୁଣ,270
or.wikisource.org,2026-07,34,ହରିବଂଶ/ପ୍ରଥମ_ଖଣ୍ଡ,253
or.wikisource.org,2026-07,35,ଜୟ_ଜୟ_ସରସ୍ଵତୀ,248
or.wikisource.org,2026-07,36,ସୂଚୀ:Chha_mana_atha_guntha.pdf,245
or.wikisource.org,2026-07,37,ମାଣବସା_ଲକ୍ଷ୍ମୀ_ପୁରାଣ,243
or.wikisource.org,2026-07,38,କବିତା_କଲ୍ଲୋଳିନୀ/ଜଗତେ_କେବଳ,235
or.wikisource.org,2026-07,39,ଇତାଲୀୟ_ଯୁବା,231
or.wikisource.org,2026-07,40,ଲେଖକ:ବଳରାମ_ଦାସ,229
or.wikisource.org,2026-07,41,ଲେଖକ:କବିସୂର୍ଯ୍ୟ_ବଳଦେବ_ରଥ,218
or.wikisource.org,2026-07,42,"ଜାତି,_ଜାଗୃତି_ଓ_ପ୍ରଗତି/ଓଡ଼ିଶାରେ_ରାଜନେତା_ଓ_ରାଜନୀତି",215
or.wikisource.org,2026-07,43,ଗଳ୍ପସ୍ଵଳ୍ପ,213
or.wikisource.org,2026-07,44,ମହିମା,212
or.wikisource.org,2026-07,45,ସାବିତ୍ରୀ_ଓଷା,211
or.wikisource.org,2026-07,46,"ପୃଷ୍ଠା:Gobar_Gotei_(C_Mohapatra,_1930).pdf/୪୧",206
or.wikisource.org,2026-07,47,କବିତାବଳୀ/ପାର୍ବତୀ,204
or.wikisource.org,2026-07,48,କବିତାବଳୀ/ଦରବାର,201
or.wikisource.org,2026-07,49,ତୁମ_ପରି_ଛୋଟ_ପିଲାଟିଏ,199
or.wikisource.org,2026-07,49,ମେଘଦୂତ,199
pa.wikipedia.org,2026-07,1,ਮੁੱਖ_ਸਫ਼ਾ,51389
pa.wikipedia.org,2026-07,2,ਜਸਵੰਤ_ਸਿੰਘ_ਖਾਲੜਾ,16345
pa.wikipedia.org,2026-07,3,ਖ਼ਾਸ:ਖੋਜੋ,15393
pa.wikipedia.org,2026-07,4,ਖ਼ਾਸ:ਤਾਜ਼ਾ_ਤਬਦੀਲੀਆਂ,6071
pa.wikipedia.org,2026-07,5,ਦਿਲਾਵਰ_ਸਿੰਘ_ਬੱਬਰ,3266
pa.wikipedia.org,2026-07,6,ਊਧਮ_ਸਿੰਘ,3031
pa.wikipedia.org,2026-07,7,ਪੰਜਾਬ_ਦੇ_ਮੇਲੇ_ਅਤੇ_ਤਿਉਹਾਰ,2408
pa.wikipedia.org,2026-07,8,ਗੁਰੂ_ਨਾਨਕ,1900
pa.wikipedia.org,2026-07,9,ਭਾਈ_ਤਾਰੂ_ਸਿੰਘ,1788
pa.wikipedia.org,2026-07,10,ਵਿਕੀਪੀਡੀਆ:ਬਾਰੇ,1763
pa.wikipedia.org,2026-07,11,ਭਗਤ_ਰਵਿਦਾਸ,1662
pa.wikipedia.org,2026-07,12,ਜਗਤਾਰ_ਸਿੰਘ_ਹਵਾਰਾ,1519
pa.wikipedia.org,2026-07,13,ਵਿਕੀਪੀਡੀਆ:ਆਮ_ਅਸਵੀਕਾਰਤਾ,1508
pa.wikipedia.org,2026-07,14,ਭਾਈ_ਵੀਰ_ਸਿੰਘ,1489
pa.wikipedia.org,2026-07,15,ਗੁਰੂ_ਹਰਿਗੋਬਿੰਦ,1448
pa.wikipedia.org,2026-07,16,ਭਾਈ_ਮਨੀ_ਸਿੰਘ,1425
pa.wikipedia.org,2026-07,17,ਗੁਰੂ_ਗੋਬਿੰਦ_ਸਿੰਘ,1314
pa.wikipedia.org,2026-07,18,ਰਣਜੀਤ_ਸਿੰਘ,1296
pa.wikipedia.org,2026-07,19,"ਅਲਬੂਕਰਕੀ,_ਨਿਊ_ਮੈਕਸੀਕੋ",1285
pa.wikipedia.org,2026-07,20,ਪੰਜਾਬੀ_ਸੱਭਿਆਚਾਰ,1283
pa.wikipedia.org,2026-07,21,ਗੁਰੂ_ਗ੍ਰੰਥ_ਸਾਹਿਬ,1275
pa.wikipedia.org,2026-07,22,"ਪੰਜਾਬ,_ਭਾਰਤ",1205
pa.wikipedia.org,2026-07,23,﻿_ਉਸਤਾਦ_ਅਮਾਨਤ_ਅਲੀ_ਖ਼ਾਨ,1169
pa.wikipedia.org,2026-07,24,ਪੰਜਾਬ_ਦੇ_ਲੋਕ-ਨਾਚ,1062
pa.wikipedia.org,2026-07,25,ਪੰਜਾਬੀ_ਭਾਸ਼ਾ,1049
pa.wikipedia.org,2026-07,26,ਵਿਕੀਪੀਡੀਆ:ਆਮ_ਦਾਅਵੇ,1021
pa.wikipedia.org,2026-07,27,ਰਣਜੀਤ_ਸਿੰਘ_ਕੁੱਕੀ_ਗਿੱਲ,1011
pa.wikipedia.org,2026-07,28,ਭਗਤ_ਸਿੰਘ,985
pa.wikipedia.org,2026-07,29,ਪੰਜਾਬੀ_ਲੋਕ_ਖੇਡਾਂ,974
pa.wikipedia.org,2026-07,30,ਤੀਆਂ,973
pa.wikipedia.org,2026-07,31,ਗੁਰੂ_ਅਰਜਨ,960
pa.wikipedia.org,2026-07,32,ਪੰਜਾਬ,946
pa.wikipedia.org,2026-07,33,ਸੁਖਮਨੀ_ਸਾਹਿਬ,937
pa.wikipedia.org,2026-07,34,ਅਕਾਲ_ਤਖ਼ਤ,935
pa.wikipedia.org,2026-07,35,ਰੋਟੀ,919
pa.wikipedia.org,2026-07,36,ਬੇਅੰਤ_ਸਿੰਘ_(ਮੁੱਖ_ਮੰਤਰੀ),897
pa.wikipedia.org,2026-07,37,ੴ,865
pa.wikipedia.org,2026-07,38,ਗੁਰਬਚਨ_ਸਿੰਘ_ਮਾਨੋਚਾਹਲ,857
pa.wikipedia.org,2026-07,39,ਪੰਜਾਬ_ਦਾ_ਇਤਿਹਾਸ,831
pa.wikipedia.org,2026-07,40,ਬਲਵੰਤ_ਸਿੰਘ_ਰਾਜੋਆਣਾ,823
pa.wikipedia.org,2026-07,41,ਗੁਰੂ_ਰਾਮਦਾਸ,772
pa.wikipedia.org,2026-07,42,ਅੰਮ੍ਰਿਤਾ_ਪ੍ਰੀਤਮ,757
pa.wikipedia.org,2026-07,43,ਬਿਮਲ_ਕੌਰ_ਖਾਲਸਾ,747
pa.wikipedia.org,2026-07,44,ਗੁਰੂ_ਅਮਰਦਾਸ,742
pa.wikipedia.org,2026-07,45,ਪਰਮਜੀਤ_ਕੌਰ_ਖਾਲੜਾ,728
pa.wikipedia.org,2026-07,46,ਜਪੁਜੀ_ਸਾਹਿਬ,726
pa.wikipedia.org,2026-07,47,ਜਿਊਣਾ_ਮੌੜ,706
pa.wikipedia.org,2026-07,48,ਗੁਰੂ_ਅੰਗਦ,704
pa.wikipedia.org,2026-07,49,ਸਤਲੁਜ_(ਫ਼ਿਲਮ),670
pa.wikipedia.org,2026-07,50,ਸੁਖਵਿੰਦਰ_ਅੰਮ੍ਰਿਤ,648
pa.wiktionary.org,2026-07,1,ਮੁੱਖ_ਪੰਨਾ,3293
pa.wiktionary.org,2026-07,2,ਸ਼ਬਦ_ਚਿੱਤਰ,2321
pa.wiktionary.org,2026-07,3,ਸਦਰ_ਥਾਣਾ,465
pa.wiktionary.org,2026-07,4,Wiktionary:ਸੱਥ,437
pa.wiktionary.org,2026-07,5,ਖ਼ਾਸ:ਖੋਜੋ,315
pa.wiktionary.org,2026-07,6,ਅਵਸਥਾ,184
pa.wiktionary.org,2026-07,7,about,179
pa.wiktionary.org,2026-07,8,ਸਨਦੀ,170
pa.wiktionary.org,2026-07,9,ਤਮਬੋਲੀ,124
pa.wiktionary.org,2026-07,10,ਅਕ੍ਰਿਤਘਣ,121
pa.wiktionary.org,2026-07,11,ਮੌਡਿਊਲ:headword/data,119
pa.wiktionary.org,2026-07,12,ਖ਼ਾਸ:ਤਾਜ਼ਾ_ਤਬਦੀਲੀਆਂ,98
pa.wiktionary.org,2026-07,13,ਤਸਬੀ,97
pa.wiktionary.org,2026-07,14,ਅੰਦਾਜ਼ਾ,90
pa.wiktionary.org,2026-07,15,ਸਾਲੂ,89
pa.wiktionary.org,2026-07,16,ਊੜਾ,87
pa.wiktionary.org,2026-07,17,ਅਗਲ_ਬਗਲ,86
pa.wiktionary.org,2026-07,18,ਸ਼੍ਰੇਣੀ:ਪੰਜਾਬੀ_ਮੁਹਾਵਰੇ,84
pa.wiktionary.org,2026-07,19,ਤਪ,80
pa.wiktionary.org,2026-07,19,ਮਦਦ:ਸਮੱਗਰੀ,80
pa.wiktionary.org,2026-07,21,ਤਰਸਾਉਣਾ,77
pa.wiktionary.org,2026-07,22,Wiktionary:ਆਮ_ਦਾਅਵੇ,74
pa.wiktionary.org,2026-07,23,ਅਖਾੜਾ_ਗਰਮ_ਹੋਣਾ,71
pa.wiktionary.org,2026-07,24,ਟੱਟਾ,67
pa.wiktionary.org,2026-07,25,ਸਰੀਰਕ_ਸਿੱਖਿਆ,66
pa.wiktionary.org,2026-07,26,ਸੱਥਰੇ_ਦੇ_ਸਿਰ_ਵਰਗਾ_ਬਣਾਉਣਾ,64
pa.wiktionary.org,2026-07,27,ਆਹੂ_ਲਾਹੁਣੇ,61
pa.wiktionary.org,2026-07,27,ਆਨਾ_ਕਾਨੀ_ਕਰਨਾ,61
pa.wiktionary.org,2026-07,29,ਊਠ_ਚਾਲੀ_ਬੋਤਾ_ਪੰਜਤਾਲੀ,53
pa.wiktionary.org,2026-07,30,ਤਾਪ,48
pa.wiktionary.org,2026-07,30,ਆਲੇ_ਕੋਡੀ_ਛਿੱਕੇ_ਕੋੜੀ_ਕਰਨਾ,48
pa.wiktionary.org,2026-07,30,ਇੱਕ,48
pa.wiktionary.org,2026-07,33,ਉੱਤਮ_ਖੇਤੀ_ਮੱਧਮ_ਵਪਾਰ_ਨਖਿਧ_ਚਾਕਰੀ_ਭੀਖ_ਗਵਾਰ,47
pa.wiktionary.org,2026-07,34,ਨਾਜ਼,46
pa.wiktionary.org,2026-07,35,ਵਿਕਸ਼ਨਰੀ,44
pa.wiktionary.org,2026-07,36,special,41
pa.wiktionary.org,2026-07,37,ਸੰਕਲਪ,38
pa.wiktionary.org,2026-07,38,ਤਸਵੀਰ:Page_Frame_Features_on_desktop.png,37
pa.wiktionary.org,2026-07,39,ਫਰਮਾ:All_system_messages,36
pa.wiktionary.org,2026-07,40,ਊਟ_ਪਟਾਂਗ,35
pa.wiktionary.org,2026-07,41,ਗੱਲ-ਬਾਤ:ਮੁੱਖ_ਪੰਨਾ,34
pa.wiktionary.org,2026-07,42,ਸੱਧਰਾਂ,33
pa.wiktionary.org,2026-07,42,ਤਸ਼ਰੀਫ਼,33
pa.wiktionary.org,2026-07,44,ਤਸੀਰ,32
pa.wiktionary.org,2026-07,45,ਸ਼੍ਰੇਣੀ:ਪੰਜਾਬੀ_ਸ਼ਬਦਾਂ_ਦੇ_ਉਚਾਰਨ,31
pa.wiktionary.org,2026-07,46,ਅਗੇਤਰ,30
pa.wiktionary.org,2026-07,47,ਗੰਧਕ,29
pa.wiktionary.org,2026-07,48,ਵਰਤੋਂਕਾਰ:Satdeep_Gill,28
pa.wiktionary.org,2026-07,49,ਤਿਹਰਾਉਣਾ,27
pa.wiktionary.org,2026-07,49,ਸੁਰਖ਼ੀ,27
pa.wikisource.org,2026-07,1,ਮੁੱਖ_ਸਫ਼ਾ,5055
pa.wikisource.org,2026-07,2,ਪੰਨਾ:Johar_khalsa.pdf/202,1182
pa.wikisource.org,2026-07,3,ਲੋਕ_ਗੀਤਾਂ_ਦੀ_ਸਮਾਜਿਕ_ਵਿਆਖਿਆ/ਮੁੱਢਲੇ_ਸ਼ਬਦ,1103
pa.wikisource.org,2026-07,4,ਖ਼ਾਸ:ਖੋਜੋ,974
pa.wikisource.org,2026-07,5,ਹੀਰ_ਵਾਰਸਸ਼ਾਹ_(1900),940
pa.wikisource.org,2026-07,6,ਲੋਕ_ਸਿਆਣਪਾਂ/ਭਾਗ_ਦੂਜਾ,937
pa.wikisource.org,2026-07,7,ਭੂਤ_ਭਵਿੱਖ_ਦੀ_ਅਕੱਥ_ਕਥਾ,854
pa.wikisource.org,2026-07,8,ਪੰਜਾਬ_ਦੇ_ਲੋਕ_ਨਾਇਕ/ਲੋਕ_ਗੀਤ,739
pa.wikisource.org,2026-07,9,ਵਿਆਹ_ਦੇ_ਗੀਤ/ਸੁਹਾਗ,699
pa.wikisource.org,2026-07,10,ਖ਼ਾਸ:ਤਾਜ਼ਾ_ਤਬਦੀਲੀਆਂ,666
pa.wikisource.org,2026-07,11,ਲੋਕ_ਸਿਆਣਪਾਂ/ਭਾਗ_ਪਹਿਲਾ,628
pa.wikisource.org,2026-07,12,ਸਲੋਕ_ਭਗਤ_ਕਬੀਰ,610
pa.wikisource.org,2026-07,13,ਅਨੁਵਾਦ:ਕਾਲੀ_ਸਲਵਾਰ,585
pa.wikisource.org,2026-07,14,ਖੁਲ੍ਹੇ_ਲੇਖ/ਪਿਆਰ,573
pa.wikisource.org,2026-07,15,ਸਿੱਖ_ਗੁਰੂ_ਸਾਹਿਬਾਨ/ਸਿੱਖ_ਧਰਮ,551
pa.wikisource.org,2026-07,16,ਪੰਨਾ:ਭਾਰਤ_ਦਾ_ਸੰਵਿਧਾਨ_(ਮਈ_2024).pdf/421,517
pa.wikisource.org,2026-07,17,ਪੰਜਾਬ_ਦੇ_ਹੀਰੇ/ਮੁਖ_ਬੰਧ,486
pa.wikisource.org,2026-07,18,ਸ਼ਗਨਾਂ_ਦੇ_ਗੀਤ/ਗਿੱਧੇ_ਦੀਆਂ_ਬੋਲੀਆਂ,483
pa.wikisource.org,2026-07,19,ਪੰਨਾ:ਇਸਲਾਮ_ਵਿਚ_ਔਰਤ_ਦਾ_ਸਥਾਨ_–_ਮੁਹੰਮਦ_ਜਮੀਲ.pdf/70,478
pa.wikisource.org,2026-07,20,ਸ਼ਲੋਕ_ਸ਼ੇਖ_ਫਰੀਦ,429
pa.wikisource.org,2026-07,20,ਸ਼ਲੋਕ_ਗੁਰੂ_ਨਾਨਕ_ਦੇਵ_ਜੀ,429
pa.wikisource.org,2026-07,22,ਬਾਤਾਂ_ਦੇਸ_ਪੰਜਾਬ_ਦੀਆਂ/ਭਲਾ_ਤੇ_ਬੁਰਾ,420
pa.wikisource.org,2026-07,23,ਲੋਕ_ਬੁਝਾਰਤਾਂ/ਘਰਾਂ_ਵਿਚ_ਖੇਤਾਂ_ਵਿਚ,415
pa.wikisource.org,2026-07,24,ਸਿੱਖ_ਧਰਮ_ਫ਼ਿਲਾਸਫ਼ੀ,389
pa.wikisource.org,2026-07,25,ਤਸਵੀਰ:ਰੂਪ_ਲੇਖਾ.pdf,365
pa.wikisource.org,2026-07,26,ਨੈਣੀਂ_ਨੀਂਦ_ਨਾ_ਆਵੇ/ਦੋ_ਸ਼ਬਦ,357
pa.wikisource.org,2026-07,27,ਬਾਰਹ_ਮਾਹਾ_ਗੁਰੂ_ਅਰਜਨ_ਦੇਵ_ਜੀ,328
pa.wikisource.org,2026-07,28,ਸਭਿਆਚਾਰ_ਅਤੇ_ਪੰਜਾਬੀ_ਸਭਿਆਚਾਰ,322
pa.wikisource.org,2026-07,29,ਸਿੱਖ_ਗੁਰੂ_ਸਾਹਿਬਾਨ/ਗੁਰੂ_ਨਾਨਕ_ਦੇਵ_ਜੀ,316
pa.wikisource.org,2026-07,30,ਕਾਫ਼ੀਆਂ_ਬੁੱਲ੍ਹੇ_ਸ਼ਾਹ,313
pa.wikisource.org,2026-07,31,ਸਿੱਖ_ਗੁਰੂ_ਸਾਹਿਬਾਨ/ਗੁਰੂ_ਅਰਜਨ_ਦੇਵ_ਜੀ,303
pa.wikisource.org,2026-07,32,ਪੰਜਾਬ_ਦੇ_ਲੋਕ_ਨਾਇਕ/ਜਿਉਣਾ_ਮੋੜ,292
pa.wikisource.org,2026-07,33,ਫਰਮਾ:Header,278
pa.wikisource.org,2026-07,34,ਮਹਿਕ_ਪੰਜਾਬ_ਦੀ/ਲੋਕ_ਕਹਾਣੀਆਂ,268
pa.wikisource.org,2026-07,35,ਪੰਨਾ:ਹਾਏ_ਕੁਰਸੀ.pdf/7,266
pa.wikisource.org,2026-07,35,ਨਵੀਨ_ਦੁਨੀਆਂ,266
pa.wikisource.org,2026-07,37,ਪੰਨਾ:Guru_Granth_Sahib_Ji.pdf/194,253
pa.wikisource.org,2026-07,38,ਚੰਡੀ_ਦੀ_ਵਾਰ,250
pa.wikisource.org,2026-07,39,ਕਾਫ਼ੀਆਂ_ਮੀਰਾਂ_ਸ਼ਾਹ_ਜਲੰਧਰੀ,242
pa.wikisource.org,2026-07,40,ਪੰਨਾ:ਸਿੱਖ_ਧਰਮ_ਫ਼ਿਲਾਸਫ਼ੀ.pdf/53,240
pa.wikisource.org,2026-07,41,ਪੰਜਾਬੀ_ਸਭਿਆਚਾਰ_ਦੀ_ਆਰਸੀ/ਲੋਕ_ਸਾਹਿਤ,238
pa.wikisource.org,2026-07,42,ਵਿਕੀਸਰੋਤ:ਬਾਰੇ,230
pa.wikisource.org,2026-07,42,ਪੰਜਾਬੀ_ਕਵਿਤਾ/ਕਵਿਤਾ_ਦੀਆਂ_ਕਿਸਮਾਂ,230
pa.wikisource.org,2026-07,44,ਵਿਆਹ_ਦੇ_ਗੀਤ/ਘੋੜੀਆਂ,212
pa.wikisource.org,2026-07,45,ਪੂਰਨ_ਭਗਤ_(ਹੱਥਲਿਖਤ),208
pa.wikisource.org,2026-07,46,ਲੋਕ_ਗੀਤਾਂ_ਦੀ_ਸਮਾਜਿਕ_ਵਿਆਖਿਆ/﻿﻿ਬਾਪੂ_ਵੇ_ਬਦਾਮੀ_ਰੰਗਿਆ,204
pa.wikisource.org,2026-07,47,ਕਾਫ਼ੀਆਂ_ਸ਼ਾਹ_ਹੁਸੈਨ_(ਚਰਨ_ਪਪਰਾਲਵੀ),200
pa.wikisource.org,2026-07,48,ਸ਼ਗਨਾਂ_ਦੇ_ਗੀਤ/ਸਾਵੇਂ,199
pa.wikisource.org,2026-07,49,ਪੰਨਾ:ਸਭਿਆਚਾਰ_ਅਤੇ_ਪੰਜਾਬੀ_ਸਭਿਆਚਾਰ_-_ਗੁਰਬਖ਼ਸ਼_ਸਿੰਘ_ਫ਼ਰੈਂਕ.pdf/96,191
pa.wikisource.org,2026-07,50,ਪੰਜਾਬ_ਦੇ_ਲੋਕ_ਨਾਇਕ/ਸੁੱਚਾ_ਸਿੰਘ_ਸੂਰਮਾ,186
pa.wikibooks.org,2026-07,1,ਖ਼ਾਸ:ਖੋਜੋ,32157
pa.wikibooks.org,2026-07,2,ਕੋਠੇ_ਖੜਕ_ਸਿੰਘ,2606
pa.wikibooks.org,2026-07,3,ਮੁੱਖ_ਪੰਨਾ,1531
pa.wikibooks.org,2026-07,4,ਮੁੱਖ_ਸਫ਼ਾ,800
pa.wikibooks.org,2026-07,5,Wikibooks:ਸੱਥ,195
pa.wikibooks.org,2026-07,6,ਪਿੰਜਰ_(ਨਾਵਲ),142
pa.wikibooks.org,2026-07,7,ਖ਼ਾਸ:ਤਾਜ਼ਾ_ਤਬਦੀਲੀਆਂ,117
pa.wikibooks.org,2026-07,8,ਪੁਰਾਤਨ_ਜਨਮ_ਸਾਖੀ,100
pa.wikibooks.org,2026-07,9,ਵਿਕੀਬੁਕਸ,74
pa.wikibooks.org,2026-07,10,ਪੰਜਾਬੀ_ਸਾਹਿਤ_ਦੀ_ਸੰਯੁਕਤ_ਇਤਿਹਾਸਕਾਰੀ,67
pa.wikibooks.org,2026-07,11,ਪੰਜਾਬੀ_ਵਿਆਕਰਨ/ਅਸ਼ੁੱਧ-ਸ਼ੁੱਧ,62
pa.wikibooks.org,2026-07,12,ਮੀਡੀਆਵਿਕੀ:Gadgets-prefstext,61
pa.wikibooks.org,2026-07,13,ਪੰਜਾਬੀ_ਵਿਆਕਰਨ/ਲਗਾਂ-ਮਾਤਰਾਂ_ਅਤੇ_ਲਗਾਖਰ,58
pa.wikibooks.org,2026-07,14,ਵਰਤੋਂਕਾਰ:Escarbot,40
pa.wikibooks.org,2026-07,15,ਵਰਤੋਂਕਾਰ_ਗੱਲ-ਬਾਤ:MdsShakil,36
pa.wikibooks.org,2026-07,16,ਵਰਤੋਂਕਾਰ:Vituzzu,34
pa.wikibooks.org,2026-07,16,ਵਰਤੋਂਕਾਰ:Pratyya_Ghosh,34
pa.wikibooks.org,2026-07,18,ਵਰਤੋਂਕਾਰ:タチコマ_robot,30
pa.wikibooks.org,2026-07,19,ਅੰਗਰੇਜ਼ੀ,29
pa.wikibooks.org,2026-07,19,ਵਰਤੋਂਕਾਰ_ਗੱਲ-ਬਾਤ:Pratyya_Ghosh,29
pa.wikibooks.org,2026-07,21,ਵਰਤੋਂਕਾਰ:Bennylin,26
pa.wikibooks.org,2026-07,22,ਵਰਤੋਂਕਾਰ:Randykitty,25
pa.wikibooks.org,2026-07,23,ਫਰਮਾ:BookCat/template/core/doc,22
pa.wikibooks.org,2026-07,23,ਫਰਮਾ:Dialog/button/visible,22
pa.wikibooks.org,2026-07,23,ਫਰਮਾ:Wikipedia_category,22
pa.wikibooks.org,2026-07,26,ਫਰਮਾ:BookCat/default/doc,21
pa.wikibooks.org,2026-07,26,ਫਰਮਾ:Shelves/doc,21
pa.wikibooks.org,2026-07,26,ਫਰਮਾ:DropBox/doc,21
pa.wikibooks.org,2026-07,26,ਫਰਮਾ:Subjects/doc,21
pa.wikibooks.org,2026-07,30,ਵਰਤੋਂਕਾਰ:TheVideoGamePhenom,20
pa.wikibooks.org,2026-07,30,ਫਰਮਾ:Documentation/start_box2,20
pa.wikibooks.org,2026-07,30,ਫਰਮਾ:Shelves/leaf2/doc,20
pa.wikibooks.org,2026-07,33,ਫਰਮਾ:Subjects/upper_bound/doc,19
pa.wikibooks.org,2026-07,34,ਪੰਜਾਬੀ_ਭਾਸ਼ਾ_ਦੇ_ਵਾਕ_ਦੀ_ਬਣਤਰ_ਅਤੇ_ਵਰਗੀਕਰਨ,18
pa.wikibooks.org,2026-07,34,ਜੰਗਨਾਮਾ_ਸ਼ਾਹ_ਮੁਹੰਮਦ/ਕਲਾਤਮਕ_ਅਧਿਐਨ,18
pa.wikibooks.org,2026-07,34,ਫਰਮਾ:Dialog/button/1-val,18
pa.wikibooks.org,2026-07,34,ਫਰਮਾ:Navbox_with_columns/doc,18
pa.wikibooks.org,2026-07,34,ਫਰਮਾ:Navbox,18
pa.wikibooks.org,2026-07,39,ਫਰਮਾ:Sec_link/relative_url/doc,17
pa.wikibooks.org,2026-07,39,ਫਰਮਾ:Navbox_subgroup/doc,17
pa.wikibooks.org,2026-07,39,ਫਰਮਾ:NAIVEBOOKSTEM/doc,17
pa.wikibooks.org,2026-07,39,ਫਰਮਾ:Stage_short/doc,17
pa.wikibooks.org,2026-07,39,ਫਰਮਾ:Hidden_begin,17
pa.wikibooks.org,2026-07,39,ਫਰਮਾ:Decistage/doc,17
pa.wikibooks.org,2026-07,39,ਵਰਤੋਂਕਾਰ:AvocatoBot,17
pa.wikibooks.org,2026-07,46,ਫਰਮਾ:Sec_link_auto,16
pa.wikibooks.org,2026-07,46,ਫਰਮਾ:Imbox/doc,16
pa.wikibooks.org,2026-07,48,ਵਰਤੋਂਕਾਰ:Vibhijain,15
pa.wikibooks.org,2026-07,48,ਵਰਤੋਂਕਾਰ:Shanel,15
pa.wikibooks.org,2026-07,48,ਪੰਜਾਬੀ_ਵਿਆਕਰਨ/ਵਿਰੋਧੀ_ਸ਼ਬਦ,15
pi.wikipedia.org,2026-07,1,पमुख_पत्त_Pamukha_patta,22739
pi.wikipedia.org,2026-07,2,Wikipedia:Noticeboard,6019
pi.wikipedia.org,2026-07,3,विसेस:Search,5843
pi.wikipedia.org,2026-07,4,विसेस:RecentChanges,2972
pi.wikipedia.org,2026-07,5,Wikipedia:Noticeboard/Wikidata,1603
pi.wikipedia.org,2026-07,6,Wikipedia:Requests_for_permissions/Administrator,1074
pi.wikipedia.org,2026-07,7,Wikipedia:मन्तन_ठान_Mantana_ṭhāna,1001
pi.wikipedia.org,2026-07,8,अवयव:Emijrp/List_of_Wikipedians_by_number_of_edits_(bots_included),961
pi.wikipedia.org,2026-07,9,Wikipedia:Sandbox,758
pi.wikipedia.org,2026-07,10,नेपाल_भाषा,757
pi.wikipedia.org,2026-07,11,बुद्धत्ता,582
pi.wikipedia.org,2026-07,12,Āngalabhāsā,568
pi.wikipedia.org,2026-07,13,पालि_Pāli,555
pi.wikipedia.org,2026-07,14,कोन्ग्_चि,472
pi.wikipedia.org,2026-07,15,अवयव:CX_Zoom/TestPage1,462
pi.wikipedia.org,2026-07,16,अवयव:Vargenau,380
pi.wikipedia.org,2026-07,17,चिन्तनशास्त्र,375
pi.wikipedia.org,2026-07,18,अवयव:Escarbot,364
pi.wikipedia.org,2026-07,19,सम्भासित:पमुख_पत्त_Pamukha_patta,345
pi.wikipedia.org,2026-07,20,पब्बतो,329
pi.wikipedia.org,2026-07,21,Wikipedia:Criteria_for_speedy_deletion,295
pi.wikipedia.org,2026-07,22,पटिरूप:Babel,286
pi.wikipedia.org,2026-07,23,बुद्धो,283
pi.wikipedia.org,2026-07,23,भारत_के_राष्ट्रप्रमुखों_की_सूची,283
pi.wikipedia.org,2026-07,25,Special:RecentChanges,271
pi.wikipedia.org,2026-07,26,विभाग:User_en-N,268
pi.wikipedia.org,2026-07,27,जगद्गुरुरामभद्राचार्यः_Jagadgururāmabhadrācāryaḥ,264
pi.wikipedia.org,2026-07,28,धम्म,259
pi.wikipedia.org,2026-07,29,विभाग:Deleteme,253
pi.wikipedia.org,2026-07,30,मोन्टगोमरी,251
pi.wikipedia.org,2026-07,31,बामियान्-बुद्ध-पटिमायो,246
pi.wikipedia.org,2026-07,32,अवयव:CX_Zoom/ToDo,196
pi.wikipedia.org,2026-07,32,शल्यचिकित्सा,196
pi.wikipedia.org,2026-07,34,अवयव:CX_Zoom/TestPage5,189
pi.wikipedia.org,2026-07,35,फ्लोरिडा,188
pi.wikipedia.org,2026-07,36,दूरदर्शन_यन्त्र,183
pi.wikipedia.org,2026-07,37,विकिपीडिया,181
pi.wikipedia.org,2026-07,38,ज्योतिष,178
pi.wikipedia.org,2026-07,39,पटिरूप:Copied_from_English_Wikipedia_without_documentation,174
pi.wikipedia.org,2026-07,40,जगद्गुरुरामभद्राचार्यविकलाङ्गनिखिलविज्जालय_Jagadgururāmabhadrācāryavikalāṅganikhilavijjālaya,173
pi.wikipedia.org,2026-07,41,अवयव:TXiKiBoT,171
pi.wikipedia.org,2026-07,42,अवयव:WikimediaNotifier/notifications,168
pi.wikipedia.org,2026-07,42,अवयव:CocuBot,168
pi.wikipedia.org,2026-07,44,असमरज्जं,167
pi.wikipedia.org,2026-07,45,ज्योर्जिया,165
pi.wikipedia.org,2026-07,46,केन्चकी,163
pi.wikipedia.org,2026-07,47,पटिरूप:विकि_जानकारी,159
pi.wikipedia.org,2026-07,48,मन्तन_ठान_Mantana_ṭhāna,158
pi.wikipedia.org,2026-07,49,आकासो,155
pi.wikipedia.org,2026-07,50,Jagadgururāmabhadrācāryaḥ,152
sa.wikipedia.org,2026-07,1,मुख्यपृष्ठम्,22023
sa.wikipedia.org,2026-07,2,विशेषः:नूतनपरिवर्तनानि,2619
sa.wikipedia.org,2026-07,3,विकिपीडिया:General_disclaimer,1424
sa.wikipedia.org,2026-07,4,विशेषः:अन्वेषणम्,1296
sa.wikipedia.org,2026-07,5,साहाय्यम्:देवनागरीलिप्या_कथं_लेखनीयम्?,1037
sa.wikipedia.org,2026-07,6,भारतम्,706
sa.wikipedia.org,2026-07,7,तृतीयः_पृथ्वीराजः,685
sa.wikipedia.org,2026-07,8,विकिपीडिया:सामान्यं_प्रत्याख्यानम्,639
sa.wikipedia.org,2026-07,8,विक्रमसंवत्,639
sa.wikipedia.org,2026-07,10,वन्देभारतद्रुतयानम्,627
sa.wikipedia.org,2026-07,11,विकिपीडिया:स्वशिक्षा,582
sa.wikipedia.org,2026-07,12,गर्गः,577
sa.wikipedia.org,2026-07,13,चौहानवंशः,559
sa.wikipedia.org,2026-07,14,कालिदासः,538
sa.wikipedia.org,2026-07,15,विजयस्तम्भः,522
sa.wikipedia.org,2026-07,16,महाभारतस्य_पर्वसूचिः,520
sa.wikipedia.org,2026-07,17,प्रकल्पः:विषये,511
sa.wikipedia.org,2026-07,18,मल्लेश्वरम्,479
sa.wikipedia.org,2026-07,19,सदस्यसम्भाषणम्:Rajoriya,469
sa.wikipedia.org,2026-07,20,भानुभक्त_आचार्य,447
sa.wikipedia.org,2026-07,21,विकिपीडिया:साहाय्यम्,445
sa.wikipedia.org,2026-07,22,तलकाडु,424
sa.wikipedia.org,2026-07,23,सदस्यः:Soorya_Hebbar/प्रयोगपृष्ठम्/गर्गः,419
sa.wikipedia.org,2026-07,23,साहाय्यम्:बराहा_टंकन_करोसि,419
sa.wikipedia.org,2026-07,23,विकिपीडिया:विचारसभा,419
sa.wikipedia.org,2026-07,26,संस्कृतम्,385
sa.wikipedia.org,2026-07,27,विकिपीडिया:सभा,381
sa.wikipedia.org,2026-07,28,न_मे_पार्थास्ति_कर्तव्यं...,366
sa.wikipedia.org,2026-07,29,डा_आत्मारामः,363
sa.wikipedia.org,2026-07,30,भारतस्य_महानगराणां_सूचि,358
sa.wikipedia.org,2026-07,31,विकिपीडिया:नवागतेभ्यः_परिचयः,343
sa.wikipedia.org,2026-07,32,धर्मेन्द्र_प्रधान,336
sa.wikipedia.org,2026-07,33,विकिपीडिया:दूतावासः/Embassy,326
sa.wikipedia.org,2026-07,34,विकिपीडिया:स्वागतम्,315
sa.wikipedia.org,2026-07,35,सुभद्रा_कुमारी_चौहान,300
sa.wikipedia.org,2026-07,36,विकिपीडिया:प्रयोगपृष्ठम्,285
sa.wikipedia.org,2026-07,37,साङ्ख्यदर्शनम्,276
sa.wikipedia.org,2026-07,38,भारतस्य_बहुजनसङ्ख्यायुक्तानां_नगराणां_सूची,247
sa.wikipedia.org,2026-07,39,फलकम्:Country_data_Soviet_Union,239
sa.wikipedia.org,2026-07,40,गोकाकजलपातः,237
sa.wikipedia.org,2026-07,41,कर्मण्येवाधिकारस्ते...,232
sa.wikipedia.org,2026-07,42,अल्बर्ट्_ऐन्स्टैन्,229
sa.wikipedia.org,2026-07,43,बाबर,224
sa.wikipedia.org,2026-07,44,धर्मराजः,221
sa.wikipedia.org,2026-07,45,बाणभट्टः,219
sa.wikipedia.org,2026-07,46,अवतारः,218
sa.wikipedia.org,2026-07,47,सञ्चिका:Babur.jpg,217
sa.wikipedia.org,2026-07,48,बळ्ळारीमण्डलम्,211
sa.wikipedia.org,2026-07,49,प्लाक्षफलम्,209
sa.wikipedia.org,2026-07,50,अम्बिका_चक्रवर्ती,208
sa.wiktionary.org,2026-07,1,मुख्यपृष्ठम्,7648
sa.wiktionary.org,2026-07,2,विशेषः:नूतनपरिवर्तनानि,2473
sa.wiktionary.org,2026-07,3,privacy,1603
sa.wiktionary.org,2026-07,4,विशेषः:अन्वेषणम्,1514
sa.wiktionary.org,2026-07,5,संस्कृत-हिन्दी_शब्दकोश,1158
sa.wiktionary.org,2026-07,6,स्वाति,1100
sa.wiktionary.org,2026-07,7,संस्कृत_सुभाषितानि_-_०४,1060
sa.wiktionary.org,2026-07,8,संस्कृत-हिन्दी_शब्दकोश_(अ_से_अः),796
sa.wiktionary.org,2026-07,9,दनु,663
sa.wiktionary.org,2026-07,10,मञ्च,619
sa.wiktionary.org,2026-07,11,बलि,533
sa.wiktionary.org,2026-07,12,बुद्ध,525
sa.wiktionary.org,2026-07,13,कारक,523
sa.wiktionary.org,2026-07,14,कालिका,517
sa.wiktionary.org,2026-07,15,लोलार्क,501
sa.wiktionary.org,2026-07,16,चक्र,477
sa.wiktionary.org,2026-07,17,सहार,473
sa.wiktionary.org,2026-07,18,देवकी,462
sa.wiktionary.org,2026-07,19,मिष्ट,456
sa.wiktionary.org,2026-07,20,ब्रह्मास्त्र,434
sa.wiktionary.org,2026-07,21,संस्कृतशब्दकोशः,431
sa.wiktionary.org,2026-07,22,संस्कृत_सुभाषितानि_-_०५,415
sa.wiktionary.org,2026-07,23,हिमवंत्,384
sa.wiktionary.org,2026-07,24,संस्कृत-हिन्दी_शब्दकोश_(श_से_ह),337
sa.wiktionary.org,2026-07,25,बिन्दुसरस्,332
sa.wiktionary.org,2026-07,26,संस्कृत_सामान्यशब्दकोशः,327
sa.wiktionary.org,2026-07,27,भ्राता,305
sa.wiktionary.org,2026-07,28,जैगीषव्य,304
sa.wiktionary.org,2026-07,29,अभिनन्दन,292
sa.wiktionary.org,2026-07,30,जम्बूद्वीप,291
sa.wiktionary.org,2026-07,31,चुत,289
sa.wiktionary.org,2026-07,32,bottle,288
sa.wiktionary.org,2026-07,33,संस्कृत-हिन्दी_शब्दकोश_(पवर्ग),282
sa.wiktionary.org,2026-07,34,शिव,275
sa.wiktionary.org,2026-07,35,चाणक्य,270
sa.wiktionary.org,2026-07,36,आर्य,265
sa.wiktionary.org,2026-07,37,ब्रह्मा,264
sa.wiktionary.org,2026-07,38,गरुत्मंत्,246
sa.wiktionary.org,2026-07,39,न्यग्रोध,241
sa.wiktionary.org,2026-07,40,त्रिशङ्कु,230
sa.wiktionary.org,2026-07,41,संस्कृत-हिन्दी_शब्दकोश_(कवर्ग),216
sa.wiktionary.org,2026-07,42,कोशल,214
sa.wiktionary.org,2026-07,43,विकिशब्दकोशः:समुदायद्वारम्,213
sa.wiktionary.org,2026-07,44,विकिशब्दकोशः:Community_Portal,209
sa.wiktionary.org,2026-07,45,यमुना,207
sa.wiktionary.org,2026-07,45,आषाढ,207
sa.wiktionary.org,2026-07,45,वर्गः:यन्त्रोपारोपितकोशांशः-Monier-Williams,207
sa.wiktionary.org,2026-07,45,मंगल,207
sa.wiktionary.org,2026-07,49,कुन्ती,205
sa.wiktionary.org,2026-07,50,इलिका,204
sa.wikisource.org,2026-07,1,महिषासुरमर्दिनी_स्तोत्रम्,31963
sa.wikisource.org,2026-07,2,विशेषः:अन्वेषणम्,13760
sa.wikisource.org,2026-07,3,मुख्यपृष्ठम्,11850
sa.wikisource.org,2026-07,4,नमस्ते_सदा_वत्सले_(संघ_प्रार्थना),10268
sa.wikisource.org,2026-07,5,चतुर्वेदी_संस्कृत-हिन्दी_शब्दकोष,6812
sa.wikisource.org,2026-07,6,नारदसंहिता,4898
sa.wikisource.org,2026-07,7,प्रज्ञाविवर्धन_स्तोत्र,4177
sa.wikisource.org,2026-07,8,श्रीमहालक्ष्मी_अष्टकं,3085
sa.wikisource.org,2026-07,9,श्री_गणेश_स्तुति,2315
sa.wikisource.org,2026-07,10,दत्तात्रेय_द्वादशः_नाम_स्तोत्रम्,1659
sa.wikisource.org,2026-07,11,शिवताण्डवस्तोत्रम्,1322
sa.wikisource.org,2026-07,12,शक्रादय_स्तुति,1300
sa.wikisource.org,2026-07,13,श्रीशिवाष्टकं,1264
sa.wikisource.org,2026-07,14,शार्ङ्गधरसंहिता/मध्यखण्डम्,1149
sa.wikisource.org,2026-07,15,शार्ङ्गधरसंहिता/पूर्वखण्डम्,1100
sa.wikisource.org,2026-07,16,वर्गः:पुराणानि,917
sa.wikisource.org,2026-07,17,काश्यपसंहिता/सूत्रस्थानम्,888
sa.wikisource.org,2026-07,18,महाभारतम्,878
sa.wikisource.org,2026-07,19,वर्गः:वेदाः,848
sa.wikisource.org,2026-07,20,रसरत्नाकरः/खण्ड_३,796
sa.wikisource.org,2026-07,21,रुद्राष्टकम्,760
sa.wikisource.org,2026-07,22,भवान्यष्टकम्,719
sa.wikisource.org,2026-07,23,भगवद्गीता,671
sa.wikisource.org,2026-07,24,विष्णुशतनामस्तोत्रम्,664
sa.wikisource.org,2026-07,25,ऋग्वेदः,652
sa.wikisource.org,2026-07,26,मन्त्रमहार्णवः/खण्डः_३_(उत्तरखण्डः)/तरङ्गः_०२,630
sa.wikisource.org,2026-07,27,श्रीभागवतसन्दर्भः/पञ्चमः_सन्दर्भः,586
sa.wikisource.org,2026-07,28,श्रीमद्भागवतपुराणम्,558
sa.wikisource.org,2026-07,29,अष्टाङ्गहृदयम्/सूत्रस्थानम्,529
sa.wikisource.org,2026-07,30,संस्कृत-हिन्दी_शब्दकोशः_(चतुर्वेदी),528
sa.wikisource.org,2026-07,31,काश्यपसंहिता/खिलस्थानम्,488
sa.wikisource.org,2026-07,32,सुश्रुतसंहिता/शारीरस्थानम्,484
sa.wikisource.org,2026-07,32,गणानां_त्वा_गणपतिं_घनपाठ,484
sa.wikisource.org,2026-07,34,अग्निपुराणम्/अध्यायः_३३५,447
sa.wikisource.org,2026-07,35,श्री_दुर्गासप्तशती_सार,440
sa.wikisource.org,2026-07,36,ऋग्वेदः_मण्डल_१,436
sa.wikisource.org,2026-07,37,पृष्ठम्:चतुर्वेदी_संस्कृत-हिन्दी_शब्दकोष.djvu/३३६,416
sa.wikisource.org,2026-07,38,देव्यपराधक्षमापनस्तोत्रम्,406
sa.wikisource.org,2026-07,39,पृष्ठम्:The_Sanskrit_Language_(T.Burrow).djvu/१६६,403
sa.wikisource.org,2026-07,40,द्वादशज्योतिर्लिङ्गस्तोत्रम्,397
sa.wikisource.org,2026-07,41,शनि_मंत्र,391
sa.wikisource.org,2026-07,42,शब्दकल्पद्रुमः,389
sa.wikisource.org,2026-07,42,स्कन्दपुराणम्,389
sa.wikisource.org,2026-07,44,गोविन्द_दामोदर_स्तोत्र,388
sa.wikisource.org,2026-07,45,चरकसंहिता_(आयुर्वेददीपिकाव्याख्यासमेता),380
sa.wikisource.org,2026-07,46,पृष्ठम्:ब्रह्मवैवर्तमहापुराणम्.djvu/५५,377
sa.wikisource.org,2026-07,47,सम्भाषणम्:मुख्यपृष्ठम्,374
sa.wikisource.org,2026-07,48,अनुक्रमणिकासम्भाषणम्:मुखपुटम्,356
sa.wikisource.org,2026-07,49,पृष्ठम्:Sanskrit_Literature.djvu/१३७,355
sa.wikisource.org,2026-07,50,वाल्मीकिरामायणम्,353
sa.wikiquote.org,2026-07,1,मुखपुटम्,3925
sa.wikiquote.org,2026-07,2,आ_नो_भद्राः_क्रतवो_यन्तु_विश्वतोऽदब्धासो_अपरितासउद्भिदः,3816
sa.wikiquote.org,2026-07,3,स्वभावो_नोपदेशेन...,1358
sa.wikiquote.org,2026-07,4,विकिसूक्तिः:समुदायद्वारम्,773
sa.wikiquote.org,2026-07,5,ऋग्वेदः_मण्डल_१,708
sa.wikiquote.org,2026-07,6,कालिदाससूक्तयः_(मेघदूतम्),703
sa.wikiquote.org,2026-07,7,करारविन्देन_पदारविन्दं_…,611
sa.wikiquote.org,2026-07,8,महाभारतम्,550
sa.wikiquote.org,2026-07,9,सुभाषितरत्नभाण्डागारम्_(२_सामान्यप्रकरणम्),542
sa.wikiquote.org,2026-07,10,विशेषः:अन्वेषणम्,535
sa.wikiquote.org,2026-07,11,अयोध्याकाण्ड,524
sa.wikiquote.org,2026-07,12,ऋग्वेदः,452
sa.wikiquote.org,2026-07,13,महाभारतसूक्तयः_(क्षत्रियः),411
sa.wikiquote.org,2026-07,14,कालिदासः,409
sa.wikiquote.org,2026-07,15,सुभाषितसङ्ग्रहः/समयोचितसदुक्तयः,390
sa.wikiquote.org,2026-07,16,कालिदासः_जने_जने...,381
sa.wikiquote.org,2026-07,17,जय_जय_हे_भगवति...,331
sa.wikiquote.org,2026-07,18,युद्धकाण्ड,303
sa.wikiquote.org,2026-07,19,महाभारतसूक्तयः_(धैर्यम्),287
sa.wikiquote.org,2026-07,20,जगद्गुरुरामभद्राचार्यः,275
sa.wikiquote.org,2026-07,21,महाभारतसूक्तयः_(धनम्),251
sa.wikiquote.org,2026-07,22,ऋग्वेदः_मण्डल_२,232
sa.wikiquote.org,2026-07,23,भोगा_न_भुक्ता_वयमेव_भुक्ता:_…,230
sa.wikiquote.org,2026-07,24,रूमि,213
sa.wikiquote.org,2026-07,25,भगवद्_गीता,209
sa.wikiquote.org,2026-07,26,विद्या_विवादाय_धनं_मदाय...,204
sa.wikiquote.org,2026-07,27,आत्मा_वा_अरे_द्रर्ष्टव्यः...,201
sa.wikiquote.org,2026-07,28,सुभाषितसङ्ग्रहः/प्रशंसात्मकानि_सुभाषितानि,195
sa.wikiquote.org,2026-07,29,महाभारतसूक्तयः_(कालः),184
sa.wikiquote.org,2026-07,30,न_हि_विज्ञातुर्विज्ञातेः...,183
sa.wikiquote.org,2026-07,31,प्रतिवादिभयङ्कर_श्री_अनन्ताचार्य,181
sa.wikiquote.org,2026-07,32,रूपयौवनसम्पन्ना...,174
sa.wikiquote.org,2026-07,32,लालयेत्_पञ्च_वर्षाणि...,174
sa.wikiquote.org,2026-07,34,न_त्वहं_कामये_राज्यं...,158
sa.wikiquote.org,2026-07,35,उद्यमः_साहसं_धैर्यं...,155
sa.wikiquote.org,2026-07,36,चाटुचणकः(विष्णु:),153
sa.wikiquote.org,2026-07,37,आचार्यात्_पादम्_आधत्ते...,148
sa.wikiquote.org,2026-07,38,महाभारतसूक्तयः_(अन्नम्),141
sa.wikiquote.org,2026-07,39,जैनदर्शनसूक्तयः_(सज्जनः),140
sa.wikiquote.org,2026-07,40,आत्मा_त्वं...,139
sa.wikiquote.org,2026-07,41,सङ्घशाखा_सुभाषितानि,136
sa.wikiquote.org,2026-07,42,सर्वं_परवशं_दुःखं...,135
sa.wikiquote.org,2026-07,43,चाणक्यनीतिदर्पणः_(एकादशोऽध्यायः),134
sa.wikiquote.org,2026-07,44,सुभाषितसङ्ग्रहः/सूक्तिमञ्जरी,129
sa.wikiquote.org,2026-07,45,भर्तृहरिनीतिशतकम्,125
sa.wikiquote.org,2026-07,46,अणोरणीयान्_महतो_महीयान्...,123
sa.wikiquote.org,2026-07,46,फलकम्:पृष्ठपट्टिका-प्रहेलिका,123
sa.wikiquote.org,2026-07,46,महाभारतसूक्तयः_(दानम्),123
sa.wikiquote.org,2026-07,49,जयतु_जननी...,122
sa.wikiquote.org,2026-07,50,विशेषः:नूतनपरिवर्तनानि,121
sa.wikibooks.org,2026-07,1,विशेषः:अन्वेषणम्,47923
sa.wikibooks.org,2026-07,2,मुख्यपृष्ठम्,2610
sa.wikibooks.org,2026-07,3,व्याकरणमहाभाष्य_खण्ड_01,1575
sa.wikibooks.org,2026-07,4,कामसूत्र,860
sa.wikibooks.org,2026-07,5,संस्कृतवाक्याभ्यासः,666
sa.wikibooks.org,2026-07,6,न्यायसूत्र,555
sa.wikibooks.org,2026-07,7,संस्कृतभाषा/शब्दपरिचयः/शरीराङ्गानि,524
sa.wikibooks.org,2026-07,8,विकिपुस्तकानि:समुदायद्वारम्,488
sa.wikibooks.org,2026-07,9,१_गर्भावक्रान्तिशारीराध्याय:,465
sa.wikibooks.org,2026-07,10,विज्ञानभैरव,432
sa.wikibooks.org,2026-07,11,अष्टांगहृदय_उत्तरस्थान,327
sa.wikibooks.org,2026-07,12,असित-गिरि-समं...,308
sa.wikibooks.org,2026-07,13,अष्टांगहृदय,305
sa.wikibooks.org,2026-07,14,संस्कृत-हिन्दी_व्यावहारिक_शब्दावली,269
sa.wikibooks.org,2026-07,15,०१आयुष्कामीय:,230
sa.wikibooks.org,2026-07,16,कूजन्तं_..._वाल्मीकिकोकिलम्,206
sa.wikibooks.org,2026-07,17,श्रीरामचन्द्रचरणौ..._शरणं_प्रपद्ये,197
sa.wikibooks.org,2026-07,18,अष्टांगहृदयम्_-_मूलमात्रम्,166
sa.wikibooks.org,2026-07,19,अष्टांगहृदय_सूत्रस्थान,158
sa.wikibooks.org,2026-07,20,अद्भुतं_संस्कृतम्,151
sa.wikibooks.org,2026-07,21,विशेषः:नूतनपरिवर्तनानि,145
sa.wikibooks.org,2026-07,22,अष्टाङ्गहृदयम्-_पदच्छेद-अन्वयार्थसहितम्,141
sa.wikibooks.org,2026-07,23,प्रज्ञां-परिमित-हृदय-सूत्र,131
sa.wikibooks.org,2026-07,23,नीतिद्विषष्टिका,131
sa.wikibooks.org,2026-07,25,०१_कश्चित्_कान्ता_…,127
sa.wikibooks.org,2026-07,26,मूल_मध्यमक_कारिका,124
sa.wikibooks.org,2026-07,27,०४रोगानुत्पादनीय:,122
sa.wikibooks.org,2026-07,28,याज्ञवल्क्यस्मृतिः_व्यवहाराध्यायः,120
sa.wikibooks.org,2026-07,29,अष्टांगहृदय_शारीरस्थान,118
sa.wikibooks.org,2026-07,30,च.शा.१.०७७-०९४,108
sa.wikibooks.org,2026-07,31,रसरत्नसमुच्चय_:_अध्याय_08,106
sa.wikibooks.org,2026-07,32,ब्रह्मसूत्र,98
sa.wikibooks.org,2026-07,33,महासुभाषितसंग्रह_४००१-५०००,93
sa.wikibooks.org,2026-07,34,सम्भाषणम्:मुख्यपृष्ठम्,92
sa.wikibooks.org,2026-07,35,०५...२५,91
sa.wikibooks.org,2026-07,36,आरामः_...सः_नः_प्रभुः,90
sa.wikibooks.org,2026-07,37,वज्रपञ्जरनामेदं..._जयमङ्गलम्,89
sa.wikibooks.org,2026-07,37,ग्रीवाभङ्ग-अभिरामं....._उर्व्यां_प्रयाति_॥१.०७_॥,89
sa.wikibooks.org,2026-07,37,साहित्य_दर्पण,89
sa.wikibooks.org,2026-07,40,महासुभाषितसंग्रह_०००१-१०००,84
sa.wikibooks.org,2026-07,41,अष्टांगहृदय_चिकित्सास्थान,83
sa.wikibooks.org,2026-07,42,प्रथमं_परिशिष्टम्,82
sa.wikibooks.org,2026-07,43,संस्कृतभाषा/सर्वनामानि,80
sa.wikibooks.org,2026-07,44,रामरक्षास्तोत्रम्_-_सान्वयं_सार्थम्,75
sa.wikibooks.org,2026-07,45,महो_देवो_मर्त्याँ_आविवेश_।,73
sa.wikibooks.org,2026-07,46,सदस्यः:AmaryllisGardener,68
sa.wikibooks.org,2026-07,47,०२दिनचर्या,64
sa.wikibooks.org,2026-07,48,अध्यात्मरामायण/बालकाण्डम्,63
sa.wikibooks.org,2026-07,49,सदस्यसम्भाषणम्:Rajanala_Samyak,62
sa.wikibooks.org,2026-07,50,सज्जनदुर्जनविषये_बाणमतानि,61
sat.wiktionary.org,2026-07,1,ᱣᱤᱠᱤ_ᱟᱹᱲᱟᱹ_ᱢᱩᱨᱟᱹᱭ:ᱢᱩᱬᱩᱛ_ᱥᱟᱦᱴᱟ,3650
sat.wiktionary.org,2026-07,2,ᱠᱟᱨᱟᱢ_ᱫᱟᱨᱮ,2323
sat.wiktionary.org,2026-07,3,ᱪᱟᱛᱚᱢ,2040
sat.wiktionary.org,2026-07,4,ᱣᱤᱠᱤ_ᱟᱹᱲᱟᱹ_ᱢᱩᱨᱟᱹᱭ:ᱣᱤᱠᱤᱯᱤᱰᱤᱭᱟ_᱒᱕_ᱥᱮᱨᱢᱟ_ᱯᱩᱨᱟᱹᱣ_ᱟᱹᱲᱟᱹ_ᱥᱮᱞᱮᱫ_ᱦᱮᱯᱨᱟᱣ,1663
sat.wiktionary.org,2026-07,5,ᱢᱳᱰᱩᱞ:languages/canonical_names,893
sat.wiktionary.org,2026-07,6,ᱟᱥᱚᱠᱟᱭ:Search,375
sat.wiktionary.org,2026-07,7,ᱵᱟᱞᱳᱜ,209
sat.wiktionary.org,2026-07,8,ᱣᱤᱠᱤ_ᱟᱹᱲᱟᱹ_ᱢᱩᱨᱟᱹᱭ:ᱠᱷᱩᱴ_ᱵᱚᱞᱚᱱ_ᱦᱚᱨ,204
sat.wiktionary.org,2026-07,9,ᱣᱤᱠᱤ_ᱟᱹᱲᱟᱹ_ᱢᱩᱨᱟᱹᱭ:ᱣᱤᱠᱤᱯᱤᱰᱤᱭᱟ_᱒᱕_ᱥᱮᱨᱢᱟ_ᱯᱩᱨᱟᱹᱣ_ᱟᱹᱲᱟᱹ_ᱥᱮᱞᱮᱫ_ᱦᱮᱯᱨᱟᱣ/ᱥᱮᱞᱮᱫᱤᱭᱟᱹ_ᱠᱚ,155
sat.wiktionary.org,2026-07,10,ᱟᱥᱚᱠᱟᱭ:RecentChanges,113
sat.wiktionary.org,2026-07,11,ᱵᱮᱵᱷᱟᱨᱤᱭᱟᱹ:WikiPinakpani,109
sat.wiktionary.org,2026-07,12,Main_Page,102
sat.wiktionary.org,2026-07,13,ᱵᱮᱵᱷᱟᱨᱤᱭᱟᱹ_ᱜᱟᱞᱢᱟᱨᱟᱣ:WikiPinakpani,99
sat.wiktionary.org,2026-07,14,ᱯᱷᱚᱞ,97
sat.wiktionary.org,2026-07,14,ᱣᱤᱠᱤ_ᱟᱹᱲᱟᱹ_ᱢᱩᱨᱟᱹᱭ:ᱚᱞ_ᱞᱟᱹᱜᱤᱫ_ᱦᱟᱹᱛᱭᱟᱹᱨ,97
sat.wiktionary.org,2026-07,16,ᱵᱟᱹᱥᱩᱛ,96
sat.wiktionary.org,2026-07,17,ᱨᱮᱫ:Ol_chiki_script_(writing_of_santali_language_)_2014-05-30_15-21.jpg,93
sat.wiktionary.org,2026-07,18,"ᱨᱮᱫ:Laguna_Cañapa,_Bolivia,_2016-02-03,_DD_70-74_PAN.JPG",72
sat.wiktionary.org,2026-07,19,ᱵᱮᱵᱷᱟᱨᱤᱭᱟᱹ:WikiPinakpani/@,61
sat.wiktionary.org,2026-07,20,ᱵᱮᱵᱷᱟᱨᱤᱭᱟᱹ:WikiPinakpani/sandbox,60
sat.wiktionary.org,2026-07,21,ᱜᱚᱡᱟᱜ,58
sat.wiktionary.org,2026-07,21,ᱵᱮᱵᱷᱟᱨᱤᱭᱟᱹ:WikiPinakpani/sandbox/Home_Page,58
sat.wiktionary.org,2026-07,23,ᱚᱢᱵᱟ,56
sat.wiktionary.org,2026-07,24,ᱪᱷᱟᱸᱪ:list,52
sat.wiktionary.org,2026-07,24,ᱵᱮᱵᱷᱟᱨᱤᱭᱟᱹ:WikiPinakpani/sandbox/mainpage,52
sat.wiktionary.org,2026-07,26,ᱵᱮᱵᱷᱟᱨᱤᱭᱟᱹ:WikiPinakpani/sandbox/mainpage_welcome,50
sat.wiktionary.org,2026-07,27,ᱣᱤᱠᱤ_ᱟᱹᱲᱟᱹ_ᱢᱩᱨᱟᱹᱭ:ᱣᱤᱠᱤᱯᱤᱰᱤᱭᱟ_᱒᱕_ᱥᱮᱨᱢᱟ_ᱯᱩᱨᱟᱹᱣ_ᱟᱹᱲᱟᱹ_ᱥᱮᱞᱮᱫ_ᱦᱮᱯᱨᱟᱣ/ᱚᱱᱚᱞ_ᱛᱟᱹᱞᱠᱟᱹ,49
sat.wiktionary.org,2026-07,28,ᱣᱤᱠᱤ_ᱟᱹᱲᱟᱹ_ᱢᱩᱨᱟᱹᱭ:ᱥᱚᱦᱚᱫ,42
sat.wiktionary.org,2026-07,29,ᱜᱟᱰᱟ,35
sat.wiktionary.org,2026-07,29,Special:Search,35
sat.wiktionary.org,2026-07,31,ᱵᱮᱵᱷᱟᱨᱤᱭᱟᱹ_ᱜᱟᱞᱢᱟᱨᱟᱣ:ᱥᱟᱹᱜᱩᱱ_᱗,33
sat.wiktionary.org,2026-07,32,ᱢᱳᱰᱩᱞ:documentation,32
sat.wiktionary.org,2026-07,33,ᱵᱮᱵᱷᱟᱨᱤᱭᱟᱹ_ᱜᱟᱞᱢᱟᱨᱟᱣ:ᱩᱯᱟᱞ_ᱵᱟᱦᱟ,28
sat.wiktionary.org,2026-07,33,ᱡᱷᱟᱨᱠᱟᱸᱰ,28
sat.wiktionary.org,2026-07,35,ᱪᱷᱟᱸᱪ:adv-sat,27
sat.wiktionary.org,2026-07,36,ᱣᱤᱠᱤ_ᱟᱹᱲᱟᱹ_ᱢᱩᱨᱟᱹᱭ:ᱣᱤᱠᱤᱯᱤᱰᱤᱭᱟ_᱒᱕_ᱥᱮᱨᱢᱟ_ᱯᱩᱨᱟᱹᱣ_ᱟᱹᱲᱟᱹ_ᱥᱮᱞᱮᱫ_ᱦᱮᱯᱨᱟᱣ/ᱚᱨᱡᱚ,26
sat.wiktionary.org,2026-07,37,ᱣᱤᱠᱤ_ᱟᱹᱲᱟᱹ_ᱢᱩᱨᱟᱹᱭ:ᱣᱤᱠᱤ_ᱟᱹᱲᱟᱹ_ᱢᱩᱨᱟᱹᱭ_ᱯᱩᱭᱞᱩ_ᱥᱮᱨᱢᱟ_ᱯᱩᱨᱟᱹᱣ,24
sat.wiktionary.org,2026-07,37,ᱚᱢᱚᱱᱚᱢ,24
sat.wiktionary.org,2026-07,39,ᱵᱮᱵᱷᱟᱨᱤᱭᱟᱹ:Rocky_734/sandbox/ᱢᱩᱬᱩᱛ_ᱥᱟᱦᱴᱟ,23
sat.wiktionary.org,2026-07,40,ᱣᱤᱠᱤ_ᱟᱹᱲᱟᱹ_ᱢᱩᱨᱟᱹᱭ:ᱣᱤᱠᱤᱯᱤᱰᱤᱭᱟ_᱒᱕_ᱥᱮᱨᱢᱟ_ᱯᱩᱨᱟᱹᱣ_ᱟᱹᱲᱟᱹ_ᱥᱮᱞᱮᱫ_ᱦᱮᱯᱨᱟᱣ/ᱱᱤᱭᱚᱢ_ᱠᱚ,22
sat.wiktionary.org,2026-07,41,ᱣᱤᱠᱤ_ᱟᱹᱲᱟᱹ_ᱢᱩᱨᱟᱹᱭ:ᱟᱹᱱᱟᱹᱨᱤ_ᱟᱨ_ᱫᱤᱥᱟᱹ_ᱩᱫᱩᱜ,21
sat.wiktionary.org,2026-07,42,ᱣᱤᱠᱤ_ᱟᱹᱲᱟᱹ_ᱢᱩᱨᱟᱹᱭ_ᱢᱤᱰᱤᱭᱟᱣᱤᱠᱤ:ᱢᱩᱬᱩᱛ_ᱥᱟᱦᱴᱟ,20
sat.wiktionary.org,2026-07,42,ᱛᱷᱚᱠ:ᱟᱹᱰᱤ_ᱠᱷᱟᱴᱚ_ᱚᱞ_ᱥᱟᱦᱴᱟ,20
sat.wiktionary.org,2026-07,42,ᱛᱷᱚᱠ:ᱪᱤᱛᱟᱹᱨ_ᱵᱟᱝ_ᱥᱟᱹᱛ_ᱟᱠᱟᱱᱟ,20
sat.wiktionary.org,2026-07,45,ᱵᱮᱵᱷᱟᱨᱤᱭᱟᱹ:ᱥᱟᱹᱜᱩᱱ_᱗,19
sat.wiktionary.org,2026-07,46,ᱛᱷᱚᱠ:ᱥᱟᱱᱛᱟᱲᱤ_ᱟᱹᱲᱟᱹ,18
sat.wiktionary.org,2026-07,46,ᱛᱷᱚᱠ:ᱯᱷᱚᱨᱢᱟᱴ_ᱵᱟᱝ_ᱥᱟᱹᱛ_ᱟᱠᱟᱱᱟ,18
sat.wiktionary.org,2026-07,46,ᱛᱷᱚᱠ:ᱛᱚᱨᱡᱚᱢᱟ_ᱵᱟᱝ_ᱥᱟᱹᱛ_ᱟᱠᱟᱱᱟ,18
sat.wiktionary.org,2026-07,46,ᱵᱮᱵᱷᱟᱨᱤᱭᱟᱹ_ᱜᱟᱞᱢᱟᱨᱟᱣ:ᱯᱟᱣᱨᱤᱭᱟ,18
sat.wiktionary.org,2026-07,50,ᱣᱤᱠᱤ_ᱟᱹᱲᱟᱹ_ᱢᱩᱨᱟᱹᱭ:ᱪᱟᱪᱞᱟᱣᱤᱭᱟᱹ_ᱦᱩᱭᱩᱜ_ᱞᱟᱹᱜᱤᱫ_ᱟᱨᱡᱤ,17
sd.wikipedia.org,2026-07,1,مُک_صفحو,22536
sd.wikipedia.org,2026-07,2,خاص:تازيون_تبديليون,7631
sd.wikipedia.org,2026-07,3,وڪيپيڊيا:عام_غيرجوابدارينامو,2383
sd.wikipedia.org,2026-07,4,وڪيپيڊيا:بابت,2072
sd.wikipedia.org,2026-07,5,خاص:ڳولا,2012
sd.wikipedia.org,2026-07,6,برج_اسد,1722
sd.wikipedia.org,2026-07,7,سانچو:Collapsible_large_category_TOC,1180
sd.wikipedia.org,2026-07,8,پنجاب،_پاڪستان,1071
sd.wikipedia.org,2026-07,9,زمرو:رڪنيت_گهرندڙ_مواد_جي_ڳنڍڻ_وارا_صفحا,1037
sd.wikipedia.org,2026-07,10,سانچو:Location_map+,812
sd.wikipedia.org,2026-07,11,زمرو:گنو_فائل,732
sd.wikipedia.org,2026-07,12,نيون,685
sd.wikipedia.org,2026-07,13,وڪيپيڊيا:اسان_سان_رابطو_ڪريو,682
sd.wikipedia.org,2026-07,14,لات,625
sd.wikipedia.org,2026-07,15,المغرب,614
sd.wikipedia.org,2026-07,16,تيجن_ٻائي,606
sd.wikipedia.org,2026-07,17,فائل:Sitenotice_sd.gif,582
sd.wikipedia.org,2026-07,18,مدد:مندرجات,548
sd.wikipedia.org,2026-07,19,وڪيپيڊيا:اوطاق,536
sd.wikipedia.org,2026-07,20,سنڌي_نالا,525
sd.wikipedia.org,2026-07,21,اسلامي_ملڪن_جي_فهرست,482
sd.wikipedia.org,2026-07,22,آل_پارٽيز_حريت_ڪانفرنس,452
sd.wikipedia.org,2026-07,23,ايڊز,424
sd.wikipedia.org,2026-07,24,جي_ايم_سيد,417
sd.wikipedia.org,2026-07,25,علامہ_اقبال,385
sd.wikipedia.org,2026-07,26,مدد:فهرست,373
sd.wikipedia.org,2026-07,27,عمران_خان,372
sd.wikipedia.org,2026-07,28,فائل:FDR's_1941_State_of_the_Union_(Four_Freedoms_speech)_Edit_1.ogg,367
sd.wikipedia.org,2026-07,29,ميان_عبدالجبار,366
sd.wikipedia.org,2026-07,30,باب:ھاڻوڪا_واقعا,362
sd.wikipedia.org,2026-07,31,زمرو:وڪيپيڊيا_نرم_منتقلي_(ري_ڊائريڪٽ)_زمرا,356
sd.wikipedia.org,2026-07,32,محفوظ_هم_بستري,354
sd.wikipedia.org,2026-07,33,راجپوت,353
sd.wikipedia.org,2026-07,34,خالد_بن_وليد,351
sd.wikipedia.org,2026-07,35,رياض,350
sd.wikipedia.org,2026-07,36,بحث:مُک_صفحو,349
sd.wikipedia.org,2026-07,36,وڪيپيڊيا:ھاڻوڪا_واقعا,349
sd.wikipedia.org,2026-07,38,1310ع,339
sd.wikipedia.org,2026-07,39,وڪيپيڊيا:ريتخانو,338
sd.wikipedia.org,2026-07,40,1569ع,333
sd.wikipedia.org,2026-07,40,مدد:تعارف,333
sd.wikipedia.org,2026-07,42,زمرو:1959ع_جون_پيدائشون,332
sd.wikipedia.org,2026-07,43,زمرو:آمريڪي_ڪمپيوٽر_سائنسدان,315
sd.wikipedia.org,2026-07,44,وڪيپيڊيا,311
sd.wikipedia.org,2026-07,45,جئ_ايف_17_ٿنڊر,308
sd.wikipedia.org,2026-07,46,بنگالي_ٻولي,305
sd.wikipedia.org,2026-07,47,زمرو:اضافي_حوالن_جي_ضرورت_جا_تمام_صفحا,298
sd.wikipedia.org,2026-07,48,وڪيپيڊيا:Username_policy,297
sd.wikipedia.org,2026-07,49,سانچو:Sindhi_Alphabet,296
sd.wikipedia.org,2026-07,50,ايڊو_رياست,268
sd.wiktionary.org,2026-07,1,خاص:تازيون_تبديليون,271016
sd.wiktionary.org,2026-07,2,مُک_صفحو,3362
sd.wiktionary.org,2026-07,3,ڀلائي_ڪر_ته_ڀلائي_ٿيئي,2404
sd.wiktionary.org,2026-07,4,ا_سان_پهاڪا،_مهاورا_۽_چوڻيون,812
sd.wiktionary.org,2026-07,5,خاص:ڳولا,445
sd.wiktionary.org,2026-07,6,bienvenue,424
sd.wiktionary.org,2026-07,7,اَکِ,303
sd.wiktionary.org,2026-07,8,اُٺُ,183
sd.wiktionary.org,2026-07,9,about,170
sd.wiktionary.org,2026-07,10,Wiktionary:بابت,143
sd.wiktionary.org,2026-07,11,strawberry,128
sd.wiktionary.org,2026-07,12,بُڻڀياس,123
sd.wiktionary.org,2026-07,13,Wiktionary:ھاڻوڪا_واقعا,122
sd.wiktionary.org,2026-07,14,Wiktionary:ريتخانو,121
sd.wiktionary.org,2026-07,15,زمرو:هندي_اسم,120
sd.wiktionary.org,2026-07,16,Wiktionary:اوطاق,110
sd.wiktionary.org,2026-07,17,ترجما,91
sd.wiktionary.org,2026-07,18,Play_it_by_ear,88
sd.wiktionary.org,2026-07,19,Do_evil_and_look_alike,81
sd.wiktionary.org,2026-07,20,چوسو,79
sd.wiktionary.org,2026-07,21,ڀَنڀورِي,77
sd.wiktionary.org,2026-07,22,طرف,73
sd.wiktionary.org,2026-07,23,تلاش,72
sd.wiktionary.org,2026-07,24,ذريعات_وڪي:Intl,69
sd.wiktionary.org,2026-07,25,Parallel_universe,68
sd.wiktionary.org,2026-07,25,cependant,68
sd.wiktionary.org,2026-07,27,Wiktionary:ڀلي_ڪري_آيا،_نوان_ايندڙ,66
sd.wiktionary.org,2026-07,27,rôti,66
sd.wiktionary.org,2026-07,29,سانچو:-اچار-,64
sd.wiktionary.org,2026-07,29,Wiktionary:بوٽس,64
sd.wiktionary.org,2026-07,31,فرنگي_توت,58
sd.wiktionary.org,2026-07,32,désastreux,55
sd.wiktionary.org,2026-07,33,بحث:مُک_صفحو,54
sd.wiktionary.org,2026-07,34,پنهنجي_پيرن_تي_بِيهَڻُ,53
sd.wiktionary.org,2026-07,35,فَرِنگِي_تُوتُ,52
sd.wiktionary.org,2026-07,35,aunt,52
sd.wiktionary.org,2026-07,37,سانچو:ja,50
sd.wiktionary.org,2026-07,37,زمرو:ايسپرانتو,50
sd.wiktionary.org,2026-07,39,اپريل,49
sd.wiktionary.org,2026-07,39,ذريعات_وڪي:Skin,49
sd.wiktionary.org,2026-07,41,best,48
sd.wiktionary.org,2026-07,41,پگھار,48
sd.wiktionary.org,2026-07,43,administration,47
sd.wiktionary.org,2026-07,44,پير,45
sd.wiktionary.org,2026-07,45,superior,44
sd.wiktionary.org,2026-07,46,واپرائيندڙ:Dcljr,43
sd.wiktionary.org,2026-07,47,ڊِسِمبَر,40
sd.wiktionary.org,2026-07,47,باندر_ڇا_ڄاڻي_ادرڪ_جو_سواد,40
sd.wiktionary.org,2026-07,49,سانجھي,39
sd.wiktionary.org,2026-07,49,جتي_لوڀي_ھجن_اتي_ٺوڳي_بُک_نه_مرن,39
si.wikipedia.org,2026-07,1,විශේෂ:ගවේෂණය,41845
si.wikipedia.org,2026-07,2,මුල්_පිටුව,30537
si.wikipedia.org,2026-07,3,සූනන්_ඇඟ_වැටීමේ_ඵලාඵල,10811
si.wikipedia.org,2026-07,4,විශේෂ:මෑත_වෙනස්වීම්,5924
si.wikipedia.org,2026-07,5,විකිපීඩියා:Dashboard,5204
si.wikipedia.org,2026-07,6,සීගිරිය,3986
si.wikipedia.org,2026-07,7,ලිංගික_සංසර්ගය,3471
si.wikipedia.org,2026-07,8,සීගිරියේ_ඉතිහාසය,2763
si.wikipedia.org,2026-07,9,ශ්‍රී_දළදා_මාළිගාව,2584
si.wikipedia.org,2026-07,10,විකිපීඩියා:පොදු_වියාචනය,2219
si.wikipedia.org,2026-07,11,එස්_පහ_(5S)_ක්‍රමය,2215
si.wikipedia.org,2026-07,12,ඩෙංගු,2147
si.wikipedia.org,2026-07,13,ශ්‍රී_ලංකාව,2141
si.wikipedia.org,2026-07,14,විකිපීඩියා:Contact_us,2135
si.wikipedia.org,2026-07,15,රුවන්වැලි_මහා_සෑය,2075
si.wikipedia.org,2026-07,16,විකිපීඩියා:පිළිබඳ,1886
si.wikipedia.org,2026-07,17,ශ්‍රී_ලංකාවේ_ජාතික_පාසල්_ලැයිස්තුව,1865
si.wikipedia.org,2026-07,18,දුටුගැමුණු_රජ,1810
si.wikipedia.org,2026-07,19,ස්ත්‍රී_ස්වයං_වින්දනය,1749
si.wikipedia.org,2026-07,20,ස්වයං_වින්දනය,1684
si.wikipedia.org,2026-07,21,"ශ්‍රී_මහා_බෝධිය,_අනුරාධපුර",1591
si.wikipedia.org,2026-07,22,ශ්‍රී_පාදස්ථානය,1541
si.wikipedia.org,2026-07,23,සිංහල_ජනකවි,1482
si.wikipedia.org,2026-07,24,අජිත්_බණ්ඩාර,1424
si.wikipedia.org,2026-07,25,අනුරාධපුර_පෞරාණික_නගරය,1317
si.wikipedia.org,2026-07,26,පළමුවන_පරාක්‍රමබාහු_රජ,1277
si.wikipedia.org,2026-07,27,කතරගම_ඇසළ_පෙරහැර,1273
si.wikipedia.org,2026-07,28,සිංහල_බස,1245
si.wikipedia.org,2026-07,29,මාර්ටින්_වික්‍රමසිංහ,1206
si.wikipedia.org,2026-07,30,කලා_වැව,1190
si.wikipedia.org,2026-07,31,එස්‌._මහින්ද_හිමි,1181
si.wikipedia.org,2026-07,31,බැද්දේගම(නවකතාව),1181
si.wikipedia.org,2026-07,33,ශ්‍රී_ලංකාවේ_ඡන්ද_කොට්ඨාශ_ලැයිස්තුව,1169
si.wikipedia.org,2026-07,34,දඹුල්ල_රජමහා_විහාරය,1166
si.wikipedia.org,2026-07,35,ලිංගික_සංසර්ගික_ඉරියව්,1162
si.wikipedia.org,2026-07,36,ප්‍රවර්ගය:යාවත්කාලීන_කිරීම_අවශ්‍ය_විකිපීඩියා_ලිපි_සියල්ල,1149
si.wikipedia.org,2026-07,37,කුමාරතුංග_මුනිදාස,1142
si.wikipedia.org,2026-07,38,අනගාරික_ධර්මපාල,1127
si.wikipedia.org,2026-07,39,ශ්‍රී_ලංකාවේ_පළාත්_පාසල්_ලැයිස්තුව,1108
si.wikipedia.org,2026-07,40,සිංහල_සාහිත්‍යය,1091
si.wikipedia.org,2026-07,41,ශ්‍රී_ලංකාවේ_ලෝක_උරුම_ලැයිස්තුව,1090
si.wikipedia.org,2026-07,42,ගුණදාස_අමරසේකර,1049
si.wikipedia.org,2026-07,43,ධර්ම_සංගායනා,1029
si.wikipedia.org,2026-07,44,එදිරිවීර_සරච්චන්ද්‍ර,1021
si.wikipedia.org,2026-07,45,චතුරාර්ය_සත්‍යය,1015
si.wikipedia.org,2026-07,45,දේවානම්පිය_තිස්ස_රජ,1015
si.wikipedia.org,2026-07,47,පොළොන්නරුව_පෞරාණික_නගරය,1011
si.wikipedia.org,2026-07,48,ඇසළ_පසළොස්වක_පෝය,982
si.wikipedia.org,2026-07,48,ශ්‍රී_ලංකාවේ_බස්නාහිර_පළාතේ_පාසල්_ලැයිස්තුව,982
si.wikipedia.org,2026-07,50,අනුරාධපුර_ජේතවනාරාමය,963
si.wikibooks.org,2026-07,1,විශේෂ:ගවේෂණය,413956
si.wikibooks.org,2026-07,2,මුල්_පිටුව,6838
si.wikibooks.org,2026-07,3,ත්‍රිපිටක_පොත්_වහන්සේ/සූත්‍ර_පිටකය/දීඝ_නිකාය/දීඝ_නිකාය_2_(_මහා_වග්ගය_),923
si.wikibooks.org,2026-07,4,වෙසතුරු_දා_සන්නෙ_-_INTRODUCTION,699
si.wikibooks.org,2026-07,5,කව්මුතුහර-INTRODUCTION,476
si.wikibooks.org,2026-07,6,බුත්සරණ_-_iv,461
si.wikibooks.org,2026-07,7,සිංහල_විමානවස්තු_ප්‍රකරණය-_vii,416
si.wikibooks.org,2026-07,8,ගුත්තිල_කාව්‍ය_වර්ණනා_-_අලංකර_දර්ශ_නය,407
si.wikibooks.org,2026-07,9,ජානකීහරණය_-_ii,389
si.wikibooks.org,2026-07,10,ජෝන්_ද_සිල්වා_නුර්ති_නාට්‍ය_එකතුව/නාට්‍ය_කර්තෘවර_ජෝන්_ද_සිල්වා,387
si.wikibooks.org,2026-07,11,සම්මත_ජන_කවි/සම්මත_ජන_කවි_-_i,385
si.wikibooks.org,2026-07,12,ගුත්තිල_කාව්‍ය-කාව්‍ය,354
si.wikibooks.org,2026-07,13,විශේෂ:මෑත_වෙනස්වීම්,351
si.wikibooks.org,2026-07,14,පූජාවලිය-ප්‍රස්තාවනය,330
si.wikibooks.org,2026-07,15,මෛත්‍රි_බුදුන්_වහන්සෙ/විවරණ_සහා_ගෞතම_බුදුන්_හා_බැඳුනු_සිදුවීම්,327
si.wikibooks.org,2026-07,16,බලකොටුවක්_ආලකමන්දාවක්_සහ_නාගරික_සංකීර්ණයක්_වූ_සීගිරිය,322
si.wikibooks.org,2026-07,17,කතිකාවත්_සඟරා_-_i,306
si.wikibooks.org,2026-07,18,සිදත්_සඟරා_විවරණය-විවරණය_v,281
si.wikibooks.org,2026-07,19,මයුර_සන්දේශය-ii,279
si.wikibooks.org,2026-07,20,තිසර_සන්දේශය-විවරණiii,262
si.wikibooks.org,2026-07,21,ජානකීහරණය_-_iii,248
si.wikibooks.org,2026-07,22,ජෝන්_ද_සිල්වා_නුර්ති_නාට්‍ය_එකතුව-III-‍අලකේශ්වර_චරිතය,242
si.wikibooks.org,2026-07,23,බටහිර_(යුරෝපීය)_මායා_මන්ත්‍ර_ශාස්ත්‍ර_(Witchcraft_Magic_Spells),241
si.wikibooks.org,2026-07,24,ලෝවැඩ_සඟරාව_i,236
si.wikibooks.org,2026-07,25,සිරි_රහල්_පබඳ-උපග්රන්ථය,233
si.wikibooks.org,2026-07,26,පුරාණ_පත්තිනි_හෑල්ල,229
si.wikibooks.org,2026-07,27,විකිපොත්:කෝපි_කඩේ,220
si.wikibooks.org,2026-07,28,චන්ද්‍රසීලි_කුමාරිගේ_අපූරු_ප්‍රශ්නය,197
si.wikibooks.org,2026-07,29,බුත්සරණ_-_i,194
si.wikibooks.org,2026-07,30,අන්දරේ,167
si.wikibooks.org,2026-07,31,සිදත්_සඟරා_විවරණය-සිදත්_සඟරා_i,162
si.wikibooks.org,2026-07,31,කෝකිල_සන්දේශය-අරුත්_වියකන-i,162
si.wikibooks.org,2026-07,33,විකිපොත්:පොදු_වියාචනය,157
si.wikibooks.org,2026-07,34,සාකච්ඡාව:මුල්_පිටුව,156
si.wikibooks.org,2026-07,35,කණිෂ්ඨ_විකි,155
si.wikibooks.org,2026-07,36,තුන්මන_හන්දිය,152
si.wikibooks.org,2026-07,37,සිරි_රහල්_පබඳ-සැලළිහිණි_අස්න_i,145
si.wikibooks.org,2026-07,38,කාව්යශේඛර-පළමුවන_සග,143
si.wikibooks.org,2026-07,39,පියදාස_සිරිසේන_නවකථා_එකතුව-_01-වාසනාවන්ත_විවාහය_හෙවත්_ජයතිස්ස_සහ_රොස්ලින්,142
si.wikibooks.org,2026-07,40,විකා_(Wicca)_සහ_Witchcraft,137
si.wikibooks.org,2026-07,40,විකිපොත්:Contact_us,137
si.wikibooks.org,2026-07,42,ත්‍රිපිටක_පොත්_වහන්සේ/සූත්‍ර_පිටකය/දීඝ_නිකාය/මහා_පරිනිර්වාණ_සූත්‍රය,135
si.wikibooks.org,2026-07,43,වෙස්සන්තර_ජාතක_කාව්‍ය-හැඳින්වීම,132
si.wikibooks.org,2026-07,44,ජෝන්_ද_සිල්වා_නුර්ති_නාට්‍ය_එකතුව-III-‍C.Don_Bastian_;_the_predecessor_of_John_de_Silva,128
si.wikibooks.org,2026-07,45,මහාවංශය_-_vi,127
si.wikibooks.org,2026-07,46,විකිපොත්_සාකච්ඡාව:Contact_us,123
si.wikibooks.org,2026-07,47,සැළලිහිණි_සන්දේශය,121
si.wikibooks.org,2026-07,48,විකිපොත්:Language_Learning_Difficulty_for_English_Speakers,112
si.wikibooks.org,2026-07,49,විකිපොත්:පිළිබඳ,111
si.wikibooks.org,2026-07,49,ත්‍රිපිටක_පොත්_වහන්සේ/සූත්‍ර_පිටකය/දීඝ_නිකාය/පොට්ඨපාද_සූත්‍රය,111
ta.wikipedia.org,2026-07,1,முதற்_பக்கம்,60368
ta.wikipedia.org,2026-07,2,காமராசர்,57239
ta.wikipedia.org,2026-07,3,சிறப்பு:Search,51616
ta.wikipedia.org,2026-07,4,எஸ்._ஜானகி,32728
ta.wikipedia.org,2026-07,5,Special:RecentChanges,11552
ta.wikipedia.org,2026-07,6,ஆண்_தமிழ்ப்_பெயர்கள்,9968
ta.wikipedia.org,2026-07,7,தமிழ்த்_திரைப்படங்களின்_பட்டியல்_(ஆண்டு_வரிசை),9854
ta.wikipedia.org,2026-07,8,சுப்பிரமணிய_பாரதி,9620
ta.wikipedia.org,2026-07,9,ஜன_நாயகன்,9360
ta.wikipedia.org,2026-07,10,ச._ஜோசப்_விஜய்,8187
ta.wikipedia.org,2026-07,11,பழனி_பாபா,8148
ta.wikipedia.org,2026-07,12,திருக்குறள்,7986
ta.wikipedia.org,2026-07,13,பெண்_தமிழ்ப்_பெயர்கள்,7621
ta.wikipedia.org,2026-07,14,தமிழ்நாடு,6951
ta.wikipedia.org,2026-07,15,பாக்யராஜ்,6151
ta.wikipedia.org,2026-07,16,பாரதிதாசன்,6104
ta.wikipedia.org,2026-07,17,ஆ._ப._ஜெ._அப்துல்_கலாம்,6065
ta.wikipedia.org,2026-07,18,பிரீத்தி_முகுந்தன்,5669
ta.wikipedia.org,2026-07,19,கலைஞர்_மகளிர்_உரிமைத்_திட்டம்,5637
ta.wikipedia.org,2026-07,20,கருப்பு_(திரைப்படம்),5579
ta.wikipedia.org,2026-07,21,சிறப்பு:RecentChanges,5189
ta.wikipedia.org,2026-07,22,Special:Search,4923
ta.wikipedia.org,2026-07,23,சீனா,4769
ta.wikipedia.org,2026-07,24,சோனம்_வாங்சூக்,4719
ta.wikipedia.org,2026-07,25,தமிழ்நாடு_அமைச்சரவை,4660
ta.wikipedia.org,2026-07,26,பி._சுசீலா,4585
ta.wikipedia.org,2026-07,26,தமிழ்,4585
ta.wikipedia.org,2026-07,28,இந்தியா,4556
ta.wikipedia.org,2026-07,29,குதவழிப்_பாலுறவு,4482
ta.wikipedia.org,2026-07,30,விஜய்_தொலைக்காட்சி_நிகழ்ச்சிகளின்_பட்டியல்,4450
ta.wikipedia.org,2026-07,31,சிலப்பதிகாரம்,4391
ta.wikipedia.org,2026-07,32,தமிழ்நாட்டு_முதலமைச்சர்களின்_பட்டியல்,4167
ta.wikipedia.org,2026-07,33,முருகன்,4163
ta.wikipedia.org,2026-07,34,சிவனின்_108_திருநாமங்கள்,4020
ta.wikipedia.org,2026-07,35,தமிழ்த்தாய்_வாழ்த்து,4007
ta.wikipedia.org,2026-07,36,இந்திய_வானியலின்_27_நட்சத்திரங்கள்,3991
ta.wikipedia.org,2026-07,37,கட்டா_குஸ்தி_2,3922
ta.wikipedia.org,2026-07,38,கண்ணதாசன்,3906
ta.wikipedia.org,2026-07,39,சவுக்கு_சங்கர்,3892
ta.wikipedia.org,2026-07,40,திருவிடைமருதூர்_மகாலிங்கேஸ்வரர்_கோயில்,3863
ta.wikipedia.org,2026-07,41,சிறுவாபுரி_பாலசுப்பிரமணிய_சுவாமி_கோயில்,3849
ta.wikipedia.org,2026-07,42,சுய_இன்பம்,3847
ta.wikipedia.org,2026-07,43,மாவட்ட_வாரியான_தேவாரம்_பாடல்_பெற்ற_சிவாலயங்கள்,3834
ta.wikipedia.org,2026-07,44,அறுபடைவீடுகள்,3759
ta.wikipedia.org,2026-07,45,தொல்காப்பியம்,3626
ta.wikipedia.org,2026-07,46,அழகு_முத்துக்கோன்,3566
ta.wikipedia.org,2026-07,47,தமிழ்ப்_பழமொழிகளின்_பட்டியல்,3560
ta.wikipedia.org,2026-07,48,நா._பார்த்தசாரதி,3388
ta.wikipedia.org,2026-07,49,108_வைணவத்_திருத்தலங்கள்,3348
ta.wikipedia.org,2026-07,50,ஐம்பெருங்_காப்பியங்கள்,3336
ta.wiktionary.org,2026-07,1,முதற்_பக்கம்,11423
ta.wiktionary.org,2026-07,2,சிறப்பு:Search,4464
ta.wiktionary.org,2026-07,3,புண்டை,1745
ta.wiktionary.org,2026-07,4,பாய்,1182
ta.wiktionary.org,2026-07,5,sex,1150
ta.wiktionary.org,2026-07,6,நக்கி,1133
ta.wiktionary.org,2026-07,7,குண்டு,910
ta.wiktionary.org,2026-07,8,பற்பொடி,859
ta.wiktionary.org,2026-07,9,மெதுவா,852
ta.wiktionary.org,2026-07,10,சொல்_வளப்பகுதி,807
ta.wiktionary.org,2026-07,11,fuck,799
ta.wiktionary.org,2026-07,12,சேயோன்,796
ta.wiktionary.org,2026-07,13,கறங்கு,745
ta.wiktionary.org,2026-07,14,கூதி,744
ta.wiktionary.org,2026-07,15,தமிழ்,668
ta.wiktionary.org,2026-07,16,பெண்பருவம்,628
ta.wiktionary.org,2026-07,17,வயிரியம்,625
ta.wiktionary.org,2026-07,18,பித்தம்,588
ta.wiktionary.org,2026-07,19,ஆண்டு_நிறைவு_விழாக்கள்,581
ta.wiktionary.org,2026-07,20,மித்திரன்,565
ta.wiktionary.org,2026-07,21,தேவடியாள்,555
ta.wiktionary.org,2026-07,22,பணிவிடை,537
ta.wiktionary.org,2026-07,23,ச,534
ta.wiktionary.org,2026-07,24,அம்மா,531
ta.wiktionary.org,2026-07,25,பூ,519
ta.wiktionary.org,2026-07,26,பரி,515
ta.wiktionary.org,2026-07,27,ஆகாயத்தாமரை,511
ta.wiktionary.org,2026-07,28,பொருளாளர்,508
ta.wiktionary.org,2026-07,29,வழக்கம்,504
ta.wiktionary.org,2026-07,30,femdom,502
ta.wiktionary.org,2026-07,31,பதினாறு_செல்வங்கள்,475
ta.wiktionary.org,2026-07,32,தற்குறி,444
ta.wiktionary.org,2026-07,33,வியாசன்,443
ta.wiktionary.org,2026-07,34,அமல்,436
ta.wiktionary.org,2026-07,35,ஆக்கம்,431
ta.wiktionary.org,2026-07,36,Special:Search,425
ta.wiktionary.org,2026-07,37,சிறப்பு:RecentChanges,422
ta.wiktionary.org,2026-07,38,விக்சனரி:பொதுவான_பொறுப்புத்_துறப்புகள்,413
ta.wiktionary.org,2026-07,39,கொலையாளி,398
ta.wiktionary.org,2026-07,40,சலனம்,367
ta.wiktionary.org,2026-07,41,அனுகூலம்,365
ta.wiktionary.org,2026-07,42,என்னவள்,364
ta.wiktionary.org,2026-07,43,பவன்,353
ta.wiktionary.org,2026-07,44,பெயர்ச்சொல்,352
ta.wiktionary.org,2026-07,45,அடைக்கலம்,348
ta.wiktionary.org,2026-07,46,cuckold,341
ta.wiktionary.org,2026-07,47,cyber,338
ta.wiktionary.org,2026-07,48,பகுப்பு:பார்வதியின்_வேறு_பெயர்கள்,330
ta.wiktionary.org,2026-07,49,சுன்னி,323
ta.wiktionary.org,2026-07,50,பகுப்பு:நான்கெழுத்துச்_சொற்கள்,320
ta.wikisource.org,2026-07,1,கந்த_சஷ்டி_கவசம்,154409
ta.wikisource.org,2026-07,2,கனகதாரா_ஸ்தோத்திரம்,13643
ta.wikisource.org,2026-07,3,முதற்_பக்கம்,9406
ta.wikisource.org,2026-07,4,திருவாசகம்/திருப்பொன்னூசல்,4300
ta.wikisource.org,2026-07,5,கண்ணன்_பாட்டு/1._கண்ணன்_என்_தோழன்,4270
ta.wikisource.org,2026-07,6,பாரதியாரின்_ஞானப்_பாடல்கள்,3724
ta.wikisource.org,2026-07,7,மாணவர்_மாணவியருக்கு_நீதிக்_கதைகள்,3078
ta.wikisource.org,2026-07,8,திருநீலகண்ட_பதிகம்,2716
ta.wikisource.org,2026-07,9,"விநாயகர்_அகவல்,_ஔவையார்",2704
ta.wikisource.org,2026-07,10,பாரதியாரின்_தேசிய_கீதங்கள்/20._செந்தமிழ்_நாடு,2530
ta.wikisource.org,2026-07,11,சிறப்பு:Search,2248
ta.wikisource.org,2026-07,12,பக்கம்:திருக்குறள்_தெளிவுரை.pdf/42,2176
ta.wikisource.org,2026-07,13,திருவாசகம்/பிடித்த_பத்து,2033
ta.wikisource.org,2026-07,14,திருவாசகம்/திருப்பள்ளியெழுச்சி,2008
ta.wikisource.org,2026-07,15,குறுந்தொகை_01_முதல்_10_முடிய,1993
ta.wikisource.org,2026-07,16,தமிழ்மொழி_இலக்கிய_வரலாறு/தமிழின்_தோற்றமும்_வளர்ச்சியும்,1865
ta.wikisource.org,2026-07,17,திருவாசகம்/அச்சோ_பதிகம்,1421
ta.wikisource.org,2026-07,18,திருத்தொண்டத்_தொகை,1338
ta.wikisource.org,2026-07,19,மேலாண்மை_பொன்னுச்சாமி_கதைகள்_2/001,1292
ta.wikisource.org,2026-07,20,திருவாசகம்/அன்னைப்_பத்து,1291
ta.wikisource.org,2026-07,21,திருவிவிலியம்/புதிய_ஏற்பாடு/எபிரேயருக்கு_எழுதிய_திருமுகம்/அதிகாரங்கள்_1_முதல்_2_வரை,1250
ta.wikisource.org,2026-07,22,கண்ணன்_பாட்டு,1235
ta.wikisource.org,2026-07,23,"திருக்குறள்,_மூலம்",1194
ta.wikisource.org,2026-07,24,திருக்குறள்_பரிமேலழகர்_உரை,1133
ta.wikisource.org,2026-07,25,குடும்பப்_பழமொழிகள்/மனைவி,1102
ta.wikisource.org,2026-07,26,அழகின்_சிரிப்பு,1090
ta.wikisource.org,2026-07,27,16_கதையினிலே,1024
ta.wikisource.org,2026-07,28,சிலம்பின்_கதை/மங்கல_வாழ்த்துப்_பாடல்,1002
ta.wikisource.org,2026-07,29,பாரதியாரின்_பல்வகைப்_பாடல்கள்/2._பாப்பாப்_பாட்டு,970
ta.wikisource.org,2026-07,30,விக்கிமூலம்:ஆலமரத்தடி,956
ta.wikisource.org,2026-07,31,பக்கம்:பாவாணர்_தமிழ்க்_களஞ்சியம்_13.pdf/42,908
ta.wikisource.org,2026-07,32,எல்லோரும்_இந்நாட்டு_மன்னர்/எல்லோரும்_இந்நாட்டு_மன்னர்,904
ta.wikisource.org,2026-07,33,சிறப்பு:RecentChanges,853
ta.wikisource.org,2026-07,34,திருக்கோளூர்ப்_பெண்பிள்ளை_ரகசியங்கள்,827
ta.wikisource.org,2026-07,35,நூறாசிரியம்/காமரா_சென்னும்,776
ta.wikisource.org,2026-07,36,பக்கம்:அறிவியல்_களஞ்சியம்_2.pdf/234,762
ta.wikisource.org,2026-07,37,பாரதியாரின்_தெய்வப்பாடல்கள்,736
ta.wikisource.org,2026-07,38,குயிற்_பாட்டு/குயிற்_பாட்டு,726
ta.wikisource.org,2026-07,39,பன்னிரு_திருமுறைகள்,709
ta.wikisource.org,2026-07,40,காளமேகப்_புலவர்_பாடல்கள்,693
ta.wikisource.org,2026-07,41,திருவாசகம்/திருச்சாழல்,689
ta.wikisource.org,2026-07,42,பாரதியாரின்_பல்வகைப்_பாடல்கள்/1._புதிய_ஆத்திச்சூடி,668
ta.wikisource.org,2026-07,43,சீவக_சிந்தாமணி_(உரைநடை)/பூமகள்_இலம்பகம்,660
ta.wikisource.org,2026-07,44,குழந்தைச்_செல்வம்/வாழ்க்கைத்_தத்துவங்கள்,654
ta.wikisource.org,2026-07,45,கோளறு_பதிகம்,647
ta.wikisource.org,2026-07,46,அட்டவணை:வாழ்வியற்_களஞ்சியம்_9.pdf,631
ta.wikisource.org,2026-07,47,அகத்தியர்_ஞானப்_பாடல்கள்,622
ta.wikisource.org,2026-07,48,திருவாசகம்/நீத்தல்_விண்ணப்பம்,614
ta.wikisource.org,2026-07,49,சீவக_சிந்தாமணி_(உரைநடை)/நாமகள்_இலம்பகம்,604
ta.wikisource.org,2026-07,50,பட்டுக்கோட்டை_கல்யாணசுந்தரம்_பாடல்கள்/சிறுவர்_சீர்திருத்தம்,596
ta.wikiquote.org,2026-07,1,முதற்_பக்கம்,10619
ta.wikiquote.org,2026-07,2,சிறப்பு:RecentChanges,6379
ta.wikiquote.org,2026-07,3,தமிழ்ப்_பழமொழிகளும்_சொலவடைகளும்,3826
ta.wikiquote.org,2026-07,4,விக்கிமேற்கோள்:ஆலமரத்தடி,998
ta.wikiquote.org,2026-07,5,சீர்திருத்தம்,816
ta.wikiquote.org,2026-07,6,உலகப்_பழமொழிகள்,722
ta.wikiquote.org,2026-07,7,கவுண்டமணி,681
ta.wikiquote.org,2026-07,8,சிறப்பு:Search,632
ta.wikiquote.org,2026-07,9,கல்வி,551
ta.wikiquote.org,2026-07,10,காந்தி,520
ta.wikiquote.org,2026-07,11,பாட்ஷா_(திரைப்படம்),472
ta.wikiquote.org,2026-07,12,வில்லியம்_ஷேக்ஸ்பியர்,453
ta.wikiquote.org,2026-07,13,நபர்களின்_பட்டியல்,442
ta.wikiquote.org,2026-07,14,சே_குவேரா,439
ta.wikiquote.org,2026-07,15,ம._சிங்காரவேலர்,371
ta.wikiquote.org,2026-07,16,அச்சம்,370
ta.wikiquote.org,2026-07,17,விக்கிமேற்கோள்:புதுப்_பயனர்_பக்கம்,354
ta.wikiquote.org,2026-07,18,நெப்போலியன்_பொனபார்ட்,350
ta.wikiquote.org,2026-07,19,ஆல்பர்ட்_ஐன்ஸ்டைன்,317
ta.wikiquote.org,2026-07,20,பெண்,315
ta.wikiquote.org,2026-07,21,ஆங்கிலப்_பழமொழிகள்,309
ta.wikiquote.org,2026-07,22,விக்கிமேற்கோள்:பொதுவான_பொறுப்புத்_துறப்புகள்,302
ta.wikiquote.org,2026-07,23,காரல்_மார்க்சு,301
ta.wikiquote.org,2026-07,24,அன்பு,293
ta.wikiquote.org,2026-07,25,பெஞ்சமின்_பிராங்கிளின்,273
ta.wikiquote.org,2026-07,26,ஜவகர்லால்_நேரு,271
ta.wikiquote.org,2026-07,27,கடவுள்,269
ta.wikiquote.org,2026-07,28,லாலா_லஜபதி_ராய்,266
ta.wikiquote.org,2026-07,29,அரிஸ்டாட்டில்,261
ta.wikiquote.org,2026-07,29,யொஹான்_வூல்ப்காங்_ஃபொன்_கேத்தா,261
ta.wikiquote.org,2026-07,31,வார்ப்புரு:புதுப்பக்கங்கள்,259
ta.wikiquote.org,2026-07,32,மேரி_கியூரி,252
ta.wikiquote.org,2026-07,33,ரிச்சர்டு_பெயின்மான்,239
ta.wikiquote.org,2026-07,34,பழமொழிகள்,227
ta.wikiquote.org,2026-07,35,கௌதம_புத்தர்,226
ta.wikiquote.org,2026-07,36,விக்கிமேற்கோள்:புது_மேற்கோள்_தொகுப்பு_உருவாக்கம்,217
ta.wikiquote.org,2026-07,37,இலக்கியம்,214
ta.wikiquote.org,2026-07,37,அரசியல்,214
ta.wikiquote.org,2026-07,39,சார்லி_சாப்ளின்,212
ta.wikiquote.org,2026-07,40,தாமோதர்_தர்மானந்தா_கோசாம்பி,208
ta.wikiquote.org,2026-07,41,விக்கிமேற்கோள்:சமுதாய_வலைவாசல்,207
ta.wikiquote.org,2026-07,42,நட்பு,206
ta.wikiquote.org,2026-07,43,விக்கிப்பீடியா,203
ta.wikiquote.org,2026-07,44,முகம்மது_அலி,200
ta.wikiquote.org,2026-07,45,விக்கிமேற்கோள்:நடப்பு_நிகழ்வுகள்,198
ta.wikiquote.org,2026-07,46,கருணாநிதி,196
ta.wikiquote.org,2026-07,46,ஜெர்மனி_பழமொழிகள்,196
ta.wikiquote.org,2026-07,48,இரவீந்திரநாத்_தாகூர்,195
ta.wikiquote.org,2026-07,49,அறிவு,194
ta.wikiquote.org,2026-07,50,யுத்தம்,193
ta.wikibooks.org,2026-07,1,சிறப்பு:Search,43741
ta.wikibooks.org,2026-07,2,முதற்_பக்கம்,6165
ta.wikibooks.org,2026-07,3,எழுத்துக்கள்/சி,2114
ta.wikibooks.org,2026-07,4,தமிழ்_எழுத்துகள்,1622
ta.wikibooks.org,2026-07,5,விருந்தோம்பல்,1081
ta.wikibooks.org,2026-07,6,வாழ்க்கை_வரலாறுகள்/காமராஜர்,1033
ta.wikibooks.org,2026-07,7,குழந்தைப்_பாடல்கள்/ஆடிப்பிறப்புக்கு_நாளை_விடுதலை,621
ta.wikibooks.org,2026-07,8,7-வது_திருமொழி_-_தங்கையை_மூக்கும்,585
ta.wikibooks.org,2026-07,9,கடவுள்_வாழ்த்து,534
ta.wikibooks.org,2026-07,10,குடும்பம்,531
ta.wikibooks.org,2026-07,11,ஈசாப்_நீதிக்_கதைகள்,381
ta.wikibooks.org,2026-07,12,சிறப்பு:RecentChanges,326
ta.wikibooks.org,2026-07,13,திருவாசகம்/சிவபுராணம்_உரை_26-32,306
ta.wikibooks.org,2026-07,14,ஆத்திசூடி_எளிய_உரை,300
ta.wikibooks.org,2026-07,15,சமையல்_நூல்,270
ta.wikibooks.org,2026-07,16,மலர்கள்,243
ta.wikibooks.org,2026-07,17,இந்தி/எண்கள்,236
ta.wikibooks.org,2026-07,18,10-வது_திருமொழி_-_துப்புடையாரை,220
ta.wikibooks.org,2026-07,19,அடக்கம்_உடைமை,201
ta.wikibooks.org,2026-07,20,விக்கிநூல்கள்:ஆலமரத்தடி,190
ta.wikibooks.org,2026-07,20,உதவி:Development_stages,190
ta.wikibooks.org,2026-07,22,குழந்தைப்_பாடல்கள்/அழகர்_யானை,185
ta.wikibooks.org,2026-07,23,விலங்குகள்,177
ta.wikibooks.org,2026-07,24,நீர்_வாழ்பவை,173
ta.wikibooks.org,2026-07,25,வாழ்க்கை_வரலாறுகள்/பாரதிதாசன்,167
ta.wikibooks.org,2026-07,26,பறவைகள்,151
ta.wikibooks.org,2026-07,27,பூனைக்குடும்ப_விலங்குகள்/புலி,148
ta.wikibooks.org,2026-07,28,எழுத்துக்கள்/கு,143
ta.wikibooks.org,2026-07,29,மாங்கோடிபி,136
ta.wikibooks.org,2026-07,30,பாரதியார்_கவிதைகள்,129
ta.wikibooks.org,2026-07,31,ஐம்புலன்கள்,116
ta.wikibooks.org,2026-07,32,ஆண்டாள்_வாழ்க்கைக்_குறிப்பு,115
ta.wikibooks.org,2026-07,33,விலங்குகள்/காட்டு_விலங்குகள்,114
ta.wikibooks.org,2026-07,34,சி_ஷார்ப்,113
ta.wikibooks.org,2026-07,35,தமிழ்_விக்கிப்பீடியா,110
ta.wikibooks.org,2026-07,35,அறன்_வலியுறுத்தல்,110
ta.wikibooks.org,2026-07,37,விக்கிநூல்கள்:விக்கிநூல்கள்_என்றால்_என்ன?,107
ta.wikibooks.org,2026-07,37,"ஈசாப்_நீதிக்_கதைகள்/கழுகும்,_குள்ளநரியும்",107
ta.wikibooks.org,2026-07,39,2-வது_திருமொழி_-_நெய்க்குடத்தை,106
ta.wikibooks.org,2026-07,39,தமிழியல்,106
ta.wikibooks.org,2026-07,41,சூரியன்,103
ta.wikibooks.org,2026-07,42,திருவாசகம்/சிவபுராணம்_உரை_17-22,91
ta.wikibooks.org,2026-07,43,நாலாயிரத்_திவ்வியப்_பிரபந்தம்/பெருமாள்_திருமொழி,87
ta.wikibooks.org,2026-07,44,திருவாசகம்,86
ta.wikibooks.org,2026-07,45,குழந்தைப்_பாடல்கள்/வண்ணத்துப்_பூச்சி,83
ta.wikibooks.org,2026-07,46,ஈசாப்_நீதிக்_கதைகள்/ஓநாயும்_ஆட்டுக்குட்டியும்,79
ta.wikibooks.org,2026-07,46,4-வது_திருமொழி_-_சென்னியோங்கு,79
ta.wikibooks.org,2026-07,48,விக்கிநூல்கள்:சமுதாய_வலைவாசல்,78
ta.wikibooks.org,2026-07,49,பயனர்_பேச்சு:Natkeeran,76
ta.wikibooks.org,2026-07,49,முகம்மது_நபி,76
tcy.wikipedia.org,2026-07,1,ಮುಖ್ಯ_ಪುಟ,17828
tcy.wikipedia.org,2026-07,2,ವಿಕಿಪೀಡಿಯ:ಚಾವಡಿ,2209
tcy.wikipedia.org,2026-07,3,ವಿಸೇಸೊ:Search,1772
tcy.wikipedia.org,2026-07,4,ವಿಕಿಪೀಡಿಯ:ಚಾವಡಿ_(ತಾಂತ್ರಿಕ_ಸುದ್ದಿಲು),1764
tcy.wikipedia.org,2026-07,5,ವಿಕಿಪೀಡಿಯ:ಸಾಮಾನ್ಯೊ_ಹಕ್ಕ್‌_ನಿರಾಕರಣೆಲು,1750
tcy.wikipedia.org,2026-07,6,ಟೆಂಪ್ಲೇಟ್:Main_article,1482
tcy.wikipedia.org,2026-07,7,Special:RecentChanges,1429
tcy.wikipedia.org,2026-07,8,ದೀಪ್ತಿ_ಶರ್ಮ,1183
tcy.wikipedia.org,2026-07,9,ಫೈಲ್:3_Gour_Mohan_Mukherjee_Street_-_Kolkata_2011-10-22_6178.jpg,1086
tcy.wikipedia.org,2026-07,10,ಟೆಂಪ್ಲೇಟ್:Cite_web,1082
tcy.wikipedia.org,2026-07,11,ಟೆಂಪ್ಲೇಟ್:Infobox,877
tcy.wikipedia.org,2026-07,12,ಟೆಂಪ್ಲೇಟ್:Cite_book,874
tcy.wikipedia.org,2026-07,13,ಟೆಂಪ್ಲೇಟ್:Documentation_subpage,805
tcy.wikipedia.org,2026-07,14,ಮೋಡ್ಯೂಲ್:Footnotes/whitelist,793
tcy.wikipedia.org,2026-07,15,ಸತೀಶ್_ಬಂದಲೆ,767
tcy.wikipedia.org,2026-07,16,ಟೆಂಪ್ಲೇಟ್:Protection_templates,751
tcy.wikipedia.org,2026-07,17,ವಿಸೇಸೊ:RecentChanges,737
tcy.wikipedia.org,2026-07,18,ವಿಕಿಪೀಡಿಯ:ಕಜ್ಜಕೊಟ್ಯ-೧೭,733
tcy.wikipedia.org,2026-07,18,ವಿಕಿಪೀಡಿಯ:ಎಂಕ್ಲೆಗ್_ಲೆಪ್ಪುಕೊರ್ಲೆ,733
tcy.wikipedia.org,2026-07,20,ಬ್ಯಾರಿ_ಬಾಸೆ,697
tcy.wikipedia.org,2026-07,21,ಟೆಂಪ್ಲೇಟ್:Taxobox,665
tcy.wikipedia.org,2026-07,22,ಟೆಂಪ್ಲೇಟ್:Multiple_issues,644
tcy.wikipedia.org,2026-07,23,ದಕ್ಷಿಣ_ಕನ್ನಡ_ಜಿಲ್ಲೆ,616
tcy.wikipedia.org,2026-07,24,ಯಜುರ್ವೇದೊ,612
tcy.wikipedia.org,2026-07,25,ಟೆಂಪ್ಲೇಟ್:Citation_needed,611
tcy.wikipedia.org,2026-07,26,ಮೋಡ್ಯೂಲ್:Citation/CS1,599
tcy.wikipedia.org,2026-07,27,ಕೊಡುಂಗಳ್ಳೂರ್_ಭರಣಿ_ಉತ್ಸವ,595
tcy.wikipedia.org,2026-07,28,ಟೆಂಪ್ಲೇಟ್:Infobox_officeholder/doc,571
tcy.wikipedia.org,2026-07,29,ವಿಕಿಪೀಡಿಯ:ತುಳು_ಯೋಜನೆ/ತುಳು_ಪಟ್ಯೊಪುಸ್ತಕ_ಲೇಕನೊಲು,568
tcy.wikipedia.org,2026-07,30,ಟೆಂಪ್ಲೇಟ್:Main,556
tcy.wikipedia.org,2026-07,30,ಸಕಾಯೊ:ವಿಸಯೊಲು,556
tcy.wikipedia.org,2026-07,32,ಟೆಂಪ್ಲೇಟ್:Infobox_cricketer,553
tcy.wikipedia.org,2026-07,33,ಟೆಂಪ್ಲೇಟ್:Under_construction/doc,551
tcy.wikipedia.org,2026-07,34,ಟೆಂಪ್ಲೇಟ್:Citation,529
tcy.wikipedia.org,2026-07,35,ಟೆಂಪ್ಲೇಟ್:Taxobox/doc,525
tcy.wikipedia.org,2026-07,36,ಟೆಂಪ್ಲೇಟ್:Infobox_person,515
tcy.wikipedia.org,2026-07,37,ಟೆಂಪ್ಲೇಟ್:Coord_how-to,476
tcy.wikipedia.org,2026-07,38,ಬಳಕೆದಾರೆ:Vinoda_mamatharai,461
tcy.wikipedia.org,2026-07,39,ಟೆಂಪ್ಲೇಟ್:Documentation,456
tcy.wikipedia.org,2026-07,40,ಮೋಡ್ಯೂಲ್:Wikidata,442
tcy.wikipedia.org,2026-07,40,ತಡ್ಯ:ಇತ್ತೆದ_ಸಂಗತಿಲು,442
tcy.wikipedia.org,2026-07,42,ಟೆಂಪ್ಲೇಟ್:Merge/doc,439
tcy.wikipedia.org,2026-07,43,ಟೆಂಪ್ಲೇಟ್:Citation_Style_documentation/date,434
tcy.wikipedia.org,2026-07,43,ಬಳಕೆದಾರೆ:Durgaprasanna/ಕಲ್ಪುನ_ಕಳ,434
tcy.wikipedia.org,2026-07,45,ಟೆಂಪ್ಲೇಟ್:Quote/doc,426
tcy.wikipedia.org,2026-07,46,ಗಣೇಶ,408
tcy.wikipedia.org,2026-07,47,ಚಿಕ್ಕಮಗಳೂರು_ಜಿಲ್ಲೆ,407
tcy.wikipedia.org,2026-07,48,ಅಂಚೀ_ಮಿನ್,404
tcy.wikipedia.org,2026-07,49,ಮೌಂಟ್_ಫುಜಿ,398
tcy.wikipedia.org,2026-07,50,ಟೆಂಪ್ಲೇಟ್:Start_date_and_age,394
tcy.wiktionary.org,2026-07,1,ಮುಖ್ಯ_ಪುಟ,1264
tcy.wiktionary.org,2026-07,2,ಅಡ್ಡಣಿಗೆ,141
tcy.wiktionary.org,2026-07,3,ವಿಸೇಸೊ:Search,139
tcy.wiktionary.org,2026-07,4,ವಿಕ್ಷನರಿ:ಸಮುದಾಯೊ_ಪುಟೊ,88
tcy.wiktionary.org,2026-07,5,ವಿಕ್ಷನರಿ:ಚಾವಡಿ,68
tcy.wiktionary.org,2026-07,6,ವಿಸೇಸೊ:RecentChanges,62
tcy.wiktionary.org,2026-07,7,ಗೂಡು,35
tcy.wiktionary.org,2026-07,8,ಸಕಾಯೊ:ವಿಸಯೊಲು,34
tcy.wiktionary.org,2026-07,9,ವಿಕ್ಷನರಿ:ಕಜ್ಜೊ_ಪಟ್ಟಿಲು,23
tcy.wiktionary.org,2026-07,10,ಮೋಡ್ಯೂಲ್:script_utilities,21
tcy.wiktionary.org,2026-07,11,ಪರದೆ,17
tcy.wiktionary.org,2026-07,12,ವಿಕ್ಷನರಿ:Statistics,16
tcy.wiktionary.org,2026-07,13,ಕುದುರೆ,15
tcy.wiktionary.org,2026-07,13,ಕೋಲು,15
tcy.wiktionary.org,2026-07,13,ವಿಕ್ಷನರಿ_ಪಾತೆರ:ಸಮುದಾಯೊ_ಪುಟೊ,15
tcy.wiktionary.org,2026-07,16,ದುಡಿ,13
tcy.wiktionary.org,2026-07,16,ತುಳು,13
tcy.wiktionary.org,2026-07,18,ವರ್ಗೊ:ಮಾತಾ_ಬಾಸೆಲು,12
tcy.wiktionary.org,2026-07,18,ಮೋಡ್ಯೂಲ್:script_utilities/data,12
tcy.wiktionary.org,2026-07,20,ವಿಕ್ಷನರಿ:ನೀತಿಲು,11
tcy.wiktionary.org,2026-07,21,ಬಳಕೆದಾರೆ:154.205.154.254,8
tcy.wiktionary.org,2026-07,21,ವರ್ಗೊ:ನಾಮಪದೊಲು,8
tcy.wiktionary.org,2026-07,21,ಬಳಕೆದಾರೆ:Sannita_(WMF),8
tcy.wiktionary.org,2026-07,21,ಬಳಕೆದಾರೆ:2A01:D0:E76C:0:E516:1426:2C78:89E,8
tcy.wiktionary.org,2026-07,25,ಬಳಕೆದಾರೆ:2600:1700:FF00:2770:3093:B811:1F8:7D7B,7
tcy.wiktionary.org,2026-07,25,ವಿಕ್ಷನರಿ:ಮಲ್ಪುನ_ಕೆಲಸೊಲು,7
tcy.wiktionary.org,2026-07,25,ವರ್ಗೊ:List_of_topics,7
tcy.wiktionary.org,2026-07,25,ಬಳಕೆದಾರೆ:EPIC,7
tcy.wiktionary.org,2026-07,25,ನಿದ್ರೆ,7
tcy.wiktionary.org,2026-07,25,ಬಳಕೆದಾರೆ:209.126.73.0/24,7
tcy.wiktionary.org,2026-07,25,ಕಡ,7
tcy.wiktionary.org,2026-07,32,ಬಳಕೆದಾರೆ:2607:FB91:1928:C6C1:AC39:60F1:812B:930C,6
tcy.wiktionary.org,2026-07,32,%u0cae%u0cc1%u0c96%u0ccd%u0caf_%u0caa%u0cc1%u0c9f,6
tcy.wiktionary.org,2026-07,32,ಮೋಡ್ಯೂಲ್:scripts/charToScript,6
tcy.wiktionary.org,2026-07,32,Tulu,6
tcy.wiktionary.org,2026-07,32,ಬಳಕೆದಾರೆ:213.91.138.11,6
tcy.wiktionary.org,2026-07,32,ಬಳಕೆದಾರೆ:176.120.209.27,6
tcy.wiktionary.org,2026-07,32,ಮಂಚ,6
tcy.wiktionary.org,2026-07,32,ಬಳಕೆದಾರೆ:185.5.46.77,6
tcy.wiktionary.org,2026-07,32,ಬಳಕೆದಾರೆ:2604:3D08:9476:BE00:74F5:3DA0:2D5:5823,6
tcy.wiktionary.org,2026-07,32,ಉಬರ್,6
tcy.wiktionary.org,2026-07,32,ಬಳಕೆದಾರೆ:2603:6080:A740:C00:7094:B02:7BB7:3F15,6
tcy.wiktionary.org,2026-07,32,ಬಳಕೆದಾರೆ:107.150.94.37,6
tcy.wiktionary.org,2026-07,32,ಬಳಕೆದಾರೆ_ಪಾತೆರ:Bharathesha_Alasandemajalu,6
tcy.wiktionary.org,2026-07,32,ಬಳಕೆದಾರೆ:185.188.61.7,6
tcy.wiktionary.org,2026-07,32,ಬಳಕೆದಾರೆ:2804:214:8177:13C2:1:2:8C9F:2223,6
tcy.wiktionary.org,2026-07,47,ಅಗತ್ಯೊ,5
tcy.wiktionary.org,2026-07,47,ಬಳಕೆದಾರೆ:198.98.183.136,5
tcy.wiktionary.org,2026-07,47,ಬಳಕೆದಾರೆ:197.239.91.241,5
tcy.wiktionary.org,2026-07,47,ಒಪ್ಪಿಗೆ,5
tcy.wikisource.org,2026-07,1,ಪುಟ:ಕಮಲಾದೇವಿ_ಚಟ್ಟೋಪಾಧ್ಯಾಯೆರ್‌.pdf/೭,3685
tcy.wikisource.org,2026-07,2,ಮುಖ್ಯ_ಪುಟ,2139
tcy.wikisource.org,2026-07,3,ವಿಸೇಸೊ:Search,1367
tcy.wikisource.org,2026-07,4,ವಿಸೇಸೊ:RecentChanges,794
tcy.wikisource.org,2026-07,5,ವಿಕಿಸೋರ್ಸ್:ಚಾವಡಿ,550
tcy.wikisource.org,2026-07,6,ಸಕಾಯೊ:Contents,266
tcy.wikisource.org,2026-07,7,ಪುಟ:ವೀರರಾಣಿ_ಅಬ್ಬಕ್ಕದೇವಿ.pdf/೮,235
tcy.wikisource.org,2026-07,8,ವಿಕಿಸೋರ್ಸ್:ನಿರ್ವಾಹಕೆರ್_ಆವರ_ಬಿನೈತ,205
tcy.wikisource.org,2026-07,9,ತುಳುನಾಡಿನಲ್ಲಿ_ಬಾಸೆಲ್_ಮಿಶನ್_ಮತ್ತಿತರ_ಲೇಖನಗಳು,174
tcy.wikisource.org,2026-07,10,ಪುಟ:ವೀರರಾಣಿ_ಅಬ್ಬಕ್ಕದೇವಿ.pdf/೬,155
tcy.wikisource.org,2026-07,11,ಪುಟ:ಭಾರತಕಾವ್ಯೊ_ಪಾಸಡಿ_-_2.pdf/೩೭೩,130
tcy.wikisource.org,2026-07,12,ಪುಟ:ತುಳು_ಪಾತೆರೊ.pdf/೩೬೮,109
tcy.wikisource.org,2026-07,13,ಪುಟ:ತುಳು_ಪಾಡ್ದನೊಲು.pdf/೨೩,105
tcy.wikisource.org,2026-07,14,ಪುಟ:ವೀರರಾಣಿ_ಅಬ್ಬಕ್ಕದೇವಿ.pdf/೫,85
tcy.wikisource.org,2026-07,15,ಪರಿವಿಡಿ:ಮಂದಾರ_ಕೇಶವ_ಬಟ್ರ್.pdf,82
tcy.wikisource.org,2026-07,16,ಮೋಡ್ಯೂಲ್:Yesno,81
tcy.wikisource.org,2026-07,17,ಪುಟ:ತುಳು_ಪಾತೆರೊ.pdf/೨೪,80
tcy.wikisource.org,2026-07,17,ವಿಕಿಸೋರ್ಸ್:ಪರಿವಿಡಿ_ಪುಟ,80
tcy.wikisource.org,2026-07,19,ಪುಟ:ತುಳು_ಪಾತೆರೊ.pdf/೭,77
tcy.wikisource.org,2026-07,20,ಪುಟ:ತುಳುನಾಡಿನಲ್ಲಿ_ಬಾಸೆಲ್_ಮಿಶನ್_ಮತ್ತಿತರ_ಲೇಖನಗಳು.pdf/3,74
tcy.wikisource.org,2026-07,21,ಪುಟ:ಮಂದಾರ_ಕೇಶವ_ಬಟ್ರ್.pdf/45,73
tcy.wikisource.org,2026-07,22,ಮೋಡ್ಯೂಲ್:TableTools,72
tcy.wikisource.org,2026-07,23,ಪುಟ:ತುಳು_ಪಾತೆರೊ.pdf/೨೮೩,71
tcy.wikisource.org,2026-07,23,ಪುಟ:ಮದಿಪು_ಲೇಖನೊಲು.pdf/೩೭,71
tcy.wikisource.org,2026-07,23,ಮುಖ್ಯ_ಪುಟ/old,71
tcy.wikisource.org,2026-07,23,ಪುಟ:ತುಳು_ಪಾತೆರೊ.pdf/೫,71
tcy.wikisource.org,2026-07,27,ಪುಟ:ತುಳುನಾಡಿನಲ್ಲಿ_ಬಾಸೆಲ್_ಮಿಶನ್_ಮತ್ತಿತರ_ಲೇಖನಗಳು.pdf/92,67
tcy.wikisource.org,2026-07,27,ಪರಿವಿಡಿ:ಗುರ್ತ.pdf,67
tcy.wikisource.org,2026-07,29,ಪುಟ:ತುಳು_ಪಾತೆರೊ.pdf/೩೬೫,66
tcy.wikisource.org,2026-07,30,ಪುಟ:ತುಳು_ಪಾತೆರೊ.pdf/೬,65
tcy.wikisource.org,2026-07,30,ಟೆಂಪ್ಲೇಟ್:ಮುಖ್ಯ_ಪುಟ/styles.css,65
tcy.wikisource.org,2026-07,32,ಫೈಲ್:ತುಳು_ಪಾಡ್ದನೊಲು.pdf,63
tcy.wikisource.org,2026-07,32,ಫೈಲ್:ಕಯ್ಯಾರೆರ್ನ_ಕಬಿತೆಲು.pdf,63
tcy.wikisource.org,2026-07,32,ಪುಟ:ಮದಿಪು_ಲೇಖನೊಲು.pdf/೧೦,63
tcy.wikisource.org,2026-07,35,ಪರಿವಿಡಿ:ತುಳು_ಪಾತೆರೊ.pdf,62
tcy.wikisource.org,2026-07,36,ಪುಟ:ಜೋಕುಲೆ_ಉಜ್ಜಾಲ್_-_ಜೋಕುಲೆ_ಪದಜೊಂಕುಲಿ.pdf/43,61
tcy.wikisource.org,2026-07,37,ಪುಟ:ಮದಿಪು_ಲೇಖನೊಲು.pdf/೭೦,59
tcy.wikisource.org,2026-07,37,ಪುಟ:ತುಳು_ಪಾತೆರೊ.pdf/೩೬೩,59
tcy.wikisource.org,2026-07,37,ಪುಟ:ಗುರ್ತ.pdf/15,59
tcy.wikisource.org,2026-07,37,ಪುಟ:ತುಳು_ಪಾತೆರೊ.pdf/೩೫೯,59
tcy.wikisource.org,2026-07,41,ಪುಟ:ಗುರ್ತ.pdf/11,58
tcy.wikisource.org,2026-07,42,ಪುಟ:ತುಳು_ಪಾತೆರೊ.pdf/೧೬,57
tcy.wikisource.org,2026-07,42,ಪುಟ:ತುಳು_ಪಾತೆರೊ.pdf/೧೯,57
tcy.wikisource.org,2026-07,44,ಪುಟ:ತುಳು_ಪಾತೆರೊ.pdf/೧೦೧,55
tcy.wikisource.org,2026-07,44,ಪುಟ:ತುಳು_ಪಾತೆರೊ.pdf/೨೧,55
tcy.wikisource.org,2026-07,44,ಪುಟ:ವೀರರಾಣಿ_ಅಬ್ಬಕ್ಕದೇವಿ.pdf/೧೭,55
tcy.wikisource.org,2026-07,47,ಪುಟ:ಕಯ್ಯಾರೆರ್ನ_ಕಬಿತೆಲು.pdf/೧೭,54
tcy.wikisource.org,2026-07,48,ಪುಟ:ಗುರ್ತ.pdf/47,53
tcy.wikisource.org,2026-07,48,ಪುಟ:ತುಳು_ಪಾತೆರೊ.pdf/೬೬,53
tcy.wikisource.org,2026-07,48,ಪುಟ:ತುಳು_ಪಾತೆರೊ.pdf/೨೦,53
te.wikipedia.org,2026-07,1,లెనిన్_(2026_సినిమా),52760
te.wikipedia.org,2026-07,2,మొదటి_పేజీ,45888
te.wikipedia.org,2026-07,3,పెద్ది_సుదర్శన్_రెడ్డి,37845
te.wikipedia.org,2026-07,4,దస్త్రం:Wikipedia_Gurinchi_Meeku_Telusa?.pdf,35670
te.wikipedia.org,2026-07,5,శ్రీ_గౌరి_ప్రియ,31979
te.wikipedia.org,2026-07,6,చెన్నై_లవ్_స్టోరీ,20695
te.wikipedia.org,2026-07,7,ఎస్._జానకి,18823
te.wikipedia.org,2026-07,8,ప్రత్యేక:ఇటీవలిమార్పులు,15814
te.wikipedia.org,2026-07,9,తెలుగు_సినిమాలు_2026,14897
te.wikipedia.org,2026-07,10,ప్రత్యేక:అన్వేషణ,14287
te.wikipedia.org,2026-07,11,ఈనాడు,9029
te.wikipedia.org,2026-07,12,ప్రీతి_ముకుందన్,9023
te.wikipedia.org,2026-07,13,తొలిఏకాదశి,8170
te.wikipedia.org,2026-07,14,వికీపీడియా:పరిచయము,7454
te.wikipedia.org,2026-07,15,సోనమ్_వాంగ్‌చుక్,7197
te.wikipedia.org,2026-07,16,ఎంప్లాయీస్_ప్రావిడెంట్_ఫండ్_ఆర్గనైజేషన్_(ఇపిఎఫ్ఓ),6493
te.wikipedia.org,2026-07,17,ట్రాన్స్‌ఫర్_త్రిమూర్తులు,6466
te.wikipedia.org,2026-07,18,ముద్రగడ_పద్మనాభం,6465
te.wikipedia.org,2026-07,19,భారతదేశంలో_కోడి_పందాలు,6082
te.wikipedia.org,2026-07,20,భాగ్యశ్రీ_బోర్సే,5789
te.wikipedia.org,2026-07,21,తెలుగు_అక్షరాలు,5622
te.wikipedia.org,2026-07,22,గురుపౌర్ణమి,5467
te.wikipedia.org,2026-07,23,పూరీ_జగన్నాథ_దేవాలయం,5205
te.wikipedia.org,2026-07,24,వికీపీడియా:సహాయ_కేంద్రం,5167
te.wikipedia.org,2026-07,25,శ్రీ_లక్ష్మీ_అష్టోత్తర_స్తోత్రము,5121
te.wikipedia.org,2026-07,26,ధర్మేంద్ర_ప్రధాన్,4842
te.wikipedia.org,2026-07,27,అల్లూరి_సీతారామరాజు,4680
te.wikipedia.org,2026-07,28,వికీపీడియా:అకౌంటు_ఎందుకు_సృష్టించుకోవాలి?,4486
te.wikipedia.org,2026-07,29,పి.సుశీల,4482
te.wikipedia.org,2026-07,30,అనంతిక_సనిల్‌కుమార్,4476
te.wikipedia.org,2026-07,31,రహస్య_గోరక్,4116
te.wikipedia.org,2026-07,32,అక్కినేని_అఖిల్,4104
te.wikipedia.org,2026-07,33,ది_ప్యారడైజ్,3862
te.wikipedia.org,2026-07,34,రామాయణం,3768
te.wikipedia.org,2026-07,35,ప్రధాన_మంత్రి_జన్‌ధన్_యోజన,3712
te.wikipedia.org,2026-07,36,రామాయణం_(2026_సినిమా),3683
te.wikipedia.org,2026-07,37,తెలంగాణ_శాసనసభ_నియోజకవర్గాల_జాబితా,3634
te.wikipedia.org,2026-07,38,దాశరథి_కృష్ణమాచార్య,3610
te.wikipedia.org,2026-07,39,మహాత్మా_గాంధీ,3530
te.wikipedia.org,2026-07,40,మా_ఇంటి_బంగారం,3407
te.wikipedia.org,2026-07,41,ఏ.పి.జె._అబ్దుల్_కలామ్,3401
te.wikipedia.org,2026-07,42,సుగాలి_ప్రీతి_కేసు,3385
te.wikipedia.org,2026-07,43,బోనాలు,3034
te.wikipedia.org,2026-07,44,వారాహి,2933
te.wikipedia.org,2026-07,45,మహాభారతం,2876
te.wikipedia.org,2026-07,46,స్వస్తిక్,2852
te.wikipedia.org,2026-07,47,చిత్తా_విజయ్_ప్రతాప్_రెడ్డి,2846
te.wikipedia.org,2026-07,48,ఛత్రపతి_శివాజీ,2813
te.wikipedia.org,2026-07,49,ది_ఒడిస్సీ_(2026),2738
te.wikipedia.org,2026-07,50,ఈమని_శివనాగిరెడ్డి,2729
te.wiktionary.org,2026-07,1,మొదటి_పేజీ,10141
te.wiktionary.org,2026-07,2,అలసట,2358
te.wiktionary.org,2026-07,3,స్త్రీ,1659
te.wiktionary.org,2026-07,4,చంద్రుడు,1463
te.wiktionary.org,2026-07,5,ప్రత్యేక:అన్వేషణ,1357
te.wiktionary.org,2026-07,6,తెలుగు_ఇంటిపేర్లు,868
te.wiktionary.org,2026-07,7,చిరునవ్వు,831
te.wiktionary.org,2026-07,8,సూర్యుడు,778
te.wiktionary.org,2026-07,9,గుద్ద,768
te.wiktionary.org,2026-07,10,వసుంధర,755
te.wiktionary.org,2026-07,11,గాలి,747
te.wiktionary.org,2026-07,12,లంజ,708
te.wiktionary.org,2026-07,13,శివుడు,703
te.wiktionary.org,2026-07,14,తెలుగు_నెలలు,674
te.wiktionary.org,2026-07,15,కందుకము,618
te.wiktionary.org,2026-07,16,మొండి,570
te.wiktionary.org,2026-07,17,ఉగ్గు,550
te.wiktionary.org,2026-07,18,విక్షనరీ:రచ్చబండ,538
te.wiktionary.org,2026-07,19,వనిత,536
te.wiktionary.org,2026-07,20,అమాంతము,517
te.wiktionary.org,2026-07,21,తెలుగు_మహిళల_పేర్లు,509
te.wiktionary.org,2026-07,22,drift,488
te.wiktionary.org,2026-07,23,breast,484
te.wiktionary.org,2026-07,24,భూమి,468
te.wiktionary.org,2026-07,24,చరితము,468
te.wiktionary.org,2026-07,26,ఉద్గారము,425
te.wiktionary.org,2026-07,27,మనోహరము,411
te.wiktionary.org,2026-07,27,ప్రేమ,411
te.wiktionary.org,2026-07,29,పావని,399
te.wiktionary.org,2026-07,30,తామర,397
te.wiktionary.org,2026-07,31,అన్న,390
te.wiktionary.org,2026-07,32,ముగ్ధ,381
te.wiktionary.org,2026-07,33,విష్ణువు,376
te.wiktionary.org,2026-07,34,మోహము,375
te.wiktionary.org,2026-07,35,పంగనామము,372
te.wiktionary.org,2026-07,36,ప్రత్యేక:ఇటీవలిమార్పులు,356
te.wiktionary.org,2026-07,37,అసలు,347
te.wiktionary.org,2026-07,37,alarum,347
te.wiktionary.org,2026-07,39,వియ్యంకుడు,342
te.wiktionary.org,2026-07,40,చక్రవర్తి,340
te.wiktionary.org,2026-07,41,రాజహంస,324
te.wiktionary.org,2026-07,42,భార్య,322
te.wiktionary.org,2026-07,43,పూదేనియ,313
te.wiktionary.org,2026-07,43,దివ్వె,313
te.wiktionary.org,2026-07,45,సీత,312
te.wiktionary.org,2026-07,46,వ్యర్థం,311
te.wiktionary.org,2026-07,47,కాగితం,303
te.wiktionary.org,2026-07,48,త్యాగము,298
te.wiktionary.org,2026-07,49,హృదయం,297
te.wiktionary.org,2026-07,50,సంస్కృత_నిఘంటువు,296
te.wikisource.org,2026-07,1,మకుట_ధారణ_సర్గ_శ్లోకములు,92473
te.wikisource.org,2026-07,2,గోవింద_నామాలు,53027
te.wikisource.org,2026-07,3,శ్రీ_ఆంజనేయ_అష్టోత్తర_శతనామావళి,10562
te.wikisource.org,2026-07,4,మొదటి_పేజీ,8382
te.wikisource.org,2026-07,5,శ్రీ_వేంకటేశ్వర_సుప్రభాతము,7606
te.wikisource.org,2026-07,6,వర్గం:అన్నమయ్య_పాటలు,4699
te.wikisource.org,2026-07,7,చూడరమ్మ_సతులారా,4099
te.wikisource.org,2026-07,8,అదివో_అల్లదివో,3310
te.wikisource.org,2026-07,9,శ్రీ_సరస్వతీ_కవచం,3263
te.wikisource.org,2026-07,10,పలుకే_బంగారమాయెనా,3049
te.wikisource.org,2026-07,11,ముద్దుగారే_యశోద_ముంగిటి_ముత్యము_వీడు,2684
te.wikisource.org,2026-07,12,కొండలలో_నెలకొన్న,2521
te.wikisource.org,2026-07,13,ప్రత్యేక:అన్వేషణ,2379
te.wikisource.org,2026-07,14,సుభద్రా_కళ్యాణం,2317
te.wikisource.org,2026-07,15,ప్రత్యేక:ఇటీవలిమార్పులు,2258
te.wikisource.org,2026-07,16,అలర_చంచలమైన,2106
te.wikisource.org,2026-07,17,పిడికిట_తలంబ్రాల,2086
te.wikisource.org,2026-07,18,తరలి_రాద_తనే_వసంతం,2064
te.wikisource.org,2026-07,19,చక్కని_తల్లికి_చాంగుభళా_తన,2037
te.wikisource.org,2026-07,20,జో_అచ్యుతానంద_జోజో_ముకుంద,2028
te.wikisource.org,2026-07,21,సాయిబాబా_చాలీసా,1960
te.wikisource.org,2026-07,22,లక్ష్మీ_నృసింహ_కరావలంబ_స్తోత్రము,1958
te.wikisource.org,2026-07,23,మహాప్రస్థానం/జగన్నాథుని_రథచక్రాలు,1933
te.wikisource.org,2026-07,24,భావములోనా_బాహ్యమునందును,1870
te.wikisource.org,2026-07,25,సుబ్రహ్మణ్య_భుజంగ_స్తోత్రం,1783
te.wikisource.org,2026-07,26,ఆధునిక_ఆంధ్రప్రదేశ్_చరిత్ర,1719
te.wikisource.org,2026-07,27,విష్ణు_సహస్రనామ_స్తోత్రము,1697
te.wikisource.org,2026-07,28,ఎన్నడు_చూతునో_ఇనకులతిలక_ని,1616
te.wikisource.org,2026-07,29,శ్రీ_సాయి_హారతులు_/సంధ్యా_ఆరతి,1501
te.wikisource.org,2026-07,30,విన్నపాలు_వినవలె_వింత_వింతలు,1482
te.wikisource.org,2026-07,31,అంతయు_నీవే_హరి,1481
te.wikisource.org,2026-07,32,మణిద్వీప_వర్ణన,1454
te.wikisource.org,2026-07,33,సుమతీ_శతకము,1419
te.wikisource.org,2026-07,34,శరణు_శరణు_సురేంద్ర_సన్నుత_శరణు_శ్రీసతి_వల్లభా,1403
te.wikisource.org,2026-07,35,లలిత_ప్రియ_కమలం,1396
te.wikisource.org,2026-07,36,సంగ్రహ_ఆంధ్ర_విజ్ఞాన_కోశము/మొదటి_సంపుటము/ఆంధ్ర_సినిమా_పరిశ్రమ,1276
te.wikisource.org,2026-07,37,సీతా_కళ్యాణ_వైభోగమే,1267
te.wikisource.org,2026-07,37,నరసింహ_శతకము,1267
te.wikisource.org,2026-07,39,వినరో_భాగ్యము_విష్ణుకథ,1260
te.wikisource.org,2026-07,40,ఏ_తీరుగ_నను,1138
te.wikisource.org,2026-07,41,శ్రీ_సాయి_హారతులు_/మధ్యాహ్న_ఆరతి,1084
te.wikisource.org,2026-07,42,ఆంజనేయ_దండకం,1071
te.wikisource.org,2026-07,43,గణేశ_పంచరత్న_స్తోత్రము,1064
te.wikisource.org,2026-07,44,గోమాత,1018
te.wikisource.org,2026-07,45,రామచంద్రుడితడు_రఘువీరుడు,978
te.wikisource.org,2026-07,46,సూచిక:A_Collection_of_Telugu_Proverbs.pdf,970
te.wikisource.org,2026-07,47,ఎక్కడి_మానుష_జన్మం,958
te.wikisource.org,2026-07,48,పదబంధ_పారిజాతము/కండకన్నులవాడు,957
te.wikisource.org,2026-07,49,పొడగంటిమయ్య_మిమ్ము_పురుషోత్తమా,938
te.wikisource.org,2026-07,50,నగు_మోము_గనలేని,916
te.wikiquote.org,2026-07,1,మొదటి_పేజీ,6466
te.wikiquote.org,2026-07,2,జీవితం,1301
te.wikiquote.org,2026-07,3,వికీవ్యాఖ్య_చర్చ:సముదాయ_పందిరి,1276
te.wikiquote.org,2026-07,4,ప్రత్యేక:ఇటీవలిమార్పులు,1269
te.wikiquote.org,2026-07,5,తృప్తి_డిమ్రి,1224
te.wikiquote.org,2026-07,6,ప్రత్యేక:అన్వేషణ,839
te.wikiquote.org,2026-07,7,వర్తమాన_వ్యాఖ్యలు,527
te.wikiquote.org,2026-07,8,ముళ్ళపూడి_వెంకటరమణ,462
te.wikiquote.org,2026-07,9,మార్క్_జూకర్‌బర్గ్,423
te.wikiquote.org,2026-07,10,పెళ్ళి,414
te.wikiquote.org,2026-07,11,తెలుగు,411
te.wikiquote.org,2026-07,12,అరిస్టాటిల్,408
te.wikiquote.org,2026-07,13,విద్య,405
te.wikiquote.org,2026-07,14,సామెతలు_-_అ,394
te.wikiquote.org,2026-07,15,రవీంద్రనాథ్_ఠాగూర్,381
te.wikiquote.org,2026-07,16,శ్రీశ్రీ,377
te.wikiquote.org,2026-07,17,అమ్మ,357
te.wikiquote.org,2026-07,18,మదర్_థెరీసా,353
te.wikiquote.org,2026-07,19,స్వామీ_వివేకానంద,333
te.wikiquote.org,2026-07,20,పాల్కురికి_సోమనాథుడు,328
te.wikiquote.org,2026-07,21,గౌతమ_బుద్ధుడు,324
te.wikiquote.org,2026-07,22,జవహార్_లాల్_నెహ్రూ,296
te.wikiquote.org,2026-07,23,పవన్_కళ్యాణ్,288
te.wikiquote.org,2026-07,24,ప్రేమ,286
te.wikiquote.org,2026-07,25,భారత_దేశం,283
te.wikiquote.org,2026-07,25,మహాత్మా_గాంధీ,283
te.wikiquote.org,2026-07,27,కుక్క,274
te.wikiquote.org,2026-07,28,ఆల్బర్ట్_ఐన్‌స్టీన్,269
te.wikiquote.org,2026-07,29,కన్యాశుల్కం,260
te.wikiquote.org,2026-07,29,మేరీ_క్యూరీ,260
te.wikiquote.org,2026-07,31,మూస:Documentation,259
te.wikiquote.org,2026-07,32,దేవరకొండ_బాలగంగాధర_తిలక్,238
te.wikiquote.org,2026-07,33,సామెతలు_-_క,234
te.wikiquote.org,2026-07,34,సిగ్మండ్_ఫ్రాయిడ్,230
te.wikiquote.org,2026-07,35,ఆధునిక_భారతీయ_చిత్రకళ,215
te.wikiquote.org,2026-07,36,అబ్రహం_లింకన్,213
te.wikiquote.org,2026-07,36,కార్ల్_మార్క్స్,213
te.wikiquote.org,2026-07,38,తిక్కన,210
te.wikiquote.org,2026-07,39,రూసో,209
te.wikiquote.org,2026-07,40,సామెతలు_-_స,207
te.wikiquote.org,2026-07,41,గురజాడ_అప్పారావు,204
te.wikiquote.org,2026-07,42,చర్చిల్,202
te.wikiquote.org,2026-07,43,యుద్ధం,201
te.wikiquote.org,2026-07,44,వికీవ్యాఖ్య:రచ్చబండ,196
te.wikiquote.org,2026-07,45,ఆరుద్ర,183
te.wikiquote.org,2026-07,46,గోదావరి,181
te.wikiquote.org,2026-07,47,మావో_జెడాంగ్,178
te.wikiquote.org,2026-07,48,ఏ.పి.జె.అబ్దుల్_కలాం,177
te.wikiquote.org,2026-07,49,వికీవ్యాఖ్య:Quick_index,174
te.wikiquote.org,2026-07,50,టెలివిజన్,172
te.wikibooks.org,2026-07,1,ప్రత్యేక:అన్వేషణ,77940
te.wikibooks.org,2026-07,2,మొదటి_పేజీ,4052
te.wikibooks.org,2026-07,3,"జాతీయములు_-_క,_ఖ",3978
te.wikibooks.org,2026-07,4,వేమూరి_తెలుగు-ఇంగ్లీషు_నిఘంటువు/బ-భ-మ,1252
te.wikibooks.org,2026-07,5,వేమూరి_తెలుగు-ఇంగ్లీషు_నిఘంటువు/జ-ట-డ,986
te.wikibooks.org,2026-07,6,వేమూరి_తెలుగు-ఇంగ్లీషు_నిఘంటువు/ప-ఫ,946
te.wikibooks.org,2026-07,7,సామెతలు_-_మ,842
te.wikibooks.org,2026-07,8,వేమూరి_తెలుగు-ఇంగ్లీషు_నిఘంటువు/క-ఖ,770
te.wikibooks.org,2026-07,9,వేమూరి_తెలుగు-ఇంగ్లీషు_నిఘంటువు/ఉ-ఊ,722
te.wikibooks.org,2026-07,10,త్రిభాషా_నిఘంటువు/మ,625
te.wikibooks.org,2026-07,11,సామెతలు_-_క,561
te.wikibooks.org,2026-07,12,జాతీయములు_-_అ,551
te.wikibooks.org,2026-07,13,వేమూరి_తెలుగు-ఇంగ్లీషు_నిఘంటువు/వ-శ-ష,511
te.wikibooks.org,2026-07,14,"జాతీయములు_-_ప,_ఫ",470
te.wikibooks.org,2026-07,15,సామెతలు_-_ప,462
te.wikibooks.org,2026-07,16,వేమూరి_ఇంగ్లీషు-తెలుగు_నిఘంటువు/F,371
te.wikibooks.org,2026-07,17,వేమూరి_తెలుగు-ఇంగ్లీషు_నిఘంటువు/ద-ధ,332
te.wikibooks.org,2026-07,18,ప్రత్యేక:ఇటీవలిమార్పులు,326
te.wikibooks.org,2026-07,19,సామెతలు_-_అ,313
te.wikibooks.org,2026-07,20,వేమూరి_తెలుగు-ఇంగ్లీషు_నిఘంటువు/గ-ఘ,301
te.wikibooks.org,2026-07,21,సామెతలు,299
te.wikibooks.org,2026-07,22,వేమూరి_తెలుగు-ఇంగ్లీషు_నిఘంటువు/న,298
te.wikibooks.org,2026-07,23,సామెతలు_-_ఎ,293
te.wikibooks.org,2026-07,24,మంత్ర_పుష్పం,292
te.wikibooks.org,2026-07,25,తిధులు,282
te.wikibooks.org,2026-07,26,వేమూరి_ఇంగ్లీషు-తెలుగు_నిఘంటువు/P,247
te.wikibooks.org,2026-07,27,వేమూరి_తెలుగు-ఇంగ్లీషు_నిఘంటువు/అ,242
te.wikibooks.org,2026-07,28,తెలుగు_సంవత్సరములు,225
te.wikibooks.org,2026-07,29,తెలుగు_పిల్లల_కథలు,224
te.wikibooks.org,2026-07,30,జాతీయములు_-_గ,222
te.wikibooks.org,2026-07,31,వేమూరి_ఇంగ్లీషు-తెలుగు_నిఘంటువు/B,221
te.wikibooks.org,2026-07,32,జాతీయములు_-_వ,217
te.wikibooks.org,2026-07,33,"జాతీయములు_-_ద,_ధ",208
te.wikibooks.org,2026-07,34,సామెతలు_-_త,206
te.wikibooks.org,2026-07,35,జాతీయములు_-_మ,202
te.wikibooks.org,2026-07,36,పిల్లల_పేర్లు,197
te.wikibooks.org,2026-07,37,సామెతలు_-_ఇ,189
te.wikibooks.org,2026-07,38,వేమూరి_తెలుగు-ఇంగ్లీషు_నిఘంటువు/స-హ,177
te.wikibooks.org,2026-07,39,సామెతలు_-_వ,165
te.wikibooks.org,2026-07,40,సామెతలు_-_ఉ,162
te.wikibooks.org,2026-07,40,సామెతలు_-_బ,162
te.wikibooks.org,2026-07,42,జాతీయములు_-_ఉ,156
te.wikibooks.org,2026-07,43,"జాతీయములు_-_త,_థ",155
te.wikibooks.org,2026-07,44,వేమూరి_ఇంగ్లీషు-తెలుగు_నిఘంటువు/M,154
te.wikibooks.org,2026-07,45,"సామెతలు_-_చ,_ఛ",144
te.wikibooks.org,2026-07,46,వేమూరి_ఇంగ్లీషు-తెలుగు_నిఘంటువు/S,138
te.wikibooks.org,2026-07,47,విజయనగర_చరిత్ర,136
te.wikibooks.org,2026-07,48,సామెతలు_-_న,135
te.wikibooks.org,2026-07,49,సామెతలు_-_ద,132
te.wikibooks.org,2026-07,50,Wikibooks:సముదాయ_పందిరి,129
ur.wikipedia.org,2026-07,1,صفحۂ_اول,56327
ur.wikipedia.org,2026-07,2,ایران_جنگ_2026ء,22864
ur.wikipedia.org,2026-07,3,خاص:تلاش,19817
ur.wikipedia.org,2026-07,4,خاص:حالیہ_تبدیلیاں,16933
ur.wikipedia.org,2026-07,5,سیکسی_(ناول),15248
ur.wikipedia.org,2026-07,6,ابراہیمی_معاہدہ,11512
ur.wikipedia.org,2026-07,7,یمنی_خانہ_جنگی_(2015–تاحال),11268
ur.wikipedia.org,2026-07,8,سکس_گن_لا,10963
ur.wikipedia.org,2026-07,9,ایپسٹین_فائلز,10283
ur.wikipedia.org,2026-07,10,ترکیہ,10233
ur.wikipedia.org,2026-07,11,پاک_بھارت_تنازع_2025ء,10155
ur.wikipedia.org,2026-07,12,بلیو_بیئرڈز_سکس_وائیوز,6299
ur.wikipedia.org,2026-07,13,انا_لله_و_انا_الیه_راجعون,5586
ur.wikipedia.org,2026-07,14,ایوا_سکس,5197
ur.wikipedia.org,2026-07,15,واقعہ_کربلا,3715
ur.wikipedia.org,2026-07,16,میا_خلیفہ,2974
ur.wikipedia.org,2026-07,17,زین_العابدین,2843
ur.wikipedia.org,2026-07,18,337ء,2795
ur.wikipedia.org,2026-07,19,عمر_بن_خطاب,2679
ur.wikipedia.org,2026-07,20,ویکیپیڈیا:عمومی_اظہار_لاتعلقی,2548
ur.wikipedia.org,2026-07,21,مالک_اشتر,2535
ur.wikipedia.org,2026-07,22,پاکستان,2529
ur.wikipedia.org,2026-07,23,ایرا_سیکس,2521
ur.wikipedia.org,2026-07,24,علی_بن_ابی_طالب,2324
ur.wikipedia.org,2026-07,25,عثمان_بن_عفان,2205
ur.wikipedia.org,2026-07,26,ابوبکر_صدیق,2195
ur.wikipedia.org,2026-07,27,محمد_بن_عبد_اللہ,2089
ur.wikipedia.org,2026-07,28,کوس,2064
ur.wikipedia.org,2026-07,29,حسین_بن_علی,2008
ur.wikipedia.org,2026-07,30,علی_خامنہ_ای,1973
ur.wikipedia.org,2026-07,31,یزید_بن_معاویہ,1941
ur.wikipedia.org,2026-07,32,زمرہ:نقائص_حوالہ:_بیرونی_روابط,1858
ur.wikipedia.org,2026-07,33,حسن_ابن_علی,1812
ur.wikipedia.org,2026-07,34,مختار_ثقفی,1776
ur.wikipedia.org,2026-07,35,عمار_بن_یاسر,1742
ur.wikipedia.org,2026-07,36,سندھ_کی_ثقافت,1740
ur.wikipedia.org,2026-07,37,معاویہ_بن_ابی_سفیان,1738
ur.wikipedia.org,2026-07,38,سلمان_حسینی_ندوی,1719
ur.wikipedia.org,2026-07,39,ریاستہائے_متحدہ_امریکا,1717
ur.wikipedia.org,2026-07,40,جنگ_صفین,1649
ur.wikipedia.org,2026-07,41,ویکیپیڈیا:تعارف,1640
ur.wikipedia.org,2026-07,42,محمود_احمدی_نژاد,1627
ur.wikipedia.org,2026-07,43,یوم_آزادی_بھارت,1609
ur.wikipedia.org,2026-07,44,انگریزی_زبان,1599
ur.wikipedia.org,2026-07,45,محمد_اقبال,1584
ur.wikipedia.org,2026-07,46,غزوہ_بدر,1558
ur.wikipedia.org,2026-07,47,اسلام_آباد,1557
ur.wikipedia.org,2026-07,48,طوفان,1546
ur.wikipedia.org,2026-07,49,علی_اکبر,1504
ur.wikipedia.org,2026-07,50,اردو,1430
ur.wiktionary.org,2026-07,1,خاص:حالیہ_تبدیلیاں,9029
ur.wiktionary.org,2026-07,2,صفحۂ_اول,3715
ur.wiktionary.org,2026-07,3,سکس,3038
ur.wiktionary.org,2026-07,4,خاص:تلاش,2179
ur.wiktionary.org,2026-07,5,سگس,1868
ur.wiktionary.org,2026-07,6,آہٹ,1760
ur.wiktionary.org,2026-07,7,آئینہ,1441
ur.wiktionary.org,2026-07,8,invalid,1257
ur.wiktionary.org,2026-07,9,حور,766
ur.wiktionary.org,2026-07,10,آسمان_سے_گرا_کھجور_میں_اٹکا,643
ur.wiktionary.org,2026-07,11,محراب,574
ur.wiktionary.org,2026-07,12,صیغہ,547
ur.wiktionary.org,2026-07,13,دشت,518
ur.wiktionary.org,2026-07,14,ویکی_لغت:دیوان_عام,475
ur.wiktionary.org,2026-07,15,ا,462
ur.wiktionary.org,2026-07,16,ٹھور_بے_ٹھور,375
ur.wiktionary.org,2026-07,17,آئینہ_سیما,332
ur.wiktionary.org,2026-07,18,طوفان_نوح,328
ur.wiktionary.org,2026-07,19,آنکھ,317
ur.wiktionary.org,2026-07,20,ویکی_لغت:تعارف,266
ur.wiktionary.org,2026-07,21,تبادلۂ_خیال:صفحۂ_اول,212
ur.wiktionary.org,2026-07,22,زمرہ:اردو_ضرب_الامثال,204
ur.wiktionary.org,2026-07,23,پشتو,203
ur.wiktionary.org,2026-07,24,بہت_شکریہ,176
ur.wiktionary.org,2026-07,25,about,169
ur.wiktionary.org,2026-07,26,ماڈیول:languages/data3/b,144
ur.wiktionary.org,2026-07,27,علم_جفر,141
ur.wiktionary.org,2026-07,28,شہر_آشوب,136
ur.wiktionary.org,2026-07,29,آسائش,134
ur.wiktionary.org,2026-07,30,چنابی,127
ur.wiktionary.org,2026-07,31,آنکھیں_میچ_لینا,123
ur.wiktionary.org,2026-07,32,پھدی,119
ur.wiktionary.org,2026-07,33,اب_پچھتائے_کیا_ہوت_جب_چڑیاں_چک_گئیں_کھیت,115
ur.wiktionary.org,2026-07,34,ویکی_لغت:خوش_آمدید,111
ur.wiktionary.org,2026-07,35,اشتر,110
ur.wiktionary.org,2026-07,36,زمرہ:head_tracking/unrecognized_pos,107
ur.wiktionary.org,2026-07,37,قوم,103
ur.wiktionary.org,2026-07,38,چوت,102
ur.wiktionary.org,2026-07,39,آشتی,101
ur.wiktionary.org,2026-07,40,استعمال,98
ur.wiktionary.org,2026-07,41,حق,96
ur.wiktionary.org,2026-07,42,main_Page,94
ur.wiktionary.org,2026-07,43,حاضر_و_غائب,91
ur.wiktionary.org,2026-07,43,نیم_حکیم_خطرہ_جان_نیم_ملا_خطرہ_ایمان,91
ur.wiktionary.org,2026-07,45,جانان,85
ur.wiktionary.org,2026-07,46,created,84
ur.wiktionary.org,2026-07,47,آہنگ,82
ur.wiktionary.org,2026-07,47,گورکھ_دھندا,82
ur.wiktionary.org,2026-07,49,آئین,80
ur.wiktionary.org,2026-07,50,غربت,77
ur.wikisource.org,2026-07,1,خاص:حالیہ_تبدیلیاں,18506
ur.wikisource.org,2026-07,2,صفحۂ_اول,6792
ur.wikisource.org,2026-07,3,خاص:تلاش,2095
ur.wikisource.org,2026-07,4,جوابِ_شکوَہ,1532
ur.wikisource.org,2026-07,5,باغ_و_بہار/سیر_پہلے_درویش_کی,1387
ur.wikisource.org,2026-07,6,مورمن_کی_کتاب/1_نیفی,1268
ur.wikisource.org,2026-07,7,ٹیٹوال_کا_کتا,1169
ur.wikisource.org,2026-07,8,جراحت_تحفہ_الماس_ارمغاں_داغ_جگر_ہدیہ,878
ur.wikisource.org,2026-07,9,میر_انیس_اور_مرزا_دبیر_کا_موازنہ,837
ur.wikisource.org,2026-07,10,ہندوستان_میں_ہندوستانی,528
ur.wikisource.org,2026-07,11,ساس_اور_بہو,478
ur.wikisource.org,2026-07,12,گھر_میں_تھا_کیا_کہ_ترا_غم_اسے_غارت_کرتا,419
ur.wikisource.org,2026-07,13,دیوان_غالب/غزلیات/ردیف_ے,380
ur.wikisource.org,2026-07,14,نقاد_پر_غیرستایشی_جنبش_لب,378
ur.wikisource.org,2026-07,15,لالۂ_صحرا,353
ur.wikisource.org,2026-07,16,آج_بدلی_ہے_ہوا_ساقی_پلا_جام_شراب,344
ur.wikisource.org,2026-07,17,شکاری_عورتیں,341
ur.wikisource.org,2026-07,18,مردم_دیدہ,337
ur.wikisource.org,2026-07,19,آب_حیات/زبان_اردو_کی_تاریخ,312
ur.wikisource.org,2026-07,20,دیوان_غالب/غزلیات/ردیف_ن,311
ur.wikisource.org,2026-07,21,ڈھونڈوگے_اگر_ملکوں_ملکوں_ملنے_کے_نہیں_نایاب_ہیں_ہم,286
ur.wikisource.org,2026-07,22,باغ_و_بہار/سیر_دوسرے_درویش_کی,274
ur.wikisource.org,2026-07,22,قواعد_میر/تذکیر_و_تانیث,274
ur.wikisource.org,2026-07,24,خبر_تحیر_عشق_سن_نہ_جنوں_رہا_نہ_پری_رہی,271
ur.wikisource.org,2026-07,25,آب_حیات/میر_محمد_تقی_میر,267
ur.wikisource.org,2026-07,26,دل_ناداں_تجھے_ہوا_کیا_ہے,243
ur.wikisource.org,2026-07,27,صفحہ:Asbab-e-Baghawat-e-Hind.pdf/1,233
ur.wikisource.org,2026-07,28,اپنی_مدد_آپ,231
ur.wikisource.org,2026-07,29,اردو_شاعری_کا_مطالعہ,223
ur.wikisource.org,2026-07,30,آب_حیات/ملک_الشعراء_خاقانی_ہند_شیخ_ابراہیم_ذوق,220
ur.wikisource.org,2026-07,31,جان_اردو,210
ur.wikisource.org,2026-07,32,مقدمہ_انتخاب_میر,209
ur.wikisource.org,2026-07,33,نالہ_جز_حسن_طلب_اے_ستم_ایجاد_نہیں,206
ur.wikisource.org,2026-07,34,غالب_کا_روزنامچۂ_غدر_۱۸۵۷ء,203
ur.wikisource.org,2026-07,35,جب_قطع_کی_مسافتِ_شب_آفتاب_نے,201
ur.wikisource.org,2026-07,35,چاند_اور_تارے,201
ur.wikisource.org,2026-07,37,کتے_کی_دعا,198
ur.wikisource.org,2026-07,38,صفحہ:Asbab-e-Baghawat-e-Hind.pdf/2,196
ur.wikisource.org,2026-07,39,صبح_کا_ترانہ,193
ur.wikisource.org,2026-07,39,سبع_معلقات_مع_اردو_ترجمہ,193
ur.wikisource.org,2026-07,41,شاعری_کی_حقیقت_اور_ماہیت,187
ur.wikisource.org,2026-07,42,بیگمات_اودھ_کے_خطوط/خطوط,184
ur.wikisource.org,2026-07,43,چیونٹی_اورعقاب,183
ur.wikisource.org,2026-07,43,صفحہ:Hayaat-e-Sheikh_Saadi.pdf/57,183
ur.wikisource.org,2026-07,45,جاوید_کے_نام_(دیارِ_عشق_میں_اپنا_مقام_پیدا_کر),176
ur.wikisource.org,2026-07,46,سورۃ_الشمس,170
ur.wikisource.org,2026-07,47,اردو_کی_موجودہ_ضروریات,161
ur.wikisource.org,2026-07,48,تین_میں_نہ_تیرہ_میں,158
ur.wikisource.org,2026-07,49,نصیحت,154
ur.wikisource.org,2026-07,50,سچ_اور_جھوٹ_کا_رزم_نامہ,153
ur.wikiquote.org,2026-07,1,صفحہ_اول,3972
ur.wikiquote.org,2026-07,2,یسوع_مسیح,1869
ur.wikiquote.org,2026-07,3,محمد_علی_جوہر,1808
ur.wikiquote.org,2026-07,4,خاص:حالیہ_تبدیلیاں,1657
ur.wikiquote.org,2026-07,5,خاص:تلاش,1259
ur.wikiquote.org,2026-07,6,زمرہ:فلسفہ,1231
ur.wikiquote.org,2026-07,7,سانچہ:New_pages,1160
ur.wikiquote.org,2026-07,8,احمد_شاہ_ابدالی,1155
ur.wikiquote.org,2026-07,9,ٹرکوں،_ویگنوں،_رکشوں_پر_لکھی_عبارات,789
ur.wikiquote.org,2026-07,10,عائشہ_بنت_ابی_بکر,712
ur.wikiquote.org,2026-07,11,ویکی_اقتباس:دیوان_عام,688
ur.wikiquote.org,2026-07,12,عزت_نفس,628
ur.wikiquote.org,2026-07,13,سید_عابد_حسین,578
ur.wikiquote.org,2026-07,14,امام_شافعی,568
ur.wikiquote.org,2026-07,15,احمد_رضا_خان,541
ur.wikiquote.org,2026-07,16,تاریخ_کی_سو_انتہائی_متاثر_کن_شخصیات,520
ur.wikiquote.org,2026-07,17,قطب_مینار,400
ur.wikiquote.org,2026-07,18,مرزا_غلام_احمد,364
ur.wikiquote.org,2026-07,19,فیض_احمد_فیض,361
ur.wikiquote.org,2026-07,20,برٹرینڈ_رسل,336
ur.wikiquote.org,2026-07,21,محمد_بن_عبد_اللہ,315
ur.wikiquote.org,2026-07,22,میر_تقی_میر,307
ur.wikiquote.org,2026-07,23,محمد_اقبال,293
ur.wikiquote.org,2026-07,24,ابوبکر_صدیق,291
ur.wikiquote.org,2026-07,25,واصف_علی_واصف,263
ur.wikiquote.org,2026-07,26,سید_احمد_خان,261
ur.wikiquote.org,2026-07,27,محمد_علی_جناح,249
ur.wikiquote.org,2026-07,28,علی_زین_العابدین,236
ur.wikiquote.org,2026-07,29,دوستی,218
ur.wikiquote.org,2026-07,30,عبد_الملک_بن_مروان,214
ur.wikiquote.org,2026-07,31,پروین_شاکر,192
ur.wikiquote.org,2026-07,32,سورہ_بقرہ,186
ur.wikiquote.org,2026-07,33,بہادر_شاہ_ظفر,182
ur.wikiquote.org,2026-07,34,جلال_الدین_رومی,175
ur.wikiquote.org,2026-07,35,الطاف_حسین_حالی,172
ur.wikiquote.org,2026-07,36,ابو_جعفر_المنصور,171
ur.wikiquote.org,2026-07,37,خاص:یوآرایل_مختصر_کنندہ,163
ur.wikiquote.org,2026-07,38,محمد_طاہر_القادری,162
ur.wikiquote.org,2026-07,39,اشرف_علی_تھانوی,158
ur.wikiquote.org,2026-07,40,خواجہ_حیدر_علی_آتش,157
ur.wikiquote.org,2026-07,41,پیر_مہر_علی_شاہ,151
ur.wikiquote.org,2026-07,42,غالب,150
ur.wikiquote.org,2026-07,42,فیثاغورث,150
ur.wikiquote.org,2026-07,44,موت_کی_کتاب,147
ur.wikiquote.org,2026-07,45,اکبر_الہ_آبادی,138
ur.wikiquote.org,2026-07,46,پریم_چند,132
ur.wikiquote.org,2026-07,47,مدد,130
ur.wikiquote.org,2026-07,48,یونس_ایمرے,119
ur.wikiquote.org,2026-07,49,محمد_حسن_عسکری,113
ur.wikiquote.org,2026-07,49,سچل_سرمست,113
ur.wikibooks.org,2026-07,1,خاص:تلاش,7347
ur.wikibooks.org,2026-07,2,صفحۂ_اول,2721
ur.wikibooks.org,2026-07,3,زمرہ:ردیف_ے,2158
ur.wikibooks.org,2026-07,4,عارف_نامہ,1544
ur.wikibooks.org,2026-07,5,اے_ہم_سخن_وفا_کا_تقاضا_ہے_اب_یہی,869
ur.wikibooks.org,2026-07,6,اردو/حروف_تہجی,710
ur.wikibooks.org,2026-07,7,اللہ_(کتاب)/واقعہ_ذبح_اسماعیل_یا_اسحاق,595
ur.wikibooks.org,2026-07,8,زمرہ:موازنہ_فیض_و_فراز_دوسراباب,352
ur.wikibooks.org,2026-07,9,اردو/اسم,341
ur.wikibooks.org,2026-07,10,ویکی_کتب:دیوان_عام,314
ur.wikibooks.org,2026-07,11,زمرہ:ردیف_ن,298
ur.wikibooks.org,2026-07,12,زمرہ:موازنہ_فیض_و_فراز_پہلاباب,249
ur.wikibooks.org,2026-07,13,اردو,194
ur.wikibooks.org,2026-07,14,تبادلۂ_خیال_صارف:Ghulam_hssn,164
ur.wikibooks.org,2026-07,15,دیوان_ناصر_کاظمی/غزل۔31,159
ur.wikibooks.org,2026-07,16,زمرہ:ردیف_الف,131
ur.wikibooks.org,2026-07,16,دیوان_ناصر_کاظمی/غزل۔7,131
ur.wikibooks.org,2026-07,18,اسلامی_حجاب/_تعریف_و_آیات,130
ur.wikibooks.org,2026-07,19,تفسیر_امین/سورہ_24/آیت_61,126
ur.wikibooks.org,2026-07,20,تفسیر_امین/سورہ_65/آیت_4,125
ur.wikibooks.org,2026-07,21,دیوان_ناصر_کاظمی/غزل۔45,119
ur.wikibooks.org,2026-07,22,خاص:حالیہ_تبدیلیاں,115
ur.wikibooks.org,2026-07,22,Gulzar-e-Jalaliya,115
ur.wikibooks.org,2026-07,24,اردو/لفظ,108
ur.wikibooks.org,2026-07,25,صحت_کی_دستک/حمل_کے_دوران_فولا_د_کی_گولیوں_کا_استعمال,103
ur.wikibooks.org,2026-07,26,زمرہ:باب_1,87
ur.wikibooks.org,2026-07,27,ویکی_کتب:تعارف,86
ur.wikibooks.org,2026-07,28,بچوں_کے_حقوق,80
ur.wikibooks.org,2026-07,29,لیڈر_شپ/مثال,78
ur.wikibooks.org,2026-07,30,صراحی_کا_دیباچہ۔۔۔اشفاق/آفاق,77
ur.wikibooks.org,2026-07,31,دیوان_ناصر_کاظمی/غزل۔64,76
ur.wikibooks.org,2026-07,32,جنگل_لور/باب_1,72
ur.wikibooks.org,2026-07,33,ہفتے_کے_دن,68
ur.wikibooks.org,2026-07,34,ہم_تو_مرشد_تھے_تم_ولی_نکلے,67
ur.wikibooks.org,2026-07,35,فائل:Allah_God_Calligraphy.png,65
ur.wikibooks.org,2026-07,36,اسلام_سے_قبل_عورت_کا_معاشرتی_مقام,64
ur.wikibooks.org,2026-07,37,صحت_کی_دستک/خاندانی_منصوبہ_بندی_کے_جدید_طریقے,63
ur.wikibooks.org,2026-07,38,سانچہ:فہرست_اردو,60
ur.wikibooks.org,2026-07,39,لیڈر_شپ/لیڈر_شپ_کی_خصوصیات,59
ur.wikibooks.org,2026-07,40,تبادلۂ_خیال_ویکی_کتب:دیوان_عام,55
ur.wikibooks.org,2026-07,40,صفحہ_اول,55
ur.wikibooks.org,2026-07,42,ویکی_کتب:کتب_خانہ,51
ur.wikibooks.org,2026-07,43,دیوان_منصور_آفاق_۔۔۔۔۔۔۔۔۔۔ردیف_الف,48
ur.wikibooks.org,2026-07,44,تفسیر_امین/سورہ_24/آیت_31,45
ur.wikibooks.org,2026-07,45,دیوان_ناصر_کاظمی/غزل۔26,44
ur.wikibooks.org,2026-07,46,تبادلۂ_خیال:صفحۂ_اول,43
ur.wikibooks.org,2026-07,46,صارف:Pratyya_Ghosh,43
ur.wikibooks.org,2026-07,48,جنگل_لور,40
ur.wikibooks.org,2026-07,48,صارف:Dgultekin,40
ur.wikibooks.org,2026-07,50,اشعث_ابن_قیس_کندی,39
hi.wikipedia.org,2026-07,1,रामायणम्_(2026_फिल्म),318725
hi.wikipedia.org,2026-07,2,धर्मेंद्र_प्रधान,300514
hi.wikipedia.org,2026-07,3,सोनम_वांगचुक,196968
hi.wikipedia.org,2026-07,4,प्रह्लाद_जोशी,175238
hi.wikipedia.org,2026-07,5,मुखपृष्ठ,139065
hi.wikipedia.org,2026-07,6,विशेष:खोज,92806
hi.wikipedia.org,2026-07,7,सतलुज_(2026_फ़िल्म),74483
hi.wikipedia.org,2026-07,8,कॉकरोच_जनता_पार्टी,49366
hi.wikipedia.org,2026-07,9,भारत_का_संविधान,45359
hi.wikipedia.org,2026-07,10,मिया_खलीफ़ा,44800
hi.wikipedia.org,2026-07,11,चन्द्रशेखर_आजाद_(राजनीतिज्ञ),38650
hi.wikipedia.org,2026-07,12,श्रीरामरक्षास्तोत्रम्,35746
hi.wikipedia.org,2026-07,13,खाटूश्यामजी,34631
hi.wikipedia.org,2026-07,14,राष्ट्रीय_स्वयंसेवक_संघ,33168
hi.wikipedia.org,2026-07,15,भारत_में_2027_के_चुनाव,32924
hi.wikipedia.org,2026-07,16,"जंतर_मंतर,_दिल्ली",31302
hi.wikipedia.org,2026-07,17,भारत_के_राज्य_तथा_केन्द्र-शासित_प्रदेश,31086
hi.wikipedia.org,2026-07,18,यौन_आसनों_की_सूची,30529
hi.wikipedia.org,2026-07,19,भारत,29857
hi.wikipedia.org,2026-07,20,दूरदर्शन_(चैनल),28375
hi.wikipedia.org,2026-07,21,शूर्पणखा,27418
hi.wikipedia.org,2026-07,22,आत्महत्या_के_तरीके,26805
hi.wikipedia.org,2026-07,23,कारगिल_विजय_दिवस,26160
hi.wikipedia.org,2026-07,24,भारत_के_प्रधान_मंत्रियों_की_सूची,25820
hi.wikipedia.org,2026-07,25,हिन्दी,25530
hi.wikipedia.org,2026-07,26,"जगन्नाथ_मन्दिर,_पुरी",25012
hi.wikipedia.org,2026-07,27,हनुमान_चालीसा,24829
hi.wikipedia.org,2026-07,28,नरेन्द्र_मोदी,24806
hi.wikipedia.org,2026-07,29,प्रेमचंद,24165
hi.wikipedia.org,2026-07,30,महात्मा_गांधी,23744
hi.wikipedia.org,2026-07,31,सी._जोसेफ_विजय,21473
hi.wikipedia.org,2026-07,32,रवि_दुबे,20867
hi.wikipedia.org,2026-07,33,ए॰_पी॰_जे॰_अब्दुल_कलाम,20239
hi.wikipedia.org,2026-07,34,ॐ_नमः_शिवाय,19718
hi.wikipedia.org,2026-07,35,कबीर,19524
hi.wikipedia.org,2026-07,36,गौतम_बुद्ध,18427
hi.wikipedia.org,2026-07,37,नितेश_तिवारी,18244
hi.wikipedia.org,2026-07,38,भारत_में_2026_के_चुनाव,17821
hi.wikipedia.org,2026-07,39,यूट्यूब,17735
hi.wikipedia.org,2026-07,40,तुलसीदास,17648
hi.wikipedia.org,2026-07,41,भगत_सिंह,17092
hi.wikipedia.org,2026-07,42,पति_पत्नी_और_वो_दो,16952
hi.wikipedia.org,2026-07,43,भारत_निर्वाचन_आयोग,16475
hi.wikipedia.org,2026-07,44,अमरनाथ,16197
hi.wikipedia.org,2026-07,45,नमित_मल्होत्रा,15629
hi.wikipedia.org,2026-07,46,उत्तर_प्रदेश,15502
hi.wikipedia.org,2026-07,47,जॉनी_सिन्स,15458
hi.wikipedia.org,2026-07,48,सपना_चौधरी,15340
hi.wikipedia.org,2026-07,49,श्रीमद्भगवद्गीता,15166
hi.wikipedia.org,2026-07,50,बिहार,15160
hi.wikivoyage.org,2026-07,1,मुखपृष्ठ,3885
hi.wikivoyage.org,2026-07,2,विशेष:RecentChanges,1926
hi.wikivoyage.org,2026-07,3,चीन,1476
hi.wikivoyage.org,2026-07,4,कुशीनगर,1407
hi.wikivoyage.org,2026-07,5,गोवा,1264
hi.wikivoyage.org,2026-07,6,इस्लाम,1234
hi.wikivoyage.org,2026-07,7,श्रीलंका,1198
hi.wikivoyage.org,2026-07,8,प्रयागराज,1102
hi.wikivoyage.org,2026-07,9,विकियात्रा:चौपाल,1080
hi.wikivoyage.org,2026-07,10,यूरोप,985
hi.wikivoyage.org,2026-07,11,विशेष:खोज,973
hi.wikivoyage.org,2026-07,12,मुम्बई,934
hi.wikivoyage.org,2026-07,13,जोधपुर,882
hi.wikivoyage.org,2026-07,14,सारनाथ,806
hi.wikivoyage.org,2026-07,15,जापान,785
hi.wikivoyage.org,2026-07,16,अलीगढ़,763
hi.wikivoyage.org,2026-07,17,आगरा,749
hi.wikivoyage.org,2026-07,18,लखनऊ,721
hi.wikivoyage.org,2026-07,19,भारत,713
hi.wikivoyage.org,2026-07,20,पटना,646
hi.wikivoyage.org,2026-07,21,ऑस्ट्रेलिया,581
hi.wikivoyage.org,2026-07,22,गया,536
hi.wikivoyage.org,2026-07,23,विकियात्रा:शब्दावली,519
hi.wikivoyage.org,2026-07,24,इराक,511
hi.wikivoyage.org,2026-07,25,पाकिस्तान,509
hi.wikivoyage.org,2026-07,26,गुजरात,505
hi.wikivoyage.org,2026-07,27,उत्तर_प्रदेश,486
hi.wikivoyage.org,2026-07,28,उत्तराखंड,484
hi.wikivoyage.org,2026-07,29,मस्जिद,450
hi.wikivoyage.org,2026-07,30,मध्य_पूर्व,448
hi.wikivoyage.org,2026-07,31,चित्र:Map_of_India_hi.svg,431
hi.wikivoyage.org,2026-07,32,मोरक्को,413
hi.wikivoyage.org,2026-07,33,शिमला,365
hi.wikivoyage.org,2026-07,34,नेपाल,363
hi.wikivoyage.org,2026-07,35,दुबई,361
hi.wikivoyage.org,2026-07,36,विकियात्रा:अवरोध_नीति,310
hi.wikivoyage.org,2026-07,37,सूडान,308
hi.wikivoyage.org,2026-07,38,विकियात्रा:साधारण_अस्वीकरण,307
hi.wikivoyage.org,2026-07,39,अहमदाबाद,305
hi.wikivoyage.org,2026-07,40,एशिया,303
hi.wikivoyage.org,2026-07,41,संयुक्त_राज्य_अमेरिका,296
hi.wikivoyage.org,2026-07,42,हरिद्वार,281
hi.wikivoyage.org,2026-07,43,सदस्य_वार्ता:SM7,280
hi.wikivoyage.org,2026-07,44,बिहार,274
hi.wikivoyage.org,2026-07,45,हिन्द_महासागर,269
hi.wikivoyage.org,2026-07,46,इजराइल,268
hi.wikivoyage.org,2026-07,47,विकियात्रा:प्रबंधक,249
hi.wikivoyage.org,2026-07,48,बांग्लादेश,236
hi.wikivoyage.org,2026-07,49,यमन,235
hi.wikivoyage.org,2026-07,50,महाराष्ट्र,228
sat.wikipedia.org,2026-07,1,ᱢᱩᱬᱩᱛ_ᱥᱟᱦᱴᱟ,19324
sat.wikipedia.org,2026-07,2,Special:RecentChanges,3520
sat.wikipedia.org,2026-07,3,ᱟᱥᱚᱠᱟᱭ:Search,2560
sat.wikipedia.org,2026-07,4,ᱠᱮᱛᱷᱨᱤᱱ_ᱢᱟᱦᱮᱨ,1536
sat.wikipedia.org,2026-07,5,ᱣᱤᱠᱤᱯᱤᱰᱤᱭᱟ:ᱣᱤᱠᱤᱯᱤᱰᱤᱭᱟ_ᱨᱮᱱᱟᱜ_᱒᱕_ᱟᱱᱟᱜ_ᱡᱟᱱᱟᱢ_ᱥᱮᱨᱢᱟ_ᱯᱩᱨᱟᱹᱣ_ᱚᱱᱚᱞ_ᱦᱮᱯᱨᱟᱣ,1279
sat.wikipedia.org,2026-07,6,ᱜᱳᱨᱩᱵᱽᱛᱷᱟᱱ_ᱵᱚᱱᱚᱛ,1110
sat.wikipedia.org,2026-07,7,ᱣᱤᱠᱤᱯᱤᱰᱤᱭᱟ:ᱣᱤᱠᱤᱯᱤᱰᱤᱭᱟ_ᱨᱮᱱᱟᱜ_᱒᱕_ᱟᱱᱟᱜ_ᱡᱟᱱᱟᱢ_ᱥᱮᱨᱢᱟ_ᱯᱩᱨᱟᱹᱣ_ᱚᱱᱚᱞ_ᱦᱮᱯᱨᱟᱣ/ᱚᱱᱚᱞ_ᱛᱟᱹᱞᱠᱟᱹ,953
sat.wikipedia.org,2026-07,8,ᱟᱥᱚᱠᱟᱭ:RecentChanges,730
sat.wikipedia.org,2026-07,9,ᱨᱮᱣᱚᱛᱤ_ᱨᱚᱢᱚᱱ_ᱥᱤᱝ,650
sat.wikipedia.org,2026-07,10,ᱨᱮᱫ:Parijat_Nepali_writer.jpg,642
sat.wikipedia.org,2026-07,10,ᱣᱤᱠᱤᱯᱤᱰᱤᱭᱟ:ᱠᱷᱩᱴ_ᱵᱚᱞᱚᱱ_ᱦᱚᱨ,642
sat.wikipedia.org,2026-07,12,ᱨᱮᱫ:Turtles_in_Hong_Kong_Park.JPG,618
sat.wikipedia.org,2026-07,13,ᱣᱤᱠᱤᱯᱤᱰᱤᱭᱟ:Sandbox,603
sat.wikipedia.org,2026-07,14,ᱪᱷᱟᱸᱪ:Chili_peppers,544
sat.wikipedia.org,2026-07,15,ᱨᱮᱫ:Rajshahi_Division_districts_map.png,506
sat.wikipedia.org,2026-07,16,ᱨᱮᱫ:Sadika_Parvin_Popy.jpg,473
sat.wikipedia.org,2026-07,17,ᱨᱮᱫ:Porn_Set_5.jpg,417
sat.wikipedia.org,2026-07,18,ᱨᱮᱫ:Family-Amruta-Fadnavis-Devendra-Fadnavis-Divija-Fadnavis-3.jpg,414
sat.wikipedia.org,2026-07,19,ᱨᱮᱫ:Porn_Set_2.jpg,348
sat.wikipedia.org,2026-07,20,"ᱨᱮᱫ:Savitribai_Phule_statue,_Maharashtra_sadan,_New_Delhi.jpg",346
sat.wikipedia.org,2026-07,21,ᱚᱱᱛᱚᱨᱟ_ᱵᱤᱥᱣᱟᱥ,334
sat.wikipedia.org,2026-07,22,ᱟᱡᱽ_ᱛᱚᱠ,331
sat.wikipedia.org,2026-07,23,ᱥᱤᱧᱚᱛ_ᱨᱮᱱᱟᱜ_ᱩᱰᱟᱹᱱ_ᱰᱟᱹᱦᱤ_ᱮᱞᱮᱞ,316
sat.wikipedia.org,2026-07,24,ᱪᱷᱟᱸᱪ:Indian_independence_movement,302
sat.wikipedia.org,2026-07,25,ᱠᱮᱹ_ᱯᱤᱹ_ᱮᱹ_ᱥᱤᱹ_ᱞᱟᱞᱤᱛᱟ,301
sat.wikipedia.org,2026-07,26,ᱡᱮᱜᱮᱛᱟᱹᱨᱤ_ᱟᱲᱟᱝ_ᱪᱤᱠᱤ,298
sat.wikipedia.org,2026-07,27,ᱨᱮᱫ:Tata_Steel_Logo.svg,292
sat.wikipedia.org,2026-07,28,ᱤᱪᱷᱟᱢᱚᱛᱤ_ᱜᱟᱰᱟ,282
sat.wikipedia.org,2026-07,29,ᱥᱟᱱᱛᱟᱲᱤ_ᱯᱟᱹᱨᱥᱤ,250
sat.wikipedia.org,2026-07,30,ᱨᱮᱫ:Bat_range.png,249
sat.wikipedia.org,2026-07,31,ᱵᱟᱭᱱᱚᱢᱤᱭᱟᱞ_ᱧᱩᱛᱩᱢ,248
sat.wikipedia.org,2026-07,32,ᱣᱤᱠᱤᱯᱤᱰᱤᱭᱟ:ᱜᱟᱞᱢᱟᱨᱟᱣ_ᱟᱠᱷᱲᱟ,246
sat.wikipedia.org,2026-07,32,"ᱨᱩᱫᱽᱨᱚᱯᱩᱨ,_ᱩᱛᱛᱚᱨᱟᱠᱷᱚᱸᱰ",246
sat.wikipedia.org,2026-07,34,ᱵᱮᱵᱷᱟᱨᱤᱭᱟᱹ:ᱥᱟᱹᱜᱩᱱ_᱗,238
sat.wikipedia.org,2026-07,35,ᱨᱮᱫ:Shonali_Bose_2.jpg,236
sat.wikipedia.org,2026-07,36,ᱨᱮᱫ:Balabhadra_Subhadra_Jagannath.jpg,231
sat.wikipedia.org,2026-07,37,ᱣᱤᱠᱤᱯᱤᱰᱤᱭᱟ:ᱣᱤᱠᱤᱯᱤᱰᱤᱭᱟ_ᱨᱮᱱᱟᱜ_᱒᱕_ᱟᱱᱟᱜ_ᱡᱟᱱᱟᱢ_ᱥᱮᱨᱢᱟ_ᱯᱩᱨᱟᱹᱣ_ᱚᱱᱚᱞ_ᱦᱮᱯᱨᱟᱣ/ᱥᱮᱞᱮᱫᱤᱭᱟᱹ_ᱠᱚ,228
sat.wikipedia.org,2026-07,38,ᱯᱩᱨᱱᱤᱢᱟ_(ᱵᱟᱝᱞᱟᱫᱥᱤ_ᱮᱠᱴᱨᱮᱥ),218
sat.wikipedia.org,2026-07,39,"ᱵᱤᱡᱟᱯᱩᱨ_ᱦᱚᱱᱚᱛ,_ᱠᱚᱨᱱᱟᱴᱚᱠ",213
sat.wikipedia.org,2026-07,40,ᱵᱮᱵᱷᱟᱨᱤᱭᱟᱹ_ᱜᱟᱞᱢᱟᱨᱟᱣ:Rocky_734,212
sat.wikipedia.org,2026-07,41,ᱣᱤᱠᱤᱯᱤᱰᱤᱭᱟ,204
sat.wikipedia.org,2026-07,42,ᱨᱮᱫ:Dr._Babasaheb_Ambedkar_Signature.svg,203
sat.wikipedia.org,2026-07,43,ᱪᱷᱟᱸᱪ:Vaishali_district_topics,201
sat.wikipedia.org,2026-07,44,ᱨᱮᱫ:Naib_Subedar_-_Naib_Risaldar_of_the_Indian_Army.svg,198
sat.wikipedia.org,2026-07,45,ᱜᱚᱸᱲᱚᱸ:IPA/Odia,193
sat.wikipedia.org,2026-07,46,ᱣᱤᱠᱤᱯᱤᱰᱤᱭᱟ:Username_policy,185
sat.wikipedia.org,2026-07,47,ᱨᱮᱫ:Folsom_Fair_2009_-_François_Sagat.jpg,182
sat.wikipedia.org,2026-07,48,ᱢᱚᱰᱩᱞ:Convert/documentation/conversion_data,179
sat.wikipedia.org,2026-07,49,ᱪᱷᱟᱸᱪ:Jhalak_Dikhhla_Jaa,177
sat.wikipedia.org,2026-07,50,ᱡᱳᱱᱤᱛᱟ_ᱜᱟᱱᱫᱷᱤ,172
si.wiktionary.org,2026-07,1,වික්ෂනරි:මුල්_පිටුව,4271
si.wiktionary.org,2026-07,2,විශේෂ:ගවේෂණය,2426
si.wiktionary.org,2026-07,3,Module:vi/vocab-list,1880
si.wiktionary.org,2026-07,4,රට,1593
si.wiktionary.org,2026-07,5,වික්ෂනරි:කෝපි_කඩේ,596
si.wiktionary.org,2026-07,6,විශේෂ:මෑත_වෙනස්වීම්,464
si.wiktionary.org,2026-07,7,වික්ෂනරි:ප්‍රජා_ද්වාරය,348
si.wiktionary.org,2026-07,8,ප්‍රවර්ගය:Pages_with_entries,318
si.wiktionary.org,2026-07,9,තනය,309
si.wiktionary.org,2026-07,9,Module:zh/data/dial-syn/陰莖,309
si.wiktionary.org,2026-07,11,ඞ,302
si.wiktionary.org,2026-07,12,Module:languages/code_to_canonical_name,264
si.wiktionary.org,2026-07,13,Module:scripts/data,238
si.wiktionary.org,2026-07,14,Module:number_list/data/tk,225
si.wiktionary.org,2026-07,15,Module:number_list/data/aii,214
si.wiktionary.org,2026-07,16,ප්‍රවර්ගය:මූලධර්ම,207
si.wiktionary.org,2026-07,17,Module:category_tree/miscellaneous,201
si.wiktionary.org,2026-07,18,Module:okm-translit,188
si.wiktionary.org,2026-07,19,Module:number_list/data/en,184
si.wiktionary.org,2026-07,20,水,182
si.wiktionary.org,2026-07,21,Module:sinhala,178
si.wiktionary.org,2026-07,22,වික්ෂනරි:පිළිබඳ,176
si.wiktionary.org,2026-07,23,ප්‍රවර්ගය:භාෂා_සියල්ල,175
si.wiktionary.org,2026-07,24,дом,168
si.wiktionary.org,2026-07,24,ප්‍රවර්ගය:Pages_using_catfix,168
si.wiktionary.org,2026-07,26,🝻,167
si.wiktionary.org,2026-07,27,Module:languages/data/3/y,159
si.wiktionary.org,2026-07,28,Module:Tfng-translit,158
si.wiktionary.org,2026-07,29,Module:Runr-translit,152
si.wiktionary.org,2026-07,30,Module:links,150
si.wiktionary.org,2026-07,31,小,148
si.wiktionary.org,2026-07,32,ප්‍රවර්ගය:ඉංග්‍රීසි_භාෂාව,144
si.wiktionary.org,2026-07,33,Module:category_tree/topic/Lifeforms,140
si.wiktionary.org,2026-07,34,fork,138
si.wiktionary.org,2026-07,35,පරිශීලක:Emijrp/List_of_Wiktionary_users_by_number_of_edits_(bots_included),134
si.wiktionary.org,2026-07,36,Module:languages/data/3/m,131
si.wiktionary.org,2026-07,37,bueno,129
si.wiktionary.org,2026-07,38,ප්‍රවර්ගය:Pages_with_raw_triple-brace_template_parameters,126
si.wiktionary.org,2026-07,39,උදවු:පටුන,125
si.wiktionary.org,2026-07,40,water,122
si.wiktionary.org,2026-07,41,උපග්‍රන්ථය:ඉංග්‍රීසි_වචන_උච්චාරණ_ලැයිස්තුව,120
si.wiktionary.org,2026-07,42,වික්ෂනරි:පරිපාලකවරු,119
si.wiktionary.org,2026-07,43,පරිශීලක:Emijrp/List_of_Wiktionary_users_by_number_of_edits,115
si.wiktionary.org,2026-07,44,වික්ෂනරි:Transliteration_and_romanization,114
si.wiktionary.org,2026-07,45,බලය,113
si.wiktionary.org,2026-07,46,වික්ෂනරි:සාකච්ඡා,110
si.wiktionary.org,2026-07,46,us,110
si.wiktionary.org,2026-07,46,එ,110
si.wiktionary.org,2026-07,49,Appendix:Countries_of_the_world,109
si.wiktionary.org,2026-07,50,Module:category_tree/topic_cat/data/Lifeforms,105
